date,close,ticker
2026-09-25,99.03,AU
2026-09-24,98.49,AU
2026-09-23,98.74,AU
2026-09-22,104.6,AU
2026-09-21,101.93,AU
2026-09-18,103.29,AU
2026-09-17,102.36,AU
2026-09-16,99.74,AU
2026-09-15,100.71,AU
2026-09-14,100.48,AU
2026-09-11,104.42,AU
2026-09-10,103.88,AU
2026-09-09,108.53,AU
2026-09-08,107.83,AU
2026-09-04,109.07,AU
2026-09-03,111.67,AU
2026-09-02,107.83,AU
2026-09-01,108.13,AU
2026-08-31,112.32,AU
2026-08-28,113.19,AU
2026-08-27,118.4,AU
2026-08-26,118.11,AU
2026-08-25,123.39,AU
2026-08-24,120.47,AU
2026-08-21,121.22,AU
2026-08-20,115.14,AU
2026-08-19,108.54,AU
2026-08-18,97.95,AU
2026-08-17,99.6,AU
2026-08-14,96.3,AU
2026-08-13,95.07,AU
2026-08-12,97.92,AU
2026-08-11,97.44,AU
2026-08-10,97.25,AU
2026-08-07,96.22,AU
2026-08-06,87.59,AU
2026-08-05,88.6,AU
2026-08-04,81.5,AU
2026-08-03,81.61,AU
2026-07-31,79.32,AU
2026-07-30,82.33,AU
2026-07-29,77.87,AU
2026-07-28,78.95,AU
2026-07-27,80.48,AU
2026-07-24,79.67,AU
2026-07-23,78.42,AU
2026-07-22,81.17,AU
2026-07-21,78.5,AU
2026-07-20,74.88,AU
2026-07-17,76.76,AU
2026-07-16,76.35,AU
2026-07-15,79.14,AU
2026-07-14,80.34,AU
2026-07-13,79.76,AU
2026-07-10,82.1,AU
2026-07-09,81.91,AU
2026-07-08,79.83,AU
2026-07-07,82.08,AU
2026-07-06,84.05,AU
2026-07-02,84.65,AU
2026-07-01,80.89,AU
2026-06-30,80.89,AU
2026-06-29,81.79,AU
2026-06-26,81.62,AU
2026-06-25,79.34,AU
2026-06-24,78.59,AU
2026-06-23,83.79,AU
2026-06-22,86.23,AU
2026-06-18,90.87,AU
2026-06-17,90.92,AU
2026-06-16,93.93,AU
2026-06-15,92.29,AU
2026-06-12,86.3,AU
2026-06-11,83.18,AU
2026-06-10,78.47,AU
2026-06-09,84.43,AU
2026-06-08,84.47,AU
2026-06-05,84.12,AU
2026-06-04,92.17,AU
2026-06-03,89.85,AU
2026-06-02,91.85,AU
2026-06-01,92.08,AU
2026-05-29,96.84,AU
2026-05-28,96.31,AU
2026-05-27,94.52,AU
2026-05-26,97.49,AU
2026-05-22,90.64,AU
2026-05-21,91.85,AU
2026-05-20,92.8,AU
2026-05-19,89.34,AU
2026-05-18,93.47,AU
2026-05-15,92.24,AU
2026-05-14,102.07,AU
2026-05-13,102.37,AU
2026-05-12,104.33,AU
2026-05-11,108.34,AU
2026-05-08,107.03,AU
2026-05-07,100.23,AU
2026-05-06,98.6,AU
2026-05-05,90.9,AU
2026-05-04,90.69,AU
2026-05-01,92.76,AU
2026-04-30,93.73,AU
2026-04-29,90.47,AU
2026-04-28,93.95,AU
2026-04-27,98.23,AU
2026-04-24,99.3,AU
2026-04-23,96.76,AU
2026-04-22,98.87,AU
2026-04-21,100.45,AU
2026-04-20,106.49,AU
2026-04-17,109.15,AU
2026-04-16,104.23,AU
2026-04-15,104.47,AU
2026-04-14,109.8,AU
2026-04-13,109.12,AU
2026-04-10,109.25,AU
2026-04-09,108.55,AU
2026-04-08,107.42,AU
2026-04-07,101.08,AU
2026-04-06,101.49,AU
2026-04-02,101.22,AU
2026-04-01,103.52,AU
2026-03-31,97.36,AU
2026-03-30,90.56,AU
2026-03-27,89.17,AU
2026-03-26,85.73,AU
2026-03-25,89.55,AU
2026-03-24,85.81,AU
2026-03-23,85.6,AU
2026-03-20,79.99,AU
2026-03-19,85.69,AU
2026-03-18,92.39,AU
2026-03-17,96.2,AU
2026-03-16,96.72,AU
2026-03-13,94.89,AU
2026-03-12,104.7,AU
2026-03-11,106.27,AU
2026-03-10,108.26,AU
2026-03-09,108.9,AU
2026-03-06,106.54,AU
2026-03-05,107.89,AU
2026-03-04,113.14,AU
2026-03-03,114.92,AU
2026-03-02,128.26,AU
2026-02-27,127.77,AU
2026-02-26,126.07,AU
2026-02-25,124.5,AU
2026-02-24,124.7,AU
2026-02-23,121.12,AU
2026-02-20,114.25,AU
2026-02-19,107.63,AU
2026-02-18,108.35,AU
2026-02-17,106.17,AU
2026-02-13,109.82,AU
2026-02-12,104.73,AU
2026-02-11,112.27,AU
2026-02-10,108.61,AU
2026-02-09,107.19,AU
2026-02-06,103.95,AU
2026-02-05,98.59,AU
2026-02-04,100.87,AU
2026-02-03,100.74,AU
2026-02-02,94.85,AU
2026-01-30,92.87,AU
2026-01-29,107.02,AU
2026-01-28,115.72,AU
2026-01-27,109.44,AU
2026-01-26,108.09,AU
2026-01-23,106.26,AU
2026-01-22,103.05,AU
2026-01-21,101.36,AU
2026-01-20,106.84,AU
2026-01-16,99.03,AU
2026-01-15,98.55,AU
2026-01-14,99.51,AU
2026-01-13,97.66,AU
2026-01-12,96.59,AU
2026-01-09,92.25,AU
2026-01-08,91.06,AU
2026-01-07,92.74,AU
2026-01-06,93.66,AU
2026-01-05,88.47,AU
2026-01-02,85.6,AU
2025-12-31,85.28,AU
2025-12-30,86.38,AU
2025-12-29,84.94,AU
2025-12-26,91.25,AU
2025-12-24,89.91,AU
2025-12-23,89.6,AU
2025-12-22,90.0,AU
2025-12-19,86.2,AU
2025-12-18,85.68,AU
2025-12-17,84.54,AU
2025-12-16,84.02,AU
2025-12-15,84.31,AU
2025-12-12,82.92,AU
2025-12-11,85.5,AU
2025-12-10,82.33,AU
2025-12-09,80.34,AU
2025-12-08,78.81,AU
2025-12-05,82.45,AU
2025-12-04,83.38,AU
2025-12-03,83.55,AU
2025-12-02,83.86,AU
2025-12-01,85.3,AU
2025-11-28,85.68,AU
2025-11-26,88.91,AU
2025-11-25,84.36,AU
2025-11-24,83.95,AU
2025-11-21,79.81,AU
2025-11-20,79.14,AU
2025-11-19,82.24,AU
2025-11-18,80.1,AU
2025-11-17,77.76,AU
2025-11-14,79.39,AU
2025-11-13,80.7,AU
2025-11-12,85.13,AU
2025-11-11,79.35,AU
2025-11-10,74.1,AU
2025-11-07,69.41,AU
2025-11-06,67.82,AU
2025-11-05,67.04,AU
2025-11-04,63.61,AU
2025-11-03,67.04,AU
2025-10-31,68.0,AU
2025-10-30,69.0,AU
2025-10-29,67.29,AU
2025-10-28,65.95,AU
2025-10-27,64.99,AU
2025-10-24,68.57,AU
2025-10-23,68.61,AU
2025-10-22,66.67,AU
2025-10-21,66.78,AU
2025-10-20,75.29,AU
2025-10-17,73.86,AU
2025-10-16,78.55,AU
2025-10-15,75.22,AU
2025-10-14,73.45,AU
2025-10-13,74.57,AU
2025-10-10,71.93,AU
2025-10-09,72.26,AU
2025-10-08,77.49,AU
2025-10-07,74.53,AU
2025-10-06,74.67,AU
2025-10-03,73.32,AU
2025-10-02,72.46,AU
2025-10-01,71.67,AU
2025-09-30,70.33,AU
2025-09-29,69.29,AU
2025-09-26,68.3,AU
2025-09-25,65.8,AU
2025-09-24,66.6,AU
2025-09-23,69.42,AU
2025-09-22,69.37,AU
2025-09-19,67.82,AU
2025-09-18,64.6,AU
2025-09-17,64.52,AU
2025-09-16,65.6,AU
2025-09-15,67.1,AU
2025-09-12,66.31,AU
2025-09-11,65.55,AU
2025-09-10,64.6,AU
2025-09-09,61.92,AU
2025-09-08,62.19,AU
2025-09-05,59.77,AU
2025-09-04,57.95,AU
2025-09-03,59.33,AU
2025-09-02,58.14,AU
2025-08-29,56.66,AU
2025-08-28,55.2,AU
2025-08-27,55.35,AU
2025-08-26,55.4,AU
2025-08-25,54.45,AU
2025-08-22,54.61,AU
2025-08-21,54.83,AU
2025-08-20,53.72,AU
2025-08-19,52.15,AU
2025-08-18,53.7,AU
2025-08-15,54.31,AU
2025-08-14,54.71,AU
2025-08-13,55.79,AU
2025-08-12,57.25,AU
2025-08-11,56.8,AU
2025-08-08,57.42,AU
2025-08-07,58.04,AU
2025-08-06,58.28,AU
2025-08-05,56.46,AU
2025-08-04,53.17,AU
2025-08-01,48.76,AU
2025-07-31,46.25,AU
2025-07-30,47.44,AU
2025-07-29,50.02,AU
2025-07-28,49.51,AU
2025-07-25,50.16,AU
2025-07-24,50.52,AU
2025-07-23,51.08,AU
2025-07-22,51.93,AU
2025-07-21,50.62,AU
2025-07-18,47.66,AU
2025-07-17,47.05,AU
2025-07-16,47.12,AU
2025-07-15,47.46,AU
2025-07-14,47.97,AU
2025-07-11,47.11,AU
2025-07-10,46.53,AU
2025-07-09,46.53,AU
2025-07-08,45.22,AU
2025-07-07,47.93,AU
2025-07-03,46.71,AU
2025-07-02,46.66,AU
2025-07-01,45.8,AU
2025-06-30,45.57,AU
2025-06-27,43.88,AU
2025-06-26,46.36,AU
2025-06-25,46.45,AU
2025-06-24,46.4,AU
2025-06-23,48.3,AU
2025-06-20,47.98,AU
2025-06-18,48.12,AU
2025-06-17,48.33,AU
2025-06-16,49.68,AU
2025-06-13,50.84,AU
2025-06-12,48.82,AU
2025-06-11,45.87,AU
2025-06-10,45.11,AU
2025-06-09,46.38,AU
2025-06-06,45.96,AU
2025-06-05,47.09,AU
2025-06-04,46.13,AU
2025-06-03,46.44,AU
2025-06-02,47.42,AU
2025-05-30,43.81,AU
2025-05-29,44.05,AU
2025-05-28,44.04,AU
2025-05-27,43.1,AU
2025-05-23,44.04,AU
2025-05-22,42.88,AU
2025-05-21,43.23,AU
2025-05-20,43.37,AU
2025-05-19,42.18,AU
2025-05-16,40.74,AU
2025-05-15,40.45,AU
2025-05-14,39.87,AU
2025-05-13,41.21,AU
2025-05-12,40.16,AU
2025-05-09,44.8,AU
2025-05-08,41.87,AU
2025-05-07,43.68,AU
2025-05-06,44.07,AU
2025-05-05,42.14,AU
2025-05-02,40.18,AU
2025-05-01,39.83,AU
2025-04-30,42.16,AU
2025-04-29,40.68,AU
2025-04-28,41.24,AU
2025-04-25,39.6,AU
2025-04-24,40.56,AU
2025-04-23,40.57,AU
2025-04-22,43.14,AU
2025-04-21,44.17,AU
2025-04-17,43.25,AU
2025-04-16,45.62,AU
2025-04-15,43.83,AU
2025-04-14,42.57,AU
2025-04-11,42.79,AU
2025-04-10,38.85,AU
2025-04-09,36.42,AU
2025-04-08,33.16,AU
2025-04-07,33.36,AU
2025-04-04,33.55,AU
2025-04-03,36.97,AU
2025-04-02,37.6,AU
2025-04-01,37.48,AU
2025-03-31,37.12,AU
2025-03-28,36.98,AU
2025-03-27,36.18,AU
2025-03-26,35.56,AU
2025-03-25,35.62,AU
2025-03-24,34.86,AU
2025-03-21,35.47,AU
2025-03-20,36.5,AU
2025-03-19,35.52,AU
2025-03-18,34.19,AU
2025-03-17,32.99,AU
2025-03-14,32.23,AU
2025-03-13,32.46,AU
2025-03-12,31.65,AU
2025-03-11,32.09,AU
2025-03-10,30.64,AU
2025-03-07,31.48,AU
2025-03-06,30.89,AU
2025-03-05,31.29,AU
2025-03-04,30.38,AU
2025-03-03,29.53,AU
2025-02-28,29.47,AU
2025-02-27,29.33,AU
2025-02-26,31.04,AU
2025-02-25,30.8,AU
2025-02-24,31.87,AU
2025-02-21,31.64,AU
2025-02-20,32.02,AU
2025-02-19,31.05,AU
2025-02-18,32.19,AU
2025-02-14,32.19,AU
2025-02-13,33.24,AU
2025-02-12,33.16,AU
2025-02-11,33.41,AU
2025-02-10,33.6,AU
2025-02-07,31.43,AU
2025-02-06,31.5,AU
2025-02-05,31.98,AU
2025-02-04,30.86,AU
2025-02-03,31.2,AU
2025-01-31,30.21,AU
2025-01-30,29.93,AU
2025-01-29,28.48,AU
2025-01-28,28.15,AU
2025-01-27,28.01,AU
2025-01-24,28.23,AU
2025-01-23,27.99,AU
2025-01-22,27.95,AU
2025-01-21,27.96,AU
2025-01-17,27.29,AU
2025-01-16,26.97,AU
2025-01-15,27.18,AU
2025-01-14,26.4,AU
2025-01-13,25.44,AU
2025-01-10,25.98,AU
2025-01-08,25.18,AU
2025-01-07,24.45,AU
2025-01-06,23.53,AU
2025-01-03,23.81,AU
2025-01-02,24.34,AU
2024-12-31,23.08,AU
2024-12-30,22.89,AU
2024-12-27,23.27,AU
2024-12-26,23.64,AU
2024-12-24,23.69,AU
2024-12-23,23.66,AU
2024-12-20,23.9,AU
2024-12-19,23.26,AU
2024-12-18,23.15,AU
2024-12-17,24.12,AU
2024-12-16,24.55,AU
2024-12-13,24.94,AU
2024-12-12,25.75,AU
2024-12-11,27.15,AU
2024-12-10,25.76,AU
2024-12-09,25.51,AU
2024-12-06,24.93,AU
2024-12-05,25.65,AU
2024-12-04,25.85,AU
2024-12-03,25.68,AU
2024-12-02,24.63,AU
2024-11-29,24.94,AU
2024-11-27,24.79,AU
2024-11-26,25.3,AU
2024-11-25,25.2,AU
2024-11-22,25.95,AU
2024-11-21,25.2,AU
2024-11-20,24.54,AU
2024-11-19,25.15,AU
2024-11-18,24.82,AU
2024-11-15,23.83,AU
2024-11-14,24.01,AU
2024-11-13,24.12,AU
2024-11-12,24.63,AU
2024-11-11,25.11,AU
2024-11-08,27.66,AU
2024-11-07,27.57,AU
2024-11-06,26.25,AU
2024-11-05,27.12,AU
2024-11-04,27.14,AU
2024-11-01,27.29,AU
2024-10-31,27.8,AU
2024-10-30,28.63,AU
2024-10-29,29.13,AU
2024-10-28,28.69,AU
2024-10-25,29.5,AU
2024-10-24,29.97,AU
2024-10-23,30.13,AU
2024-10-22,31.45,AU
2024-10-21,30.67,AU
2024-10-18,30.33,AU
2024-10-17,29.52,AU
2024-10-16,28.0,AU
2024-10-15,27.55,AU
2024-10-14,27.34,AU
2024-10-11,27.18,AU
2024-10-10,26.76,AU
2024-10-09,25.85,AU
2024-10-08,25.61,AU
2024-10-07,25.94,AU
2024-10-04,26.23,AU
2024-10-03,26.28,AU
2024-10-02,26.95,AU
2024-10-01,27.17,AU
2024-09-30,26.63,AU
2024-09-27,27.67,AU
2024-09-26,29.14,AU
2024-09-25,28.66,AU
2024-09-24,28.75,AU
2024-09-23,28.54,AU
2024-09-20,28.03,AU
2024-09-19,27.58,AU
2024-09-18,27.27,AU
2024-09-17,27.64,AU
2024-09-16,28.37,AU
2024-09-13,28.61,AU
2024-09-12,27.95,AU
2024-09-11,27.4,AU
2024-09-10,27.45,AU
2024-09-09,28.8,AU
2024-09-06,28.52,AU
2024-09-05,28.88,AU
2024-09-04,28.53,AU
2024-09-03,28.81,AU
2024-08-30,29.67,AU
2024-08-29,30.53,AU
2024-08-28,29.95,AU
2024-08-27,30.69,AU
2024-08-26,31.29,AU
2024-08-23,31.18,AU
2024-08-22,30.8,AU
2024-08-21,32.36,AU
2024-08-20,32.09,AU
2024-08-19,31.53,AU
2024-08-16,31.47,AU
2024-08-15,30.4,AU
2024-08-14,30.9,AU
2024-08-13,30.78,AU
2024-08-12,29.63,AU
2024-08-09,29.8,AU
2024-08-08,29.73,AU
2024-08-07,27.67,AU
2024-08-06,27.88,AU
2024-08-05,26.63,AU
2024-08-02,27.4,AU
2024-08-01,27.74,AU
2024-07-31,28.08,AU
2024-07-30,27.29,AU
2024-07-29,27.14,AU
2024-07-26,27.11,AU
2024-07-25,27.1,AU
2024-07-24,27.67,AU
2024-07-23,28.07,AU
2024-07-22,28.18,AU
2024-07-19,28.16,AU
2024-07-18,28.63,AU
2024-07-17,28.94,AU
2024-07-16,29.81,AU
2024-07-15,28.96,AU
2024-07-12,29.15,AU
2024-07-11,29.05,AU
2024-07-10,28.72,AU
2024-07-09,28.36,AU
2024-07-08,28.27,AU
2024-07-05,28.83,AU
2024-07-03,26.07,AU
2024-07-02,25.52,AU
2024-07-01,25.11,AU
2024-06-28,25.13,AU
2024-06-27,24.98,AU
2024-06-26,24.59,AU
2024-06-25,24.17,AU
2024-06-24,23.87,AU
2024-06-21,23.93,AU
2024-06-20,23.72,AU
2024-06-18,22.85,AU
2024-06-17,22.67,AU
2024-06-14,23.03,AU
2024-06-13,22.61,AU
2024-06-12,23.3,AU
2024-06-11,22.39,AU
2024-06-10,22.59,AU
2024-06-07,22.87,AU
2024-06-06,24.6,AU
2024-06-05,23.49,AU
2024-06-04,23.51,AU
2024-06-03,24.39,AU
2024-05-31,24.19,AU
2024-05-30,24.67,AU
2024-05-29,24.1,AU
2024-05-28,24.82,AU
2024-05-24,24.3,AU
2024-05-23,23.68,AU
2024-05-22,24.7,AU
2024-05-21,25.39,AU
2024-05-20,25.86,AU
2024-05-17,25.41,AU
2024-05-16,24.63,AU
2024-05-15,24.82,AU
2024-05-14,24.34,AU
2024-05-13,24.28,AU
2024-05-10,24.38,AU
2024-05-09,24.04,AU
2024-05-08,23.37,AU
2024-05-07,23.57,AU
2024-05-06,23.84,AU
2024-05-03,23.12,AU
2024-05-02,23.14,AU
2024-05-01,23.46,AU
2024-04-30,22.99,AU
2024-04-29,24.8,AU
2024-04-26,23.85,AU
2024-04-25,22.78,AU
2024-04-24,21.92,AU
2024-04-23,22.11,AU
2024-04-22,22.03,AU
2024-04-19,23.84,AU
2024-04-18,23.71,AU
2024-04-17,23.85,AU
2024-04-16,23.29,AU
2024-04-15,23.81,AU
2024-04-12,23.85,AU
2024-04-11,24.26,AU
2024-04-10,23.04,AU
2024-04-09,23.47,AU
2024-04-08,23.55,AU
2024-04-05,23.95,AU
2024-04-04,23.1,AU
2024-04-03,23.2,AU
2024-04-02,22.82,AU
2024-04-01,22.17,AU
2024-03-28,22.2,AU
2024-03-27,21.99,AU
2024-03-26,21.39,AU
2024-03-25,21.34,AU
2024-03-22,21.08,AU
2024-03-21,21.16,AU
2024-03-20,21.27,AU
2024-03-19,20.27,AU
2024-03-18,21.17,AU
2024-03-15,22.01,AU
2024-03-14,22.18,AU
2024-03-13,22.87,AU
2024-03-12,22.17,AU
2024-03-11,22.85,AU
2024-03-08,22.36,AU
2024-03-07,22.13,AU
2024-03-06,21.97,AU
2024-03-05,21.63,AU
2024-03-04,21.11,AU
2024-03-01,19.5,AU
2024-02-29,18.61,AU
2024-02-28,18.01,AU
2024-02-27,18.3,AU
2024-02-26,18.52,AU
2024-02-23,18.33,AU
2024-02-22,17.02,AU
2024-02-21,17.71,AU
2024-02-20,17.76,AU
2024-02-16,17.33,AU
2024-02-15,17.03,AU
2024-02-14,16.68,AU
2024-02-13,16.86,AU
2024-02-12,17.68,AU
2024-02-09,17.38,AU
2024-02-08,17.85,AU
2024-02-07,17.84,AU
2024-02-06,17.98,AU
2024-02-05,17.73,AU
2024-02-02,18.05,AU
2024-02-01,18.7,AU
2024-01-31,17.62,AU
2024-01-30,17.75,AU
2024-01-29,17.83,AU
2024-01-26,17.49,AU
2024-01-25,17.52,AU
2024-01-24,17.13,AU
2024-01-23,16.85,AU
2024-01-22,16.14,AU
2024-01-19,16.23,AU
2024-01-18,16.3,AU
2024-01-17,16.23,AU
2024-01-16,16.49,AU
2024-01-12,17.47,AU
2024-01-11,16.85,AU
2024-01-10,17.05,AU
2024-01-09,17.18,AU
2024-01-08,17.5,AU
2024-01-05,17.68,AU
2024-01-04,17.74,AU
2024-01-03,17.9,AU
2024-01-02,18.24,AU
2023-12-29,18.69,AU
2023-12-28,18.8,AU
2023-12-27,19.48,AU
2023-12-26,19.03,AU
2023-12-22,18.96,AU
2023-12-21,18.88,AU
2023-12-20,18.34,AU
2023-12-19,18.83,AU
2023-12-18,17.83,AU
2023-12-15,17.96,AU
2023-12-14,18.04,AU
2023-12-13,17.54,AU
2023-12-12,16.86,AU
2023-12-11,17.03,AU
2023-12-08,17.37,AU
2023-12-07,18.0,AU
2023-12-06,18.67,AU
2023-12-05,18.77,AU
2023-12-04,19.01,AU
2023-12-01,20.05,AU
2023-11-30,19.25,AU
2023-11-29,19.88,AU
2023-11-28,19.52,AU
2023-11-27,18.07,AU
2023-11-24,17.23,AU
2023-11-22,17.46,AU
2023-11-21,17.72,AU
2023-11-20,17.0,AU
2023-11-17,17.01,AU
2023-11-16,17.12,AU
2023-11-15,17.01,AU
2023-11-14,17.03,AU
2023-11-13,15.67,AU
2023-11-10,15.9,AU
2023-11-09,16.64,AU
2023-11-08,18.39,AU
2023-11-07,18.77,AU
2023-11-06,19.0,AU
2023-11-03,19.06,AU
2023-11-02,17.65,AU
2023-11-01,17.36,AU
2023-10-31,17.84,AU
2023-10-30,18.81,AU
2023-10-27,19.18,AU
2023-10-26,19.17,AU
2023-10-25,18.77,AU
2023-10-24,18.69,AU
2023-10-23,19.02,AU
2023-10-20,19.46,AU
2023-10-19,18.84,AU
2023-10-18,18.85,AU
2023-10-17,19.01,AU
2023-10-16,18.75,AU
2023-10-13,19.5,AU
2023-10-12,18.72,AU
2023-10-11,18.93,AU
2023-10-10,18.0,AU
2023-10-09,17.1,AU
2023-10-06,15.95,AU
2023-10-05,15.5,AU
2023-10-04,15.46,AU
2023-10-03,15.02,AU
2023-10-02,15.26,AU
2023-09-29,15.8,AU
2023-09-28,16.33,AU
2023-09-27,16.62,AU
2023-09-26,18.18,AU
2023-09-25,18.38,AU
2023-09-22,18.15,AU
2023-09-21,18.31,AU
2023-09-20,18.59,AU
2023-09-19,17.87,AU
2023-09-18,18.05,AU
2023-09-15,17.98,AU
2023-09-14,17.43,AU
2023-09-13,17.31,AU
2023-09-12,17.69,AU
2023-09-11,17.14,AU
2023-09-08,16.73,AU
2023-09-07,16.48,AU
2023-09-06,16.73,AU
2023-09-05,16.53,AU
2023-09-01,17.01,AU
2023-08-31,17.0,AU
2023-08-30,17.54,AU
2023-08-29,17.39,AU
2023-08-28,17.33,AU
2023-08-25,17.3,AU
2023-08-24,17.3,AU
2023-08-23,17.19,AU
2023-08-22,16.28,AU
2023-08-21,16.25,AU
2023-08-18,16.26,AU
2023-08-17,16.46,AU
2023-08-16,17.03,AU
2023-08-15,17.48,AU
2023-08-14,17.71,AU
2023-08-11,17.9,AU
2023-08-10,18.13,AU
2023-08-09,18.23,AU
2023-08-08,18.33,AU
2023-08-07,18.61,AU
2023-08-04,19.26,AU
2023-08-03,19.08,AU
2023-08-02,19.53,AU
2023-08-01,19.95,AU
2023-07-31,22.2,AU
2023-07-28,22.02,AU
2023-07-27,21.55,AU
2023-07-26,22.37,AU
2023-07-25,22.39,AU
2023-07-24,22.24,AU
2023-07-21,22.5,AU
2023-07-20,22.73,AU
2023-07-19,23.06,AU
2023-07-18,23.04,AU
2023-07-17,22.44,AU
2023-07-14,22.29,AU
2023-07-13,22.1,AU
2023-07-12,21.81,AU
2023-07-11,20.4,AU
2023-07-10,20.09,AU
2023-07-07,20.04,AU
2023-07-06,19.88,AU
2023-07-05,20.64,AU
2023-07-03,21.22,AU
2023-06-30,21.09,AU
2023-06-29,21.05,AU
2023-06-28,21.12,AU
2023-06-27,21.64,AU
2023-06-26,22.32,AU
2023-06-23,22.54,AU
2023-06-22,22.66,AU
2023-06-21,22.92,AU
2023-06-20,23.19,AU
2023-06-16,24.16,AU
2023-06-15,24.56,AU
2023-06-14,24.17,AU
2023-06-13,23.99,AU
2023-06-12,24.4,AU
2023-06-09,24.19,AU
2023-06-08,24.45,AU
2023-06-07,24.49,AU
2023-06-06,24.6,AU
2023-06-05,24.62,AU
2023-06-02,24.54,AU
2023-06-01,24.8,AU
2023-05-31,24.2,AU
2023-05-30,23.6,AU
2023-05-26,23.47,AU
2023-05-25,23.48,AU
2023-05-24,23.89,AU
2023-05-23,23.99,AU
2023-05-22,24.27,AU
2023-05-19,24.24,AU
2023-05-18,24.13,AU
2023-05-17,24.7,AU
2023-05-16,24.99,AU
2023-05-15,25.57,AU
2023-05-12,25.54,AU
2023-05-11,26.64,AU
2023-05-10,27.65,AU
2023-05-09,27.82,AU
2023-05-08,28.26,AU
2023-05-05,28.34,AU
2023-05-04,29.13,AU
2023-05-03,27.59,AU
2023-05-02,27.44,AU
2023-05-01,26.48,AU
2023-04-28,26.58,AU
2023-04-27,26.45,AU
2023-04-26,26.41,AU
2023-04-25,26.82,AU
2023-04-24,26.74,AU
2023-04-21,26.43,AU
2023-04-20,26.58,AU
2023-04-19,26.14,AU
2023-04-18,27.14,AU
2023-04-17,26.99,AU
2023-04-14,27.61,AU
2023-04-13,28.06,AU
2023-04-12,26.97,AU
2023-04-11,26.74,AU
2023-04-10,26.64,AU
2023-04-06,26.8,AU
2023-04-05,26.69,AU
2023-04-04,25.38,AU
2023-04-03,24.48,AU
2023-03-31,24.19,AU
2023-03-30,24.15,AU
2023-03-29,22.76,AU
2023-03-28,23.0,AU
2023-03-27,22.04,AU
2023-03-24,22.26,AU
2023-03-23,21.73,AU
2023-03-22,21.04,AU
2023-03-21,20.81,AU
2023-03-20,21.18,AU
2023-03-17,20.64,AU
2023-03-16,19.55,AU
2023-03-15,19.7,AU
2023-03-14,19.71,AU
2023-03-13,19.28,AU
2023-03-10,17.61,AU
2023-03-09,16.87,AU
2023-03-08,16.92,AU
2023-03-07,16.89,AU
2023-03-06,17.29,AU
2023-03-03,17.64,AU
2023-03-02,17.31,AU
2023-03-01,17.14,AU
2023-02-28,16.66,AU
2023-02-27,16.69,AU
2023-02-24,16.8,AU
2023-02-23,17.1,AU
2023-02-22,16.91,AU
2023-02-21,18.2,AU
2023-02-17,18.47,AU
2023-02-16,18.55,AU
2023-02-15,18.48,AU
2023-02-14,19.78,AU
2023-02-13,19.73,AU
2023-02-10,19.77,AU
2023-02-09,20.0,AU
2023-02-08,20.16,AU
2023-02-07,20.35,AU
2023-02-06,20.11,AU
2023-02-03,20.09,AU
2023-02-02,21.09,AU
2023-02-01,21.16,AU
2023-01-31,21.02,AU
2023-01-30,21.12,AU
2023-01-27,21.02,AU
2023-01-26,21.84,AU
2023-01-25,21.92,AU
2023-01-24,21.99,AU
2023-01-23,22.56,AU
2023-01-20,22.61,AU
2023-01-19,22.29,AU
2023-01-18,22.04,AU
2023-01-17,22.09,AU
2023-01-13,23.18,AU
2023-01-12,22.64,AU
2023-01-11,22.01,AU
2023-01-10,21.94,AU
2023-01-09,21.32,AU
2023-01-06,21.47,AU
2023-01-05,21.12,AU
2023-01-04,21.37,AU
2023-01-03,20.16,AU
2022-12-30,19.42,AU
2022-12-29,19.43,AU
2022-12-28,19.36,AU
2022-12-27,19.71,AU
2022-12-23,19.43,AU
2022-12-22,19.44,AU
2022-12-21,19.59,AU
2022-12-20,19.15,AU
2022-12-19,18.89,AU
2022-12-16,18.72,AU
2022-12-15,18.71,AU
2022-12-14,19.51,AU
2022-12-13,19.31,AU
2022-12-12,18.59,AU
2022-12-09,18.48,AU
2022-12-08,18.79,AU
2022-12-07,18.71,AU
2022-12-06,18.55,AU
2022-12-05,18.42,AU
2022-12-02,18.66,AU
2022-12-01,18.81,AU
2022-11-30,18.33,AU
2022-11-29,17.81,AU
2022-11-28,17.36,AU
2022-11-25,18.16,AU
2022-11-23,18.3,AU
2022-11-22,18.11,AU
2022-11-21,17.15,AU
2022-11-18,17.18,AU
2022-11-17,17.29,AU
2022-11-16,17.54,AU
2022-11-15,17.75,AU
2022-11-14,17.94,AU
2022-11-11,17.98,AU
2022-11-10,17.85,AU
2022-11-09,16.34,AU
2022-11-08,16.25,AU
2022-11-07,14.87,AU
2022-11-04,14.62,AU
2022-11-03,12.85,AU
2022-11-02,12.76,AU
2022-11-01,13.31,AU
2022-10-31,13.05,AU
2022-10-28,13.49,AU
2022-10-27,13.46,AU
2022-10-26,13.49,AU
2022-10-25,13.21,AU
2022-10-24,13.05,AU
2022-10-21,13.17,AU
2022-10-20,12.75,AU
2022-10-19,12.55,AU
2022-10-18,12.98,AU
2022-10-17,12.97,AU
2022-10-14,12.38,AU
2022-10-13,13.19,AU
2022-10-12,13.53,AU
2022-10-11,13.84,AU
2022-10-10,13.98,AU
2022-10-07,14.44,AU
2022-10-06,14.74,AU
2022-10-05,14.62,AU
2022-10-04,14.96,AU
2022-10-03,14.3,AU
2022-09-30,13.82,AU
2022-09-29,13.8,AU
2022-09-28,13.65,AU
2022-09-27,12.71,AU
2022-09-26,12.26,AU
2022-09-23,12.16,AU
2022-09-22,13.04,AU
2022-09-21,12.86,AU
2022-09-20,12.78,AU
2022-09-19,13.09,AU
2022-09-16,12.85,AU
2022-09-15,13.19,AU
2022-09-14,13.4,AU
2022-09-13,13.42,AU
2022-09-12,14.09,AU
2022-09-09,14.1,AU
2022-09-08,13.57,AU
2022-09-07,13.51,AU
2022-09-06,13.18,AU
2022-09-02,13.48,AU
2022-09-01,12.96,AU
2022-08-31,13.48,AU
2022-08-30,13.71,AU
2022-08-29,14.28,AU
2022-08-26,14.42,AU
2022-08-25,15.22,AU
2022-08-24,15.4,AU
2022-08-23,15.23,AU
2022-08-22,14.84,AU
2022-08-19,14.97,AU
2022-08-18,15.34,AU
2022-08-17,15.35,AU
2022-08-16,15.93,AU
2022-08-15,15.88,AU
2022-08-12,15.93,AU
2022-08-11,15.73,AU
2022-08-10,15.99,AU
2022-08-09,16.14,AU
2022-08-08,16.11,AU
2022-08-05,14.99,AU
2022-08-04,14.23,AU
2022-08-03,13.83,AU
2022-08-02,14.13,AU
2022-08-01,14.65,AU
2022-07-29,14.71,AU
2022-07-28,14.86,AU
2022-07-27,14.52,AU
2022-07-26,14.37,AU
2022-07-25,13.95,AU
2022-07-22,14.15,AU
2022-07-21,14.1,AU
2022-07-20,13.66,AU
2022-07-19,14.14,AU
2022-07-18,13.88,AU
2022-07-15,13.74,AU
2022-07-14,13.76,AU
2022-07-13,15.11,AU
2022-07-12,14.5,AU
2022-07-11,14.64,AU
2022-07-08,14.88,AU
2022-07-07,14.66,AU
2022-07-06,14.74,AU
2022-07-05,14.46,AU
2022-07-01,15.19,AU
2022-06-30,14.79,AU
2022-06-29,15.46,AU
2022-06-28,15.72,AU
2022-06-27,15.94,AU
2022-06-24,15.59,AU
2022-06-23,15.12,AU
2022-06-22,15.82,AU
2022-06-21,16.19,AU
2022-06-17,15.94,AU
2022-06-16,16.14,AU
2022-06-15,15.93,AU
2022-06-14,15.69,AU
2022-06-13,16.11,AU
2022-06-10,17.63,AU
2022-06-09,16.81,AU
2022-06-08,17.48,AU
2022-06-07,17.49,AU
2022-06-06,17.76,AU
2022-06-03,17.83,AU
2022-06-02,18.22,AU
2022-06-01,17.3,AU
2022-05-31,17.18,AU
2022-05-27,17.81,AU
2022-05-26,17.71,AU
2022-05-25,17.63,AU
2022-05-24,17.98,AU
2022-05-23,17.74,AU
2022-05-20,17.74,AU
2022-05-19,18.07,AU
2022-05-18,17.04,AU
2022-05-17,17.49,AU
2022-05-16,17.75,AU
2022-05-13,17.15,AU
2022-05-12,16.27,AU
2022-05-11,17.11,AU
2022-05-10,17.26,AU
2022-05-09,17.77,AU
2022-05-06,19.22,AU
2022-05-05,19.94,AU
2022-05-04,21.08,AU
2022-05-03,20.47,AU
2022-05-02,20.01,AU
2022-04-29,20.42,AU
2022-04-28,20.69,AU
2022-04-27,20.42,AU
2022-04-26,20.42,AU
2022-04-25,20.42,AU
2022-04-22,21.17,AU
2022-04-21,21.77,AU
2022-04-20,22.69,AU
2022-04-19,22.57,AU
2022-04-18,24.3,AU
2022-04-14,23.68,AU
2022-04-13,23.89,AU
2022-04-12,23.58,AU
2022-04-11,23.12,AU
2022-04-08,23.67,AU
2022-04-07,23.22,AU
2022-04-06,23.0,AU
2022-04-05,23.48,AU
2022-04-04,24.08,AU
2022-04-01,24.47,AU
2022-03-31,23.69,AU
2022-03-30,23.95,AU
2022-03-29,23.49,AU
2022-03-28,23.21,AU
2022-03-25,24.15,AU
2022-03-24,24.39,AU
2022-03-23,24.26,AU
2022-03-22,23.36,AU
2022-03-21,23.76,AU
2022-03-18,23.43,AU
2022-03-17,23.89,AU
2022-03-16,23.32,AU
2022-03-15,23.84,AU
2022-03-14,24.2,AU
2022-03-11,25.53,AU
2022-03-10,25.69,AU
2022-03-09,25.1,AU
2022-03-08,25.76,AU
2022-03-07,25.55,AU
2022-03-04,25.07,AU
2022-03-03,23.85,AU
2022-03-02,24.01,AU
2022-03-01,24.73,AU
2022-02-28,23.24,AU
2022-02-25,21.84,AU
2022-02-24,22.15,AU
2022-02-23,22.81,AU
2022-02-22,21.98,AU
2022-02-18,22.0,AU
2022-02-17,22.26,AU
2022-02-16,21.44,AU
2022-02-15,21.12,AU
2022-02-14,21.51,AU
2022-02-11,20.51,AU
2022-02-10,19.37,AU
2022-02-09,19.99,AU
2022-02-08,20.06,AU
2022-02-07,19.4,AU
2022-02-04,18.88,AU
2022-02-03,18.62,AU
2022-02-02,19.07,AU
2022-02-01,19.21,AU
2022-01-31,18.58,AU
2022-01-28,17.94,AU
2022-01-27,18.28,AU
2022-01-26,19.11,AU
2022-01-25,20.37,AU
2022-01-24,19.91,AU
2022-01-21,20.25,AU
2022-01-20,20.69,AU
2022-01-19,20.78,AU
2022-01-18,18.52,AU
2022-01-14,20.04,AU
2022-01-13,20.28,AU
2022-01-12,20.82,AU
2022-01-11,20.38,AU
2022-01-10,19.12,AU
2022-01-07,19.1,AU
2022-01-06,18.93,AU
2022-01-05,19.47,AU
2022-01-04,19.71,AU
2022-01-03,20.07,AU
2021-12-31,20.98,AU
2021-12-30,20.8,AU
2021-12-29,20.04,AU
2021-12-28,19.79,AU
2021-12-27,20.13,AU
2021-12-23,20.11,AU
2021-12-22,20.24,AU
2021-12-21,20.17,AU
2021-12-20,20.11,AU
2021-12-17,20.0,AU
2021-12-16,20.3,AU
2021-12-15,19.08,AU
2021-12-14,19.43,AU
2021-12-13,19.24,AU
2021-12-10,19.15,AU
2021-12-09,19.45,AU
2021-12-08,19.91,AU
2021-12-07,19.86,AU
2021-12-06,20.92,AU
2021-12-03,20.94,AU
2021-12-02,20.43,AU
2021-12-01,21.11,AU
2021-11-30,20.94,AU
2021-11-29,20.15,AU
2021-11-26,19.85,AU
2021-11-24,20.17,AU
2021-11-23,20.24,AU
2021-11-22,20.64,AU
2021-11-19,20.75,AU
2021-11-18,20.68,AU
2021-11-17,20.98,AU
2021-11-16,20.87,AU
2021-11-15,21.03,AU
2021-11-12,20.81,AU
2021-11-11,20.77,AU
2021-11-10,20.05,AU
2021-11-09,19.13,AU
2021-11-08,18.75,AU
2021-11-05,18.89,AU
2021-11-04,18.57,AU
2021-11-03,18.43,AU
2021-11-02,18.46,AU
2021-11-01,18.5,AU
2021-10-29,18.48,AU
2021-10-28,19.01,AU
2021-10-27,19.32,AU
2021-10-26,19.56,AU
2021-10-25,19.53,AU
2021-10-22,19.52,AU
2021-10-21,19.05,AU
2021-10-20,19.09,AU
2021-10-19,18.84,AU
2021-10-18,18.45,AU
2021-10-15,18.79,AU
2021-10-14,19.08,AU
2021-10-13,18.89,AU
2021-10-12,18.23,AU
2021-10-11,17.82,AU
2021-10-08,17.77,AU
2021-10-07,17.72,AU
2021-10-06,17.31,AU
2021-10-05,16.76,AU
2021-10-04,16.6,AU
2021-10-01,16.23,AU
2021-09-30,15.99,AU
2021-09-29,15.1,AU
2021-09-28,15.26,AU
2021-09-27,15.4,AU
2021-09-24,15.29,AU
2021-09-23,15.21,AU
2021-09-22,15.46,AU
2021-09-21,15.34,AU
2021-09-20,14.95,AU
2021-09-17,14.78,AU
2021-09-16,14.92,AU
2021-09-15,15.63,AU
2021-09-14,15.64,AU
2021-09-13,15.5,AU
2021-09-10,15.29,AU
2021-09-09,15.67,AU
2021-09-08,15.85,AU
2021-09-07,16.12,AU
2021-09-03,16.86,AU
2021-09-02,16.67,AU
2021-09-01,16.93,AU
2021-08-31,17.08,AU
2021-08-30,16.58,AU
2021-08-27,16.83,AU
2021-08-26,16.17,AU
2021-08-25,16.06,AU
2021-08-24,16.52,AU
2021-08-23,16.41,AU
2021-08-20,15.89,AU
2021-08-19,15.81,AU
2021-08-18,15.76,AU
2021-08-17,16.21,AU
2021-08-16,16.07,AU
2021-08-13,15.9,AU
2021-08-12,15.63,AU
2021-08-11,16.09,AU
2021-08-10,15.5,AU
2021-08-09,16.0,AU
2021-08-06,16.21,AU
2021-08-05,19.18,AU
2021-08-04,20.0,AU
2021-08-03,20.23,AU
2021-08-02,19.91,AU
2021-07-30,20.05,AU
2021-07-29,20.31,AU
2021-07-28,19.93,AU
2021-07-27,19.84,AU
2021-07-26,19.38,AU
2021-07-23,19.21,AU
2021-07-22,19.33,AU
2021-07-21,19.56,AU
2021-07-20,19.58,AU
2021-07-19,19.38,AU
2021-07-16,19.57,AU
2021-07-15,20.25,AU
2021-07-14,19.98,AU
2021-07-13,19.66,AU
2021-07-12,19.28,AU
2021-07-09,19.49,AU
2021-07-08,19.14,AU
2021-07-07,19.5,AU
2021-07-06,19.4,AU
2021-07-02,19.08,AU
2021-07-01,18.66,AU
2021-06-30,18.58,AU
2021-06-29,18.33,AU
2021-06-28,18.54,AU
2021-06-25,18.81,AU
2021-06-24,18.86,AU
2021-06-23,18.65,AU
2021-06-22,18.71,AU
2021-06-21,19.07,AU
2021-06-18,18.89,AU
2021-06-17,19.45,AU
2021-06-16,20.32,AU
2021-06-15,20.69,AU
2021-06-14,21.12,AU
2021-06-11,21.63,AU
2021-06-10,22.27,AU
2021-06-09,21.62,AU
2021-06-08,21.81,AU
2021-06-07,22.5,AU
2021-06-04,23.01,AU
2021-06-03,22.8,AU
2021-06-02,23.83,AU
2021-06-01,23.96,AU
2021-05-28,23.77,AU
2021-05-27,23.83,AU
2021-05-26,24.17,AU
2021-05-25,25.15,AU
2021-05-24,25.09,AU
2021-05-21,25.5,AU
2021-05-20,25.56,AU
2021-05-19,25.73,AU
2021-05-18,25.51,AU
2021-05-17,25.06,AU
2021-05-14,23.71,AU
2021-05-13,22.78,AU
2021-05-12,22.93,AU
2021-05-11,22.75,AU
2021-05-10,22.63,AU
2021-05-07,23.1,AU
2021-05-06,22.4,AU
2021-05-05,21.53,AU
2021-05-04,21.34,AU
2021-05-03,21.79,AU
2021-04-30,20.58,AU
2021-04-29,20.64,AU
2021-04-28,20.91,AU
2021-04-27,20.92,AU
2021-04-26,21.45,AU
2021-04-23,21.5,AU
2021-04-22,21.65,AU
2021-04-21,22.32,AU
2021-04-20,22.1,AU
2021-04-19,22.04,AU
2021-04-16,22.44,AU
2021-04-15,22.01,AU
2021-04-14,21.15,AU
2021-04-13,21.31,AU
2021-04-12,21.25,AU
2021-04-09,22.06,AU
2021-04-08,22.24,AU
2021-04-07,22.0,AU
2021-04-06,22.7,AU
2021-04-05,22.95,AU
2021-04-01,22.98,AU
2021-03-31,21.97,AU
2021-03-30,21.64,AU
2021-03-29,22.29,AU
2021-03-26,21.03,AU
2021-03-25,19.86,AU
2021-03-24,20.13,AU
2021-03-23,20.89,AU
2021-03-22,21.51,AU
2021-03-19,21.96,AU
2021-03-18,21.85,AU
2021-03-17,22.4,AU
2021-03-16,22.58,AU
2021-03-15,22.91,AU
2021-03-12,22.56,AU
2021-03-11,22.81,AU
2021-03-10,22.53,AU
2021-03-09,22.36,AU
2021-03-08,21.98,AU
2021-03-05,21.61,AU
2021-03-04,20.85,AU
2021-03-03,20.14,AU
2021-03-02,20.6,AU
2021-03-01,19.87,AU
2021-02-26,19.96,AU
2021-02-25,20.66,AU
2021-02-24,21.25,AU
2021-02-23,20.96,AU
2021-02-22,21.16,AU
2021-02-19,20.83,AU
2021-02-18,20.79,AU
2021-02-17,21.51,AU
2021-02-16,22.86,AU
2021-02-12,23.99,AU
2021-02-11,23.94,AU
2021-02-10,24.3,AU
2021-02-09,23.47,AU
2021-02-08,23.35,AU
2021-02-05,23.05,AU
2021-02-04,22.21,AU
2021-02-03,23.52,AU
2021-02-02,23.4,AU
2021-02-01,23.55,AU
2021-01-29,23.46,AU
2021-01-28,23.63,AU
2021-01-27,23.33,AU
2021-01-26,23.91,AU
2021-01-25,23.95,AU
2021-01-22,23.21,AU
2021-01-21,23.45,AU
2021-01-20,23.44,AU
2021-01-19,22.25,AU
2021-01-15,22.08,AU
2021-01-14,22.98,AU
2021-01-13,23.26,AU
2021-01-12,23.2,AU
2021-01-11,22.93,AU
2021-01-08,23.33,AU
2021-01-07,24.05,AU
2021-01-06,24.4,AU
2021-01-05,24.85,AU
2021-01-04,25.49,AU
2020-12-31,22.62,AU
2020-12-30,23.57,AU
2020-12-29,22.97,AU
2020-12-28,22.81,AU
2020-12-24,22.92,AU
2020-12-23,22.85,AU
2020-12-22,22.53,AU
2020-12-21,23.16,AU
2020-12-18,23.17,AU
2020-12-17,23.38,AU
2020-12-16,22.52,AU
2020-12-15,22.26,AU
2020-12-14,21.35,AU
2020-12-11,21.49,AU
2020-12-10,21.5,AU
2020-12-09,21.5,AU
2020-12-08,22.19,AU
2020-12-07,22.74,AU
2020-12-04,22.13,AU
2020-12-03,22.65,AU
2020-12-02,22.96,AU
2020-12-01,22.97,AU
2020-11-30,21.67,AU
2020-11-27,21.41,AU
2020-11-25,20.94,AU
2020-11-24,20.77,AU
2020-11-23,21.51,AU
2020-11-20,22.56,AU
2020-11-19,22.22,AU
2020-11-18,22.51,AU
2020-11-17,23.07,AU
2020-11-16,23.51,AU
2020-11-13,24.14,AU
2020-11-12,23.59,AU
2020-11-11,23.63,AU
2020-11-10,23.67,AU
2020-11-09,24.74,AU
2020-11-06,27.56,AU
2020-11-05,26.78,AU
2020-11-04,24.99,AU
2020-11-03,25.41,AU
2020-11-02,25.28,AU
2020-10-30,23.14,AU
2020-10-29,22.87,AU
2020-10-28,23.3,AU
2020-10-27,24.7,AU
2020-10-26,24.46,AU
2020-10-23,25.17,AU
2020-10-22,25.45,AU
2020-10-21,26.53,AU
2020-10-20,26.35,AU
2020-10-19,26.37,AU
2020-10-16,26.65,AU
2020-10-15,27.11,AU
2020-10-14,27.97,AU
2020-10-13,27.47,AU
2020-10-12,27.73,AU
2020-10-09,27.94,AU
2020-10-08,26.53,AU
2020-10-07,25.49,AU
2020-10-06,25.32,AU
2020-10-05,26.06,AU
2020-10-02,26.01,AU
2020-10-01,26.44,AU
2020-09-30,26.38,AU
2020-09-29,26.46,AU
2020-09-28,25.82,AU
2020-09-25,25.63,AU
2020-09-24,26.01,AU
2020-09-23,24.79,AU
2020-09-22,26.31,AU
2020-09-21,26.17,AU
2020-09-18,27.17,AU
2020-09-17,27.94,AU
2020-09-16,29.41,AU
2020-09-15,29.88,AU
2020-09-14,29.96,AU
2020-09-11,28.84,AU
2020-09-10,29.16,AU
2020-09-09,29.38,AU
2020-09-08,27.9,AU
2020-09-04,29.05,AU
2020-09-03,28.74,AU
2020-09-02,28.84,AU
2020-09-01,29.15,AU
2020-08-31,29.51,AU
2020-08-28,30.01,AU
2020-08-27,28.53,AU
2020-08-26,29.21,AU
2020-08-25,28.38,AU
2020-08-24,28.26,AU
2020-08-21,27.9,AU
2020-08-20,28.86,AU
2020-08-19,28.33,AU
2020-08-18,29.53,AU
2020-08-17,29.72,AU
2020-08-14,28.38,AU
2020-08-13,28.4,AU
2020-08-12,27.65,AU
2020-08-11,27.87,AU
2020-08-10,30.17,AU
2020-08-07,30.66,AU
2020-08-06,31.66,AU
2020-08-05,32.78,AU
2020-08-04,32.76,AU
2020-08-03,31.51,AU
2020-07-31,32.19,AU
2020-07-30,32.41,AU
2020-07-29,36.47,AU
2020-07-28,37.03,AU
2020-07-27,37.91,AU
2020-07-24,34.61,AU
2020-07-23,32.46,AU
2020-07-22,32.82,AU
2020-07-21,32.17,AU
2020-07-20,33.04,AU
2020-07-17,32.37,AU
2020-07-16,31.29,AU
2020-07-15,31.48,AU
2020-07-14,31.57,AU
2020-07-13,29.93,AU
2020-07-10,31.12,AU
2020-07-09,31.45,AU
2020-07-08,31.39,AU
2020-07-07,30.7,AU
2020-07-06,29.7,AU
2020-07-02,28.98,AU
2020-07-01,29.56,AU
2020-06-30,29.49,AU
2020-06-29,29.01,AU
2020-06-26,28.63,AU
2020-06-25,28.72,AU
2020-06-24,28.36,AU
2020-06-23,29.03,AU
2020-06-22,27.6,AU
2020-06-19,26.01,AU
2020-06-18,24.4,AU
2020-06-17,24.57,AU
2020-06-16,24.03,AU
2020-06-15,24.86,AU
2020-06-12,24.34,AU
2020-06-11,25.19,AU
2020-06-10,25.63,AU
2020-06-09,24.6,AU
2020-06-08,23.58,AU
2020-06-05,23.82,AU
2020-06-04,24.9,AU
2020-06-03,24.89,AU
2020-06-02,25.48,AU
2020-06-01,25.16,AU
2020-05-29,24.56,AU
2020-05-28,24.16,AU
2020-05-27,24.35,AU
2020-05-26,24.18,AU
2020-05-22,25.45,AU
2020-05-21,25.96,AU
2020-05-20,26.68,AU
2020-05-19,27.39,AU
2020-05-18,26.67,AU
2020-05-15,27.75,AU
2020-05-14,26.05,AU
2020-05-13,24.98,AU
2020-05-12,25.29,AU
2020-05-11,25.19,AU
2020-05-08,26.17,AU
2020-05-07,26.26,AU
2020-05-06,25.55,AU
2020-05-05,26.07,AU
2020-05-04,25.82,AU
2020-05-01,25.11,AU
2020-04-30,24.39,AU
2020-04-29,26.05,AU
2020-04-28,25.56,AU
2020-04-27,26.82,AU
2020-04-24,26.6,AU
2020-04-23,26.3,AU
2020-04-22,25.15,AU
2020-04-21,22.81,AU
2020-04-20,22.87,AU
2020-04-17,21.76,AU
2020-04-16,22.89,AU
2020-04-15,22.83,AU
2020-04-14,23.44,AU
2020-04-13,22.71,AU
2020-04-09,21.48,AU
2020-04-08,19.19,AU
2020-04-07,19.15,AU
2020-04-06,19.34,AU
2020-04-03,17.79,AU
2020-04-02,17.72,AU
2020-04-01,16.75,AU
2020-03-31,16.63,AU
2020-03-30,17.94,AU
2020-03-27,18.01,AU
2020-03-26,20.0,AU
2020-03-25,20.83,AU
2020-03-24,18.62,AU
2020-03-23,15.4,AU
2020-03-20,14.05,AU
2020-03-19,15.41,AU
2020-03-18,15.0,AU
2020-03-17,18.89,AU
2020-03-16,17.46,AU
2020-03-13,14.17,AU
2020-03-12,15.57,AU
2020-03-11,17.34,AU
2020-03-10,18.91,AU
2020-03-09,19.29,AU
2020-03-06,21.06,AU
2020-03-05,21.06,AU
2020-03-04,20.75,AU
2020-03-03,20.27,AU
2020-03-02,18.48,AU
2020-02-28,17.45,AU
2020-02-27,19.42,AU
2020-02-26,21.08,AU
2020-02-25,20.85,AU
2020-02-24,22.48,AU
2020-02-21,22.13,AU
2020-02-20,20.22,AU
2020-02-19,20.94,AU
2020-02-18,20.39,AU
2020-02-14,19.46,AU
2020-02-13,19.5,AU
2020-02-12,19.15,AU
2020-02-11,19.09,AU
2020-02-10,19.73,AU
2020-02-07,19.08,AU
2020-02-06,19.36,AU
2020-02-05,19.35,AU
2020-02-04,19.59,AU
2020-02-03,19.88,AU
2020-01-31,20.36,AU
2020-01-30,20.24,AU
2020-01-29,19.99,AU
2020-01-28,19.62,AU
2020-01-27,20.75,AU
2020-01-24,20.98,AU
2020-01-23,20.15,AU
2020-01-22,20.6,AU
2020-01-21,20.57,AU
2020-01-17,20.39,AU
2020-01-16,20.64,AU
2020-01-15,20.83,AU
2020-01-14,20.85,AU
2020-01-13,20.65,AU
2020-01-10,21.87,AU
2020-01-09,21.52,AU
2020-01-08,21.54,AU
2020-01-07,22.49,AU
2020-01-06,22.72,AU
2020-01-03,22.65,AU
2020-01-02,22.69,AU
2019-12-31,22.34,AU
2019-12-30,22.25,AU
2019-12-27,21.95,AU
2019-12-26,21.98,AU
2019-12-24,21.81,AU
2019-12-23,20.5,AU
2019-12-20,19.87,AU
2019-12-19,20.22,AU
2019-12-18,19.88,AU
2019-12-17,19.48,AU
2019-12-16,19.66,AU
2019-12-13,19.94,AU
2019-12-12,20.21,AU
2019-12-11,20.5,AU
2019-12-10,19.27,AU
2019-12-09,18.74,AU
2019-12-06,18.77,AU
2019-12-05,19.84,AU
2019-12-04,19.8,AU
2019-12-03,19.97,AU
2019-12-02,18.93,AU
2019-11-29,19.04,AU
2019-11-27,18.49,AU
2019-11-26,18.8,AU
2019-11-25,18.33,AU
2019-11-22,19.15,AU
2019-11-21,19.16,AU
2019-11-20,19.67,AU
2019-11-19,19.53,AU
2019-11-18,19.84,AU
2019-11-15,19.56,AU
2019-11-14,20.08,AU
2019-11-13,19.75,AU
2019-11-12,19.26,AU
2019-11-11,19.03,AU
2019-11-08,19.08,AU
2019-11-07,19.15,AU
2019-11-06,19.96,AU
2019-11-05,19.88,AU
2019-11-04,20.89,AU
2019-11-01,21.61,AU
2019-10-31,22.08,AU
2019-10-30,20.67,AU
2019-10-29,20.01,AU
2019-10-28,20.66,AU
2019-10-25,22.14,AU
2019-10-24,22.07,AU
2019-10-23,21.1,AU
2019-10-22,20.27,AU
2019-10-21,20.27,AU
2019-10-18,20.84,AU
2019-10-17,20.59,AU
2019-10-16,20.02,AU
2019-10-15,19.57,AU
2019-10-14,20.24,AU
2019-10-11,19.58,AU
2019-10-10,21.12,AU
2019-10-09,21.29,AU
2019-10-08,21.16,AU
2019-10-07,20.33,AU
2019-10-04,20.18,AU
2019-10-03,19.44,AU
2019-10-02,19.56,AU
2019-10-01,18.99,AU
2019-09-30,18.27,AU
2019-09-27,19.05,AU
2019-09-26,20.07,AU
2019-09-25,20.39,AU
2019-09-24,21.1,AU
2019-09-23,20.53,AU
2019-09-20,20.22,AU
2019-09-19,19.66,AU
2019-09-18,19.1,AU
2019-09-17,19.75,AU
2019-09-16,19.2,AU
2019-09-13,18.84,AU
2019-09-12,19.59,AU
2019-09-11,19.96,AU
2019-09-10,19.75,AU
2019-09-09,20.37,AU
2019-09-06,20.82,AU
2019-09-05,21.71,AU
2019-09-04,22.93,AU
2019-09-03,22.82,AU
2019-08-30,22.75,AU
2019-08-29,22.54,AU
2019-08-28,23.3,AU
2019-08-27,23.5,AU
2019-08-26,22.52,AU
2019-08-23,22.53,AU
2019-08-22,21.58,AU
2019-08-21,21.69,AU
2019-08-20,21.54,AU
2019-08-19,20.28,AU
2019-08-16,21.04,AU
2019-08-15,20.34,AU
2019-08-14,20.14,AU
2019-08-13,19.57,AU
2019-08-12,20.11,AU
2019-08-09,20.24,AU
2019-08-08,20.56,AU
2019-08-07,21.0,AU
2019-08-06,20.68,AU
2019-08-05,20.11,AU
2019-08-02,19.36,AU
2019-08-01,18.77,AU
2019-07-31,17.06,AU
2019-07-30,18.74,AU
2019-07-29,18.94,AU
2019-07-26,18.41,AU
2019-07-25,18.78,AU
2019-07-24,18.96,AU
2019-07-23,18.66,AU
2019-07-22,18.85,AU
2019-07-19,19.21,AU
2019-07-18,19.62,AU
2019-07-17,18.5,AU
2019-07-16,17.8,AU
2019-07-15,18.08,AU
2019-07-12,18.06,AU
2019-07-11,18.04,AU
2019-07-10,18.38,AU
2019-07-09,17.86,AU
2019-07-08,18.3,AU
2019-07-05,17.74,AU
2019-07-03,17.79,AU
2019-07-02,17.69,AU
2019-07-01,16.95,AU
2019-06-28,17.81,AU
2019-06-27,17.87,AU
2019-06-26,17.72,AU
2019-06-25,17.28,AU
2019-06-24,17.76,AU
2019-06-21,17.08,AU
2019-06-20,16.99,AU
2019-06-19,15.89,AU
2019-06-18,15.58,AU
2019-06-17,15.73,AU
2019-06-14,15.79,AU
2019-06-13,15.48,AU
2019-06-12,15.06,AU
2019-06-11,14.44,AU
2019-06-10,14.4,AU
2019-06-07,14.61,AU
2019-06-06,14.6,AU
2019-06-05,14.38,AU
2019-06-04,14.39,AU
2019-06-03,14.13,AU
2019-05-31,13.29,AU
2019-05-30,12.39,AU
2019-05-29,11.88,AU
2019-05-28,11.69,AU
2019-05-24,11.62,AU
2019-05-23,11.73,AU
2019-05-22,11.61,AU
2019-05-21,11.77,AU
2019-05-20,11.56,AU
2019-05-17,11.53,AU
2019-05-16,11.47,AU
2019-05-15,11.67,AU
2019-05-14,11.75,AU
2019-05-13,11.91,AU
2019-05-10,11.35,AU
2019-05-09,11.72,AU
2019-05-08,11.69,AU
2019-05-07,12.03,AU
2019-05-06,11.42,AU
2019-05-03,11.5,AU
2019-05-02,11.35,AU
2019-05-01,11.6,AU
2019-04-30,11.8,AU
2019-04-29,11.9,AU
2019-04-26,12.38,AU
2019-04-25,12.32,AU
2019-04-24,12.46,AU
2019-04-23,12.34,AU
2019-04-22,12.66,AU
2019-04-18,12.79,AU
2019-04-17,12.97,AU
2019-04-16,13.01,AU
2019-04-15,13.08,AU
2019-04-12,12.99,AU
2019-04-11,13.18,AU
2019-04-10,13.46,AU
2019-04-09,13.88,AU
2019-04-08,13.6,AU
2019-04-05,13.35,AU
2019-04-04,13.35,AU
2019-04-03,13.02,AU
2019-04-02,12.84,AU
2019-04-01,12.68,AU
2019-03-29,13.1,AU
2019-03-28,12.89,AU
2019-03-27,13.71,AU
2019-03-26,14.25,AU
2019-03-25,14.47,AU
2019-03-22,14.44,AU
2019-03-21,14.0,AU
2019-03-20,13.8,AU
2019-03-19,13.36,AU
2019-03-18,13.43,AU
2019-03-15,13.6,AU
2019-03-14,13.14,AU
2019-03-13,13.13,AU
2019-03-12,12.83,AU
2019-03-11,12.81,AU
2019-03-08,13.4,AU
2019-03-07,13.0,AU
2019-03-06,12.95,AU
2019-03-05,13.35,AU
2019-03-04,13.43,AU
2019-03-01,13.63,AU
2019-02-28,14.17,AU
2019-02-27,14.51,AU
2019-02-26,14.64,AU
2019-02-25,14.44,AU
2019-02-22,14.85,AU
2019-02-21,15.0,AU
2019-02-20,15.51,AU
2019-02-19,14.98,AU
2019-02-15,13.58,AU
2019-02-14,13.68,AU
2019-02-13,13.43,AU
2019-02-12,13.44,AU
2019-02-11,13.25,AU
2019-02-08,13.5,AU
2019-02-07,13.59,AU
2019-02-06,13.52,AU
2019-02-05,13.65,AU
2019-02-04,13.61,AU
2019-02-01,14.3,AU
2019-01-31,14.29,AU
2019-01-30,13.83,AU
2019-01-29,13.61,AU
2019-01-28,13.54,AU
2019-01-25,13.11,AU
2019-01-24,12.66,AU
2019-01-23,12.5,AU
2019-01-22,12.26,AU
2019-01-18,12.07,AU
2019-01-17,12.51,AU
2019-01-16,12.47,AU
2019-01-15,12.31,AU
2019-01-14,12.49,AU
2019-01-11,12.59,AU
2019-01-10,12.51,AU
2019-01-09,12.93,AU
2019-01-08,12.61,AU
2019-01-07,12.54,AU
2019-01-04,12.8,AU
2019-01-03,13.21,AU
2019-01-02,12.73,AU
2018-12-31,12.55,AU
2018-12-28,12.3,AU
2018-12-27,12.51,AU
2018-12-26,12.36,AU
2018-12-24,12.7,AU
2018-12-21,12.24,AU
2018-12-20,12.27,AU
2018-12-19,11.79,AU
2018-12-18,12.48,AU
2018-12-17,12.11,AU
2018-12-14,11.85,AU
2018-12-13,11.97,AU
2018-12-12,11.78,AU
2018-12-11,11.42,AU
2018-12-10,11.1,AU
2018-12-07,11.28,AU
2018-12-06,10.85,AU
2018-12-04,10.5,AU
2018-12-03,10.19,AU
2018-11-30,9.92,AU
2018-11-29,10.08,AU
2018-11-28,10.19,AU
2018-11-27,9.89,AU
2018-11-26,10.07,AU
2018-11-23,10.05,AU
2018-11-21,10.25,AU
2018-11-20,9.82,AU
2018-11-19,9.87,AU
2018-11-16,9.78,AU
2018-11-15,9.65,AU
2018-11-14,9.46,AU
2018-11-13,9.31,AU
2018-11-12,9.46,AU
2018-11-09,9.58,AU
2018-11-08,9.94,AU
2018-11-07,9.98,AU
2018-11-06,9.88,AU
2018-11-05,10.43,AU
2018-11-02,9.97,AU
2018-11-01,9.86,AU
2018-10-31,9.41,AU
2018-10-30,9.83,AU
2018-10-29,9.6,AU
2018-10-26,9.73,AU
2018-10-25,9.66,AU
2018-10-24,9.8,AU
2018-10-23,9.98,AU
2018-10-22,9.76,AU
2018-10-19,9.79,AU
2018-10-18,9.81,AU
2018-10-17,9.56,AU
2018-10-16,9.83,AU
2018-10-15,9.9,AU
2018-10-12,9.7,AU
2018-10-11,9.68,AU
2018-10-10,8.82,AU
2018-10-09,8.49,AU
2018-10-08,8.45,AU
2018-10-05,8.49,AU
2018-10-04,8.42,AU
2018-10-03,8.59,AU
2018-10-02,8.85,AU
2018-10-01,8.55,AU
2018-09-28,8.58,AU
2018-09-27,8.62,AU
2018-09-26,8.74,AU
2018-09-25,8.89,AU
2018-09-24,8.86,AU
2018-09-21,8.81,AU
2018-09-20,8.74,AU
2018-09-19,8.72,AU
2018-09-18,8.46,AU
2018-09-17,8.34,AU
2018-09-14,8.04,AU
2018-09-13,8.01,AU
2018-09-12,8.01,AU
2018-09-11,7.78,AU
2018-09-10,7.8,AU
2018-09-07,7.83,AU
2018-09-06,7.76,AU
2018-09-05,7.66,AU
2018-09-04,7.77,AU
2018-08-31,7.91,AU
2018-08-30,7.85,AU
2018-08-29,7.96,AU
2018-08-28,7.86,AU
2018-08-27,8.02,AU
2018-08-24,7.82,AU
2018-08-23,7.63,AU
2018-08-22,7.71,AU
2018-08-21,7.54,AU
2018-08-20,7.35,AU
2018-08-17,7.24,AU
2018-08-16,7.16,AU
2018-08-15,7.49,AU
2018-08-14,8.19,AU
2018-08-13,8.31,AU
2018-08-10,8.55,AU
2018-08-09,8.57,AU
2018-08-08,8.53,AU
2018-08-07,8.48,AU
2018-08-06,8.48,AU
2018-08-03,8.75,AU
2018-08-02,8.78,AU
2018-08-01,8.67,AU
2018-07-31,8.89,AU
2018-07-30,8.69,AU
2018-07-27,8.5,AU
2018-07-26,8.37,AU
2018-07-25,8.32,AU
2018-07-24,8.23,AU
2018-07-23,7.97,AU
2018-07-20,8.08,AU
2018-07-19,8.11,AU
2018-07-18,8.3,AU
2018-07-17,8.47,AU
2018-07-16,8.56,AU
2018-07-13,8.5,AU
2018-07-12,8.59,AU
2018-07-11,8.62,AU
2018-07-10,8.86,AU
2018-07-09,8.73,AU
2018-07-06,8.71,AU
2018-07-05,8.51,AU
2018-07-03,8.29,AU
2018-07-02,8.22,AU
2018-06-29,8.21,AU
2018-06-28,7.86,AU
2018-06-27,7.97,AU
2018-06-26,8.18,AU
2018-06-25,8.23,AU
2018-06-22,8.26,AU
2018-06-21,8.23,AU
2018-06-20,8.22,AU
2018-06-19,8.1,AU
2018-06-18,8.12,AU
2018-06-15,8.15,AU
2018-06-14,8.68,AU
2018-06-13,8.64,AU
2018-06-12,8.58,AU
2018-06-11,8.58,AU
2018-06-08,8.65,AU
2018-06-07,8.58,AU
2018-06-06,8.64,AU
2018-06-05,8.77,AU
2018-06-04,8.68,AU
2018-06-01,8.7,AU
2018-05-31,8.62,AU
2018-05-30,8.59,AU
2018-05-29,8.46,AU
2018-05-25,8.45,AU
2018-05-24,8.51,AU
2018-05-23,8.29,AU
2018-05-22,8.23,AU
2018-05-21,8.27,AU
2018-05-18,8.23,AU
2018-05-17,8.31,AU
2018-05-16,8.52,AU
2018-05-15,8.64,AU
2018-05-14,8.96,AU
2018-05-11,9.02,AU
2018-05-10,8.97,AU
2018-05-09,8.9,AU
2018-05-08,8.81,AU
2018-05-07,8.56,AU
2018-05-04,8.9,AU
2018-05-03,8.9,AU
2018-05-02,9.16,AU
2018-05-01,9.03,AU
2018-04-30,8.98,AU
2018-04-27,9.13,AU
2018-04-26,9.08,AU
2018-04-25,9.01,AU
2018-04-24,9.12,AU
2018-04-23,9.05,AU
2018-04-20,9.16,AU
2018-04-19,9.22,AU
2018-04-18,9.16,AU
2018-04-17,9.04,AU
2018-04-16,9.17,AU
2018-04-13,9.36,AU
2018-04-12,9.19,AU
2018-04-11,9.47,AU
2018-04-10,9.22,AU
2018-04-09,9.25,AU
2018-04-06,9.29,AU
2018-04-05,9.26,AU
2018-04-04,9.33,AU
2018-04-03,9.49,AU
2018-04-02,9.75,AU
2018-03-29,9.49,AU
2018-03-28,9.42,AU
2018-03-27,9.71,AU
2018-03-26,9.85,AU
2018-03-23,9.65,AU
2018-03-22,9.11,AU
2018-03-21,9.23,AU
2018-03-20,8.93,AU
2018-03-19,9.04,AU
2018-03-16,8.97,AU
2018-03-15,9.12,AU
2018-03-14,9.33,AU
2018-03-13,9.37,AU
2018-03-12,9.63,AU
2018-03-09,9.69,AU
2018-03-08,9.73,AU
2018-03-07,9.6,AU
2018-03-06,9.76,AU
2018-03-05,9.42,AU
2018-03-02,9.36,AU
2018-03-01,9.38,AU
2018-02-28,9.34,AU
2018-02-27,9.36,AU
2018-02-26,9.82,AU
2018-02-23,9.88,AU
2018-02-22,9.95,AU
2018-02-21,9.91,AU
2018-02-20,9.9,AU
2018-02-16,10.45,AU
2018-02-15,10.74,AU
2018-02-14,10.72,AU
2018-02-13,10.2,AU
2018-02-12,10.22,AU
2018-02-09,9.66,AU
2018-02-08,9.96,AU
2018-02-07,10.25,AU
2018-02-06,10.35,AU
2018-02-05,10.49,AU
2018-02-02,10.67,AU
2018-02-01,11.24,AU
2018-01-31,11.28,AU
2018-01-30,11.12,AU
2018-01-29,11.24,AU
2018-01-26,11.7,AU
2018-01-25,11.73,AU
2018-01-24,11.68,AU
2018-01-23,11.29,AU
2018-01-22,11.0,AU
2018-01-19,10.91,AU
2018-01-18,10.85,AU
2018-01-17,11.04,AU
2018-01-16,11.12,AU
2018-01-12,11.07,AU
2018-01-11,10.63,AU
2018-01-10,10.67,AU
2018-01-09,10.43,AU
2018-01-08,10.56,AU
2018-01-05,10.67,AU
2018-01-04,10.61,AU
2018-01-03,10.6,AU
2018-01-02,10.52,AU
2017-12-29,10.19,AU
2017-12-28,10.23,AU
2017-12-27,10.13,AU
2017-12-26,10.03,AU
2017-12-22,9.81,AU
2017-12-21,9.63,AU
2017-12-20,9.62,AU
2017-12-19,9.25,AU
2017-12-18,9.41,AU
2017-12-15,9.26,AU
2017-12-14,9.16,AU
2017-12-13,9.43,AU
2017-12-12,8.98,AU
2017-12-11,9.09,AU
2017-12-08,9.16,AU
2017-12-07,9.23,AU
2017-12-06,9.14,AU
2017-12-05,9.75,AU
2017-12-04,9.9,AU
2017-12-01,10.35,AU
2017-11-30,10.45,AU
2017-11-29,10.41,AU
2017-11-28,10.48,AU
2017-11-27,10.52,AU
2017-11-24,10.17,AU
2017-11-22,10.18,AU
2017-11-21,9.83,AU
2017-11-20,9.82,AU
2017-11-17,9.99,AU
2017-11-16,9.85,AU
2017-11-15,9.74,AU
2017-11-14,9.69,AU
2017-11-13,9.73,AU
2017-11-10,9.67,AU
2017-11-09,9.77,AU
2017-11-08,9.78,AU
2017-11-07,9.67,AU
2017-11-06,9.47,AU
2017-11-03,9.24,AU
2017-11-02,9.39,AU
2017-11-01,9.39,AU
2017-10-31,9.3,AU
2017-10-30,9.54,AU
2017-10-27,9.44,AU
2017-10-26,9.42,AU
2017-10-25,9.56,AU
2017-10-24,9.41,AU
2017-10-23,9.69,AU
2017-10-20,9.5,AU
2017-10-19,9.47,AU
2017-10-18,9.28,AU
2017-10-17,9.36,AU
2017-10-16,9.55,AU
2017-10-13,9.45,AU
2017-10-12,9.44,AU
2017-10-11,9.49,AU
2017-10-10,9.43,AU
2017-10-09,9.66,AU
2017-10-06,9.56,AU
2017-10-05,9.51,AU
2017-10-04,9.54,AU
2017-10-03,9.47,AU
2017-10-02,9.3,AU
2017-09-29,9.29,AU
2017-09-28,9.37,AU
2017-09-27,9.31,AU
2017-09-26,9.36,AU
2017-09-25,9.64,AU
2017-09-22,9.47,AU
2017-09-21,9.19,AU
2017-09-20,9.32,AU
2017-09-19,9.5,AU
2017-09-18,9.5,AU
2017-09-15,9.94,AU
2017-09-14,9.77,AU
2017-09-13,9.48,AU
2017-09-12,9.78,AU
2017-09-11,9.79,AU
2017-09-08,10.61,AU
2017-09-07,10.78,AU
2017-09-06,10.28,AU
2017-09-05,10.4,AU
2017-09-01,10.14,AU
2017-08-31,10.14,AU
2017-08-30,9.92,AU
2017-08-29,9.85,AU
2017-08-28,9.48,AU
2017-08-25,8.94,AU
2017-08-24,9.06,AU
2017-08-23,9.13,AU
2017-08-22,9.16,AU
2017-08-21,9.81,AU
2017-08-18,9.82,AU
2017-08-17,9.83,AU
2017-08-16,9.84,AU
2017-08-15,9.67,AU
2017-08-14,9.77,AU
2017-08-11,9.71,AU
2017-08-10,9.58,AU
2017-08-09,9.23,AU
2017-08-08,9.19,AU
2017-08-07,9.1,AU
2017-08-04,9.14,AU
2017-08-03,9.34,AU
2017-08-02,9.58,AU
2017-08-01,9.95,AU
2017-07-31,10.02,AU
2017-07-28,10.13,AU
2017-07-27,9.74,AU
2017-07-26,9.86,AU
2017-07-25,9.58,AU
2017-07-24,9.45,AU
2017-07-21,9.68,AU
2017-07-20,9.55,AU
2017-07-19,9.66,AU
2017-07-18,9.8,AU
2017-07-17,9.74,AU
2017-07-14,9.81,AU
2017-07-13,9.8,AU
2017-07-12,10.02,AU
2017-07-11,9.88,AU
2017-07-10,9.81,AU
2017-07-07,9.51,AU
2017-07-06,9.76,AU
2017-07-05,9.84,AU
2017-07-03,9.47,AU
2017-06-30,9.72,AU
2017-06-29,9.76,AU
2017-06-28,10.11,AU
2017-06-27,10.42,AU
2017-06-26,10.5,AU
2017-06-23,10.59,AU
2017-06-22,10.48,AU
2017-06-21,10.16,AU
2017-06-20,9.96,AU
2017-06-19,10.09,AU
2017-06-16,10.3,AU
2017-06-15,10.63,AU
2017-06-14,11.06,AU
2017-06-13,11.4,AU
2017-06-12,11.49,AU
2017-06-09,11.95,AU
2017-06-08,12.16,AU
2017-06-07,12.14,AU
2017-06-06,12.39,AU
2017-06-05,11.52,AU
2017-06-02,11.16,AU
2017-06-01,11.31,AU
2017-05-31,11.39,AU
2017-05-30,11.33,AU
2017-05-26,11.64,AU
2017-05-25,11.38,AU
2017-05-24,11.85,AU
2017-05-23,11.84,AU
2017-05-22,11.81,AU
2017-05-19,11.59,AU
2017-05-18,11.3,AU
2017-05-17,11.69,AU
2017-05-16,11.23,AU
2017-05-15,11.24,AU
2017-05-12,11.31,AU
2017-05-11,11.26,AU
2017-05-10,10.93,AU
2017-05-09,10.6,AU
2017-05-08,10.86,AU
2017-05-05,11.19,AU
2017-05-04,10.84,AU
2017-05-03,11.32,AU
2017-05-02,11.37,AU
2017-05-01,11.05,AU
2017-04-28,11.43,AU
2017-04-27,11.23,AU
2017-04-26,11.43,AU
2017-04-25,11.58,AU
2017-04-24,11.72,AU
2017-04-21,12.43,AU
2017-04-20,12.51,AU
2017-04-19,12.65,AU
2017-04-18,13.06,AU
2017-04-17,12.93,AU
2017-04-13,12.99,AU
2017-04-12,12.84,AU
2017-04-11,12.51,AU
2017-04-10,12.14,AU
2017-04-07,11.94,AU
2017-04-06,11.85,AU
2017-04-05,11.85,AU
2017-04-04,11.65,AU
2017-04-03,11.38,AU
2017-03-31,10.77,AU
2017-03-30,10.62,AU
2017-03-29,11.12,AU
2017-03-28,11.05,AU
2017-03-27,11.39,AU
2017-03-24,11.1,AU
2017-03-23,11.04,AU
2017-03-22,11.07,AU
2017-03-21,11.3,AU
2017-03-20,11.09,AU
2017-03-17,10.81,AU
2017-03-16,10.84,AU
2017-03-15,10.79,AU
2017-03-14,9.84,AU
2017-03-13,10.04,AU
2017-03-10,10.01,AU
2017-03-09,9.74,AU
2017-03-08,10.04,AU
2017-03-07,10.14,AU
2017-03-06,10.22,AU
2017-03-03,10.6,AU
2017-03-02,10.57,AU
2017-03-01,11.08,AU
2017-02-28,11.02,AU
2017-02-27,10.99,AU
2017-02-24,11.59,AU
2017-02-23,11.83,AU
2017-02-22,11.81,AU
2017-02-21,12.54,AU
2017-02-17,12.9,AU
2017-02-16,13.29,AU
2017-02-15,13.22,AU
2017-02-14,13.17,AU
2017-02-13,13.18,AU
2017-02-10,13.39,AU
2017-02-09,13.14,AU
2017-02-08,13.52,AU
2017-02-07,13.14,AU
2017-02-06,13.34,AU
2017-02-03,13.03,AU
2017-02-02,13.0,AU
2017-02-01,12.54,AU
2017-01-31,12.71,AU
2017-01-30,12.0,AU
2017-01-27,12.0,AU
2017-01-26,11.74,AU
2017-01-25,12.16,AU
2017-01-24,12.46,AU
2017-01-23,12.48,AU
2017-01-20,12.06,AU
2017-01-19,12.09,AU
2017-01-18,12.14,AU
2017-01-17,12.41,AU
2017-01-13,12.03,AU
2017-01-12,11.89,AU
2017-01-11,11.46,AU
2017-01-10,11.5,AU
2017-01-09,11.33,AU
2017-01-06,11.39,AU
2017-01-05,11.99,AU
2017-01-04,11.25,AU
2017-01-03,11.09,AU
2016-12-30,10.51,AU
2016-12-29,11.03,AU
2016-12-28,10.28,AU
2016-12-27,10.1,AU
2016-12-23,9.88,AU
2016-12-22,9.71,AU
2016-12-21,9.83,AU
2016-12-20,9.82,AU
2016-12-19,9.56,AU
2016-12-16,9.51,AU
2016-12-15,9.54,AU
2016-12-14,10.08,AU
2016-12-13,10.81,AU
2016-12-12,10.59,AU
2016-12-09,10.67,AU
2016-12-08,11.08,AU
2016-12-07,11.15,AU
2016-12-06,10.83,AU
2016-12-05,11.0,AU
2016-12-02,11.45,AU
2016-12-01,10.89,AU
2026-09-25,40.38,GFI
2026-09-24,39.9,GFI
2026-09-23,40.82,GFI
2026-09-22,42.96,GFI
2026-09-21,41.99,GFI
2026-09-18,42.51,GFI
2026-09-17,43.34,GFI
2026-09-16,41.96,GFI
2026-09-15,42.91,GFI
2026-09-14,43.12,GFI
2026-09-11,45.1,GFI
2026-09-10,45.68,GFI
2026-09-09,47.03,GFI
2026-09-08,47.19,GFI
2026-09-04,47.4,GFI
2026-09-03,48.16,GFI
2026-09-02,44.92,GFI
2026-09-01,44.66,GFI
2026-08-31,46.37,GFI
2026-08-28,45.96,GFI
2026-08-27,48.0,GFI
2026-08-26,47.82,GFI
2026-08-25,48.87,GFI
2026-08-24,47.33,GFI
2026-08-21,47.81,GFI
2026-08-20,45.45,GFI
2026-08-19,43.85,GFI
2026-08-18,40.92,GFI
2026-08-17,41.5,GFI
2026-08-14,40.24,GFI
2026-08-13,39.53,GFI
2026-08-12,40.73,GFI
2026-08-11,40.27,GFI
2026-08-10,41.1,GFI
2026-08-07,40.82,GFI
2026-08-06,37.34,GFI
2026-08-05,37.29,GFI
2026-08-04,34.11,GFI
2026-08-03,33.96,GFI
2026-07-31,32.42,GFI
2026-07-30,33.53,GFI
2026-07-29,32.24,GFI
2026-07-28,32.65,GFI
2026-07-27,32.91,GFI
2026-07-24,32.7,GFI
2026-07-23,32.28,GFI
2026-07-22,33.6,GFI
2026-07-21,32.29,GFI
2026-07-20,31.25,GFI
2026-07-17,31.99,GFI
2026-07-16,32.09,GFI
2026-07-15,32.99,GFI
2026-07-14,33.33,GFI
2026-07-13,33.53,GFI
2026-07-10,34.14,GFI
2026-07-09,34.04,GFI
2026-07-08,32.88,GFI
2026-07-07,33.59,GFI
2026-07-06,34.61,GFI
2026-07-02,35.46,GFI
2026-07-01,33.73,GFI
2026-06-30,33.59,GFI
2026-06-29,33.32,GFI
2026-06-26,33.53,GFI
2026-06-25,32.82,GFI
2026-06-24,31.88,GFI
2026-06-23,33.61,GFI
2026-06-22,34.63,GFI
2026-06-18,38.6,GFI
2026-06-17,38.89,GFI
2026-06-16,39.63,GFI
2026-06-15,39.59,GFI
2026-06-12,36.5,GFI
2026-06-11,35.9,GFI
2026-06-10,33.53,GFI
2026-06-09,35.49,GFI
2026-06-08,35.88,GFI
2026-06-05,36.62,GFI
2026-06-04,39.12,GFI
2026-06-03,37.94,GFI
2026-06-02,38.56,GFI
2026-06-01,38.01,GFI
2026-05-29,39.86,GFI
2026-05-28,40.23,GFI
2026-05-27,39.52,GFI
2026-05-26,41.15,GFI
2026-05-22,39.53,GFI
2026-05-21,40.07,GFI
2026-05-20,40.67,GFI
2026-05-19,39.2,GFI
2026-05-18,40.54,GFI
2026-05-15,40.27,GFI
2026-05-14,44.11,GFI
2026-05-13,44.78,GFI
2026-05-12,45.32,GFI
2026-05-11,46.14,GFI
2026-05-08,44.86,GFI
2026-05-07,44.92,GFI
2026-05-06,46.2,GFI
2026-05-05,41.75,GFI
2026-05-04,41.79,GFI
2026-05-01,42.08,GFI
2026-04-30,42.48,GFI
2026-04-29,41.49,GFI
2026-04-28,43.34,GFI
2026-04-27,44.99,GFI
2026-04-24,45.74,GFI
2026-04-23,43.96,GFI
2026-04-22,45.49,GFI
2026-04-21,45.57,GFI
2026-04-20,48.78,GFI
2026-04-17,49.96,GFI
2026-04-16,47.14,GFI
2026-04-15,47.39,GFI
2026-04-14,50.12,GFI
2026-04-13,48.96,GFI
2026-04-10,49.34,GFI
2026-04-09,48.83,GFI
2026-04-08,48.67,GFI
2026-04-07,46.12,GFI
2026-04-06,46.68,GFI
2026-04-02,47.58,GFI
2026-04-01,48.13,GFI
2026-03-31,45.4,GFI
2026-03-30,42.3,GFI
2026-03-27,42.34,GFI
2026-03-26,40.5,GFI
2026-03-25,42.27,GFI
2026-03-24,40.66,GFI
2026-03-23,40.89,GFI
2026-03-20,39.07,GFI
2026-03-19,40.75,GFI
2026-03-18,42.77,GFI
2026-03-17,46.41,GFI
2026-03-16,47.34,GFI
2026-03-13,45.54,GFI
2026-03-12,50.95,GFI
2026-03-11,50.59,GFI
2026-03-10,52.13,GFI
2026-03-09,52.13,GFI
2026-03-06,50.44,GFI
2026-03-05,50.1,GFI
2026-03-04,51.08,GFI
2026-03-03,51.21,GFI
2026-03-02,57.92,GFI
2026-02-27,58.84,GFI
2026-02-26,58.52,GFI
2026-02-25,58.18,GFI
2026-02-24,56.91,GFI
2026-02-23,56.98,GFI
2026-02-20,54.09,GFI
2026-02-19,52.84,GFI
2026-02-18,52.31,GFI
2026-02-17,51.47,GFI
2026-02-13,54.6,GFI
2026-02-12,52.15,GFI
2026-02-11,57.27,GFI
2026-02-10,55.84,GFI
2026-02-09,55.95,GFI
2026-02-06,53.51,GFI
2026-02-05,50.05,GFI
2026-02-04,52.54,GFI
2026-02-03,52.49,GFI
2026-02-02,49.95,GFI
2026-01-30,50.12,GFI
2026-01-29,58.61,GFI
2026-01-28,61.51,GFI
2026-01-27,56.45,GFI
2026-01-26,54.68,GFI
2026-01-23,53.22,GFI
2026-01-22,52.21,GFI
2026-01-21,51.3,GFI
2026-01-20,52.89,GFI
2026-01-16,49.41,GFI
2026-01-15,49.84,GFI
2026-01-14,49.8,GFI
2026-01-13,49.55,GFI
2026-01-12,48.54,GFI
2026-01-09,45.69,GFI
2026-01-08,45.56,GFI
2026-01-07,45.72,GFI
2026-01-06,47.22,GFI
2026-01-05,44.43,GFI
2026-01-02,43.56,GFI
2025-12-31,43.66,GFI
2025-12-30,44.12,GFI
2025-12-29,43.6,GFI
2025-12-26,46.56,GFI
2025-12-24,46.01,GFI
2025-12-23,46.17,GFI
2025-12-22,47.02,GFI
2025-12-19,45.16,GFI
2025-12-18,44.17,GFI
2025-12-17,44.61,GFI
2025-12-16,43.79,GFI
2025-12-15,43.94,GFI
2025-12-12,43.49,GFI
2025-12-11,45.1,GFI
2025-12-10,43.04,GFI
2025-12-09,43.09,GFI
2025-12-08,41.17,GFI
2025-12-05,42.21,GFI
2025-12-04,41.62,GFI
2025-12-03,40.84,GFI
2025-12-02,41.38,GFI
2025-12-01,42.71,GFI
2025-11-28,42.89,GFI
2025-11-26,43.22,GFI
2025-11-25,40.71,GFI
2025-11-24,40.59,GFI
2025-11-21,38.45,GFI
2025-11-20,37.95,GFI
2025-11-19,40.57,GFI
2025-11-18,39.89,GFI
2025-11-17,39.31,GFI
2025-11-14,40.82,GFI
2025-11-13,41.29,GFI
2025-11-12,42.86,GFI
2025-11-11,42.43,GFI
2025-11-10,42.28,GFI
2025-11-07,38.98,GFI
2025-11-06,37.75,GFI
2025-11-05,38.16,GFI
2025-11-04,35.68,GFI
2025-11-03,38.0,GFI
2025-10-31,38.41,GFI
2025-10-30,38.78,GFI
2025-10-29,38.24,GFI
2025-10-28,38.53,GFI
2025-10-27,37.53,GFI
2025-10-24,40.3,GFI
2025-10-23,41.2,GFI
2025-10-22,39.6,GFI
2025-10-21,38.69,GFI
2025-10-20,43.76,GFI
2025-10-17,43.14,GFI
2025-10-16,46.62,GFI
2025-10-15,43.79,GFI
2025-10-14,42.16,GFI
2025-10-13,43.63,GFI
2025-10-10,41.0,GFI
2025-10-09,39.98,GFI
2025-10-08,43.39,GFI
2025-10-07,41.85,GFI
2025-10-06,42.47,GFI
2025-10-03,42.14,GFI
2025-10-02,42.26,GFI
2025-10-01,41.74,GFI
2025-09-30,41.96,GFI
2025-09-29,41.44,GFI
2025-09-26,40.85,GFI
2025-09-25,39.33,GFI
2025-09-24,40.27,GFI
2025-09-23,41.79,GFI
2025-09-22,42.3,GFI
2025-09-19,41.32,GFI
2025-09-18,37.87,GFI
2025-09-17,37.98,GFI
2025-09-16,38.37,GFI
2025-09-15,38.83,GFI
2025-09-12,37.6,GFI
2025-09-11,38.02,GFI
2025-09-10,36.96,GFI
2025-09-09,35.73,GFI
2025-09-08,35.61,GFI
2025-09-05,34.36,GFI
2025-09-04,33.4,GFI
2025-09-03,35.0,GFI
2025-09-02,34.39,GFI
2025-08-29,33.48,GFI
2025-08-28,32.12,GFI
2025-08-27,32.84,GFI
2025-08-26,33.13,GFI
2025-08-25,32.33,GFI
2025-08-22,31.12,GFI
2025-08-21,30.26,GFI
2025-08-20,29.88,GFI
2025-08-19,29.31,GFI
2025-08-18,29.98,GFI
2025-08-15,30.04,GFI
2025-08-14,29.75,GFI
2025-08-13,30.24,GFI
2025-08-12,31.37,GFI
2025-08-11,31.12,GFI
2025-08-08,31.29,GFI
2025-08-07,31.13,GFI
2025-08-06,30.77,GFI
2025-08-05,30.17,GFI
2025-08-04,28.3,GFI
2025-08-01,25.59,GFI
2025-07-31,24.36,GFI
2025-07-30,24.46,GFI
2025-07-29,25.32,GFI
2025-07-28,24.62,GFI
2025-07-25,24.68,GFI
2025-07-24,24.65,GFI
2025-07-23,25.16,GFI
2025-07-22,25.79,GFI
2025-07-21,25.44,GFI
2025-07-18,24.22,GFI
2025-07-17,23.98,GFI
2025-07-16,23.95,GFI
2025-07-15,24.27,GFI
2025-07-14,24.23,GFI
2025-07-11,24.15,GFI
2025-07-10,23.94,GFI
2025-07-09,24.02,GFI
2025-07-08,23.36,GFI
2025-07-07,24.82,GFI
2025-07-03,24.2,GFI
2025-07-02,24.09,GFI
2025-07-01,23.73,GFI
2025-06-30,23.67,GFI
2025-06-27,22.87,GFI
2025-06-26,23.82,GFI
2025-06-25,24.01,GFI
2025-06-24,23.84,GFI
2025-06-23,24.67,GFI
2025-06-20,24.39,GFI
2025-06-18,24.32,GFI
2025-06-17,24.29,GFI
2025-06-16,24.82,GFI
2025-06-13,25.71,GFI
2025-06-12,25.24,GFI
2025-06-11,24.35,GFI
2025-06-10,24.22,GFI
2025-06-09,24.66,GFI
2025-06-06,24.64,GFI
2025-06-05,25.42,GFI
2025-06-04,25.04,GFI
2025-06-03,24.83,GFI
2025-06-02,25.19,GFI
2025-05-30,23.0,GFI
2025-05-29,23.01,GFI
2025-05-28,22.72,GFI
2025-05-27,22.16,GFI
2025-05-23,23.09,GFI
2025-05-22,22.04,GFI
2025-05-21,22.02,GFI
2025-05-20,21.99,GFI
2025-05-19,21.28,GFI
2025-05-16,20.64,GFI
2025-05-15,20.79,GFI
2025-05-14,20.03,GFI
2025-05-13,20.18,GFI
2025-05-12,20.19,GFI
2025-05-09,22.55,GFI
2025-05-08,22.13,GFI
2025-05-07,22.97,GFI
2025-05-06,23.43,GFI
2025-05-05,22.88,GFI
2025-05-02,21.2,GFI
2025-05-01,21.32,GFI
2025-04-30,22.54,GFI
2025-04-29,22.05,GFI
2025-04-28,22.34,GFI
2025-04-25,21.8,GFI
2025-04-24,22.42,GFI
2025-04-23,22.2,GFI
2025-04-22,23.39,GFI
2025-04-21,24.1,GFI
2025-04-17,23.99,GFI
2025-04-16,24.67,GFI
2025-04-15,23.87,GFI
2025-04-14,23.69,GFI
2025-04-11,24.56,GFI
2025-04-10,23.4,GFI
2025-04-09,21.55,GFI
2025-04-08,20.04,GFI
2025-04-07,20.38,GFI
2025-04-04,19.94,GFI
2025-04-03,22.65,GFI
2025-04-02,22.73,GFI
2025-04-01,22.76,GFI
2025-03-31,22.09,GFI
2025-03-28,21.91,GFI
2025-03-27,20.96,GFI
2025-03-26,20.6,GFI
2025-03-25,20.65,GFI
2025-03-24,20.57,GFI
2025-03-21,21.61,GFI
2025-03-20,21.86,GFI
2025-03-19,21.88,GFI
2025-03-18,21.31,GFI
2025-03-17,20.65,GFI
2025-03-14,20.18,GFI
2025-03-13,20.75,GFI
2025-03-12,20.18,GFI
2025-03-11,20.53,GFI
2025-03-10,19.81,GFI
2025-03-07,20.19,GFI
2025-03-06,19.32,GFI
2025-03-05,19.44,GFI
2025-03-04,19.02,GFI
2025-03-03,18.41,GFI
2025-02-28,17.97,GFI
2025-02-27,18.4,GFI
2025-02-26,19.12,GFI
2025-02-25,18.78,GFI
2025-02-24,19.29,GFI
2025-02-21,18.7,GFI
2025-02-20,19.2,GFI
2025-02-19,18.85,GFI
2025-02-18,19.09,GFI
2025-02-14,18.87,GFI
2025-02-13,19.38,GFI
2025-02-12,19.09,GFI
2025-02-11,19.38,GFI
2025-02-10,19.56,GFI
2025-02-07,18.68,GFI
2025-02-06,18.63,GFI
2025-02-05,18.06,GFI
2025-02-04,17.61,GFI
2025-02-03,17.38,GFI
2025-01-31,16.93,GFI
2025-01-30,17.28,GFI
2025-01-29,16.59,GFI
2025-01-28,16.39,GFI
2025-01-27,16.25,GFI
2025-01-24,16.76,GFI
2025-01-23,16.15,GFI
2025-01-22,16.14,GFI
2025-01-21,15.82,GFI
2025-01-17,15.29,GFI
2025-01-16,15.09,GFI
2025-01-15,15.28,GFI
2025-01-14,15.14,GFI
2025-01-13,14.73,GFI
2025-01-10,14.73,GFI
2025-01-08,14.38,GFI
2025-01-07,14.18,GFI
2025-01-06,13.84,GFI
2025-01-03,13.97,GFI
2025-01-02,14.06,GFI
2024-12-31,13.2,GFI
2024-12-30,13.16,GFI
2024-12-27,13.39,GFI
2024-12-26,13.48,GFI
2024-12-24,13.52,GFI
2024-12-23,13.39,GFI
2024-12-20,13.79,GFI
2024-12-19,13.58,GFI
2024-12-18,13.65,GFI
2024-12-17,13.9,GFI
2024-12-16,14.24,GFI
2024-12-13,14.39,GFI
2024-12-12,14.69,GFI
2024-12-11,14.89,GFI
2024-12-10,14.57,GFI
2024-12-09,14.39,GFI
2024-12-06,13.89,GFI
2024-12-05,14.13,GFI
2024-12-04,14.23,GFI
2024-12-03,14.5,GFI
2024-12-02,14.13,GFI
2024-11-29,14.49,GFI
2024-11-27,14.56,GFI
2024-11-26,14.71,GFI
2024-11-25,14.73,GFI
2024-11-22,15.24,GFI
2024-11-21,15.07,GFI
2024-11-20,14.94,GFI
2024-11-19,14.99,GFI
2024-11-18,14.54,GFI
2024-11-15,13.66,GFI
2024-11-14,13.72,GFI
2024-11-13,13.68,GFI
2024-11-12,14.02,GFI
2024-11-11,14.47,GFI
2024-11-08,15.8,GFI
2024-11-07,16.24,GFI
2024-11-06,15.84,GFI
2024-11-05,16.46,GFI
2024-11-04,16.17,GFI
2024-11-01,16.23,GFI
2024-10-31,16.48,GFI
2024-10-30,17.09,GFI
2024-10-29,17.14,GFI
2024-10-28,17.24,GFI
2024-10-25,17.51,GFI
2024-10-24,17.87,GFI
2024-10-23,17.95,GFI
2024-10-22,18.91,GFI
2024-10-21,18.33,GFI
2024-10-18,18.02,GFI
2024-10-17,17.24,GFI
2024-10-16,16.35,GFI
2024-10-15,15.69,GFI
2024-10-14,15.6,GFI
2024-10-11,15.4,GFI
2024-10-10,15.58,GFI
2024-10-09,15.09,GFI
2024-10-08,15.27,GFI
2024-10-07,15.35,GFI
2024-10-04,15.52,GFI
2024-10-03,15.67,GFI
2024-10-02,16.06,GFI
2024-10-01,16.35,GFI
2024-09-30,15.35,GFI
2024-09-27,16.24,GFI
2024-09-26,16.16,GFI
2024-09-25,15.69,GFI
2024-09-24,15.58,GFI
2024-09-23,15.51,GFI
2024-09-20,15.15,GFI
2024-09-19,14.7,GFI
2024-09-18,14.37,GFI
2024-09-17,14.45,GFI
2024-09-16,14.52,GFI
2024-09-13,14.21,GFI
2024-09-12,14.01,GFI
2024-09-11,13.55,GFI
2024-09-10,13.58,GFI
2024-09-09,13.46,GFI
2024-09-06,13.34,GFI
2024-09-05,13.59,GFI
2024-09-04,13.55,GFI
2024-09-03,13.75,GFI
2024-08-30,13.74,GFI
2024-08-29,14.07,GFI
2024-08-28,14.06,GFI
2024-08-27,14.34,GFI
2024-08-26,14.25,GFI
2024-08-23,14.52,GFI
2024-08-22,15.76,GFI
2024-08-21,16.66,GFI
2024-08-20,17.2,GFI
2024-08-19,17.15,GFI
2024-08-16,16.74,GFI
2024-08-15,16.14,GFI
2024-08-14,15.97,GFI
2024-08-13,15.19,GFI
2024-08-12,14.79,GFI
2024-08-09,15.5,GFI
2024-08-08,15.36,GFI
2024-08-07,16.02,GFI
2024-08-06,16.47,GFI
2024-08-05,16.2,GFI
2024-08-02,16.42,GFI
2024-08-01,16.96,GFI
2024-07-31,17.16,GFI
2024-07-30,16.47,GFI
2024-07-29,16.49,GFI
2024-07-26,16.32,GFI
2024-07-25,16.19,GFI
2024-07-24,16.4,GFI
2024-07-23,16.56,GFI
2024-07-22,16.52,GFI
2024-07-19,16.61,GFI
2024-07-18,16.62,GFI
2024-07-17,17.12,GFI
2024-07-16,16.96,GFI
2024-07-15,15.96,GFI
2024-07-12,16.02,GFI
2024-07-11,16.22,GFI
2024-07-10,15.92,GFI
2024-07-09,15.5,GFI
2024-07-08,15.53,GFI
2024-07-05,15.87,GFI
2024-07-03,15.29,GFI
2024-07-02,14.94,GFI
2024-07-01,14.86,GFI
2024-06-28,14.9,GFI
2024-06-27,15.29,GFI
2024-06-26,15.16,GFI
2024-06-25,14.93,GFI
2024-06-24,15.01,GFI
2024-06-21,14.68,GFI
2024-06-20,14.62,GFI
2024-06-18,14.02,GFI
2024-06-17,13.63,GFI
2024-06-14,13.54,GFI
2024-06-13,13.5,GFI
2024-06-12,15.84,GFI
2024-06-11,15.69,GFI
2024-06-10,15.81,GFI
2024-06-07,15.53,GFI
2024-06-06,16.24,GFI
2024-06-05,15.61,GFI
2024-06-04,15.2,GFI
2024-06-03,15.58,GFI
2024-05-31,15.75,GFI
2024-05-30,15.99,GFI
2024-05-29,15.84,GFI
2024-05-28,16.29,GFI
2024-05-24,16.05,GFI
2024-05-23,15.78,GFI
2024-05-22,16.13,GFI
2024-05-21,16.56,GFI
2024-05-20,16.8,GFI
2024-05-17,16.32,GFI
2024-05-16,15.79,GFI
2024-05-15,16.91,GFI
2024-05-14,16.8,GFI
2024-05-13,16.75,GFI
2024-05-10,16.94,GFI
2024-05-09,16.46,GFI
2024-05-08,16.05,GFI
2024-05-07,15.9,GFI
2024-05-06,16.56,GFI
2024-05-03,16.45,GFI
2024-05-02,16.38,GFI
2024-05-01,16.39,GFI
2024-04-30,16.17,GFI
2024-04-29,17.89,GFI
2024-04-26,17.53,GFI
2024-04-25,17.4,GFI
2024-04-24,16.96,GFI
2024-04-23,16.89,GFI
2024-04-22,16.66,GFI
2024-04-19,17.65,GFI
2024-04-18,17.77,GFI
2024-04-17,17.74,GFI
2024-04-16,17.44,GFI
2024-04-15,17.6,GFI
2024-04-12,18.16,GFI
2024-04-11,18.19,GFI
2024-04-10,17.28,GFI
2024-04-09,18.06,GFI
2024-04-08,17.4,GFI
2024-04-05,17.4,GFI
2024-04-04,16.68,GFI
2024-04-03,16.76,GFI
2024-04-02,16.16,GFI
2024-04-01,15.95,GFI
2024-03-28,15.89,GFI
2024-03-27,15.61,GFI
2024-03-26,15.42,GFI
2024-03-25,15.15,GFI
2024-03-22,15.12,GFI
2024-03-21,15.2,GFI
2024-03-20,15.14,GFI
2024-03-19,14.23,GFI
2024-03-18,14.41,GFI
2024-03-15,14.68,GFI
2024-03-14,14.79,GFI
2024-03-13,15.47,GFI
2024-03-12,14.97,GFI
2024-03-11,15.79,GFI
2024-03-08,15.27,GFI
2024-03-07,15.43,GFI
2024-03-06,15.08,GFI
2024-03-05,14.74,GFI
2024-03-04,14.4,GFI
2024-03-01,13.83,GFI
2024-02-29,13.04,GFI
2024-02-28,12.44,GFI
2024-02-27,12.41,GFI
2024-02-26,12.55,GFI
2024-02-23,12.92,GFI
2024-02-22,12.73,GFI
2024-02-21,13.52,GFI
2024-02-20,13.62,GFI
2024-02-16,13.57,GFI
2024-02-15,13.46,GFI
2024-02-14,13.08,GFI
2024-02-13,13.05,GFI
2024-02-12,13.7,GFI
2024-02-09,13.48,GFI
2024-02-08,13.75,GFI
2024-02-07,14.09,GFI
2024-02-06,14.25,GFI
2024-02-05,14.18,GFI
2024-02-02,14.53,GFI
2024-02-01,15.81,GFI
2024-01-31,14.8,GFI
2024-01-30,14.65,GFI
2024-01-29,14.4,GFI
2024-01-26,14.02,GFI
2024-01-25,13.63,GFI
2024-01-24,13.45,GFI
2024-01-23,13.31,GFI
2024-01-22,12.66,GFI
2024-01-19,12.65,GFI
2024-01-18,12.48,GFI
2024-01-17,12.5,GFI
2024-01-16,12.69,GFI
2024-01-12,13.25,GFI
2024-01-11,12.49,GFI
2024-01-10,12.37,GFI
2024-01-09,12.38,GFI
2024-01-08,12.6,GFI
2024-01-05,12.78,GFI
2024-01-04,13.11,GFI
2024-01-03,13.36,GFI
2024-01-02,14.06,GFI
2023-12-29,14.46,GFI
2023-12-28,14.41,GFI
2023-12-27,16.14,GFI
2023-12-26,15.86,GFI
2023-12-22,15.87,GFI
2023-12-21,16.0,GFI
2023-12-20,15.79,GFI
2023-12-19,16.29,GFI
2023-12-18,16.0,GFI
2023-12-15,16.05,GFI
2023-12-14,16.32,GFI
2023-12-13,14.76,GFI
2023-12-12,14.06,GFI
2023-12-11,14.09,GFI
2023-12-08,14.09,GFI
2023-12-07,14.41,GFI
2023-12-06,14.59,GFI
2023-12-05,14.61,GFI
2023-12-04,14.71,GFI
2023-12-01,15.47,GFI
2023-11-30,15.29,GFI
2023-11-29,15.27,GFI
2023-11-28,15.12,GFI
2023-11-27,13.85,GFI
2023-11-24,13.43,GFI
2023-11-22,13.66,GFI
2023-11-21,13.62,GFI
2023-11-20,13.08,GFI
2023-11-17,12.91,GFI
2023-11-16,12.95,GFI
2023-11-15,12.91,GFI
2023-11-14,13.12,GFI
2023-11-13,12.46,GFI
2023-11-10,12.77,GFI
2023-11-09,12.95,GFI
2023-11-08,13.21,GFI
2023-11-07,13.34,GFI
2023-11-06,13.74,GFI
2023-11-03,13.98,GFI
2023-11-02,12.79,GFI
2023-11-01,13.01,GFI
2023-10-31,13.02,GFI
2023-10-30,13.53,GFI
2023-10-27,13.61,GFI
2023-10-26,13.62,GFI
2023-10-25,13.45,GFI
2023-10-24,13.63,GFI
2023-10-23,13.98,GFI
2023-10-20,14.03,GFI
2023-10-19,14.07,GFI
2023-10-18,14.22,GFI
2023-10-17,14.34,GFI
2023-10-16,14.1,GFI
2023-10-13,14.01,GFI
2023-10-12,13.18,GFI
2023-10-11,13.11,GFI
2023-10-10,12.27,GFI
2023-10-09,11.69,GFI
2023-10-06,11.2,GFI
2023-10-05,11.01,GFI
2023-10-04,10.72,GFI
2023-10-03,10.75,GFI
2023-10-02,10.4,GFI
2023-09-29,10.86,GFI
2023-09-28,10.89,GFI
2023-09-27,11.07,GFI
2023-09-26,11.71,GFI
2023-09-25,11.79,GFI
2023-09-22,12.08,GFI
2023-09-21,11.97,GFI
2023-09-20,12.48,GFI
2023-09-19,12.22,GFI
2023-09-18,12.31,GFI
2023-09-15,12.3,GFI
2023-09-14,12.4,GFI
2023-09-13,12.43,GFI
2023-09-12,12.51,GFI
2023-09-11,12.47,GFI
2023-09-08,12.28,GFI
2023-09-07,12.1,GFI
2023-09-06,12.3,GFI
2023-09-05,12.24,GFI
2023-09-01,12.63,GFI
2023-08-31,12.63,GFI
2023-08-30,13.03,GFI
2023-08-29,12.88,GFI
2023-08-28,12.7,GFI
2023-08-25,12.37,GFI
2023-08-24,12.47,GFI
2023-08-23,12.31,GFI
2023-08-22,11.73,GFI
2023-08-21,11.58,GFI
2023-08-18,11.46,GFI
2023-08-17,11.42,GFI
2023-08-16,12.73,GFI
2023-08-15,12.89,GFI
2023-08-14,13.05,GFI
2023-08-11,13.09,GFI
2023-08-10,13.2,GFI
2023-08-09,13.16,GFI
2023-08-08,13.18,GFI
2023-08-07,13.35,GFI
2023-08-04,13.36,GFI
2023-08-03,13.22,GFI
2023-08-02,13.34,GFI
2023-08-01,13.61,GFI
2023-07-31,15.47,GFI
2023-07-28,15.34,GFI
2023-07-27,14.87,GFI
2023-07-26,15.47,GFI
2023-07-25,15.5,GFI
2023-07-24,15.26,GFI
2023-07-21,15.61,GFI
2023-07-20,15.59,GFI
2023-07-19,15.8,GFI
2023-07-18,15.88,GFI
2023-07-17,15.37,GFI
2023-07-14,15.36,GFI
2023-07-13,15.04,GFI
2023-07-12,14.9,GFI
2023-07-11,13.71,GFI
2023-07-10,13.37,GFI
2023-07-07,13.24,GFI
2023-07-06,13.1,GFI
2023-07-05,13.64,GFI
2023-07-03,13.92,GFI
2023-06-30,13.83,GFI
2023-06-29,13.71,GFI
2023-06-28,13.59,GFI
2023-06-27,13.7,GFI
2023-06-26,14.2,GFI
2023-06-23,14.28,GFI
2023-06-22,14.26,GFI
2023-06-21,14.42,GFI
2023-06-20,14.5,GFI
2023-06-16,14.98,GFI
2023-06-15,15.12,GFI
2023-06-14,15.12,GFI
2023-06-13,14.93,GFI
2023-06-12,15.29,GFI
2023-06-09,15.49,GFI
2023-06-08,15.65,GFI
2023-06-07,15.59,GFI
2023-06-06,15.64,GFI
2023-06-05,15.65,GFI
2023-06-02,15.72,GFI
2023-06-01,15.79,GFI
2023-05-31,15.12,GFI
2023-05-30,14.61,GFI
2023-05-26,14.64,GFI
2023-05-25,14.58,GFI
2023-05-24,14.74,GFI
2023-05-23,15.04,GFI
2023-05-22,15.2,GFI
2023-05-19,15.29,GFI
2023-05-18,15.14,GFI
2023-05-17,15.47,GFI
2023-05-16,15.69,GFI
2023-05-15,15.82,GFI
2023-05-12,15.62,GFI
2023-05-11,15.71,GFI
2023-05-10,16.3,GFI
2023-05-09,16.65,GFI
2023-05-08,16.81,GFI
2023-05-05,16.44,GFI
2023-05-04,17.4,GFI
2023-05-03,16.77,GFI
2023-05-02,16.45,GFI
2023-05-01,15.42,GFI
2023-04-28,15.56,GFI
2023-04-27,15.49,GFI
2023-04-26,15.33,GFI
2023-04-25,15.37,GFI
2023-04-24,15.41,GFI
2023-04-21,15.46,GFI
2023-04-20,15.48,GFI
2023-04-19,15.13,GFI
2023-04-18,15.33,GFI
2023-04-17,15.07,GFI
2023-04-14,15.37,GFI
2023-04-13,15.74,GFI
2023-04-12,14.88,GFI
2023-04-11,14.72,GFI
2023-04-10,14.47,GFI
2023-04-06,14.7,GFI
2023-04-05,14.6,GFI
2023-04-04,13.98,GFI
2023-04-03,13.46,GFI
2023-03-31,13.32,GFI
2023-03-30,13.5,GFI
2023-03-29,13.1,GFI
2023-03-28,13.38,GFI
2023-03-27,12.9,GFI
2023-03-24,12.8,GFI
2023-03-23,12.41,GFI
2023-03-22,11.85,GFI
2023-03-21,11.54,GFI
2023-03-20,11.82,GFI
2023-03-17,11.55,GFI
2023-03-16,10.85,GFI
2023-03-15,10.95,GFI
2023-03-14,10.75,GFI
2023-03-13,10.54,GFI
2023-03-10,9.46,GFI
2023-03-09,9.14,GFI
2023-03-08,9.13,GFI
2023-03-07,9.05,GFI
2023-03-06,9.33,GFI
2023-03-03,9.66,GFI
2023-03-02,9.33,GFI
2023-03-01,9.24,GFI
2023-02-28,9.09,GFI
2023-02-27,9.12,GFI
2023-02-24,9.07,GFI
2023-02-23,9.44,GFI
2023-02-22,9.65,GFI
2023-02-21,10.04,GFI
2023-02-17,10.1,GFI
2023-02-16,10.2,GFI
2023-02-15,10.12,GFI
2023-02-14,10.53,GFI
2023-02-13,10.46,GFI
2023-02-10,10.5,GFI
2023-02-09,10.69,GFI
2023-02-08,10.82,GFI
2023-02-07,11.09,GFI
2023-02-06,10.91,GFI
2023-02-03,10.81,GFI
2023-02-02,11.31,GFI
2023-02-01,11.68,GFI
2023-01-31,11.44,GFI
2023-01-30,11.62,GFI
2023-01-27,11.8,GFI
2023-01-26,12.27,GFI
2023-01-25,12.39,GFI
2023-01-24,12.18,GFI
2023-01-23,12.22,GFI
2023-01-20,12.31,GFI
2023-01-19,12.23,GFI
2023-01-18,12.06,GFI
2023-01-17,12.15,GFI
2023-01-13,12.69,GFI
2023-01-12,12.32,GFI
2023-01-11,12.27,GFI
2023-01-10,12.02,GFI
2023-01-09,11.87,GFI
2023-01-06,11.95,GFI
2023-01-05,11.5,GFI
2023-01-04,11.57,GFI
2023-01-03,10.82,GFI
2022-12-30,10.35,GFI
2022-12-29,10.48,GFI
2022-12-28,10.49,GFI
2022-12-27,10.66,GFI
2022-12-23,10.48,GFI
2022-12-22,10.6,GFI
2022-12-21,10.67,GFI
2022-12-20,10.41,GFI
2022-12-19,10.17,GFI
2022-12-16,10.19,GFI
2022-12-15,10.3,GFI
2022-12-14,10.76,GFI
2022-12-13,10.79,GFI
2022-12-12,10.79,GFI
2022-12-09,10.84,GFI
2022-12-08,10.99,GFI
2022-12-07,11.16,GFI
2022-12-06,11.08,GFI
2022-12-05,10.93,GFI
2022-12-02,11.18,GFI
2022-12-01,11.32,GFI
2022-11-30,11.15,GFI
2022-11-29,10.92,GFI
2022-11-28,10.64,GFI
2022-11-25,10.91,GFI
2022-11-23,11.06,GFI
2022-11-22,10.8,GFI
2022-11-21,10.64,GFI
2022-11-18,10.58,GFI
2022-11-17,10.74,GFI
2022-11-16,10.83,GFI
2022-11-15,10.89,GFI
2022-11-14,11.23,GFI
2022-11-11,11.38,GFI
2022-11-10,11.99,GFI
2022-11-09,10.92,GFI
2022-11-08,9.85,GFI
2022-11-07,8.7,GFI
2022-11-04,8.51,GFI
2022-11-03,7.3,GFI
2022-11-02,7.5,GFI
2022-11-01,8.05,GFI
2022-10-31,7.88,GFI
2022-10-28,8.17,GFI
2022-10-27,8.28,GFI
2022-10-26,8.25,GFI
2022-10-25,8.0,GFI
2022-10-24,7.83,GFI
2022-10-21,8.04,GFI
2022-10-20,7.66,GFI
2022-10-19,7.51,GFI
2022-10-18,7.86,GFI
2022-10-17,7.84,GFI
2022-10-14,7.61,GFI
2022-10-13,8.07,GFI
2022-10-12,8.21,GFI
2022-10-11,8.31,GFI
2022-10-10,8.31,GFI
2022-10-07,8.57,GFI
2022-10-06,8.73,GFI
2022-10-05,8.72,GFI
2022-10-04,8.68,GFI
2022-10-03,8.37,GFI
2022-09-30,8.09,GFI
2022-09-29,8.1,GFI
2022-09-28,7.95,GFI
2022-09-27,7.29,GFI
2022-09-26,7.15,GFI
2022-09-23,7.15,GFI
2022-09-22,7.67,GFI
2022-09-21,7.52,GFI
2022-09-20,7.43,GFI
2022-09-19,7.78,GFI
2022-09-16,7.51,GFI
2022-09-15,7.52,GFI
2022-09-14,7.89,GFI
2022-09-13,8.0,GFI
2022-09-12,8.44,GFI
2022-09-09,8.44,GFI
2022-09-08,8.15,GFI
2022-09-07,8.13,GFI
2022-09-06,7.9,GFI
2022-09-02,8.17,GFI
2022-09-01,7.78,GFI
2022-08-31,8.09,GFI
2022-08-30,8.23,GFI
2022-08-29,8.46,GFI
2022-08-26,8.6,GFI
2022-08-25,9.0,GFI
2022-08-24,8.83,GFI
2022-08-23,8.75,GFI
2022-08-22,8.66,GFI
2022-08-19,8.66,GFI
2022-08-18,8.89,GFI
2022-08-17,8.93,GFI
2022-08-16,9.29,GFI
2022-08-15,9.25,GFI
2022-08-12,9.41,GFI
2022-08-11,9.34,GFI
2022-08-10,9.55,GFI
2022-08-09,9.41,GFI
2022-08-08,9.54,GFI
2022-08-05,9.29,GFI
2022-08-04,9.24,GFI
2022-08-03,8.89,GFI
2022-08-02,9.16,GFI
2022-08-01,9.28,GFI
2022-07-29,9.2,GFI
2022-07-28,9.21,GFI
2022-07-27,9.05,GFI
2022-07-26,8.98,GFI
2022-07-25,8.62,GFI
2022-07-22,8.9,GFI
2022-07-21,8.78,GFI
2022-07-20,8.7,GFI
2022-07-19,8.96,GFI
2022-07-18,8.89,GFI
2022-07-15,8.79,GFI
2022-07-14,8.79,GFI
2022-07-13,9.46,GFI
2022-07-12,9.06,GFI
2022-07-11,9.16,GFI
2022-07-08,9.19,GFI
2022-07-07,9.1,GFI
2022-07-06,9.01,GFI
2022-07-05,8.93,GFI
2022-07-01,9.37,GFI
2022-06-30,9.12,GFI
2022-06-29,9.38,GFI
2022-06-28,9.45,GFI
2022-06-27,9.74,GFI
2022-06-24,9.54,GFI
2022-06-23,9.11,GFI
2022-06-22,9.5,GFI
2022-06-21,9.69,GFI
2022-06-17,9.93,GFI
2022-06-16,9.79,GFI
2022-06-15,9.43,GFI
2022-06-14,9.23,GFI
2022-06-13,9.35,GFI
2022-06-10,10.19,GFI
2022-06-09,9.32,GFI
2022-06-08,9.61,GFI
2022-06-07,9.55,GFI
2022-06-06,9.48,GFI
2022-06-03,9.7,GFI
2022-06-02,10.12,GFI
2022-06-01,9.62,GFI
2022-05-31,9.34,GFI
2022-05-27,12.2,GFI
2022-05-26,11.72,GFI
2022-05-25,11.61,GFI
2022-05-24,11.76,GFI
2022-05-23,11.68,GFI
2022-05-20,11.44,GFI
2022-05-19,11.46,GFI
2022-05-18,11.2,GFI
2022-05-17,11.39,GFI
2022-05-16,11.46,GFI
2022-05-13,11.58,GFI
2022-05-12,11.05,GFI
2022-05-11,11.45,GFI
2022-05-10,11.39,GFI
2022-05-09,11.71,GFI
2022-05-06,12.43,GFI
2022-05-05,12.76,GFI
2022-05-04,13.67,GFI
2022-05-03,13.54,GFI
2022-05-02,13.32,GFI
2022-04-29,13.43,GFI
2022-04-28,13.66,GFI
2022-04-27,13.31,GFI
2022-04-26,13.23,GFI
2022-04-25,13.23,GFI
2022-04-22,13.75,GFI
2022-04-21,14.0,GFI
2022-04-20,14.96,GFI
2022-04-19,14.35,GFI
2022-04-18,16.23,GFI
2022-04-14,15.36,GFI
2022-04-13,15.34,GFI
2022-04-12,15.11,GFI
2022-04-11,15.2,GFI
2022-04-08,15.38,GFI
2022-04-07,14.8,GFI
2022-04-06,14.59,GFI
2022-04-05,14.69,GFI
2022-04-04,14.96,GFI
2022-04-01,16.12,GFI
2022-03-31,15.46,GFI
2022-03-30,15.54,GFI
2022-03-29,15.31,GFI
2022-03-28,15.47,GFI
2022-03-25,15.65,GFI
2022-03-24,15.92,GFI
2022-03-23,16.4,GFI
2022-03-22,15.64,GFI
2022-03-21,15.96,GFI
2022-03-18,15.59,GFI
2022-03-17,15.74,GFI
2022-03-16,15.73,GFI
2022-03-15,15.95,GFI
2022-03-14,15.64,GFI
2022-03-11,16.67,GFI
2022-03-10,16.71,GFI
2022-03-09,16.35,GFI
2022-03-08,16.1,GFI
2022-03-07,16.04,GFI
2022-03-04,15.52,GFI
2022-03-03,14.42,GFI
2022-03-02,14.14,GFI
2022-03-01,14.49,GFI
2022-02-28,14.02,GFI
2022-02-25,13.21,GFI
2022-02-24,13.27,GFI
2022-02-23,13.27,GFI
2022-02-22,12.7,GFI
2022-02-18,13.08,GFI
2022-02-17,12.79,GFI
2022-02-16,12.08,GFI
2022-02-15,11.79,GFI
2022-02-14,12.28,GFI
2022-02-11,11.4,GFI
2022-02-10,10.84,GFI
2022-02-09,11.21,GFI
2022-02-08,11.17,GFI
2022-02-07,10.76,GFI
2022-02-04,10.44,GFI
2022-02-03,10.32,GFI
2022-02-02,10.55,GFI
2022-02-01,10.62,GFI
2022-01-31,10.6,GFI
2022-01-28,10.0,GFI
2022-01-27,10.07,GFI
2022-01-26,10.75,GFI
2022-01-25,11.33,GFI
2022-01-24,10.94,GFI
2022-01-21,10.93,GFI
2022-01-20,10.92,GFI
2022-01-19,11.1,GFI
2022-01-18,9.84,GFI
2022-01-14,10.51,GFI
2022-01-13,10.68,GFI
2022-01-12,10.92,GFI
2022-01-11,10.6,GFI
2022-01-10,10.29,GFI
2022-01-07,10.18,GFI
2022-01-06,9.99,GFI
2022-01-05,10.29,GFI
2022-01-04,10.49,GFI
2022-01-03,10.61,GFI
2021-12-31,10.99,GFI
2021-12-30,10.96,GFI
2021-12-29,10.74,GFI
2021-12-28,10.54,GFI
2021-12-27,10.69,GFI
2021-12-23,10.58,GFI
2021-12-22,10.59,GFI
2021-12-21,10.59,GFI
2021-12-20,10.34,GFI
2021-12-17,10.41,GFI
2021-12-16,10.4,GFI
2021-12-15,9.93,GFI
2021-12-14,10.01,GFI
2021-12-13,9.84,GFI
2021-12-10,9.79,GFI
2021-12-09,10.21,GFI
2021-12-08,10.39,GFI
2021-12-07,10.38,GFI
2021-12-06,10.86,GFI
2021-12-03,11.0,GFI
2021-12-02,10.93,GFI
2021-12-01,11.0,GFI
2021-11-30,11.34,GFI
2021-11-29,10.92,GFI
2021-11-26,10.69,GFI
2021-11-24,10.62,GFI
2021-11-23,10.88,GFI
2021-11-22,10.88,GFI
2021-11-19,10.84,GFI
2021-11-18,10.83,GFI
2021-11-17,10.98,GFI
2021-11-16,10.82,GFI
2021-11-15,10.76,GFI
2021-11-12,10.52,GFI
2021-11-11,10.51,GFI
2021-11-10,9.91,GFI
2021-11-09,9.54,GFI
2021-11-08,9.44,GFI
2021-11-05,9.33,GFI
2021-11-04,9.22,GFI
2021-11-03,9.35,GFI
2021-11-02,9.28,GFI
2021-11-01,9.27,GFI
2021-10-29,9.28,GFI
2021-10-28,9.59,GFI
2021-10-27,9.69,GFI
2021-10-26,9.78,GFI
2021-10-25,9.74,GFI
2021-10-22,9.66,GFI
2021-10-21,9.38,GFI
2021-10-20,9.45,GFI
2021-10-19,9.39,GFI
2021-10-18,9.23,GFI
2021-10-15,9.37,GFI
2021-10-14,9.51,GFI
2021-10-13,9.39,GFI
2021-10-12,9.06,GFI
2021-10-11,8.77,GFI
2021-10-08,8.74,GFI
2021-10-07,8.59,GFI
2021-10-06,8.4,GFI
2021-10-05,8.14,GFI
2021-10-04,8.18,GFI
2021-10-01,8.18,GFI
2021-09-30,8.12,GFI
2021-09-29,7.75,GFI
2021-09-28,7.9,GFI
2021-09-27,8.13,GFI
2021-09-24,8.11,GFI
2021-09-23,8.1,GFI
2021-09-22,8.35,GFI
2021-09-21,8.17,GFI
2021-09-20,8.33,GFI
2021-09-17,8.13,GFI
2021-09-16,8.16,GFI
2021-09-15,8.71,GFI
2021-09-14,8.75,GFI
2021-09-13,8.64,GFI
2021-09-10,8.24,GFI
2021-09-09,8.69,GFI
2021-09-08,8.81,GFI
2021-09-07,8.92,GFI
2021-09-03,9.17,GFI
2021-09-02,9.01,GFI
2021-09-01,9.27,GFI
2021-08-31,9.48,GFI
2021-08-30,9.11,GFI
2021-08-27,9.5,GFI
2021-08-26,9.04,GFI
2021-08-25,9.05,GFI
2021-08-24,9.28,GFI
2021-08-23,9.17,GFI
2021-08-20,8.97,GFI
2021-08-19,8.78,GFI
2021-08-18,8.62,GFI
2021-08-17,8.88,GFI
2021-08-16,8.71,GFI
2021-08-13,8.79,GFI
2021-08-12,8.62,GFI
2021-08-11,8.84,GFI
2021-08-10,8.51,GFI
2021-08-09,8.62,GFI
2021-08-06,8.82,GFI
2021-08-05,9.67,GFI
2021-08-04,10.04,GFI
2021-08-03,9.95,GFI
2021-08-02,9.79,GFI
2021-07-30,9.82,GFI
2021-07-29,9.91,GFI
2021-07-28,9.51,GFI
2021-07-27,9.44,GFI
2021-07-26,9.18,GFI
2021-07-23,9.07,GFI
2021-07-22,9.23,GFI
2021-07-21,9.26,GFI
2021-07-20,9.29,GFI
2021-07-19,9.24,GFI
2021-07-16,9.31,GFI
2021-07-15,9.62,GFI
2021-07-14,9.47,GFI
2021-07-13,9.2,GFI
2021-07-12,9.03,GFI
2021-07-09,9.13,GFI
2021-07-08,8.88,GFI
2021-07-07,9.16,GFI
2021-07-06,9.14,GFI
2021-07-02,9.18,GFI
2021-07-01,9.03,GFI
2021-06-30,8.9,GFI
2021-06-29,8.86,GFI
2021-06-28,8.9,GFI
2021-06-25,9.06,GFI
2021-06-24,9.09,GFI
2021-06-23,9.07,GFI
2021-06-22,9.06,GFI
2021-06-21,9.21,GFI
2021-06-18,9.17,GFI
2021-06-17,9.36,GFI
2021-06-16,9.7,GFI
2021-06-15,10.12,GFI
2021-06-14,10.32,GFI
2021-06-11,10.78,GFI
2021-06-10,11.12,GFI
2021-06-09,10.9,GFI
2021-06-08,10.94,GFI
2021-06-07,11.24,GFI
2021-06-04,11.49,GFI
2021-06-03,11.46,GFI
2021-06-02,12.01,GFI
2021-06-01,12.03,GFI
2021-05-28,12.11,GFI
2021-05-27,12.08,GFI
2021-05-26,12.21,GFI
2021-05-25,12.12,GFI
2021-05-24,11.94,GFI
2021-05-21,12.03,GFI
2021-05-20,12.15,GFI
2021-05-19,11.86,GFI
2021-05-18,11.93,GFI
2021-05-17,11.73,GFI
2021-05-14,11.22,GFI
2021-05-13,10.61,GFI
2021-05-12,10.57,GFI
2021-05-11,10.6,GFI
2021-05-10,10.36,GFI
2021-05-07,10.48,GFI
2021-05-06,9.96,GFI
2021-05-05,9.71,GFI
2021-05-04,9.6,GFI
2021-05-03,9.8,GFI
2021-04-30,9.38,GFI
2021-04-29,9.42,GFI
2021-04-28,9.6,GFI
2021-04-27,9.59,GFI
2021-04-26,10.02,GFI
2021-04-23,9.92,GFI
2021-04-22,9.97,GFI
2021-04-21,10.25,GFI
2021-04-20,9.95,GFI
2021-04-19,9.87,GFI
2021-04-16,10.07,GFI
2021-04-15,9.89,GFI
2021-04-14,9.36,GFI
2021-04-13,9.48,GFI
2021-04-12,9.47,GFI
2021-04-09,9.88,GFI
2021-04-08,10.04,GFI
2021-04-07,10.1,GFI
2021-04-06,10.23,GFI
2021-04-05,10.24,GFI
2021-04-01,10.14,GFI
2021-03-31,9.49,GFI
2021-03-30,9.3,GFI
2021-03-29,9.75,GFI
2021-03-26,9.36,GFI
2021-03-25,9.15,GFI
2021-03-24,9.02,GFI
2021-03-23,9.21,GFI
2021-03-22,9.76,GFI
2021-03-19,10.04,GFI
2021-03-18,9.75,GFI
2021-03-17,9.7,GFI
2021-03-16,9.59,GFI
2021-03-15,9.53,GFI
2021-03-12,9.32,GFI
2021-03-11,9.47,GFI
2021-03-10,9.32,GFI
2021-03-09,9.63,GFI
2021-03-08,9.5,GFI
2021-03-05,9.37,GFI
2021-03-04,8.94,GFI
2021-03-03,8.55,GFI
2021-03-02,8.64,GFI
2021-03-01,8.16,GFI
2021-02-26,8.19,GFI
2021-02-25,8.5,GFI
2021-02-24,8.83,GFI
2021-02-23,8.69,GFI
2021-02-22,9.04,GFI
2021-02-19,8.44,GFI
2021-02-18,8.67,GFI
2021-02-17,8.69,GFI
2021-02-16,9.05,GFI
2021-02-12,9.48,GFI
2021-02-11,9.39,GFI
2021-02-10,9.7,GFI
2021-02-09,9.39,GFI
2021-02-08,9.44,GFI
2021-02-05,9.29,GFI
2021-02-04,9.0,GFI
2021-02-03,9.18,GFI
2021-02-02,9.18,GFI
2021-02-01,9.67,GFI
2021-01-29,9.33,GFI
2021-01-28,9.87,GFI
2021-01-27,9.45,GFI
2021-01-26,9.77,GFI
2021-01-25,9.66,GFI
2021-01-22,9.57,GFI
2021-01-21,9.65,GFI
2021-01-20,9.36,GFI
2021-01-19,9.02,GFI
2021-01-15,8.89,GFI
2021-01-14,9.16,GFI
2021-01-13,9.19,GFI
2021-01-12,9.39,GFI
2021-01-11,9.12,GFI
2021-01-08,9.39,GFI
2021-01-07,9.78,GFI
2021-01-06,9.96,GFI
2021-01-05,10.21,GFI
2021-01-04,10.52,GFI
2020-12-31,9.27,GFI
2020-12-30,9.63,GFI
2020-12-29,9.36,GFI
2020-12-28,9.35,GFI
2020-12-24,9.48,GFI
2020-12-23,9.42,GFI
2020-12-22,9.26,GFI
2020-12-21,9.57,GFI
2020-12-18,9.69,GFI
2020-12-17,9.77,GFI
2020-12-16,9.18,GFI
2020-12-15,9.19,GFI
2020-12-14,8.66,GFI
2020-12-11,8.8,GFI
2020-12-10,8.93,GFI
2020-12-09,8.77,GFI
2020-12-08,9.2,GFI
2020-12-07,9.12,GFI
2020-12-04,8.7,GFI
2020-12-03,9.03,GFI
2020-12-02,9.23,GFI
2020-12-01,9.52,GFI
2020-11-30,8.71,GFI
2020-11-27,8.72,GFI
2020-11-25,8.68,GFI
2020-11-24,8.54,GFI
2020-11-23,9.17,GFI
2020-11-20,9.65,GFI
2020-11-19,9.52,GFI
2020-11-18,9.73,GFI
2020-11-17,10.06,GFI
2020-11-16,10.16,GFI
2020-11-13,10.63,GFI
2020-11-12,10.44,GFI
2020-11-11,10.62,GFI
2020-11-10,10.99,GFI
2020-11-09,11.17,GFI
2020-11-06,12.88,GFI
2020-11-05,12.68,GFI
2020-11-04,11.33,GFI
2020-11-03,11.82,GFI
2020-11-02,11.78,GFI
2020-10-30,10.93,GFI
2020-10-29,10.8,GFI
2020-10-28,10.75,GFI
2020-10-27,11.65,GFI
2020-10-26,11.52,GFI
2020-10-23,11.58,GFI
2020-10-22,11.71,GFI
2020-10-21,12.34,GFI
2020-10-20,12.32,GFI
2020-10-19,12.12,GFI
2020-10-16,12.41,GFI
2020-10-15,12.74,GFI
2020-10-14,13.01,GFI
2020-10-13,12.68,GFI
2020-10-12,12.91,GFI
2020-10-09,13.17,GFI
2020-10-08,12.28,GFI
2020-10-07,11.86,GFI
2020-10-06,11.87,GFI
2020-10-05,12.31,GFI
2020-10-02,12.12,GFI
2020-10-01,12.4,GFI
2020-09-30,12.29,GFI
2020-09-29,12.49,GFI
2020-09-28,11.89,GFI
2020-09-25,11.66,GFI
2020-09-24,11.71,GFI
2020-09-23,11.37,GFI
2020-09-22,12.29,GFI
2020-09-21,12.26,GFI
2020-09-18,13.09,GFI
2020-09-17,13.72,GFI
2020-09-16,14.46,GFI
2020-09-15,14.48,GFI
2020-09-14,14.54,GFI
2020-09-11,12.87,GFI
2020-09-10,13.09,GFI
2020-09-09,13.4,GFI
2020-09-08,12.55,GFI
2020-09-04,12.57,GFI
2020-09-03,12.42,GFI
2020-09-02,12.39,GFI
2020-09-01,12.6,GFI
2020-08-31,13.03,GFI
2020-08-28,13.39,GFI
2020-08-27,12.53,GFI
2020-08-26,12.84,GFI
2020-08-25,12.35,GFI
2020-08-24,12.51,GFI
2020-08-21,12.29,GFI
2020-08-20,12.42,GFI
2020-08-19,12.2,GFI
2020-08-18,12.92,GFI
2020-08-17,12.96,GFI
2020-08-14,12.25,GFI
2020-08-13,12.28,GFI
2020-08-12,11.73,GFI
2020-08-11,11.79,GFI
2020-08-10,12.96,GFI
2020-08-07,13.08,GFI
2020-08-06,13.92,GFI
2020-08-05,13.86,GFI
2020-08-04,13.59,GFI
2020-08-03,12.91,GFI
2020-07-31,13.09,GFI
2020-07-30,12.83,GFI
2020-07-29,13.61,GFI
2020-07-28,13.47,GFI
2020-07-27,13.47,GFI
2020-07-24,12.48,GFI
2020-07-23,11.83,GFI
2020-07-22,12.23,GFI
2020-07-21,11.67,GFI
2020-07-20,11.81,GFI
2020-07-17,11.67,GFI
2020-07-16,11.08,GFI
2020-07-15,11.09,GFI
2020-07-14,10.86,GFI
2020-07-13,10.2,GFI
2020-07-10,10.47,GFI
2020-07-09,10.52,GFI
2020-07-08,10.2,GFI
2020-07-07,9.88,GFI
2020-07-06,9.57,GFI
2020-07-02,9.27,GFI
2020-07-01,9.42,GFI
2020-06-30,9.4,GFI
2020-06-29,9.18,GFI
2020-06-26,8.92,GFI
2020-06-25,8.97,GFI
2020-06-24,8.76,GFI
2020-06-23,9.06,GFI
2020-06-22,8.69,GFI
2020-06-19,8.13,GFI
2020-06-18,7.54,GFI
2020-06-17,7.67,GFI
2020-06-16,7.44,GFI
2020-06-15,7.76,GFI
2020-06-12,7.48,GFI
2020-06-11,7.82,GFI
2020-06-10,8.01,GFI
2020-06-09,7.71,GFI
2020-06-08,7.26,GFI
2020-06-05,7.32,GFI
2020-06-04,7.5,GFI
2020-06-03,7.52,GFI
2020-06-02,7.77,GFI
2020-06-01,7.91,GFI
2020-05-29,7.72,GFI
2020-05-28,7.48,GFI
2020-05-27,7.48,GFI
2020-05-26,7.55,GFI
2020-05-22,7.91,GFI
2020-05-21,8.17,GFI
2020-05-20,8.28,GFI
2020-05-19,8.56,GFI
2020-05-18,7.93,GFI
2020-05-15,8.47,GFI
2020-05-14,8.28,GFI
2020-05-13,8.08,GFI
2020-05-12,7.97,GFI
2020-05-11,7.87,GFI
2020-05-08,8.11,GFI
2020-05-07,8.1,GFI
2020-05-06,7.82,GFI
2020-05-05,8.05,GFI
2020-05-04,8.13,GFI
2020-05-01,7.75,GFI
2020-04-30,7.34,GFI
2020-04-29,8.02,GFI
2020-04-28,7.85,GFI
2020-04-27,8.01,GFI
2020-04-24,8.16,GFI
2020-04-23,7.98,GFI
2020-04-22,7.28,GFI
2020-04-21,6.54,GFI
2020-04-20,6.69,GFI
2020-04-17,6.35,GFI
2020-04-16,6.69,GFI
2020-04-15,6.75,GFI
2020-04-14,6.98,GFI
2020-04-13,6.51,GFI
2020-04-09,6.19,GFI
2020-04-08,5.7,GFI
2020-04-07,5.67,GFI
2020-04-06,5.82,GFI
2020-04-03,5.21,GFI
2020-04-02,5.12,GFI
2020-04-01,4.9,GFI
2020-03-31,4.75,GFI
2020-03-30,4.93,GFI
2020-03-27,5.02,GFI
2020-03-26,5.64,GFI
2020-03-25,6.27,GFI
2020-03-24,5.39,GFI
2020-03-23,4.61,GFI
2020-03-20,4.0,GFI
2020-03-19,4.52,GFI
2020-03-18,4.3,GFI
2020-03-17,5.64,GFI
2020-03-16,5.16,GFI
2020-03-13,4.07,GFI
2020-03-12,4.77,GFI
2020-03-11,6.02,GFI
2020-03-10,6.48,GFI
2020-03-09,6.43,GFI
2020-03-06,6.77,GFI
2020-03-05,7.05,GFI
2020-03-04,6.69,GFI
2020-03-03,6.48,GFI
2020-03-02,6.2,GFI
2020-02-28,5.93,GFI
2020-02-27,6.39,GFI
2020-02-26,7.09,GFI
2020-02-25,7.08,GFI
2020-02-24,7.6,GFI
2020-02-21,7.46,GFI
2020-02-20,6.97,GFI
2020-02-19,7.18,GFI
2020-02-18,6.79,GFI
2020-02-14,6.1,GFI
2020-02-13,6.24,GFI
2020-02-12,6.08,GFI
2020-02-11,6.27,GFI
2020-02-10,6.57,GFI
2020-02-07,6.51,GFI
2020-02-06,6.53,GFI
2020-02-05,6.2,GFI
2020-02-04,6.17,GFI
2020-02-03,6.41,GFI
2020-01-31,6.4,GFI
2020-01-30,6.45,GFI
2020-01-29,6.22,GFI
2020-01-28,6.01,GFI
2020-01-27,6.35,GFI
2020-01-24,6.43,GFI
2020-01-23,6.24,GFI
2020-01-22,6.35,GFI
2020-01-21,6.36,GFI
2020-01-17,6.13,GFI
2020-01-16,6.08,GFI
2020-01-15,6.18,GFI
2020-01-14,6.07,GFI
2020-01-13,5.94,GFI
2020-01-10,6.17,GFI
2020-01-09,6.1,GFI
2020-01-08,6.21,GFI
2020-01-07,6.54,GFI
2020-01-06,6.56,GFI
2020-01-03,6.54,GFI
2020-01-02,6.59,GFI
2019-12-31,6.6,GFI
2019-12-30,6.63,GFI
2019-12-27,6.56,GFI
2019-12-26,6.65,GFI
2019-12-24,6.6,GFI
2019-12-23,6.2,GFI
2019-12-20,5.96,GFI
2019-12-19,6.05,GFI
2019-12-18,6.02,GFI
2019-12-17,5.85,GFI
2019-12-16,5.89,GFI
2019-12-13,6.07,GFI
2019-12-12,5.95,GFI
2019-12-11,6.08,GFI
2019-12-10,5.83,GFI
2019-12-09,5.71,GFI
2019-12-06,5.79,GFI
2019-12-05,6.08,GFI
2019-12-04,6.02,GFI
2019-12-03,5.68,GFI
2019-12-02,5.28,GFI
2019-11-29,5.35,GFI
2019-11-27,5.16,GFI
2019-11-26,5.19,GFI
2019-11-25,5.02,GFI
2019-11-22,5.25,GFI
2019-11-21,5.27,GFI
2019-11-20,5.47,GFI
2019-11-19,5.41,GFI
2019-11-18,5.46,GFI
2019-11-15,5.35,GFI
2019-11-14,5.46,GFI
2019-11-13,5.35,GFI
2019-11-12,5.15,GFI
2019-11-11,5.15,GFI
2019-11-08,5.07,GFI
2019-11-07,5.13,GFI
2019-11-06,5.6,GFI
2019-11-05,5.56,GFI
2019-11-04,5.88,GFI
2019-11-01,6.05,GFI
2019-10-31,6.18,GFI
2019-10-30,5.9,GFI
2019-10-29,5.62,GFI
2019-10-28,5.75,GFI
2019-10-25,5.87,GFI
2019-10-24,5.84,GFI
2019-10-23,5.63,GFI
2019-10-22,5.42,GFI
2019-10-21,5.49,GFI
2019-10-18,5.58,GFI
2019-10-17,5.59,GFI
2019-10-16,5.51,GFI
2019-10-15,5.38,GFI
2019-10-14,5.64,GFI
2019-10-11,5.49,GFI
2019-10-10,5.72,GFI
2019-10-09,5.62,GFI
2019-10-08,5.56,GFI
2019-10-07,5.42,GFI
2019-10-04,5.32,GFI
2019-10-03,5.13,GFI
2019-10-02,5.18,GFI
2019-10-01,5.03,GFI
2019-09-30,4.92,GFI
2019-09-27,5.09,GFI
2019-09-26,5.25,GFI
2019-09-25,5.43,GFI
2019-09-24,5.46,GFI
2019-09-23,5.32,GFI
2019-09-20,5.17,GFI
2019-09-19,4.94,GFI
2019-09-18,4.66,GFI
2019-09-17,4.65,GFI
2019-09-16,4.62,GFI
2019-09-13,4.53,GFI
2019-09-12,4.75,GFI
2019-09-11,4.92,GFI
2019-09-10,4.96,GFI
2019-09-09,5.09,GFI
2019-09-06,5.21,GFI
2019-09-05,5.48,GFI
2019-09-04,5.72,GFI
2019-09-03,5.8,GFI
2019-08-30,5.94,GFI
2019-08-29,5.86,GFI
2019-08-28,6.0,GFI
2019-08-27,6.14,GFI
2019-08-26,6.12,GFI
2019-08-23,6.1,GFI
2019-08-22,5.79,GFI
2019-08-21,5.81,GFI
2019-08-20,5.82,GFI
2019-08-19,5.39,GFI
2019-08-16,5.39,GFI
2019-08-15,5.44,GFI
2019-08-14,5.75,GFI
2019-08-13,5.73,GFI
2019-08-12,5.9,GFI
2019-08-09,6.11,GFI
2019-08-08,6.11,GFI
2019-08-07,6.08,GFI
2019-08-06,6.0,GFI
2019-08-05,5.83,GFI
2019-08-02,5.45,GFI
2019-08-01,5.35,GFI
2019-07-31,5.05,GFI
2019-07-30,5.62,GFI
2019-07-29,5.51,GFI
2019-07-26,5.41,GFI
2019-07-25,5.45,GFI
2019-07-24,5.56,GFI
2019-07-23,5.46,GFI
2019-07-22,5.51,GFI
2019-07-19,5.66,GFI
2019-07-18,5.79,GFI
2019-07-17,5.36,GFI
2019-07-16,5.22,GFI
2019-07-15,5.22,GFI
2019-07-12,5.17,GFI
2019-07-11,5.2,GFI
2019-07-10,5.56,GFI
2019-07-09,5.36,GFI
2019-07-08,5.43,GFI
2019-07-05,5.18,GFI
2019-07-03,5.18,GFI
2019-07-02,5.26,GFI
2019-07-01,5.07,GFI
2019-06-28,5.41,GFI
2019-06-27,5.42,GFI
2019-06-26,5.46,GFI
2019-06-25,5.55,GFI
2019-06-24,5.62,GFI
2019-06-21,5.35,GFI
2019-06-20,5.4,GFI
2019-06-19,5.19,GFI
2019-06-18,5.11,GFI
2019-06-17,5.09,GFI
2019-06-14,5.27,GFI
2019-06-13,5.23,GFI
2019-06-12,5.18,GFI
2019-06-11,5.07,GFI
2019-06-10,4.95,GFI
2019-06-07,5.05,GFI
2019-06-06,5.07,GFI
2019-06-05,5.08,GFI
2019-06-04,5.08,GFI
2019-06-03,4.96,GFI
2019-05-31,4.46,GFI
2019-05-30,4.2,GFI
2019-05-29,4.05,GFI
2019-05-28,3.87,GFI
2019-05-24,3.88,GFI
2019-05-23,3.88,GFI
2019-05-22,3.8,GFI
2019-05-21,3.77,GFI
2019-05-20,3.59,GFI
2019-05-17,3.65,GFI
2019-05-16,3.71,GFI
2019-05-15,3.8,GFI
2019-05-14,3.79,GFI
2019-05-13,3.83,GFI
2019-05-10,3.72,GFI
2019-05-09,3.76,GFI
2019-05-08,3.88,GFI
2019-05-07,3.9,GFI
2019-05-06,3.73,GFI
2019-05-03,3.71,GFI
2019-05-02,3.69,GFI
2019-05-01,3.7,GFI
2019-04-30,3.75,GFI
2019-04-29,3.77,GFI
2019-04-26,3.99,GFI
2019-04-25,3.74,GFI
2019-04-24,3.66,GFI
2019-04-23,3.62,GFI
2019-04-22,3.67,GFI
2019-04-18,3.78,GFI
2019-04-17,3.91,GFI
2019-04-16,3.81,GFI
2019-04-15,3.82,GFI
2019-04-12,3.81,GFI
2019-04-11,3.89,GFI
2019-04-10,3.94,GFI
2019-04-09,4.06,GFI
2019-04-08,3.94,GFI
2019-04-05,3.86,GFI
2019-04-04,3.89,GFI
2019-04-03,3.82,GFI
2019-04-02,3.7,GFI
2019-04-01,3.66,GFI
2019-03-29,3.73,GFI
2019-03-28,3.72,GFI
2019-03-27,3.96,GFI
2019-03-26,4.06,GFI
2019-03-25,4.16,GFI
2019-03-22,4.14,GFI
2019-03-21,4.1,GFI
2019-03-20,4.02,GFI
2019-03-19,3.87,GFI
2019-03-18,3.92,GFI
2019-03-15,3.92,GFI
2019-03-14,3.87,GFI
2019-03-13,4.0,GFI
2019-03-12,3.98,GFI
2019-03-11,3.86,GFI
2019-03-08,3.9,GFI
2019-03-07,3.73,GFI
2019-03-06,3.72,GFI
2019-03-05,3.82,GFI
2019-03-04,3.87,GFI
2019-03-01,3.92,GFI
2019-02-28,4.13,GFI
2019-02-27,4.16,GFI
2019-02-26,4.2,GFI
2019-02-25,4.15,GFI
2019-02-22,4.16,GFI
2019-02-21,4.16,GFI
2019-02-20,4.39,GFI
2019-02-19,4.22,GFI
2019-02-15,3.91,GFI
2019-02-14,3.84,GFI
2019-02-13,3.69,GFI
2019-02-12,3.78,GFI
2019-02-11,3.65,GFI
2019-02-08,3.62,GFI
2019-02-07,3.62,GFI
2019-02-06,3.67,GFI
2019-02-05,3.81,GFI
2019-02-04,3.88,GFI
2019-02-01,4.0,GFI
2019-01-31,4.1,GFI
2019-01-30,4.03,GFI
2019-01-29,4.02,GFI
2019-01-28,3.85,GFI
2019-01-25,3.79,GFI
2019-01-24,3.75,GFI
2019-01-23,3.72,GFI
2019-01-22,3.73,GFI
2019-01-18,3.58,GFI
2019-01-17,3.72,GFI
2019-01-16,3.59,GFI
2019-01-15,3.55,GFI
2019-01-14,3.6,GFI
2019-01-11,3.69,GFI
2019-01-10,3.61,GFI
2019-01-09,3.73,GFI
2019-01-08,3.66,GFI
2019-01-07,3.64,GFI
2019-01-04,3.67,GFI
2019-01-03,3.7,GFI
2019-01-02,3.51,GFI
2018-12-31,3.52,GFI
2018-12-28,3.46,GFI
2018-12-27,3.44,GFI
2018-12-26,3.48,GFI
2018-12-24,3.56,GFI
2018-12-21,3.38,GFI
2018-12-20,3.42,GFI
2018-12-19,3.13,GFI
2018-12-18,3.37,GFI
2018-12-17,3.31,GFI
2018-12-14,3.22,GFI
2018-12-13,3.26,GFI
2018-12-12,3.23,GFI
2018-12-11,3.11,GFI
2018-12-10,3.09,GFI
2018-12-07,3.17,GFI
2018-12-06,3.11,GFI
2018-12-04,3.09,GFI
2018-12-03,2.98,GFI
2018-11-30,2.93,GFI
2018-11-29,3.07,GFI
2018-11-28,3.08,GFI
2018-11-27,2.95,GFI
2018-11-26,3.03,GFI
2018-11-23,3.05,GFI
2018-11-21,3.06,GFI
2018-11-20,2.96,GFI
2018-11-19,2.96,GFI
2018-11-16,2.96,GFI
2018-11-15,2.88,GFI
2018-11-14,2.81,GFI
2018-11-13,2.75,GFI
2018-11-12,2.76,GFI
2018-11-09,2.8,GFI
2018-11-08,2.89,GFI
2018-11-07,2.83,GFI
2018-11-06,2.8,GFI
2018-11-05,2.84,GFI
2018-11-02,2.74,GFI
2018-11-01,2.76,GFI
2018-10-31,2.66,GFI
2018-10-30,2.75,GFI
2018-10-29,2.71,GFI
2018-10-26,2.74,GFI
2018-10-25,2.77,GFI
2018-10-24,2.97,GFI
2018-10-23,3.01,GFI
2018-10-22,2.84,GFI
2018-10-19,2.92,GFI
2018-10-18,2.88,GFI
2018-10-17,2.87,GFI
2018-10-16,2.92,GFI
2018-10-15,2.97,GFI
2018-10-12,2.79,GFI
2018-10-11,2.79,GFI
2018-10-10,2.63,GFI
2018-10-09,2.51,GFI
2018-10-08,2.52,GFI
2018-10-05,2.48,GFI
2018-10-04,2.45,GFI
2018-10-03,2.46,GFI
2018-10-02,2.52,GFI
2018-10-01,2.43,GFI
2018-09-28,2.42,GFI
2018-09-27,2.44,GFI
2018-09-26,2.52,GFI
2018-09-25,2.55,GFI
2018-09-24,2.53,GFI
2018-09-21,2.44,GFI
2018-09-20,2.5,GFI
2018-09-19,2.5,GFI
2018-09-18,2.42,GFI
2018-09-17,2.37,GFI
2018-09-14,2.36,GFI
2018-09-13,2.37,GFI
2018-09-12,2.34,GFI
2018-09-11,2.29,GFI
2018-09-10,2.29,GFI
2018-09-07,2.35,GFI
2018-09-06,2.31,GFI
2018-09-05,2.32,GFI
2018-09-04,2.39,GFI
2018-08-31,2.49,GFI
2018-08-30,2.51,GFI
2018-08-29,2.52,GFI
2018-08-28,2.51,GFI
2018-08-27,2.59,GFI
2018-08-24,2.54,GFI
2018-08-23,2.41,GFI
2018-08-22,2.48,GFI
2018-08-21,2.54,GFI
2018-08-20,2.47,GFI
2018-08-17,2.49,GFI
2018-08-16,2.48,GFI
2018-08-15,2.68,GFI
2018-08-14,2.93,GFI
2018-08-13,3.36,GFI
2018-08-10,3.51,GFI
2018-08-09,3.58,GFI
2018-08-08,3.58,GFI
2018-08-07,3.52,GFI
2018-08-06,3.53,GFI
2018-08-03,3.64,GFI
2018-08-02,3.6,GFI
2018-08-01,3.7,GFI
2018-07-31,3.74,GFI
2018-07-30,3.68,GFI
2018-07-27,3.66,GFI
2018-07-26,3.57,GFI
2018-07-25,3.61,GFI
2018-07-24,3.64,GFI
2018-07-23,3.61,GFI
2018-07-20,3.61,GFI
2018-07-19,3.55,GFI
2018-07-18,3.58,GFI
2018-07-17,3.58,GFI
2018-07-16,3.57,GFI
2018-07-13,3.56,GFI
2018-07-12,3.59,GFI
2018-07-11,3.67,GFI
2018-07-10,3.72,GFI
2018-07-09,3.65,GFI
2018-07-06,3.71,GFI
2018-07-05,3.65,GFI
2018-07-03,3.52,GFI
2018-07-02,3.54,GFI
2018-06-29,3.57,GFI
2018-06-28,3.53,GFI
2018-06-27,3.51,GFI
2018-06-26,3.53,GFI
2018-06-25,3.59,GFI
2018-06-22,3.54,GFI
2018-06-21,3.57,GFI
2018-06-20,3.61,GFI
2018-06-19,3.65,GFI
2018-06-18,3.66,GFI
2018-06-15,3.71,GFI
2018-06-14,3.81,GFI
2018-06-13,3.73,GFI
2018-06-12,3.71,GFI
2018-06-11,3.75,GFI
2018-06-08,3.63,GFI
2018-06-07,3.66,GFI
2018-06-06,3.63,GFI
2018-06-05,3.65,GFI
2018-06-04,3.61,GFI
2018-06-01,3.55,GFI
2018-05-31,3.57,GFI
2018-05-30,3.56,GFI
2018-05-29,3.56,GFI
2018-05-25,3.63,GFI
2018-05-24,3.63,GFI
2018-05-23,3.64,GFI
2018-05-22,3.6,GFI
2018-05-21,3.61,GFI
2018-05-18,3.62,GFI
2018-05-17,3.62,GFI
2018-05-16,3.63,GFI
2018-05-15,3.68,GFI
2018-05-14,3.84,GFI
2018-05-11,3.86,GFI
2018-05-10,3.88,GFI
2018-05-09,3.87,GFI
2018-05-08,3.92,GFI
2018-05-07,3.83,GFI
2018-05-04,3.91,GFI
2018-05-03,3.94,GFI
2018-05-02,3.89,GFI
2018-05-01,3.87,GFI
2018-04-30,3.82,GFI
2018-04-27,3.78,GFI
2018-04-26,3.73,GFI
2018-04-25,3.73,GFI
2018-04-24,3.95,GFI
2018-04-23,3.93,GFI
2018-04-20,4.02,GFI
2018-04-19,4.0,GFI
2018-04-18,3.92,GFI
2018-04-17,3.88,GFI
2018-04-16,3.92,GFI
2018-04-13,3.91,GFI
2018-04-12,3.77,GFI
2018-04-11,3.84,GFI
2018-04-10,3.72,GFI
2018-04-09,3.8,GFI
2018-04-06,3.9,GFI
2018-04-05,3.81,GFI
2018-04-04,3.84,GFI
2018-04-03,3.85,GFI
2018-04-02,4.02,GFI
2018-03-29,4.02,GFI
2018-03-28,4.06,GFI
2018-03-27,4.27,GFI
2018-03-26,4.25,GFI
2018-03-23,4.1,GFI
2018-03-22,3.98,GFI
2018-03-21,3.89,GFI
2018-03-20,3.81,GFI
2018-03-19,3.78,GFI
2018-03-16,3.73,GFI
2018-03-15,3.73,GFI
2018-03-14,3.76,GFI
2018-03-13,3.85,GFI
2018-03-12,3.92,GFI
2018-03-09,3.89,GFI
2018-03-08,3.96,GFI
2018-03-07,3.99,GFI
2018-03-06,4.05,GFI
2018-03-05,3.95,GFI
2018-03-02,3.93,GFI
2018-03-01,3.98,GFI
2018-02-28,3.92,GFI
2018-02-27,3.85,GFI
2018-02-26,3.98,GFI
2018-02-23,3.97,GFI
2018-02-22,3.97,GFI
2018-02-21,3.93,GFI
2018-02-20,3.89,GFI
2018-02-16,4.09,GFI
2018-02-15,4.17,GFI
2018-02-14,4.12,GFI
2018-02-13,4.07,GFI
2018-02-12,4.03,GFI
2018-02-09,3.82,GFI
2018-02-08,3.93,GFI
2018-02-07,4.08,GFI
2018-02-06,4.14,GFI
2018-02-05,4.24,GFI
2018-02-02,4.15,GFI
2018-02-01,4.31,GFI
2018-01-31,4.28,GFI
2018-01-30,4.13,GFI
2018-01-29,4.2,GFI
2018-01-26,4.37,GFI
2018-01-25,4.33,GFI
2018-01-24,4.38,GFI
2018-01-23,4.23,GFI
2018-01-22,4.08,GFI
2018-01-19,4.15,GFI
2018-01-18,4.21,GFI
2018-01-17,4.25,GFI
2018-01-16,4.3,GFI
2018-01-12,4.37,GFI
2018-01-11,4.22,GFI
2018-01-10,4.17,GFI
2018-01-09,4.14,GFI
2018-01-08,4.16,GFI
2018-01-05,4.31,GFI
2018-01-04,4.3,GFI
2018-01-03,4.39,GFI
2018-01-02,4.42,GFI
2017-12-29,4.3,GFI
2017-12-28,4.28,GFI
2017-12-27,4.31,GFI
2017-12-26,4.17,GFI
2017-12-22,4.05,GFI
2017-12-21,4.01,GFI
2017-12-20,4.06,GFI
2017-12-19,3.95,GFI
2017-12-18,4.05,GFI
2017-12-15,3.97,GFI
2017-12-14,3.8,GFI
2017-12-13,3.83,GFI
2017-12-12,3.71,GFI
2017-12-11,3.8,GFI
2017-12-08,3.76,GFI
2017-12-07,3.76,GFI
2017-12-06,3.76,GFI
2017-12-05,3.89,GFI
2017-12-04,4.04,GFI
2017-12-01,4.14,GFI
2017-11-30,4.23,GFI
2017-11-29,4.16,GFI
2017-11-28,4.19,GFI
2017-11-27,4.21,GFI
2017-11-24,4.08,GFI
2017-11-22,4.1,GFI
2017-11-21,3.99,GFI
2017-11-20,3.97,GFI
2017-11-17,4.05,GFI
2017-11-16,3.98,GFI
2017-11-15,3.87,GFI
2017-11-14,3.88,GFI
2017-11-13,3.84,GFI
2017-11-10,3.96,GFI
2017-11-09,3.97,GFI
2017-11-08,3.93,GFI
2017-11-07,4.01,GFI
2017-11-06,4.08,GFI
2017-11-03,3.96,GFI
2017-11-02,4.05,GFI
2017-11-01,3.99,GFI
2017-10-31,3.97,GFI
2017-10-30,4.01,GFI
2017-10-27,3.95,GFI
2017-10-26,3.95,GFI
2017-10-25,3.96,GFI
2017-10-24,3.91,GFI
2017-10-23,3.95,GFI
2017-10-20,3.97,GFI
2017-10-19,4.05,GFI
2017-10-18,4.02,GFI
2017-10-17,4.13,GFI
2017-10-16,4.1,GFI
2017-10-13,4.12,GFI
2017-10-12,4.02,GFI
2017-10-11,4.05,GFI
2017-10-10,4.16,GFI
2017-10-09,4.21,GFI
2017-10-06,4.23,GFI
2017-10-05,4.25,GFI
2017-10-04,4.31,GFI
2017-10-03,4.31,GFI
2017-10-02,4.24,GFI
2017-09-29,4.31,GFI
2017-09-28,4.31,GFI
2017-09-27,4.28,GFI
2017-09-26,4.33,GFI
2017-09-25,4.41,GFI
2017-09-22,4.3,GFI
2017-09-21,4.27,GFI
2017-09-20,4.25,GFI
2017-09-19,4.36,GFI
2017-09-18,4.27,GFI
2017-09-15,4.35,GFI
2017-09-14,4.42,GFI
2017-09-13,4.28,GFI
2017-09-12,4.44,GFI
2017-09-11,4.39,GFI
2017-09-08,4.52,GFI
2017-09-07,4.68,GFI
2017-09-06,4.56,GFI
2017-09-05,4.67,GFI
2017-09-01,4.45,GFI
2017-08-31,4.46,GFI
2017-08-30,4.4,GFI
2017-08-29,4.43,GFI
2017-08-28,4.36,GFI
2017-08-25,4.15,GFI
2017-08-24,4.12,GFI
2017-08-23,4.26,GFI
2017-08-22,4.28,GFI
2017-08-21,4.43,GFI
2017-08-18,4.32,GFI
2017-08-17,4.14,GFI
2017-08-16,4.0,GFI
2017-08-15,3.96,GFI
2017-08-14,4.11,GFI
2017-08-11,4.14,GFI
2017-08-10,4.07,GFI
2017-08-09,4.12,GFI
2017-08-08,4.01,GFI
2017-08-07,3.95,GFI
2017-08-04,3.99,GFI
2017-08-03,3.98,GFI
2017-08-02,3.95,GFI
2017-08-01,4.02,GFI
2017-07-31,3.99,GFI
2017-07-28,4.04,GFI
2017-07-27,3.85,GFI
2017-07-26,3.92,GFI
2017-07-25,3.73,GFI
2017-07-24,3.75,GFI
2017-07-21,3.78,GFI
2017-07-20,3.76,GFI
2017-07-19,3.81,GFI
2017-07-18,3.78,GFI
2017-07-17,3.81,GFI
2017-07-14,3.74,GFI
2017-07-13,3.66,GFI
2017-07-12,3.74,GFI
2017-07-11,3.7,GFI
2017-07-10,3.69,GFI
2017-07-07,3.46,GFI
2017-07-06,3.55,GFI
2017-07-05,3.56,GFI
2017-07-03,3.41,GFI
2017-06-30,3.48,GFI
2017-06-29,3.41,GFI
2017-06-28,3.55,GFI
2017-06-27,3.59,GFI
2017-06-26,3.61,GFI
2017-06-23,3.64,GFI
2017-06-22,3.62,GFI
2017-06-21,3.54,GFI
2017-06-20,3.42,GFI
2017-06-19,3.45,GFI
2017-06-16,3.42,GFI
2017-06-15,3.44,GFI
2017-06-14,3.52,GFI
2017-06-13,3.65,GFI
2017-06-12,3.67,GFI
2017-06-09,3.75,GFI
2017-06-08,3.8,GFI
2017-06-07,3.93,GFI
2017-06-06,4.07,GFI
2017-06-05,3.81,GFI
2017-06-02,3.68,GFI
2017-06-01,3.66,GFI
2017-05-31,3.58,GFI
2017-05-30,3.62,GFI
2017-05-26,3.81,GFI
2017-05-25,3.78,GFI
2017-05-24,3.88,GFI
2017-05-23,3.8,GFI
2017-05-22,3.87,GFI
2017-05-19,3.78,GFI
2017-05-18,3.72,GFI
2017-05-17,3.8,GFI
2017-05-16,3.64,GFI
2017-05-15,3.61,GFI
2017-05-12,3.61,GFI
2017-05-11,3.48,GFI
2017-05-10,3.33,GFI
2017-05-09,3.16,GFI
2017-05-08,3.14,GFI
2017-05-05,3.13,GFI
2017-05-04,3.1,GFI
2017-05-03,3.22,GFI
2017-05-02,3.22,GFI
2017-05-01,3.14,GFI
2017-04-28,3.25,GFI
2017-04-27,3.27,GFI
2017-04-26,3.4,GFI
2017-04-25,3.53,GFI
2017-04-24,3.6,GFI
2017-04-21,3.84,GFI
2017-04-20,3.92,GFI
2017-04-19,3.91,GFI
2017-04-18,4.06,GFI
2017-04-17,4.02,GFI
2017-04-13,4.05,GFI
2017-04-12,3.83,GFI
2017-04-11,3.78,GFI
2017-04-10,3.67,GFI
2017-04-07,3.73,GFI
2017-04-06,3.65,GFI
2017-04-05,3.73,GFI
2017-04-04,3.72,GFI
2017-04-03,3.62,GFI
2017-03-31,3.53,GFI
2017-03-30,3.48,GFI
2017-03-29,3.6,GFI
2017-03-28,3.56,GFI
2017-03-27,3.64,GFI
2017-03-24,3.52,GFI
2017-03-23,3.58,GFI
2017-03-22,3.6,GFI
2017-03-21,3.56,GFI
2017-03-20,3.5,GFI
2017-03-17,3.47,GFI
2017-03-16,3.47,GFI
2017-03-15,3.42,GFI
2017-03-14,3.12,GFI
2017-03-13,3.12,GFI
2017-03-10,3.01,GFI
2017-03-09,2.95,GFI
2017-03-08,3.04,GFI
2017-03-07,3.16,GFI
2017-03-06,3.11,GFI
2017-03-03,3.24,GFI
2017-03-02,3.05,GFI
2017-03-01,3.17,GFI
2017-02-28,3.09,GFI
2017-02-27,2.97,GFI
2017-02-24,3.25,GFI
2017-02-23,3.31,GFI
2017-02-22,3.22,GFI
2017-02-21,3.25,GFI
2017-02-17,3.27,GFI
2017-02-16,3.45,GFI
2017-02-15,3.47,GFI
2017-02-14,3.46,GFI
2017-02-13,3.41,GFI
2017-02-10,3.47,GFI
2017-02-09,3.34,GFI
2017-02-08,3.58,GFI
2017-02-07,3.61,GFI
2017-02-06,3.67,GFI
2017-02-03,3.58,GFI
2017-02-02,3.59,GFI
2017-02-01,3.5,GFI
2017-01-31,3.51,GFI
2017-01-30,3.39,GFI
2017-01-27,3.46,GFI
2017-01-26,3.42,GFI
2017-01-25,3.47,GFI
2017-01-24,3.56,GFI
2017-01-23,3.61,GFI
2017-01-20,3.47,GFI
2017-01-19,3.45,GFI
2017-01-18,3.5,GFI
2017-01-17,3.6,GFI
2017-01-13,3.44,GFI
2017-01-12,3.38,GFI
2017-01-11,3.26,GFI
2017-01-10,3.27,GFI
2017-01-09,3.29,GFI
2017-01-06,3.24,GFI
2017-01-05,3.43,GFI
2017-01-04,3.2,GFI
2017-01-03,3.23,GFI
2016-12-30,3.01,GFI
2016-12-29,3.19,GFI
2016-12-28,3.0,GFI
2016-12-27,2.9,GFI
2016-12-23,2.84,GFI
2016-12-22,2.78,GFI
2016-12-21,2.73,GFI
2016-12-20,2.8,GFI
2016-12-19,2.73,GFI
2016-12-16,2.67,GFI
2016-12-15,2.64,GFI
2016-12-14,2.84,GFI
2016-12-13,3.01,GFI
2016-12-12,2.93,GFI
2016-12-09,2.9,GFI
2016-12-08,3.08,GFI
2016-12-07,3.09,GFI
2016-12-06,3.11,GFI
2016-12-05,3.09,GFI
2016-12-02,3.16,GFI
2016-12-01,3.09,GFI
2026-09-25,18.97,HMY
2026-09-24,18.55,HMY
2026-09-23,18.73,HMY
2026-09-22,19.82,HMY
2026-09-21,19.0,HMY
2026-09-18,19.92,HMY
2026-09-17,19.98,HMY
2026-09-16,19.22,HMY
2026-09-15,19.54,HMY
2026-09-14,19.63,HMY
2026-09-11,20.64,HMY
2026-09-10,20.19,HMY
2026-09-09,20.8,HMY
2026-09-08,20.23,HMY
2026-09-04,20.27,HMY
2026-09-03,20.76,HMY
2026-09-02,19.45,HMY
2026-09-01,19.23,HMY
2026-08-31,19.65,HMY
2026-08-28,20.23,HMY
2026-08-27,21.03,HMY
2026-08-26,22.43,HMY
2026-08-25,22.95,HMY
2026-08-24,22.81,HMY
2026-08-21,23.54,HMY
2026-08-20,22.02,HMY
2026-08-19,21.09,HMY
2026-08-18,19.28,HMY
2026-08-17,20.03,HMY
2026-08-14,19.44,HMY
2026-08-13,19.26,HMY
2026-08-12,19.86,HMY
2026-08-11,19.51,HMY
2026-08-10,19.9,HMY
2026-08-07,19.7,HMY
2026-08-06,18.05,HMY
2026-08-05,18.08,HMY
2026-08-04,16.88,HMY
2026-08-03,16.47,HMY
2026-07-31,15.75,HMY
2026-07-30,16.15,HMY
2026-07-29,15.53,HMY
2026-07-28,15.53,HMY
2026-07-27,15.87,HMY
2026-07-24,15.87,HMY
2026-07-23,15.49,HMY
2026-07-22,15.88,HMY
2026-07-21,15.33,HMY
2026-07-20,14.33,HMY
2026-07-17,14.65,HMY
2026-07-16,14.78,HMY
2026-07-15,15.15,HMY
2026-07-14,15.24,HMY
2026-07-13,14.99,HMY
2026-07-10,15.11,HMY
2026-07-09,15.02,HMY
2026-07-08,14.43,HMY
2026-07-07,15.4,HMY
2026-07-06,16.29,HMY
2026-07-02,16.09,HMY
2026-07-01,15.18,HMY
2026-06-30,15.21,HMY
2026-06-29,15.18,HMY
2026-06-26,15.53,HMY
2026-06-25,15.12,HMY
2026-06-24,14.59,HMY
2026-06-23,15.41,HMY
2026-06-22,16.14,HMY
2026-06-18,17.01,HMY
2026-06-17,17.1,HMY
2026-06-16,17.78,HMY
2026-06-15,17.52,HMY
2026-06-12,15.86,HMY
2026-06-11,15.21,HMY
2026-06-10,14.42,HMY
2026-06-09,15.02,HMY
2026-06-08,15.34,HMY
2026-06-05,15.71,HMY
2026-06-04,17.31,HMY
2026-06-03,17.12,HMY
2026-06-02,17.67,HMY
2026-06-01,17.61,HMY
2026-05-29,18.27,HMY
2026-05-28,18.26,HMY
2026-05-27,17.56,HMY
2026-05-26,18.03,HMY
2026-05-22,16.76,HMY
2026-05-21,17.19,HMY
2026-05-20,17.43,HMY
2026-05-19,16.37,HMY
2026-05-18,16.45,HMY
2026-05-15,15.71,HMY
2026-05-14,17.37,HMY
2026-05-13,17.55,HMY
2026-05-12,17.92,HMY
2026-05-11,18.13,HMY
2026-05-08,17.79,HMY
2026-05-07,17.59,HMY
2026-05-06,17.53,HMY
2026-05-05,15.58,HMY
2026-05-04,15.49,HMY
2026-05-01,15.61,HMY
2026-04-30,15.77,HMY
2026-04-29,15.06,HMY
2026-04-28,15.68,HMY
2026-04-27,16.46,HMY
2026-04-24,16.77,HMY
2026-04-23,16.53,HMY
2026-04-22,17.1,HMY
2026-04-21,17.25,HMY
2026-04-20,18.34,HMY
2026-04-17,18.67,HMY
2026-04-16,17.51,HMY
2026-04-15,16.86,HMY
2026-04-14,17.08,HMY
2026-04-13,16.55,HMY
2026-04-10,16.58,HMY
2026-04-09,16.72,HMY
2026-04-08,16.57,HMY
2026-04-07,15.84,HMY
2026-04-06,15.93,HMY
2026-04-02,16.1,HMY
2026-04-01,16.16,HMY
2026-03-31,15.37,HMY
2026-03-30,14.16,HMY
2026-03-27,14.34,HMY
2026-03-26,13.94,HMY
2026-03-25,14.55,HMY
2026-03-24,13.86,HMY
2026-03-23,14.08,HMY
2026-03-20,13.32,HMY
2026-03-19,13.65,HMY
2026-03-18,14.56,HMY
2026-03-17,15.87,HMY
2026-03-16,15.3,HMY
2026-03-13,15.13,HMY
2026-03-12,15.97,HMY
2026-03-11,16.87,HMY
2026-03-10,18.95,HMY
2026-03-09,19.0,HMY
2026-03-06,19.59,HMY
2026-03-05,19.55,HMY
2026-03-04,20.27,HMY
2026-03-03,20.61,HMY
2026-03-02,22.54,HMY
2026-02-27,22.75,HMY
2026-02-26,22.55,HMY
2026-02-25,21.54,HMY
2026-02-24,21.55,HMY
2026-02-23,21.82,HMY
2026-02-20,20.92,HMY
2026-02-19,20.27,HMY
2026-02-18,20.15,HMY
2026-02-17,19.79,HMY
2026-02-13,20.99,HMY
2026-02-12,19.71,HMY
2026-02-11,21.66,HMY
2026-02-10,21.28,HMY
2026-02-09,21.5,HMY
2026-02-06,20.37,HMY
2026-02-05,19.4,HMY
2026-02-04,21.22,HMY
2026-02-03,21.31,HMY
2026-02-02,20.92,HMY
2026-01-30,21.34,HMY
2026-01-29,24.5,HMY
2026-01-28,26.04,HMY
2026-01-27,24.16,HMY
2026-01-26,23.57,HMY
2026-01-23,23.45,HMY
2026-01-22,23.04,HMY
2026-01-21,22.5,HMY
2026-01-20,23.0,HMY
2026-01-16,21.8,HMY
2026-01-15,21.95,HMY
2026-01-14,21.68,HMY
2026-01-13,22.07,HMY
2026-01-12,22.3,HMY
2026-01-09,20.69,HMY
2026-01-08,20.61,HMY
2026-01-07,20.75,HMY
2026-01-06,21.37,HMY
2026-01-05,20.28,HMY
2026-01-02,19.57,HMY
2025-12-31,19.9,HMY
2025-12-30,20.05,HMY
2025-12-29,19.95,HMY
2025-12-26,21.74,HMY
2025-12-24,21.55,HMY
2025-12-23,21.86,HMY
2025-12-22,21.47,HMY
2025-12-19,20.67,HMY
2025-12-18,20.3,HMY
2025-12-17,20.67,HMY
2025-12-16,20.22,HMY
2025-12-15,20.19,HMY
2025-12-12,20.4,HMY
2025-12-11,20.58,HMY
2025-12-10,20.02,HMY
2025-12-09,19.75,HMY
2025-12-08,18.74,HMY
2025-12-05,19.29,HMY
2025-12-04,19.14,HMY
2025-12-03,19.05,HMY
2025-12-02,19.21,HMY
2025-12-01,19.32,HMY
2025-11-28,19.66,HMY
2025-11-26,19.3,HMY
2025-11-25,18.15,HMY
2025-11-24,17.76,HMY
2025-11-21,16.63,HMY
2025-11-20,16.12,HMY
2025-11-19,16.9,HMY
2025-11-18,16.79,HMY
2025-11-17,16.62,HMY
2025-11-14,17.22,HMY
2025-11-13,17.84,HMY
2025-11-12,18.83,HMY
2025-11-11,17.88,HMY
2025-11-10,17.47,HMY
2025-11-07,16.42,HMY
2025-11-06,15.83,HMY
2025-11-05,15.94,HMY
2025-11-04,15.19,HMY
2025-11-03,16.13,HMY
2025-10-31,16.51,HMY
2025-10-30,16.65,HMY
2025-10-29,16.34,HMY
2025-10-28,16.6,HMY
2025-10-27,16.46,HMY
2025-10-24,17.49,HMY
2025-10-23,17.87,HMY
2025-10-22,17.82,HMY
2025-10-21,17.98,HMY
2025-10-20,20.2,HMY
2025-10-17,19.96,HMY
2025-10-16,21.9,HMY
2025-10-15,21.16,HMY
2025-10-14,19.53,HMY
2025-10-13,19.86,HMY
2025-10-10,18.27,HMY
2025-10-09,18.11,HMY
2025-10-08,18.81,HMY
2025-10-07,18.33,HMY
2025-10-06,18.53,HMY
2025-10-03,18.18,HMY
2025-10-02,18.34,HMY
2025-10-01,18.44,HMY
2025-09-30,18.15,HMY
2025-09-29,18.25,HMY
2025-09-26,18.12,HMY
2025-09-25,17.18,HMY
2025-09-24,17.25,HMY
2025-09-23,18.06,HMY
2025-09-22,17.61,HMY
2025-09-19,16.88,HMY
2025-09-18,14.95,HMY
2025-09-17,14.88,HMY
2025-09-16,14.99,HMY
2025-09-15,15.03,HMY
2025-09-12,15.01,HMY
2025-09-11,15.32,HMY
2025-09-10,15.45,HMY
2025-09-09,14.72,HMY
2025-09-08,14.62,HMY
2025-09-05,14.11,HMY
2025-09-04,14.01,HMY
2025-09-03,15.1,HMY
2025-09-02,14.28,HMY
2025-08-29,13.28,HMY
2025-08-28,12.61,HMY
2025-08-27,14.67,HMY
2025-08-26,15.11,HMY
2025-08-25,15.72,HMY
2025-08-22,15.99,HMY
2025-08-21,15.91,HMY
2025-08-20,15.49,HMY
2025-08-19,14.94,HMY
2025-08-18,15.36,HMY
2025-08-15,15.43,HMY
2025-08-14,15.26,HMY
2025-08-13,15.45,HMY
2025-08-12,15.51,HMY
2025-08-11,15.47,HMY
2025-08-08,15.76,HMY
2025-08-07,15.82,HMY
2025-08-06,16.02,HMY
2025-08-05,15.89,HMY
2025-08-04,15.4,HMY
2025-08-01,14.22,HMY
2025-07-31,13.46,HMY
2025-07-30,13.47,HMY
2025-07-29,14.04,HMY
2025-07-28,13.87,HMY
2025-07-25,14.03,HMY
2025-07-24,14.22,HMY
2025-07-23,14.83,HMY
2025-07-22,15.03,HMY
2025-07-21,14.99,HMY
2025-07-18,13.94,HMY
2025-07-17,14.01,HMY
2025-07-16,14.11,HMY
2025-07-15,14.15,HMY
2025-07-14,14.4,HMY
2025-07-11,14.62,HMY
2025-07-10,14.38,HMY
2025-07-09,14.33,HMY
2025-07-08,14.05,HMY
2025-07-07,14.72,HMY
2025-07-03,14.37,HMY
2025-07-02,14.26,HMY
2025-07-01,13.98,HMY
2025-06-30,13.97,HMY
2025-06-27,13.4,HMY
2025-06-26,13.91,HMY
2025-06-25,14.02,HMY
2025-06-24,14.09,HMY
2025-06-23,14.56,HMY
2025-06-20,14.18,HMY
2025-06-18,14.38,HMY
2025-06-17,14.37,HMY
2025-06-16,14.69,HMY
2025-06-13,15.01,HMY
2025-06-12,14.94,HMY
2025-06-11,14.35,HMY
2025-06-10,14.59,HMY
2025-06-09,14.92,HMY
2025-06-06,14.56,HMY
2025-06-05,15.37,HMY
2025-06-04,14.94,HMY
2025-06-03,14.85,HMY
2025-06-02,15.45,HMY
2025-05-30,14.59,HMY
2025-05-29,14.57,HMY
2025-05-28,14.65,HMY
2025-05-27,14.45,HMY
2025-05-23,15.84,HMY
2025-05-22,15.18,HMY
2025-05-21,15.34,HMY
2025-05-20,15.39,HMY
2025-05-19,14.75,HMY
2025-05-16,14.46,HMY
2025-05-15,14.48,HMY
2025-05-14,14.14,HMY
2025-05-13,14.32,HMY
2025-05-12,14.11,HMY
2025-05-09,15.77,HMY
2025-05-08,15.22,HMY
2025-05-07,16.09,HMY
2025-05-06,16.48,HMY
2025-05-05,15.93,HMY
2025-05-02,15.05,HMY
2025-05-01,14.87,HMY
2025-04-30,15.91,HMY
2025-04-29,15.39,HMY
2025-04-28,15.63,HMY
2025-04-25,15.4,HMY
2025-04-24,15.99,HMY
2025-04-23,16.03,HMY
2025-04-22,17.01,HMY
2025-04-21,17.7,HMY
2025-04-17,17.55,HMY
2025-04-16,17.99,HMY
2025-04-15,17.35,HMY
2025-04-14,17.08,HMY
2025-04-11,17.16,HMY
2025-04-10,16.24,HMY
2025-04-09,14.69,HMY
2025-04-08,12.97,HMY
2025-04-07,12.96,HMY
2025-04-04,13.0,HMY
2025-04-03,14.65,HMY
2025-04-02,15.12,HMY
2025-04-01,15.1,HMY
2025-03-31,14.77,HMY
2025-03-28,14.06,HMY
2025-03-27,12.84,HMY
2025-03-26,12.56,HMY
2025-03-25,12.64,HMY
2025-03-24,12.66,HMY
2025-03-21,12.73,HMY
2025-03-20,12.85,HMY
2025-03-19,12.63,HMY
2025-03-18,12.45,HMY
2025-03-17,12.31,HMY
2025-03-14,12.11,HMY
2025-03-13,12.21,HMY
2025-03-12,11.93,HMY
2025-03-11,12.05,HMY
2025-03-10,11.51,HMY
2025-03-07,11.84,HMY
2025-03-06,10.85,HMY
2025-03-05,10.84,HMY
2025-03-04,10.51,HMY
2025-03-03,10.0,HMY
2025-02-28,9.95,HMY
2025-02-27,10.08,HMY
2025-02-26,10.92,HMY
2025-02-25,10.88,HMY
2025-02-24,11.13,HMY
2025-02-21,10.82,HMY
2025-02-20,11.72,HMY
2025-02-19,11.17,HMY
2025-02-18,11.44,HMY
2025-02-14,11.42,HMY
2025-02-13,11.94,HMY
2025-02-12,11.88,HMY
2025-02-11,12.1,HMY
2025-02-10,12.35,HMY
2025-02-07,12.0,HMY
2025-02-06,12.14,HMY
2025-02-05,11.89,HMY
2025-02-04,11.85,HMY
2025-02-03,11.8,HMY
2025-01-31,11.27,HMY
2025-01-30,11.35,HMY
2025-01-29,10.9,HMY
2025-01-28,10.67,HMY
2025-01-27,10.52,HMY
2025-01-24,10.87,HMY
2025-01-23,10.46,HMY
2025-01-22,10.45,HMY
2025-01-21,10.2,HMY
2025-01-17,9.77,HMY
2025-01-16,9.46,HMY
2025-01-15,9.55,HMY
2025-01-14,9.44,HMY
2025-01-13,8.99,HMY
2025-01-10,9.11,HMY
2025-01-08,8.61,HMY
2025-01-07,8.45,HMY
2025-01-06,8.25,HMY
2025-01-03,8.34,HMY
2025-01-02,8.48,HMY
2024-12-31,8.21,HMY
2024-12-30,8.14,HMY
2024-12-27,8.24,HMY
2024-12-26,8.31,HMY
2024-12-24,8.32,HMY
2024-12-23,8.37,HMY
2024-12-20,8.43,HMY
2024-12-19,8.34,HMY
2024-12-18,8.3,HMY
2024-12-17,8.69,HMY
2024-12-16,8.88,HMY
2024-12-13,8.95,HMY
2024-12-12,9.14,HMY
2024-12-11,9.56,HMY
2024-12-10,9.29,HMY
2024-12-09,9.21,HMY
2024-12-06,8.68,HMY
2024-12-05,8.94,HMY
2024-12-04,8.97,HMY
2024-12-03,9.18,HMY
2024-12-02,8.92,HMY
2024-11-29,9.19,HMY
2024-11-27,9.07,HMY
2024-11-26,9.26,HMY
2024-11-25,9.2,HMY
2024-11-22,9.63,HMY
2024-11-21,9.57,HMY
2024-11-20,9.51,HMY
2024-11-19,9.6,HMY
2024-11-18,9.31,HMY
2024-11-15,8.65,HMY
2024-11-14,8.81,HMY
2024-11-13,9.03,HMY
2024-11-12,9.22,HMY
2024-11-11,9.36,HMY
2024-11-08,10.33,HMY
2024-11-07,10.46,HMY
2024-11-06,10.17,HMY
2024-11-05,10.78,HMY
2024-11-04,10.55,HMY
2024-11-01,10.57,HMY
2024-10-31,10.84,HMY
2024-10-30,11.28,HMY
2024-10-29,11.37,HMY
2024-10-28,11.18,HMY
2024-10-25,11.28,HMY
2024-10-24,11.6,HMY
2024-10-23,11.51,HMY
2024-10-22,12.23,HMY
2024-10-21,12.04,HMY
2024-10-18,11.78,HMY
2024-10-17,11.45,HMY
2024-10-16,10.58,HMY
2024-10-15,10.04,HMY
2024-10-14,9.78,HMY
2024-10-11,9.96,HMY
2024-10-10,10.02,HMY
2024-10-09,9.3,HMY
2024-10-08,9.34,HMY
2024-10-07,9.38,HMY
2024-10-04,9.85,HMY
2024-10-03,9.94,HMY
2024-10-02,10.58,HMY
2024-10-01,10.84,HMY
2024-09-30,10.17,HMY
2024-09-27,10.8,HMY
2024-09-26,10.81,HMY
2024-09-25,10.69,HMY
2024-09-24,10.8,HMY
2024-09-23,10.51,HMY
2024-09-20,10.29,HMY
2024-09-19,9.86,HMY
2024-09-18,9.8,HMY
2024-09-17,10.08,HMY
2024-09-16,10.08,HMY
2024-09-13,9.8,HMY
2024-09-12,9.52,HMY
2024-09-11,8.79,HMY
2024-09-10,8.79,HMY
2024-09-09,8.91,HMY
2024-09-06,8.8,HMY
2024-09-05,8.93,HMY
2024-09-04,9.02,HMY
2024-09-03,9.17,HMY
2024-08-30,9.67,HMY
2024-08-29,10.38,HMY
2024-08-28,10.21,HMY
2024-08-27,10.25,HMY
2024-08-26,10.24,HMY
2024-08-23,10.37,HMY
2024-08-22,10.53,HMY
2024-08-21,11.16,HMY
2024-08-20,11.22,HMY
2024-08-19,10.93,HMY
2024-08-16,10.65,HMY
2024-08-15,10.13,HMY
2024-08-14,10.0,HMY
2024-08-13,10.0,HMY
2024-08-12,9.65,HMY
2024-08-09,9.5,HMY
2024-08-08,9.43,HMY
2024-08-07,9.04,HMY
2024-08-06,9.24,HMY
2024-08-05,8.96,HMY
2024-08-02,9.2,HMY
2024-08-01,9.57,HMY
2024-07-31,9.72,HMY
2024-07-30,9.08,HMY
2024-07-29,8.81,HMY
2024-07-26,8.82,HMY
2024-07-25,8.48,HMY
2024-07-24,8.94,HMY
2024-07-23,9.09,HMY
2024-07-22,9.04,HMY
2024-07-19,9.36,HMY
2024-07-18,10.13,HMY
2024-07-17,10.54,HMY
2024-07-16,10.97,HMY
2024-07-15,9.45,HMY
2024-07-12,9.62,HMY
2024-07-11,10.01,HMY
2024-07-10,9.69,HMY
2024-07-09,9.63,HMY
2024-07-08,9.6,HMY
2024-07-05,9.71,HMY
2024-07-03,9.36,HMY
2024-07-02,9.15,HMY
2024-07-01,9.17,HMY
2024-06-28,9.17,HMY
2024-06-27,9.17,HMY
2024-06-26,9.01,HMY
2024-06-25,9.18,HMY
2024-06-24,9.06,HMY
2024-06-21,9.02,HMY
2024-06-20,9.02,HMY
2024-06-18,8.77,HMY
2024-06-17,8.36,HMY
2024-06-14,8.42,HMY
2024-06-13,8.28,HMY
2024-06-12,8.38,HMY
2024-06-11,8.21,HMY
2024-06-10,8.26,HMY
2024-06-07,8.24,HMY
2024-06-06,9.21,HMY
2024-06-05,8.94,HMY
2024-06-04,8.76,HMY
2024-06-03,9.18,HMY
2024-05-31,9.1,HMY
2024-05-30,9.21,HMY
2024-05-29,9.04,HMY
2024-05-28,9.33,HMY
2024-05-24,9.25,HMY
2024-05-23,9.14,HMY
2024-05-22,9.72,HMY
2024-05-21,10.23,HMY
2024-05-20,10.11,HMY
2024-05-17,9.76,HMY
2024-05-16,9.35,HMY
2024-05-15,9.39,HMY
2024-05-14,9.25,HMY
2024-05-13,9.17,HMY
2024-05-10,9.21,HMY
2024-05-09,9.14,HMY
2024-05-08,8.87,HMY
2024-05-07,8.8,HMY
2024-05-06,8.94,HMY
2024-05-03,8.57,HMY
2024-05-02,8.47,HMY
2024-05-01,8.61,HMY
2024-04-30,8.57,HMY
2024-04-29,9.11,HMY
2024-04-26,8.97,HMY
2024-04-25,9.03,HMY
2024-04-24,8.74,HMY
2024-04-23,8.77,HMY
2024-04-22,8.71,HMY
2024-04-19,9.29,HMY
2024-04-18,9.12,HMY
2024-04-17,9.08,HMY
2024-04-16,8.87,HMY
2024-04-15,9.02,HMY
2024-04-12,9.11,HMY
2024-04-11,9.24,HMY
2024-04-10,8.86,HMY
2024-04-09,9.03,HMY
2024-04-08,8.93,HMY
2024-04-05,8.84,HMY
2024-04-04,8.59,HMY
2024-04-03,8.59,HMY
2024-04-02,8.41,HMY
2024-04-01,8.09,HMY
2024-03-28,8.17,HMY
2024-03-27,8.02,HMY
2024-03-26,7.78,HMY
2024-03-25,7.77,HMY
2024-03-22,7.72,HMY
2024-03-21,7.88,HMY
2024-03-20,7.96,HMY
2024-03-19,7.4,HMY
2024-03-18,7.54,HMY
2024-03-15,7.7,HMY
2024-03-14,7.73,HMY
2024-03-13,7.87,HMY
2024-03-12,7.76,HMY
2024-03-11,7.93,HMY
2024-03-08,7.14,HMY
2024-03-07,7.11,HMY
2024-03-06,7.06,HMY
2024-03-05,6.88,HMY
2024-03-04,6.78,HMY
2024-03-01,5.94,HMY
2024-02-29,5.71,HMY
2024-02-28,5.51,HMY
2024-02-27,5.53,HMY
2024-02-26,5.58,HMY
2024-02-23,5.66,HMY
2024-02-22,5.69,HMY
2024-02-21,5.56,HMY
2024-02-20,5.62,HMY
2024-02-16,5.57,HMY
2024-02-15,5.6,HMY
2024-02-14,5.5,HMY
2024-02-13,5.47,HMY
2024-02-12,5.87,HMY
2024-02-09,5.86,HMY
2024-02-08,5.94,HMY
2024-02-07,6.05,HMY
2024-02-06,6.13,HMY
2024-02-05,6.17,HMY
2024-02-02,6.39,HMY
2024-02-01,6.7,HMY
2024-01-31,6.19,HMY
2024-01-30,6.11,HMY
2024-01-29,6.28,HMY
2024-01-26,6.29,HMY
2024-01-25,6.22,HMY
2024-01-24,5.73,HMY
2024-01-23,5.75,HMY
2024-01-22,5.6,HMY
2024-01-19,5.64,HMY
2024-01-18,5.52,HMY
2024-01-17,5.56,HMY
2024-01-16,5.69,HMY
2024-01-12,5.87,HMY
2024-01-11,5.61,HMY
2024-01-10,5.69,HMY
2024-01-09,5.67,HMY
2024-01-08,5.86,HMY
2024-01-05,5.9,HMY
2024-01-04,5.97,HMY
2024-01-03,5.95,HMY
2024-01-02,6.08,HMY
2023-12-29,6.15,HMY
2023-12-28,6.14,HMY
2023-12-27,6.36,HMY
2023-12-26,6.31,HMY
2023-12-22,6.31,HMY
2023-12-21,6.3,HMY
2023-12-20,6.18,HMY
2023-12-19,6.32,HMY
2023-12-18,5.96,HMY
2023-12-15,6.04,HMY
2023-12-14,6.09,HMY
2023-12-13,5.9,HMY
2023-12-12,5.57,HMY
2023-12-11,6.1,HMY
2023-12-08,5.92,HMY
2023-12-07,5.96,HMY
2023-12-06,6.01,HMY
2023-12-05,5.97,HMY
2023-12-04,6.08,HMY
2023-12-01,6.29,HMY
2023-11-30,6.24,HMY
2023-11-29,6.25,HMY
2023-11-28,6.22,HMY
2023-11-27,5.9,HMY
2023-11-24,5.76,HMY
2023-11-22,5.73,HMY
2023-11-21,5.7,HMY
2023-11-20,5.49,HMY
2023-11-17,5.44,HMY
2023-11-16,5.45,HMY
2023-11-15,5.37,HMY
2023-11-14,5.41,HMY
2023-11-13,4.73,HMY
2023-11-10,4.47,HMY
2023-11-09,4.54,HMY
2023-11-08,4.68,HMY
2023-11-07,4.74,HMY
2023-11-06,4.9,HMY
2023-11-03,4.94,HMY
2023-11-02,4.47,HMY
2023-11-01,4.53,HMY
2023-10-31,4.49,HMY
2023-10-30,4.62,HMY
2023-10-27,4.7,HMY
2023-10-26,4.72,HMY
2023-10-25,4.68,HMY
2023-10-24,4.77,HMY
2023-10-23,4.83,HMY
2023-10-20,4.92,HMY
2023-10-19,4.85,HMY
2023-10-18,4.89,HMY
2023-10-17,5.06,HMY
2023-10-16,4.95,HMY
2023-10-13,4.86,HMY
2023-10-12,4.47,HMY
2023-10-11,4.54,HMY
2023-10-10,4.25,HMY
2023-10-09,4.04,HMY
2023-10-06,3.85,HMY
2023-10-05,3.74,HMY
2023-10-04,3.73,HMY
2023-10-03,3.76,HMY
2023-10-02,3.54,HMY
2023-09-29,3.76,HMY
2023-09-28,3.88,HMY
2023-09-27,3.88,HMY
2023-09-26,4.11,HMY
2023-09-25,4.15,HMY
2023-09-22,4.29,HMY
2023-09-21,4.36,HMY
2023-09-20,4.53,HMY
2023-09-19,4.19,HMY
2023-09-18,4.33,HMY
2023-09-15,4.31,HMY
2023-09-14,4.22,HMY
2023-09-13,4.25,HMY
2023-09-12,4.21,HMY
2023-09-11,4.19,HMY
2023-09-08,4.14,HMY
2023-09-07,4.16,HMY
2023-09-06,4.19,HMY
2023-09-05,4.04,HMY
2023-09-01,4.16,HMY
2023-08-31,4.12,HMY
2023-08-30,4.17,HMY
2023-08-29,4.09,HMY
2023-08-28,4.1,HMY
2023-08-25,4.05,HMY
2023-08-24,4.06,HMY
2023-08-23,4.06,HMY
2023-08-22,3.55,HMY
2023-08-21,3.52,HMY
2023-08-18,3.51,HMY
2023-08-17,3.54,HMY
2023-08-16,3.84,HMY
2023-08-15,3.87,HMY
2023-08-14,3.87,HMY
2023-08-11,3.9,HMY
2023-08-10,3.92,HMY
2023-08-09,3.92,HMY
2023-08-08,3.93,HMY
2023-08-07,3.91,HMY
2023-08-04,3.92,HMY
2023-08-03,3.86,HMY
2023-08-02,3.88,HMY
2023-08-01,4.06,HMY
2023-07-31,4.29,HMY
2023-07-28,4.3,HMY
2023-07-27,4.19,HMY
2023-07-26,4.45,HMY
2023-07-25,4.49,HMY
2023-07-24,4.46,HMY
2023-07-21,4.5,HMY
2023-07-20,4.51,HMY
2023-07-19,4.57,HMY
2023-07-18,4.63,HMY
2023-07-17,4.58,HMY
2023-07-14,4.6,HMY
2023-07-13,4.48,HMY
2023-07-12,4.42,HMY
2023-07-11,4.08,HMY
2023-07-10,3.99,HMY
2023-07-07,3.92,HMY
2023-07-06,3.88,HMY
2023-07-05,4.1,HMY
2023-07-03,4.28,HMY
2023-06-30,4.2,HMY
2023-06-29,4.15,HMY
2023-06-28,4.07,HMY
2023-06-27,4.07,HMY
2023-06-26,4.21,HMY
2023-06-23,4.23,HMY
2023-06-22,4.22,HMY
2023-06-21,4.16,HMY
2023-06-20,4.26,HMY
2023-06-16,4.51,HMY
2023-06-15,4.56,HMY
2023-06-14,4.53,HMY
2023-06-13,4.48,HMY
2023-06-12,4.66,HMY
2023-06-09,4.52,HMY
2023-06-08,4.6,HMY
2023-06-07,4.56,HMY
2023-06-06,4.57,HMY
2023-06-05,4.62,HMY
2023-06-02,4.62,HMY
2023-06-01,4.79,HMY
2023-05-31,4.71,HMY
2023-05-30,4.61,HMY
2023-05-26,4.66,HMY
2023-05-25,4.58,HMY
2023-05-24,4.68,HMY
2023-05-23,4.79,HMY
2023-05-22,4.8,HMY
2023-05-19,4.82,HMY
2023-05-18,4.83,HMY
2023-05-17,4.87,HMY
2023-05-16,5.03,HMY
2023-05-15,5.15,HMY
2023-05-12,5.1,HMY
2023-05-11,4.98,HMY
2023-05-10,5.21,HMY
2023-05-09,5.14,HMY
2023-05-08,5.28,HMY
2023-05-05,5.21,HMY
2023-05-04,5.18,HMY
2023-05-03,4.99,HMY
2023-05-02,4.87,HMY
2023-05-01,4.54,HMY
2023-04-28,4.61,HMY
2023-04-27,4.57,HMY
2023-04-26,4.49,HMY
2023-04-25,4.55,HMY
2023-04-24,4.5,HMY
2023-04-21,4.39,HMY
2023-04-20,4.42,HMY
2023-04-19,4.33,HMY
2023-04-18,4.51,HMY
2023-04-17,4.43,HMY
2023-04-14,4.59,HMY
2023-04-13,4.72,HMY
2023-04-12,4.5,HMY
2023-04-11,4.48,HMY
2023-04-10,4.43,HMY
2023-04-06,4.54,HMY
2023-04-05,4.51,HMY
2023-04-04,4.35,HMY
2023-04-03,4.17,HMY
2023-03-31,4.1,HMY
2023-03-30,4.18,HMY
2023-03-29,4.01,HMY
2023-03-28,4.1,HMY
2023-03-27,3.96,HMY
2023-03-24,4.05,HMY
2023-03-23,3.98,HMY
2023-03-22,3.94,HMY
2023-03-21,3.73,HMY
2023-03-20,3.94,HMY
2023-03-17,3.77,HMY
2023-03-16,3.48,HMY
2023-03-15,3.61,HMY
2023-03-14,3.58,HMY
2023-03-13,3.46,HMY
2023-03-10,3.16,HMY
2023-03-09,2.98,HMY
2023-03-08,2.97,HMY
2023-03-07,2.95,HMY
2023-03-06,3.12,HMY
2023-03-03,3.24,HMY
2023-03-02,3.07,HMY
2023-03-01,3.11,HMY
2023-02-28,3.09,HMY
2023-02-27,2.99,HMY
2023-02-24,2.99,HMY
2023-02-23,3.03,HMY
2023-02-22,3.01,HMY
2023-02-21,3.18,HMY
2023-02-17,3.24,HMY
2023-02-16,3.23,HMY
2023-02-15,3.24,HMY
2023-02-14,3.33,HMY
2023-02-13,3.29,HMY
2023-02-10,3.31,HMY
2023-02-09,3.36,HMY
2023-02-08,3.48,HMY
2023-02-07,3.55,HMY
2023-02-06,3.39,HMY
2023-02-03,3.44,HMY
2023-02-02,3.61,HMY
2023-02-01,3.7,HMY
2023-01-31,3.51,HMY
2023-01-30,3.52,HMY
2023-01-27,3.59,HMY
2023-01-26,3.75,HMY
2023-01-25,3.78,HMY
2023-01-24,3.76,HMY
2023-01-23,3.82,HMY
2023-01-20,3.84,HMY
2023-01-19,3.78,HMY
2023-01-18,3.72,HMY
2023-01-17,3.82,HMY
2023-01-13,4.07,HMY
2023-01-12,4.01,HMY
2023-01-11,3.99,HMY
2023-01-10,3.95,HMY
2023-01-09,3.9,HMY
2023-01-06,3.83,HMY
2023-01-05,3.76,HMY
2023-01-04,3.78,HMY
2023-01-03,3.52,HMY
2022-12-30,3.4,HMY
2022-12-29,3.46,HMY
2022-12-28,3.4,HMY
2022-12-27,3.48,HMY
2022-12-23,3.4,HMY
2022-12-22,3.46,HMY
2022-12-21,3.4,HMY
2022-12-20,3.34,HMY
2022-12-19,3.26,HMY
2022-12-16,3.21,HMY
2022-12-15,3.23,HMY
2022-12-14,3.51,HMY
2022-12-13,3.51,HMY
2022-12-12,3.37,HMY
2022-12-09,3.45,HMY
2022-12-08,3.51,HMY
2022-12-07,3.5,HMY
2022-12-06,3.5,HMY
2022-12-05,3.44,HMY
2022-12-02,3.52,HMY
2022-12-01,3.62,HMY
2022-11-30,3.51,HMY
2022-11-29,3.5,HMY
2022-11-28,3.38,HMY
2022-11-25,3.57,HMY
2022-11-23,3.57,HMY
2022-11-22,3.51,HMY
2022-11-21,3.37,HMY
2022-11-18,3.34,HMY
2022-11-17,3.32,HMY
2022-11-16,3.45,HMY
2022-11-15,3.46,HMY
2022-11-14,3.48,HMY
2022-11-11,3.44,HMY
2022-11-10,3.5,HMY
2022-11-09,3.21,HMY
2022-11-08,3.21,HMY
2022-11-07,3.03,HMY
2022-11-04,3.01,HMY
2022-11-03,2.64,HMY
2022-11-02,2.73,HMY
2022-11-01,2.93,HMY
2022-10-31,2.8,HMY
2022-10-28,2.86,HMY
2022-10-27,2.86,HMY
2022-10-26,2.86,HMY
2022-10-25,2.76,HMY
2022-10-24,2.72,HMY
2022-10-21,2.78,HMY
2022-10-20,2.61,HMY
2022-10-19,2.61,HMY
2022-10-18,2.71,HMY
2022-10-17,2.75,HMY
2022-10-14,2.51,HMY
2022-10-13,2.61,HMY
2022-10-12,2.69,HMY
2022-10-11,2.75,HMY
2022-10-10,2.76,HMY
2022-10-07,2.84,HMY
2022-10-06,2.86,HMY
2022-10-05,2.77,HMY
2022-10-04,2.87,HMY
2022-10-03,2.58,HMY
2022-09-30,2.43,HMY
2022-09-29,2.36,HMY
2022-09-28,2.32,HMY
2022-09-27,2.2,HMY
2022-09-26,2.01,HMY
2022-09-23,2.0,HMY
2022-09-22,2.13,HMY
2022-09-21,2.13,HMY
2022-09-20,2.12,HMY
2022-09-19,2.17,HMY
2022-09-16,2.17,HMY
2022-09-15,2.1,HMY
2022-09-14,2.19,HMY
2022-09-13,2.19,HMY
2022-09-12,2.36,HMY
2022-09-09,2.39,HMY
2022-09-08,2.23,HMY
2022-09-07,2.4,HMY
2022-09-06,2.35,HMY
2022-09-02,2.5,HMY
2022-09-01,2.41,HMY
2022-08-31,2.61,HMY
2022-08-30,2.72,HMY
2022-08-29,3.04,HMY
2022-08-26,3.16,HMY
2022-08-25,3.29,HMY
2022-08-24,3.28,HMY
2022-08-23,3.25,HMY
2022-08-22,3.23,HMY
2022-08-19,3.2,HMY
2022-08-18,3.34,HMY
2022-08-17,3.3,HMY
2022-08-16,3.47,HMY
2022-08-15,3.49,HMY
2022-08-12,3.5,HMY
2022-08-11,3.44,HMY
2022-08-10,3.52,HMY
2022-08-09,3.48,HMY
2022-08-08,3.55,HMY
2022-08-05,3.43,HMY
2022-08-04,3.26,HMY
2022-08-03,3.15,HMY
2022-08-02,3.24,HMY
2022-08-01,3.27,HMY
2022-07-29,3.27,HMY
2022-07-28,3.24,HMY
2022-07-27,3.2,HMY
2022-07-26,3.09,HMY
2022-07-25,2.97,HMY
2022-07-22,3.11,HMY
2022-07-21,3.11,HMY
2022-07-20,2.99,HMY
2022-07-19,3.06,HMY
2022-07-18,3.02,HMY
2022-07-15,3.03,HMY
2022-07-14,3.05,HMY
2022-07-13,3.25,HMY
2022-07-12,3.08,HMY
2022-07-11,3.22,HMY
2022-07-08,3.29,HMY
2022-07-07,3.25,HMY
2022-07-06,3.24,HMY
2022-07-05,3.18,HMY
2022-07-01,3.25,HMY
2022-06-30,3.13,HMY
2022-06-29,3.24,HMY
2022-06-28,3.29,HMY
2022-06-27,3.41,HMY
2022-06-24,3.28,HMY
2022-06-23,3.18,HMY
2022-06-22,3.26,HMY
2022-06-21,3.44,HMY
2022-06-17,3.36,HMY
2022-06-16,3.32,HMY
2022-06-15,3.18,HMY
2022-06-14,3.07,HMY
2022-06-13,3.14,HMY
2022-06-10,3.52,HMY
2022-06-09,3.2,HMY
2022-06-08,3.33,HMY
2022-06-07,3.38,HMY
2022-06-06,3.47,HMY
2022-06-03,3.57,HMY
2022-06-02,3.67,HMY
2022-06-01,3.35,HMY
2022-05-31,3.37,HMY
2022-05-27,3.67,HMY
2022-05-26,3.62,HMY
2022-05-25,3.63,HMY
2022-05-24,3.67,HMY
2022-05-23,3.67,HMY
2022-05-20,3.59,HMY
2022-05-19,3.63,HMY
2022-05-18,3.43,HMY
2022-05-17,3.55,HMY
2022-05-16,3.6,HMY
2022-05-13,3.51,HMY
2022-05-12,3.29,HMY
2022-05-11,3.49,HMY
2022-05-10,3.48,HMY
2022-05-09,3.58,HMY
2022-05-06,3.93,HMY
2022-05-05,4.03,HMY
2022-05-04,4.23,HMY
2022-05-03,4.18,HMY
2022-05-02,4.09,HMY
2022-04-29,4.09,HMY
2022-04-28,4.19,HMY
2022-04-27,4.06,HMY
2022-04-26,4.07,HMY
2022-04-25,4.09,HMY
2022-04-22,4.25,HMY
2022-04-21,4.42,HMY
2022-04-20,4.61,HMY
2022-04-19,4.54,HMY
2022-04-18,4.82,HMY
2022-04-14,4.82,HMY
2022-04-13,4.86,HMY
2022-04-12,4.74,HMY
2022-04-11,4.76,HMY
2022-04-08,4.86,HMY
2022-04-07,4.73,HMY
2022-04-06,4.72,HMY
2022-04-05,4.67,HMY
2022-04-04,4.86,HMY
2022-04-01,5.24,HMY
2022-03-31,5.03,HMY
2022-03-30,5.09,HMY
2022-03-29,4.92,HMY
2022-03-28,4.93,HMY
2022-03-25,5.2,HMY
2022-03-24,5.21,HMY
2022-03-23,5.25,HMY
2022-03-22,4.97,HMY
2022-03-21,5.09,HMY
2022-03-18,4.96,HMY
2022-03-17,5.01,HMY
2022-03-16,4.9,HMY
2022-03-15,4.97,HMY
2022-03-14,4.95,HMY
2022-03-11,5.24,HMY
2022-03-10,5.36,HMY
2022-03-09,5.17,HMY
2022-03-08,5.23,HMY
2022-03-07,5.24,HMY
2022-03-04,5.09,HMY
2022-03-03,4.88,HMY
2022-03-02,4.78,HMY
2022-03-01,4.82,HMY
2022-02-28,4.25,HMY
2022-02-25,3.97,HMY
2022-02-24,3.99,HMY
2022-02-23,4.12,HMY
2022-02-22,3.92,HMY
2022-02-18,4.13,HMY
2022-02-17,4.13,HMY
2022-02-16,3.79,HMY
2022-02-15,3.61,HMY
2022-02-14,3.95,HMY
2022-02-11,3.83,HMY
2022-02-10,3.64,HMY
2022-02-09,3.71,HMY
2022-02-08,3.78,HMY
2022-02-07,3.73,HMY
2022-02-04,3.61,HMY
2022-02-03,3.56,HMY
2022-02-02,3.6,HMY
2022-02-01,3.64,HMY
2022-01-31,3.59,HMY
2022-01-28,3.4,HMY
2022-01-27,3.52,HMY
2022-01-26,3.71,HMY
2022-01-25,4.16,HMY
2022-01-24,4.02,HMY
2022-01-21,4.08,HMY
2022-01-20,4.11,HMY
2022-01-19,4.2,HMY
2022-01-18,3.61,HMY
2022-01-14,3.72,HMY
2022-01-13,3.77,HMY
2022-01-12,3.88,HMY
2022-01-11,3.76,HMY
2022-01-10,3.52,HMY
2022-01-07,3.51,HMY
2022-01-06,3.53,HMY
2022-01-05,3.8,HMY
2022-01-04,3.9,HMY
2022-01-03,3.89,HMY
2021-12-31,4.11,HMY
2021-12-30,4.08,HMY
2021-12-29,3.94,HMY
2021-12-28,3.92,HMY
2021-12-27,3.99,HMY
2021-12-23,3.95,HMY
2021-12-22,3.96,HMY
2021-12-21,3.94,HMY
2021-12-20,3.86,HMY
2021-12-17,3.76,HMY
2021-12-16,3.78,HMY
2021-12-15,3.49,HMY
2021-12-14,3.58,HMY
2021-12-13,3.6,HMY
2021-12-10,3.65,HMY
2021-12-09,3.84,HMY
2021-12-08,3.92,HMY
2021-12-07,3.99,HMY
2021-12-06,4.09,HMY
2021-12-03,4.22,HMY
2021-12-02,4.12,HMY
2021-12-01,4.12,HMY
2021-11-30,4.26,HMY
2021-11-29,4.04,HMY
2021-11-26,3.86,HMY
2021-11-24,3.89,HMY
2021-11-23,3.93,HMY
2021-11-22,4.02,HMY
2021-11-19,4.03,HMY
2021-11-18,4.17,HMY
2021-11-17,4.25,HMY
2021-11-16,4.12,HMY
2021-11-15,4.14,HMY
2021-11-12,4.07,HMY
2021-11-11,4.11,HMY
2021-11-10,3.71,HMY
2021-11-09,3.6,HMY
2021-11-08,3.64,HMY
2021-11-05,3.63,HMY
2021-11-04,3.53,HMY
2021-11-03,3.56,HMY
2021-11-02,3.55,HMY
2021-11-01,3.59,HMY
2021-10-29,3.62,HMY
2021-10-28,3.77,HMY
2021-10-27,3.87,HMY
2021-10-26,3.92,HMY
2021-10-25,3.98,HMY
2021-10-22,3.93,HMY
2021-10-21,3.9,HMY
2021-10-20,3.94,HMY
2021-10-19,3.86,HMY
2021-10-18,3.8,HMY
2021-10-15,3.86,HMY
2021-10-14,3.89,HMY
2021-10-13,3.86,HMY
2021-10-12,3.69,HMY
2021-10-11,3.54,HMY
2021-10-08,3.5,HMY
2021-10-07,3.43,HMY
2021-10-06,3.41,HMY
2021-10-05,3.24,HMY
2021-10-04,3.22,HMY
2021-10-01,3.18,HMY
2021-09-30,3.15,HMY
2021-09-29,3.01,HMY
2021-09-28,3.18,HMY
2021-09-27,3.23,HMY
2021-09-24,3.18,HMY
2021-09-23,3.22,HMY
2021-09-22,3.26,HMY
2021-09-21,3.28,HMY
2021-09-20,3.3,HMY
2021-09-17,3.23,HMY
2021-09-16,3.21,HMY
2021-09-15,3.41,HMY
2021-09-14,3.46,HMY
2021-09-13,3.3,HMY
2021-09-10,3.13,HMY
2021-09-09,3.17,HMY
2021-09-08,3.23,HMY
2021-09-07,3.27,HMY
2021-09-03,3.51,HMY
2021-09-02,3.53,HMY
2021-09-01,3.69,HMY
2021-08-31,3.78,HMY
2021-08-30,3.79,HMY
2021-08-27,3.84,HMY
2021-08-26,3.56,HMY
2021-08-25,3.6,HMY
2021-08-24,3.74,HMY
2021-08-23,3.76,HMY
2021-08-20,3.58,HMY
2021-08-19,3.49,HMY
2021-08-18,3.53,HMY
2021-08-17,3.64,HMY
2021-08-16,3.65,HMY
2021-08-13,3.57,HMY
2021-08-12,3.49,HMY
2021-08-11,3.62,HMY
2021-08-10,3.49,HMY
2021-08-09,3.58,HMY
2021-08-06,3.75,HMY
2021-08-05,4.01,HMY
2021-08-04,4.22,HMY
2021-08-03,4.21,HMY
2021-08-02,4.16,HMY
2021-07-30,4.1,HMY
2021-07-29,4.25,HMY
2021-07-28,4.13,HMY
2021-07-27,4.07,HMY
2021-07-26,4.03,HMY
2021-07-23,3.91,HMY
2021-07-22,4.06,HMY
2021-07-21,4.1,HMY
2021-07-20,4.08,HMY
2021-07-19,4.05,HMY
2021-07-16,4.04,HMY
2021-07-15,4.17,HMY
2021-07-14,4.11,HMY
2021-07-13,4.0,HMY
2021-07-12,3.82,HMY
2021-07-09,3.82,HMY
2021-07-08,3.74,HMY
2021-07-07,3.91,HMY
2021-07-06,3.87,HMY
2021-07-02,3.86,HMY
2021-07-01,3.8,HMY
2021-06-30,3.73,HMY
2021-06-29,3.68,HMY
2021-06-28,3.74,HMY
2021-06-25,3.83,HMY
2021-06-24,3.86,HMY
2021-06-23,3.87,HMY
2021-06-22,3.98,HMY
2021-06-21,4.15,HMY
2021-06-18,4.08,HMY
2021-06-17,4.22,HMY
2021-06-16,4.28,HMY
2021-06-15,4.43,HMY
2021-06-14,4.5,HMY
2021-06-11,4.64,HMY
2021-06-10,4.82,HMY
2021-06-09,4.67,HMY
2021-06-08,4.75,HMY
2021-06-07,4.94,HMY
2021-06-04,5.1,HMY
2021-06-03,5.01,HMY
2021-06-02,5.36,HMY
2021-06-01,5.26,HMY
2021-05-28,5.16,HMY
2021-05-27,5.16,HMY
2021-05-26,5.34,HMY
2021-05-25,5.43,HMY
2021-05-24,5.45,HMY
2021-05-21,5.48,HMY
2021-05-20,5.5,HMY
2021-05-19,5.47,HMY
2021-05-18,5.58,HMY
2021-05-17,5.53,HMY
2021-05-14,4.99,HMY
2021-05-13,4.78,HMY
2021-05-12,4.76,HMY
2021-05-11,4.98,HMY
2021-05-10,5.07,HMY
2021-05-07,5.18,HMY
2021-05-06,4.85,HMY
2021-05-05,4.62,HMY
2021-05-04,4.65,HMY
2021-05-03,4.82,HMY
2021-04-30,4.54,HMY
2021-04-29,4.63,HMY
2021-04-28,4.83,HMY
2021-04-27,4.77,HMY
2021-04-26,4.88,HMY
2021-04-23,4.79,HMY
2021-04-22,4.74,HMY
2021-04-21,4.86,HMY
2021-04-20,4.66,HMY
2021-04-19,4.69,HMY
2021-04-16,4.72,HMY
2021-04-15,4.6,HMY
2021-04-14,4.35,HMY
2021-04-13,4.57,HMY
2021-04-12,4.58,HMY
2021-04-09,4.88,HMY
2021-04-08,4.94,HMY
2021-04-07,4.82,HMY
2021-04-06,4.94,HMY
2021-04-05,4.82,HMY
2021-04-01,4.87,HMY
2021-03-31,4.36,HMY
2021-03-30,4.25,HMY
2021-03-29,4.5,HMY
2021-03-26,4.4,HMY
2021-03-25,4.15,HMY
2021-03-24,4.08,HMY
2021-03-23,4.16,HMY
2021-03-22,4.45,HMY
2021-03-19,4.54,HMY
2021-03-18,4.5,HMY
2021-03-17,4.57,HMY
2021-03-16,4.49,HMY
2021-03-15,4.47,HMY
2021-03-12,4.35,HMY
2021-03-11,4.47,HMY
2021-03-10,4.58,HMY
2021-03-09,4.52,HMY
2021-03-08,4.32,HMY
2021-03-05,4.33,HMY
2021-03-04,4.2,HMY
2021-03-03,4.14,HMY
2021-03-02,4.12,HMY
2021-03-01,3.82,HMY
2021-02-26,3.79,HMY
2021-02-25,3.92,HMY
2021-02-24,4.1,HMY
2021-02-23,4.06,HMY
2021-02-22,4.15,HMY
2021-02-19,3.86,HMY
2021-02-18,3.77,HMY
2021-02-17,3.89,HMY
2021-02-16,3.95,HMY
2021-02-12,4.13,HMY
2021-02-11,4.18,HMY
2021-02-10,4.33,HMY
2021-02-09,4.29,HMY
2021-02-08,4.3,HMY
2021-02-05,4.32,HMY
2021-02-04,4.19,HMY
2021-02-03,4.33,HMY
2021-02-02,4.33,HMY
2021-02-01,4.53,HMY
2021-01-29,4.45,HMY
2021-01-28,4.53,HMY
2021-01-27,4.29,HMY
2021-01-26,4.6,HMY
2021-01-25,4.43,HMY
2021-01-22,4.41,HMY
2021-01-21,4.46,HMY
2021-01-20,4.49,HMY
2021-01-19,4.23,HMY
2021-01-15,4.26,HMY
2021-01-14,4.44,HMY
2021-01-13,4.47,HMY
2021-01-12,4.53,HMY
2021-01-11,4.41,HMY
2021-01-08,4.52,HMY
2021-01-07,4.78,HMY
2021-01-06,4.95,HMY
2021-01-05,5.13,HMY
2021-01-04,5.33,HMY
2020-12-31,4.68,HMY
2020-12-30,4.89,HMY
2020-12-29,4.73,HMY
2020-12-28,4.68,HMY
2020-12-24,4.77,HMY
2020-12-23,4.68,HMY
2020-12-22,4.61,HMY
2020-12-21,4.86,HMY
2020-12-18,4.78,HMY
2020-12-17,4.81,HMY
2020-12-16,4.56,HMY
2020-12-15,4.48,HMY
2020-12-14,4.1,HMY
2020-12-11,4.14,HMY
2020-12-10,4.24,HMY
2020-12-09,4.22,HMY
2020-12-08,4.51,HMY
2020-12-07,4.47,HMY
2020-12-04,4.33,HMY
2020-12-03,4.42,HMY
2020-12-02,4.55,HMY
2020-12-01,4.55,HMY
2020-11-30,4.21,HMY
2020-11-27,4.24,HMY
2020-11-25,4.29,HMY
2020-11-24,4.16,HMY
2020-11-23,4.32,HMY
2020-11-20,4.66,HMY
2020-11-19,4.55,HMY
2020-11-18,4.56,HMY
2020-11-17,4.63,HMY
2020-11-16,4.71,HMY
2020-11-13,4.81,HMY
2020-11-12,4.69,HMY
2020-11-11,4.76,HMY
2020-11-10,5.02,HMY
2020-11-09,5.09,HMY
2020-11-06,5.83,HMY
2020-11-05,5.79,HMY
2020-11-04,5.19,HMY
2020-11-03,5.27,HMY
2020-11-02,5.24,HMY
2020-10-30,4.91,HMY
2020-10-29,4.88,HMY
2020-10-28,4.81,HMY
2020-10-27,5.27,HMY
2020-10-26,5.13,HMY
2020-10-23,5.3,HMY
2020-10-22,5.53,HMY
2020-10-21,5.78,HMY
2020-10-20,5.59,HMY
2020-10-19,5.49,HMY
2020-10-16,5.66,HMY
2020-10-15,5.76,HMY
2020-10-14,5.93,HMY
2020-10-13,5.77,HMY
2020-10-12,5.85,HMY
2020-10-09,5.96,HMY
2020-10-08,5.44,HMY
2020-10-07,5.23,HMY
2020-10-06,5.15,HMY
2020-10-05,5.41,HMY
2020-10-02,5.26,HMY
2020-10-01,5.29,HMY
2020-09-30,5.27,HMY
2020-09-29,5.42,HMY
2020-09-28,5.18,HMY
2020-09-25,5.12,HMY
2020-09-24,5.14,HMY
2020-09-23,4.99,HMY
2020-09-22,5.28,HMY
2020-09-21,5.29,HMY
2020-09-18,5.53,HMY
2020-09-17,5.77,HMY
2020-09-16,6.11,HMY
2020-09-15,6.36,HMY
2020-09-14,6.19,HMY
2020-09-11,6.0,HMY
2020-09-10,6.24,HMY
2020-09-09,6.25,HMY
2020-09-08,5.76,HMY
2020-09-04,5.95,HMY
2020-09-03,6.03,HMY
2020-09-02,6.03,HMY
2020-09-01,6.23,HMY
2020-08-31,6.48,HMY
2020-08-28,6.48,HMY
2020-08-27,5.75,HMY
2020-08-26,5.96,HMY
2020-08-25,5.79,HMY
2020-08-24,5.92,HMY
2020-08-21,5.76,HMY
2020-08-20,5.94,HMY
2020-08-19,5.9,HMY
2020-08-18,6.18,HMY
2020-08-17,6.25,HMY
2020-08-14,5.95,HMY
2020-08-13,5.93,HMY
2020-08-12,5.72,HMY
2020-08-11,5.74,HMY
2020-08-10,6.23,HMY
2020-08-07,6.39,HMY
2020-08-06,6.69,HMY
2020-08-05,6.9,HMY
2020-08-04,6.87,HMY
2020-08-03,6.35,HMY
2020-07-31,6.45,HMY
2020-07-30,6.38,HMY
2020-07-29,6.84,HMY
2020-07-28,7.09,HMY
2020-07-27,7.1,HMY
2020-07-24,7.03,HMY
2020-07-23,6.47,HMY
2020-07-22,6.42,HMY
2020-07-21,6.34,HMY
2020-07-20,6.56,HMY
2020-07-17,6.42,HMY
2020-07-16,5.83,HMY
2020-07-15,6.02,HMY
2020-07-14,6.04,HMY
2020-07-13,5.47,HMY
2020-07-10,5.82,HMY
2020-07-09,5.51,HMY
2020-07-08,5.79,HMY
2020-07-07,5.05,HMY
2020-07-06,4.72,HMY
2020-07-02,4.51,HMY
2020-07-01,4.45,HMY
2020-06-30,4.17,HMY
2020-06-29,3.97,HMY
2020-06-26,3.6,HMY
2020-06-25,3.65,HMY
2020-06-24,3.43,HMY
2020-06-23,3.59,HMY
2020-06-22,3.46,HMY
2020-06-19,3.28,HMY
2020-06-18,3.03,HMY
2020-06-17,3.02,HMY
2020-06-16,2.99,HMY
2020-06-15,3.12,HMY
2020-06-12,3.14,HMY
2020-06-11,3.08,HMY
2020-06-10,3.36,HMY
2020-06-09,3.22,HMY
2020-06-08,3.17,HMY
2020-06-05,3.13,HMY
2020-06-04,3.25,HMY
2020-06-03,3.11,HMY
2020-06-02,3.28,HMY
2020-06-01,3.41,HMY
2020-05-29,3.33,HMY
2020-05-28,3.32,HMY
2020-05-27,3.39,HMY
2020-05-26,3.31,HMY
2020-05-22,3.53,HMY
2020-05-21,3.62,HMY
2020-05-20,3.68,HMY
2020-05-19,3.79,HMY
2020-05-18,3.74,HMY
2020-05-15,3.85,HMY
2020-05-14,3.78,HMY
2020-05-13,3.52,HMY
2020-05-12,3.67,HMY
2020-05-11,3.47,HMY
2020-05-08,3.57,HMY
2020-05-07,3.54,HMY
2020-05-06,3.5,HMY
2020-05-05,3.88,HMY
2020-05-04,3.91,HMY
2020-05-01,3.85,HMY
2020-04-30,3.62,HMY
2020-04-29,3.75,HMY
2020-04-28,3.57,HMY
2020-04-27,3.65,HMY
2020-04-24,3.77,HMY
2020-04-23,3.55,HMY
2020-04-22,3.08,HMY
2020-04-21,2.82,HMY
2020-04-20,2.94,HMY
2020-04-17,2.78,HMY
2020-04-16,2.89,HMY
2020-04-15,2.86,HMY
2020-04-14,3.07,HMY
2020-04-13,2.85,HMY
2020-04-09,2.67,HMY
2020-04-08,2.47,HMY
2020-04-07,2.4,HMY
2020-04-06,2.42,HMY
2020-04-03,2.11,HMY
2020-04-02,2.18,HMY
2020-04-01,2.14,HMY
2020-03-31,2.18,HMY
2020-03-30,2.24,HMY
2020-03-27,2.38,HMY
2020-03-26,2.69,HMY
2020-03-25,2.78,HMY
2020-03-24,2.38,HMY
2020-03-23,2.18,HMY
2020-03-20,1.93,HMY
2020-03-19,2.19,HMY
2020-03-18,2.08,HMY
2020-03-17,2.77,HMY
2020-03-16,2.63,HMY
2020-03-13,2.46,HMY
2020-03-12,2.81,HMY
2020-03-11,3.37,HMY
2020-03-10,3.59,HMY
2020-03-09,3.69,HMY
2020-03-06,3.96,HMY
2020-03-05,3.98,HMY
2020-03-04,3.81,HMY
2020-03-03,3.69,HMY
2020-03-02,3.53,HMY
2020-02-28,3.4,HMY
2020-02-27,3.79,HMY
2020-02-26,4.05,HMY
2020-02-25,4.03,HMY
2020-02-24,4.21,HMY
2020-02-21,4.13,HMY
2020-02-20,3.67,HMY
2020-02-19,3.8,HMY
2020-02-18,3.45,HMY
2020-02-14,3.13,HMY
2020-02-13,3.07,HMY
2020-02-12,3.06,HMY
2020-02-11,2.77,HMY
2020-02-10,3.01,HMY
2020-02-07,2.98,HMY
2020-02-06,3.11,HMY
2020-02-05,3.18,HMY
2020-02-04,3.21,HMY
2020-02-03,3.31,HMY
2020-01-31,3.36,HMY
2020-01-30,3.37,HMY
2020-01-29,3.29,HMY
2020-01-28,3.27,HMY
2020-01-27,3.56,HMY
2020-01-24,3.67,HMY
2020-01-23,3.5,HMY
2020-01-22,3.58,HMY
2020-01-21,3.6,HMY
2020-01-17,3.55,HMY
2020-01-16,3.54,HMY
2020-01-15,3.53,HMY
2020-01-14,3.56,HMY
2020-01-13,3.52,HMY
2020-01-10,3.7,HMY
2020-01-09,3.66,HMY
2020-01-08,3.61,HMY
2020-01-07,3.87,HMY
2020-01-06,3.78,HMY
2020-01-03,3.72,HMY
2020-01-02,3.69,HMY
2019-12-31,3.63,HMY
2019-12-30,3.63,HMY
2019-12-27,3.57,HMY
2019-12-26,3.56,HMY
2019-12-24,3.49,HMY
2019-12-23,3.22,HMY
2019-12-20,3.14,HMY
2019-12-19,3.24,HMY
2019-12-18,3.11,HMY
2019-12-17,3.16,HMY
2019-12-16,3.18,HMY
2019-12-13,3.19,HMY
2019-12-12,3.26,HMY
2019-12-11,3.27,HMY
2019-12-10,3.12,HMY
2019-12-09,3.06,HMY
2019-12-06,3.12,HMY
2019-12-05,3.2,HMY
2019-12-04,3.19,HMY
2019-12-03,3.28,HMY
2019-12-02,2.96,HMY
2019-11-29,3.12,HMY
2019-11-27,3.05,HMY
2019-11-26,3.12,HMY
2019-11-25,3.05,HMY
2019-11-22,3.17,HMY
2019-11-21,3.3,HMY
2019-11-20,3.35,HMY
2019-11-19,3.36,HMY
2019-11-18,3.36,HMY
2019-11-15,3.27,HMY
2019-11-14,3.33,HMY
2019-11-13,3.26,HMY
2019-11-12,3.14,HMY
2019-11-11,3.06,HMY
2019-11-08,3.12,HMY
2019-11-07,3.09,HMY
2019-11-06,3.27,HMY
2019-11-05,3.22,HMY
2019-11-04,3.38,HMY
2019-11-01,3.5,HMY
2019-10-31,3.48,HMY
2019-10-30,3.36,HMY
2019-10-29,3.28,HMY
2019-10-28,3.29,HMY
2019-10-25,3.39,HMY
2019-10-24,3.4,HMY
2019-10-23,3.14,HMY
2019-10-22,3.07,HMY
2019-10-21,3.12,HMY
2019-10-18,3.17,HMY
2019-10-17,3.15,HMY
2019-10-16,3.06,HMY
2019-10-15,2.92,HMY
2019-10-14,3.01,HMY
2019-10-11,2.92,HMY
2019-10-10,3.1,HMY
2019-10-09,3.16,HMY
2019-10-08,3.2,HMY
2019-10-07,3.05,HMY
2019-10-04,3.11,HMY
2019-10-03,2.95,HMY
2019-10-02,3.03,HMY
2019-10-01,2.88,HMY
2019-09-30,2.84,HMY
2019-09-27,2.92,HMY
2019-09-26,3.1,HMY
2019-09-25,3.14,HMY
2019-09-24,3.37,HMY
2019-09-23,3.3,HMY
2019-09-20,3.22,HMY
2019-09-19,3.1,HMY
2019-09-18,3.01,HMY
2019-09-17,3.08,HMY
2019-09-16,3.09,HMY
2019-09-13,2.99,HMY
2019-09-12,3.15,HMY
2019-09-11,3.28,HMY
2019-09-10,3.3,HMY
2019-09-09,3.31,HMY
2019-09-06,3.4,HMY
2019-09-05,3.5,HMY
2019-09-04,3.8,HMY
2019-09-03,3.67,HMY
2019-08-30,3.71,HMY
2019-08-29,3.7,HMY
2019-08-28,3.76,HMY
2019-08-27,3.84,HMY
2019-08-26,3.61,HMY
2019-08-23,3.58,HMY
2019-08-22,3.33,HMY
2019-08-21,3.35,HMY
2019-08-20,3.24,HMY
2019-08-19,2.94,HMY
2019-08-16,2.97,HMY
2019-08-15,3.0,HMY
2019-08-14,2.97,HMY
2019-08-13,2.87,HMY
2019-08-12,2.97,HMY
2019-08-09,3.04,HMY
2019-08-08,2.97,HMY
2019-08-07,2.97,HMY
2019-08-06,2.9,HMY
2019-08-05,2.85,HMY
2019-08-02,2.66,HMY
2019-08-01,2.63,HMY
2019-07-31,2.44,HMY
2019-07-30,2.64,HMY
2019-07-29,2.59,HMY
2019-07-26,2.47,HMY
2019-07-25,2.49,HMY
2019-07-24,2.52,HMY
2019-07-23,2.42,HMY
2019-07-22,2.49,HMY
2019-07-19,2.56,HMY
2019-07-18,2.58,HMY
2019-07-17,2.43,HMY
2019-07-16,2.34,HMY
2019-07-15,2.37,HMY
2019-07-12,2.38,HMY
2019-07-11,2.32,HMY
2019-07-10,2.46,HMY
2019-07-09,2.35,HMY
2019-07-08,2.37,HMY
2019-07-05,2.23,HMY
2019-07-03,2.25,HMY
2019-07-02,2.23,HMY
2019-07-01,2.12,HMY
2019-06-28,2.27,HMY
2019-06-27,2.26,HMY
2019-06-26,2.24,HMY
2019-06-25,2.19,HMY
2019-06-24,2.24,HMY
2019-06-21,2.17,HMY
2019-06-20,2.17,HMY
2019-06-19,2.02,HMY
2019-06-18,1.95,HMY
2019-06-17,1.99,HMY
2019-06-14,1.96,HMY
2019-06-13,1.97,HMY
2019-06-12,1.91,HMY
2019-06-11,1.83,HMY
2019-06-10,1.81,HMY
2019-06-07,1.89,HMY
2019-06-06,1.92,HMY
2019-06-05,1.87,HMY
2019-06-04,1.87,HMY
2019-06-03,1.88,HMY
2019-05-31,1.78,HMY
2019-05-30,1.66,HMY
2019-05-29,1.61,HMY
2019-05-28,1.57,HMY
2019-05-24,1.66,HMY
2019-05-23,1.65,HMY
2019-05-22,1.66,HMY
2019-05-21,1.66,HMY
2019-05-20,1.65,HMY
2019-05-17,1.63,HMY
2019-05-16,1.61,HMY
2019-05-15,1.62,HMY
2019-05-14,1.66,HMY
2019-05-13,1.66,HMY
2019-05-10,1.65,HMY
2019-05-09,1.7,HMY
2019-05-08,1.69,HMY
2019-05-07,1.75,HMY
2019-05-06,1.64,HMY
2019-05-03,1.6,HMY
2019-05-02,1.65,HMY
2019-05-01,1.72,HMY
2019-04-30,1.74,HMY
2019-04-29,1.76,HMY
2019-04-26,1.86,HMY
2019-04-25,1.82,HMY
2019-04-24,1.81,HMY
2019-04-23,1.79,HMY
2019-04-22,1.78,HMY
2019-04-18,1.82,HMY
2019-04-17,1.84,HMY
2019-04-16,1.82,HMY
2019-04-15,1.87,HMY
2019-04-12,1.92,HMY
2019-04-11,1.93,HMY
2019-04-10,1.99,HMY
2019-04-09,2.08,HMY
2019-04-08,2.03,HMY
2019-04-05,1.94,HMY
2019-04-04,1.93,HMY
2019-04-03,1.91,HMY
2019-04-02,1.8,HMY
2019-04-01,1.79,HMY
2019-03-29,1.9,HMY
2019-03-28,1.89,HMY
2019-03-27,2.02,HMY
2019-03-26,2.04,HMY
2019-03-25,2.07,HMY
2019-03-22,1.99,HMY
2019-03-21,2.07,HMY
2019-03-20,2.02,HMY
2019-03-19,1.95,HMY
2019-03-18,1.94,HMY
2019-03-15,1.98,HMY
2019-03-14,1.94,HMY
2019-03-13,2.09,HMY
2019-03-12,2.02,HMY
2019-03-11,2.0,HMY
2019-03-08,2.04,HMY
2019-03-07,1.89,HMY
2019-03-06,1.85,HMY
2019-03-05,1.96,HMY
2019-03-04,2.03,HMY
2019-03-01,2.0,HMY
2019-02-28,2.08,HMY
2019-02-27,2.12,HMY
2019-02-26,2.1,HMY
2019-02-25,2.06,HMY
2019-02-22,2.09,HMY
2019-02-21,2.14,HMY
2019-02-20,2.13,HMY
2019-02-19,2.07,HMY
2019-02-15,1.99,HMY
2019-02-14,1.95,HMY
2019-02-13,1.96,HMY
2019-02-12,2.06,HMY
2019-02-11,2.15,HMY
2019-02-08,2.14,HMY
2019-02-07,2.08,HMY
2019-02-06,2.07,HMY
2019-02-05,2.05,HMY
2019-02-04,1.99,HMY
2019-02-01,2.04,HMY
2019-01-31,1.98,HMY
2019-01-30,1.96,HMY
2019-01-29,2.04,HMY
2019-01-28,1.89,HMY
2019-01-25,1.78,HMY
2019-01-24,1.76,HMY
2019-01-23,1.73,HMY
2019-01-22,1.71,HMY
2019-01-18,1.69,HMY
2019-01-17,1.78,HMY
2019-01-16,1.77,HMY
2019-01-15,1.77,HMY
2019-01-14,1.84,HMY
2019-01-11,1.86,HMY
2019-01-10,1.85,HMY
2019-01-09,1.93,HMY
2019-01-08,1.88,HMY
2019-01-07,1.87,HMY
2019-01-04,1.87,HMY
2019-01-03,1.93,HMY
2019-01-02,1.81,HMY
2018-12-31,1.79,HMY
2018-12-28,1.67,HMY
2018-12-27,1.68,HMY
2018-12-26,1.73,HMY
2018-12-24,1.76,HMY
2018-12-21,1.71,HMY
2018-12-20,1.74,HMY
2018-12-19,1.63,HMY
2018-12-18,1.69,HMY
2018-12-17,1.67,HMY
2018-12-14,1.6,HMY
2018-12-13,1.65,HMY
2018-12-12,1.64,HMY
2018-12-11,1.6,HMY
2018-12-10,1.55,HMY
2018-12-07,1.64,HMY
2018-12-06,1.62,HMY
2018-12-04,1.6,HMY
2018-12-03,1.51,HMY
2018-11-30,1.5,HMY
2018-11-29,1.54,HMY
2018-11-28,1.56,HMY
2018-11-27,1.51,HMY
2018-11-26,1.56,HMY
2018-11-23,1.63,HMY
2018-11-21,1.68,HMY
2018-11-20,1.67,HMY
2018-11-19,1.69,HMY
2018-11-16,1.69,HMY
2018-11-15,1.69,HMY
2018-11-14,1.61,HMY
2018-11-13,1.55,HMY
2018-11-12,1.59,HMY
2018-11-09,1.67,HMY
2018-11-08,1.75,HMY
2018-11-07,1.76,HMY
2018-11-06,1.78,HMY
2018-11-05,1.83,HMY
2018-11-02,1.87,HMY
2018-11-01,1.9,HMY
2018-10-31,1.84,HMY
2018-10-30,2.0,HMY
2018-10-29,1.94,HMY
2018-10-26,1.96,HMY
2018-10-25,1.98,HMY
2018-10-24,2.08,HMY
2018-10-23,2.11,HMY
2018-10-22,2.07,HMY
2018-10-19,2.07,HMY
2018-10-18,2.11,HMY
2018-10-17,2.03,HMY
2018-10-16,2.07,HMY
2018-10-15,2.12,HMY
2018-10-12,2.02,HMY
2018-10-11,2.04,HMY
2018-10-10,1.76,HMY
2018-10-09,1.72,HMY
2018-10-08,1.73,HMY
2018-10-05,1.67,HMY
2018-10-04,1.67,HMY
2018-10-03,1.67,HMY
2018-10-02,1.7,HMY
2018-10-01,1.65,HMY
2018-09-28,1.66,HMY
2018-09-27,1.67,HMY
2018-09-26,1.81,HMY
2018-09-25,1.84,HMY
2018-09-24,1.85,HMY
2018-09-21,1.87,HMY
2018-09-20,1.92,HMY
2018-09-19,1.86,HMY
2018-09-18,1.87,HMY
2018-09-17,1.89,HMY
2018-09-14,1.77,HMY
2018-09-13,1.79,HMY
2018-09-12,1.78,HMY
2018-09-11,1.75,HMY
2018-09-10,1.76,HMY
2018-09-07,1.79,HMY
2018-09-06,1.77,HMY
2018-09-05,1.77,HMY
2018-09-04,1.69,HMY
2018-08-31,1.66,HMY
2018-08-30,1.65,HMY
2018-08-29,1.72,HMY
2018-08-28,1.67,HMY
2018-08-27,1.74,HMY
2018-08-24,1.6,HMY
2018-08-23,1.54,HMY
2018-08-22,1.64,HMY
2018-08-21,1.57,HMY
2018-08-20,1.54,HMY
2018-08-17,1.49,HMY
2018-08-16,1.44,HMY
2018-08-15,1.48,HMY
2018-08-14,1.62,HMY
2018-08-13,1.64,HMY
2018-08-10,1.63,HMY
2018-08-09,1.68,HMY
2018-08-08,1.67,HMY
2018-08-07,1.62,HMY
2018-08-06,1.63,HMY
2018-08-03,1.64,HMY
2018-08-02,1.66,HMY
2018-08-01,1.66,HMY
2018-07-31,1.7,HMY
2018-07-30,1.7,HMY
2018-07-27,1.68,HMY
2018-07-26,1.67,HMY
2018-07-25,1.72,HMY
2018-07-24,1.66,HMY
2018-07-23,1.65,HMY
2018-07-20,1.62,HMY
2018-07-19,1.61,HMY
2018-07-18,1.62,HMY
2018-07-17,1.61,HMY
2018-07-16,1.61,HMY
2018-07-13,1.61,HMY
2018-07-12,1.63,HMY
2018-07-11,1.66,HMY
2018-07-10,1.69,HMY
2018-07-09,1.66,HMY
2018-07-06,1.71,HMY
2018-07-05,1.66,HMY
2018-07-03,1.65,HMY
2018-07-02,1.62,HMY
2018-06-29,1.56,HMY
2018-06-28,1.52,HMY
2018-06-27,1.55,HMY
2018-06-26,1.55,HMY
2018-06-25,1.61,HMY
2018-06-22,1.6,HMY
2018-06-21,1.63,HMY
2018-06-20,1.59,HMY
2018-06-19,1.6,HMY
2018-06-18,1.56,HMY
2018-06-15,1.58,HMY
2018-06-14,1.56,HMY
2018-06-13,1.62,HMY
2018-06-12,1.58,HMY
2018-06-11,1.59,HMY
2018-06-08,1.6,HMY
2018-06-07,1.59,HMY
2018-06-06,1.65,HMY
2018-06-05,1.64,HMY
2018-06-04,1.7,HMY
2018-06-01,1.71,HMY
2018-05-31,1.7,HMY
2018-05-30,1.7,HMY
2018-05-29,1.72,HMY
2018-05-25,1.79,HMY
2018-05-24,1.79,HMY
2018-05-23,1.75,HMY
2018-05-22,1.75,HMY
2018-05-21,1.75,HMY
2018-05-18,1.78,HMY
2018-05-17,1.8,HMY
2018-05-16,1.78,HMY
2018-05-15,1.85,HMY
2018-05-14,1.9,HMY
2018-05-11,1.92,HMY
2018-05-10,1.93,HMY
2018-05-09,1.93,HMY
2018-05-08,1.99,HMY
2018-05-07,1.98,HMY
2018-05-04,2.03,HMY
2018-05-03,2.07,HMY
2018-05-02,2.05,HMY
2018-05-01,2.02,HMY
2018-04-30,2.03,HMY
2018-04-27,2.07,HMY
2018-04-26,2.05,HMY
2018-04-25,1.97,HMY
2018-04-24,1.94,HMY
2018-04-23,1.93,HMY
2018-04-20,1.97,HMY
2018-04-19,2.0,HMY
2018-04-18,1.98,HMY
2018-04-17,1.98,HMY
2018-04-16,2.01,HMY
2018-04-13,2.09,HMY
2018-04-12,2.13,HMY
2018-04-11,2.31,HMY
2018-04-10,2.29,HMY
2018-04-09,2.34,HMY
2018-04-06,2.43,HMY
2018-04-05,2.35,HMY
2018-04-04,2.31,HMY
2018-04-03,2.41,HMY
2018-04-02,2.48,HMY
2018-03-29,2.39,HMY
2018-03-28,2.4,HMY
2018-03-27,2.48,HMY
2018-03-26,2.5,HMY
2018-03-23,2.33,HMY
2018-03-22,2.34,HMY
2018-03-21,2.25,HMY
2018-03-20,2.24,HMY
2018-03-19,2.22,HMY
2018-03-16,2.13,HMY
2018-03-15,2.23,HMY
2018-03-14,2.14,HMY
2018-03-13,2.2,HMY
2018-03-12,2.25,HMY
2018-03-09,2.2,HMY
2018-03-08,2.29,HMY
2018-03-07,2.14,HMY
2018-03-06,2.27,HMY
2018-03-05,2.22,HMY
2018-03-02,2.15,HMY
2018-03-01,2.16,HMY
2018-02-28,2.08,HMY
2018-02-27,2.1,HMY
2018-02-26,2.16,HMY
2018-02-23,2.11,HMY
2018-02-22,2.12,HMY
2018-02-21,2.07,HMY
2018-02-20,2.06,HMY
2018-02-16,2.12,HMY
2018-02-15,2.12,HMY
2018-02-14,2.08,HMY
2018-02-13,1.86,HMY
2018-02-12,1.83,HMY
2018-02-09,1.71,HMY
2018-02-08,1.72,HMY
2018-02-07,1.71,HMY
2018-02-06,1.71,HMY
2018-02-05,1.75,HMY
2018-02-02,1.67,HMY
2018-02-01,1.73,HMY
2018-01-31,1.77,HMY
2018-01-30,1.67,HMY
2018-01-29,1.68,HMY
2018-01-26,1.73,HMY
2018-01-25,1.73,HMY
2018-01-24,1.77,HMY
2018-01-23,1.75,HMY
2018-01-22,1.71,HMY
2018-01-19,1.73,HMY
2018-01-18,1.69,HMY
2018-01-17,1.75,HMY
2018-01-16,1.77,HMY
2018-01-12,1.83,HMY
2018-01-11,1.78,HMY
2018-01-10,1.8,HMY
2018-01-09,1.76,HMY
2018-01-08,1.76,HMY
2018-01-05,1.85,HMY
2018-01-04,1.89,HMY
2018-01-03,1.9,HMY
2018-01-02,1.9,HMY
2017-12-29,1.87,HMY
2017-12-28,1.85,HMY
2017-12-27,1.88,HMY
2017-12-26,1.85,HMY
2017-12-22,1.84,HMY
2017-12-21,1.81,HMY
2017-12-20,1.78,HMY
2017-12-19,1.72,HMY
2017-12-18,1.79,HMY
2017-12-15,1.8,HMY
2017-12-14,1.76,HMY
2017-12-13,1.74,HMY
2017-12-12,1.65,HMY
2017-12-11,1.69,HMY
2017-12-08,1.73,HMY
2017-12-07,1.68,HMY
2017-12-06,1.67,HMY
2017-12-05,1.78,HMY
2017-12-04,1.83,HMY
2017-12-01,1.83,HMY
2017-11-30,1.84,HMY
2017-11-29,1.82,HMY
2017-11-28,1.82,HMY
2017-11-27,1.86,HMY
2017-11-24,1.79,HMY
2017-11-22,1.81,HMY
2017-11-21,1.76,HMY
2017-11-20,1.78,HMY
2017-11-17,1.83,HMY
2017-11-16,1.83,HMY
2017-11-15,1.82,HMY
2017-11-14,1.8,HMY
2017-11-13,1.8,HMY
2017-11-10,1.83,HMY
2017-11-09,1.83,HMY
2017-11-08,1.82,HMY
2017-11-07,1.76,HMY
2017-11-06,1.84,HMY
2017-11-03,1.77,HMY
2017-11-02,1.81,HMY
2017-11-01,1.8,HMY
2017-10-31,1.73,HMY
2017-10-30,1.78,HMY
2017-10-27,1.75,HMY
2017-10-26,1.7,HMY
2017-10-25,1.66,HMY
2017-10-24,1.62,HMY
2017-10-23,1.62,HMY
2017-10-20,1.66,HMY
2017-10-19,1.69,HMY
2017-10-18,1.76,HMY
2017-10-17,1.79,HMY
2017-10-16,1.81,HMY
2017-10-13,1.88,HMY
2017-10-12,1.87,HMY
2017-10-11,1.9,HMY
2017-10-10,1.9,HMY
2017-10-09,1.92,HMY
2017-10-06,1.89,HMY
2017-10-05,1.83,HMY
2017-10-04,1.84,HMY
2017-10-03,1.84,HMY
2017-10-02,1.8,HMY
2017-09-29,1.83,HMY
2017-09-28,1.82,HMY
2017-09-27,1.82,HMY
2017-09-26,1.85,HMY
2017-09-25,1.95,HMY
2017-09-22,1.86,HMY
2017-09-21,1.82,HMY
2017-09-20,1.89,HMY
2017-09-19,1.99,HMY
2017-09-18,1.99,HMY
2017-09-15,2.14,HMY
2017-09-14,2.08,HMY
2017-09-13,2.02,HMY
2017-09-12,2.03,HMY
2017-09-11,2.03,HMY
2017-09-08,2.07,HMY
2017-09-07,2.11,HMY
2017-09-06,2.07,HMY
2017-09-05,2.17,HMY
2017-09-01,2.03,HMY
2017-08-31,2.06,HMY
2017-08-30,1.97,HMY
2017-08-29,1.98,HMY
2017-08-28,1.88,HMY
2017-08-25,1.8,HMY
2017-08-24,1.83,HMY
2017-08-23,1.85,HMY
2017-08-22,1.81,HMY
2017-08-21,1.89,HMY
2017-08-18,1.87,HMY
2017-08-17,1.78,HMY
2017-08-16,1.72,HMY
2017-08-15,1.75,HMY
2017-08-14,1.77,HMY
2017-08-11,1.86,HMY
2017-08-10,1.82,HMY
2017-08-09,1.79,HMY
2017-08-08,1.73,HMY
2017-08-07,1.67,HMY
2017-08-04,1.73,HMY
2017-08-03,1.74,HMY
2017-08-02,1.77,HMY
2017-08-01,1.82,HMY
2017-07-31,1.81,HMY
2017-07-28,1.77,HMY
2017-07-27,1.71,HMY
2017-07-26,1.75,HMY
2017-07-25,1.69,HMY
2017-07-24,1.67,HMY
2017-07-21,1.74,HMY
2017-07-20,1.72,HMY
2017-07-19,1.75,HMY
2017-07-18,1.73,HMY
2017-07-17,1.75,HMY
2017-07-14,1.72,HMY
2017-07-13,1.68,HMY
2017-07-12,1.74,HMY
2017-07-11,1.69,HMY
2017-07-10,1.66,HMY
2017-07-07,1.59,HMY
2017-07-06,1.64,HMY
2017-07-05,1.64,HMY
2017-07-03,1.61,HMY
2017-06-30,1.65,HMY
2017-06-29,1.62,HMY
2017-06-28,1.65,HMY
2017-06-27,1.67,HMY
2017-06-26,1.69,HMY
2017-06-23,1.7,HMY
2017-06-22,1.62,HMY
2017-06-21,1.63,HMY
2017-06-20,1.59,HMY
2017-06-19,1.67,HMY
2017-06-16,1.68,HMY
2017-06-15,1.8,HMY
2017-06-14,1.8,HMY
2017-06-13,1.91,HMY
2017-06-12,1.9,HMY
2017-06-09,1.86,HMY
2017-06-08,1.94,HMY
2017-06-07,2.0,HMY
2017-06-06,2.08,HMY
2017-06-05,1.91,HMY
2017-06-02,1.93,HMY
2017-06-01,1.91,HMY
2017-05-31,2.0,HMY
2017-05-30,2.05,HMY
2017-05-26,2.13,HMY
2017-05-25,2.16,HMY
2017-05-24,2.2,HMY
2017-05-23,2.22,HMY
2017-05-22,2.34,HMY
2017-05-19,2.28,HMY
2017-05-18,2.27,HMY
2017-05-17,2.34,HMY
2017-05-16,2.26,HMY
2017-05-15,2.3,HMY
2017-05-12,2.31,HMY
2017-05-11,2.28,HMY
2017-05-10,2.21,HMY
2017-05-09,2.18,HMY
2017-05-08,2.16,HMY
2017-05-05,2.16,HMY
2017-05-04,2.11,HMY
2017-05-03,2.19,HMY
2017-05-02,2.15,HMY
2017-05-01,2.07,HMY
2017-04-28,2.18,HMY
2017-04-27,2.18,HMY
2017-04-26,2.25,HMY
2017-04-25,2.2,HMY
2017-04-24,2.29,HMY
2017-04-21,2.38,HMY
2017-04-20,2.41,HMY
2017-04-19,2.41,HMY
2017-04-18,2.58,HMY
2017-04-17,2.61,HMY
2017-04-13,2.69,HMY
2017-04-12,2.75,HMY
2017-04-11,2.78,HMY
2017-04-10,2.64,HMY
2017-04-07,2.65,HMY
2017-04-06,2.67,HMY
2017-04-05,2.69,HMY
2017-04-04,2.63,HMY
2017-04-03,2.62,HMY
2017-03-31,2.45,HMY
2017-03-30,2.34,HMY
2017-03-29,2.4,HMY
2017-03-28,2.38,HMY
2017-03-27,2.49,HMY
2017-03-24,2.4,HMY
2017-03-23,2.34,HMY
2017-03-22,2.45,HMY
2017-03-21,2.46,HMY
2017-03-20,2.42,HMY
2017-03-17,2.27,HMY
2017-03-16,2.4,HMY
2017-03-15,2.48,HMY
2017-03-14,2.23,HMY
2017-03-13,2.31,HMY
2017-03-10,2.21,HMY
2017-03-09,2.08,HMY
2017-03-08,2.19,HMY
2017-03-07,2.2,HMY
2017-03-06,2.18,HMY
2017-03-03,2.38,HMY
2017-03-02,2.39,HMY
2017-03-01,2.56,HMY
2017-02-28,2.5,HMY
2017-02-27,2.45,HMY
2017-02-24,2.67,HMY
2017-02-23,2.77,HMY
2017-02-22,2.63,HMY
2017-02-21,2.72,HMY
2017-02-17,2.78,HMY
2017-02-16,2.98,HMY
2017-02-15,2.85,HMY
2017-02-14,2.77,HMY
2017-02-13,2.69,HMY
2017-02-10,2.75,HMY
2017-02-09,2.71,HMY
2017-02-08,2.8,HMY
2017-02-07,2.76,HMY
2017-02-06,2.82,HMY
2017-02-03,2.66,HMY
2017-02-02,2.66,HMY
2017-02-01,2.58,HMY
2017-01-31,2.55,HMY
2017-01-30,2.49,HMY
2017-01-27,2.44,HMY
2017-01-26,2.36,HMY
2017-01-25,2.48,HMY
2017-01-24,2.49,HMY
2017-01-23,2.54,HMY
2017-01-20,2.48,HMY
2017-01-19,2.48,HMY
2017-01-18,2.47,HMY
2017-01-17,2.56,HMY
2017-01-13,2.47,HMY
2017-01-12,2.42,HMY
2017-01-11,2.43,HMY
2017-01-10,2.44,HMY
2017-01-09,2.42,HMY
2017-01-06,2.38,HMY
2017-01-05,2.56,HMY
2017-01-04,2.39,HMY
2017-01-03,2.35,HMY
2016-12-30,2.21,HMY
2016-12-29,2.35,HMY
2016-12-28,2.18,HMY
2016-12-27,2.11,HMY
2016-12-23,2.04,HMY
2016-12-22,1.94,HMY
2016-12-21,1.93,HMY
2016-12-20,1.97,HMY
2016-12-19,1.95,HMY
2016-12-16,1.89,HMY
2016-12-15,1.92,HMY
2016-12-14,2.0,HMY
2016-12-13,2.19,HMY
2016-12-12,2.06,HMY
2016-12-09,2.08,HMY
2016-12-08,2.28,HMY
2016-12-07,2.22,HMY
2016-12-06,2.23,HMY
2016-12-05,2.19,HMY
2016-12-02,2.29,HMY
2016-12-01,2.29,HMY
2026-09-25,19.02,MUX
2026-09-24,18.66,MUX
2026-09-23,18.82,MUX
2026-09-22,20.09,MUX
2026-09-21,18.88,MUX
2026-09-18,19.0,MUX
2026-09-17,18.59,MUX
2026-09-16,18.18,MUX
2026-09-15,18.57,MUX
2026-09-14,18.6,MUX
2026-09-11,19.53,MUX
2026-09-10,19.55,MUX
2026-09-09,20.26,MUX
2026-09-08,20.27,MUX
2026-09-04,20.07,MUX
2026-09-03,20.54,MUX
2026-09-02,20.12,MUX
2026-09-01,19.15,MUX
2026-08-31,20.16,MUX
2026-08-28,20.42,MUX
2026-08-27,21.66,MUX
2026-08-26,21.04,MUX
2026-08-25,21.45,MUX
2026-08-24,21.01,MUX
2026-08-21,20.78,MUX
2026-08-20,20.27,MUX
2026-08-19,20.22,MUX
2026-08-18,18.36,MUX
2026-08-17,18.85,MUX
2026-08-14,18.8,MUX
2026-08-13,18.58,MUX
2026-08-12,19.15,MUX
2026-08-11,19.14,MUX
2026-08-10,19.19,MUX
2026-08-07,19.19,MUX
2026-08-06,18.26,MUX
2026-08-05,19.71,MUX
2026-08-04,18.67,MUX
2026-08-03,17.83,MUX
2026-07-31,17.29,MUX
2026-07-30,17.69,MUX
2026-07-29,16.75,MUX
2026-07-28,17.16,MUX
2026-07-27,17.39,MUX
2026-07-24,17.17,MUX
2026-07-23,17.59,MUX
2026-07-22,17.99,MUX
2026-07-21,17.78,MUX
2026-07-20,16.46,MUX
2026-07-17,16.37,MUX
2026-07-16,16.59,MUX
2026-07-15,17.59,MUX
2026-07-14,17.85,MUX
2026-07-13,17.47,MUX
2026-07-10,17.88,MUX
2026-07-09,18.05,MUX
2026-07-08,17.51,MUX
2026-07-07,18.15,MUX
2026-07-06,18.84,MUX
2026-07-02,18.9,MUX
2026-07-01,17.99,MUX
2026-06-30,18.13,MUX
2026-06-29,17.94,MUX
2026-06-26,18.0,MUX
2026-06-25,17.32,MUX
2026-06-24,17.04,MUX
2026-06-23,18.12,MUX
2026-06-22,19.07,MUX
2026-06-18,19.38,MUX
2026-06-17,19.54,MUX
2026-06-16,20.3,MUX
2026-06-15,20.1,MUX
2026-06-12,18.91,MUX
2026-06-11,18.47,MUX
2026-06-10,17.29,MUX
2026-06-09,17.79,MUX
2026-06-08,18.39,MUX
2026-06-05,18.28,MUX
2026-06-04,21.16,MUX
2026-06-03,20.85,MUX
2026-06-02,22.31,MUX
2026-06-01,21.76,MUX
2026-05-29,21.89,MUX
2026-05-28,21.72,MUX
2026-05-27,21.05,MUX
2026-05-26,22.02,MUX
2026-05-22,21.14,MUX
2026-05-21,21.35,MUX
2026-05-20,21.55,MUX
2026-05-19,20.79,MUX
2026-05-18,22.04,MUX
2026-05-15,22.04,MUX
2026-05-14,24.85,MUX
2026-05-13,25.92,MUX
2026-05-12,26.16,MUX
2026-05-11,25.07,MUX
2026-05-08,24.23,MUX
2026-05-07,23.38,MUX
2026-05-06,22.82,MUX
2026-05-05,21.15,MUX
2026-05-04,20.4,MUX
2026-05-01,21.3,MUX
2026-04-30,21.68,MUX
2026-04-29,21.03,MUX
2026-04-28,21.7,MUX
2026-04-27,23.86,MUX
2026-04-24,24.25,MUX
2026-04-23,23.95,MUX
2026-04-22,24.72,MUX
2026-04-21,23.81,MUX
2026-04-20,25.79,MUX
2026-04-17,25.91,MUX
2026-04-16,24.73,MUX
2026-04-15,24.7,MUX
2026-04-14,24.74,MUX
2026-04-13,23.4,MUX
2026-04-10,23.04,MUX
2026-04-09,22.35,MUX
2026-04-08,21.61,MUX
2026-04-07,21.47,MUX
2026-04-06,21.8,MUX
2026-04-02,21.48,MUX
2026-04-01,21.4,MUX
2026-03-31,20.42,MUX
2026-03-30,18.86,MUX
2026-03-27,19.24,MUX
2026-03-26,18.51,MUX
2026-03-25,19.44,MUX
2026-03-24,18.94,MUX
2026-03-23,18.97,MUX
2026-03-20,18.51,MUX
2026-03-19,19.56,MUX
2026-03-18,20.87,MUX
2026-03-17,22.51,MUX
2026-03-16,22.67,MUX
2026-03-13,23.22,MUX
2026-03-12,24.43,MUX
2026-03-11,24.86,MUX
2026-03-10,25.8,MUX
2026-03-09,24.5,MUX
2026-03-06,24.2,MUX
2026-03-05,24.18,MUX
2026-03-04,25.83,MUX
2026-03-03,25.57,MUX
2026-03-02,28.41,MUX
2026-02-27,28.35,MUX
2026-02-26,28.37,MUX
2026-02-25,27.09,MUX
2026-02-24,26.97,MUX
2026-02-23,26.29,MUX
2026-02-20,26.21,MUX
2026-02-19,25.41,MUX
2026-02-18,24.37,MUX
2026-02-17,24.11,MUX
2026-02-13,25.71,MUX
2026-02-12,24.78,MUX
2026-02-11,27.31,MUX
2026-02-10,26.26,MUX
2026-02-09,26.73,MUX
2026-02-06,25.26,MUX
2026-02-05,23.22,MUX
2026-02-04,25.6,MUX
2026-02-03,25.64,MUX
2026-02-02,23.45,MUX
2026-01-30,24.15,MUX
2026-01-29,27.65,MUX
2026-01-28,29.05,MUX
2026-01-27,27.97,MUX
2026-01-26,26.97,MUX
2026-01-23,26.78,MUX
2026-01-22,26.14,MUX
2026-01-21,23.73,MUX
2026-01-20,24.49,MUX
2026-01-16,22.83,MUX
2026-01-15,22.34,MUX
2026-01-14,22.39,MUX
2026-01-13,21.78,MUX
2026-01-12,21.8,MUX
2026-01-09,20.81,MUX
2026-01-08,20.49,MUX
2026-01-07,19.98,MUX
2026-01-06,20.58,MUX
2026-01-05,19.6,MUX
2026-01-02,18.68,MUX
2025-12-31,18.51,MUX
2025-12-30,18.79,MUX
2025-12-29,18.88,MUX
2025-12-26,20.1,MUX
2025-12-24,19.67,MUX
2025-12-23,20.02,MUX
2025-12-22,19.65,MUX
2025-12-19,19.35,MUX
2025-12-18,18.87,MUX
2025-12-17,19.05,MUX
2025-12-16,19.22,MUX
2025-12-15,18.89,MUX
2025-12-12,19.04,MUX
2025-12-11,19.28,MUX
2025-12-10,18.78,MUX
2025-12-09,19.35,MUX
2025-12-08,18.17,MUX
2025-12-05,18.77,MUX
2025-12-04,18.72,MUX
2025-12-03,18.79,MUX
2025-12-02,18.25,MUX
2025-12-01,18.47,MUX
2025-11-28,18.61,MUX
2025-11-26,17.86,MUX
2025-11-25,17.49,MUX
2025-11-24,17.29,MUX
2025-11-21,16.06,MUX
2025-11-20,16.3,MUX
2025-11-19,17.79,MUX
2025-11-18,17.44,MUX
2025-11-17,16.93,MUX
2025-11-14,17.25,MUX
2025-11-13,17.07,MUX
2025-11-12,17.67,MUX
2025-11-11,17.15,MUX
2025-11-10,17.09,MUX
2025-11-07,16.06,MUX
2025-11-06,15.66,MUX
2025-11-05,17.4,MUX
2025-11-04,17.2,MUX
2025-11-03,18.07,MUX
2025-10-31,18.33,MUX
2025-10-30,19.04,MUX
2025-10-29,18.61,MUX
2025-10-28,19.11,MUX
2025-10-27,19.13,MUX
2025-10-24,19.6,MUX
2025-10-23,20.25,MUX
2025-10-22,19.82,MUX
2025-10-21,19.77,MUX
2025-10-20,22.52,MUX
2025-10-17,21.28,MUX
2025-10-16,22.72,MUX
2025-10-15,21.51,MUX
2025-10-14,20.29,MUX
2025-10-13,20.32,MUX
2025-10-10,18.94,MUX
2025-10-09,19.06,MUX
2025-10-08,18.78,MUX
2025-10-07,17.71,MUX
2025-10-06,18.3,MUX
2025-10-03,17.41,MUX
2025-10-02,16.42,MUX
2025-10-01,16.78,MUX
2025-09-30,17.1,MUX
2025-09-29,16.66,MUX
2025-09-26,15.55,MUX
2025-09-25,14.7,MUX
2025-09-24,14.53,MUX
2025-09-23,14.82,MUX
2025-09-22,14.99,MUX
2025-09-19,14.52,MUX
2025-09-18,13.62,MUX
2025-09-17,13.5,MUX
2025-09-16,13.5,MUX
2025-09-15,14.14,MUX
2025-09-12,13.82,MUX
2025-09-11,13.81,MUX
2025-09-10,13.71,MUX
2025-09-09,13.56,MUX
2025-09-08,13.77,MUX
2025-09-05,13.57,MUX
2025-09-04,13.37,MUX
2025-09-03,13.91,MUX
2025-09-02,13.79,MUX
2025-08-29,11.55,MUX
2025-08-28,11.0,MUX
2025-08-27,10.98,MUX
2025-08-26,11.13,MUX
2025-08-25,10.85,MUX
2025-08-22,10.86,MUX
2025-08-21,10.95,MUX
2025-08-20,10.64,MUX
2025-08-19,9.88,MUX
2025-08-18,10.56,MUX
2025-08-15,10.18,MUX
2025-08-14,10.39,MUX
2025-08-13,10.53,MUX
2025-08-12,10.49,MUX
2025-08-11,10.43,MUX
2025-08-08,10.2,MUX
2025-08-07,10.74,MUX
2025-08-06,10.78,MUX
2025-08-05,10.62,MUX
2025-08-04,10.4,MUX
2025-08-01,10.03,MUX
2025-07-31,10.16,MUX
2025-07-30,10.19,MUX
2025-07-29,10.69,MUX
2025-07-28,10.84,MUX
2025-07-25,11.36,MUX
2025-07-24,11.5,MUX
2025-07-23,11.65,MUX
2025-07-22,11.64,MUX
2025-07-21,11.33,MUX
2025-07-18,10.95,MUX
2025-07-17,11.15,MUX
2025-07-16,11.02,MUX
2025-07-15,11.0,MUX
2025-07-14,10.89,MUX
2025-07-11,10.97,MUX
2025-07-10,10.64,MUX
2025-07-09,10.75,MUX
2025-07-08,10.74,MUX
2025-07-07,11.38,MUX
2025-07-03,11.37,MUX
2025-07-02,10.99,MUX
2025-07-01,11.0,MUX
2025-06-30,9.61,MUX
2025-06-27,9.35,MUX
2025-06-26,9.72,MUX
2025-06-25,9.18,MUX
2025-06-24,9.13,MUX
2025-06-23,9.28,MUX
2025-06-20,9.05,MUX
2025-06-18,9.46,MUX
2025-06-17,9.43,MUX
2025-06-16,9.61,MUX
2025-06-13,9.39,MUX
2025-06-12,9.31,MUX
2025-06-11,9.29,MUX
2025-06-10,9.27,MUX
2025-06-09,9.52,MUX
2025-06-06,9.36,MUX
2025-06-05,9.26,MUX
2025-06-04,8.99,MUX
2025-06-03,8.99,MUX
2025-06-02,8.62,MUX
2025-05-30,8.03,MUX
2025-05-29,8.08,MUX
2025-05-28,8.18,MUX
2025-05-27,8.06,MUX
2025-05-23,7.96,MUX
2025-05-22,7.67,MUX
2025-05-21,7.63,MUX
2025-05-20,7.52,MUX
2025-05-19,7.28,MUX
2025-05-16,7.13,MUX
2025-05-15,7.16,MUX
2025-05-14,7.03,MUX
2025-05-13,7.21,MUX
2025-05-12,7.26,MUX
2025-05-09,7.46,MUX
2025-05-08,7.39,MUX
2025-05-07,7.83,MUX
2025-05-06,8.12,MUX
2025-05-05,7.54,MUX
2025-05-02,7.36,MUX
2025-05-01,7.52,MUX
2025-04-30,7.8,MUX
2025-04-29,7.64,MUX
2025-04-28,7.82,MUX
2025-04-25,7.66,MUX
2025-04-24,7.76,MUX
2025-04-23,7.64,MUX
2025-04-22,7.68,MUX
2025-04-21,8.07,MUX
2025-04-17,8.08,MUX
2025-04-16,8.33,MUX
2025-04-15,8.2,MUX
2025-04-14,8.16,MUX
2025-04-11,7.96,MUX
2025-04-10,7.57,MUX
2025-04-09,7.29,MUX
2025-04-08,6.56,MUX
2025-04-07,6.67,MUX
2025-04-04,6.71,MUX
2025-04-03,7.39,MUX
2025-04-02,7.5,MUX
2025-04-01,7.52,MUX
2025-03-31,7.55,MUX
2025-03-28,7.7,MUX
2025-03-27,8.05,MUX
2025-03-26,7.87,MUX
2025-03-25,7.93,MUX
2025-03-24,7.77,MUX
2025-03-21,7.65,MUX
2025-03-20,8.34,MUX
2025-03-19,8.24,MUX
2025-03-18,7.86,MUX
2025-03-17,7.53,MUX
2025-03-14,7.46,MUX
2025-03-13,7.53,MUX
2025-03-12,7.47,MUX
2025-03-11,7.25,MUX
2025-03-10,6.99,MUX
2025-03-07,7.15,MUX
2025-03-06,7.18,MUX
2025-03-05,7.14,MUX
2025-03-04,6.63,MUX
2025-03-03,6.69,MUX
2025-02-28,6.88,MUX
2025-02-27,6.88,MUX
2025-02-26,7.21,MUX
2025-02-25,7.11,MUX
2025-02-24,7.23,MUX
2025-02-21,7.14,MUX
2025-02-20,7.63,MUX
2025-02-19,7.5,MUX
2025-02-18,7.53,MUX
2025-02-14,7.4,MUX
2025-02-13,7.62,MUX
2025-02-12,7.72,MUX
2025-02-11,7.39,MUX
2025-02-10,7.45,MUX
2025-02-07,7.38,MUX
2025-02-06,8.65,MUX
2025-02-05,8.71,MUX
2025-02-04,8.66,MUX
2025-02-03,8.42,MUX
2025-01-31,8.24,MUX
2025-01-30,8.55,MUX
2025-01-29,8.24,MUX
2025-01-28,8.0,MUX
2025-01-27,8.04,MUX
2025-01-24,8.37,MUX
2025-01-23,8.27,MUX
2025-01-22,8.3,MUX
2025-01-21,8.34,MUX
2025-01-17,8.39,MUX
2025-01-16,8.27,MUX
2025-01-15,8.43,MUX
2025-01-14,8.34,MUX
2025-01-13,8.0,MUX
2025-01-10,8.37,MUX
2025-01-08,8.34,MUX
2025-01-07,8.11,MUX
2025-01-06,8.22,MUX
2025-01-03,8.18,MUX
2025-01-02,8.26,MUX
2024-12-31,7.78,MUX
2024-12-30,7.61,MUX
2024-12-27,7.92,MUX
2024-12-26,8.05,MUX
2024-12-24,8.05,MUX
2024-12-23,7.95,MUX
2024-12-20,7.98,MUX
2024-12-19,7.85,MUX
2024-12-18,7.87,MUX
2024-12-17,8.41,MUX
2024-12-16,8.31,MUX
2024-12-13,8.42,MUX
2024-12-12,8.72,MUX
2024-12-11,9.13,MUX
2024-12-10,8.55,MUX
2024-12-09,8.68,MUX
2024-12-06,8.42,MUX
2024-12-05,8.75,MUX
2024-12-04,8.99,MUX
2024-12-03,9.12,MUX
2024-12-02,8.34,MUX
2024-11-29,8.36,MUX
2024-11-27,8.22,MUX
2024-11-26,8.16,MUX
2024-11-25,8.21,MUX
2024-11-22,8.38,MUX
2024-11-21,8.52,MUX
2024-11-20,8.42,MUX
2024-11-19,8.66,MUX
2024-11-18,8.59,MUX
2024-11-15,8.42,MUX
2024-11-14,8.41,MUX
2024-11-13,8.08,MUX
2024-11-12,8.16,MUX
2024-11-11,8.34,MUX
2024-11-08,8.91,MUX
2024-11-07,9.27,MUX
2024-11-06,9.09,MUX
2024-11-05,9.17,MUX
2024-11-04,9.16,MUX
2024-11-01,9.32,MUX
2024-10-31,9.51,MUX
2024-10-30,10.17,MUX
2024-10-29,10.54,MUX
2024-10-28,10.3,MUX
2024-10-25,10.38,MUX
2024-10-24,10.7,MUX
2024-10-23,10.82,MUX
2024-10-22,11.15,MUX
2024-10-21,10.87,MUX
2024-10-18,10.92,MUX
2024-10-17,10.13,MUX
2024-10-16,9.99,MUX
2024-10-15,10.11,MUX
2024-10-14,10.0,MUX
2024-10-11,10.06,MUX
2024-10-10,9.87,MUX
2024-10-09,9.7,MUX
2024-10-08,9.68,MUX
2024-10-07,9.75,MUX
2024-10-04,9.33,MUX
2024-10-03,9.29,MUX
2024-10-02,9.3,MUX
2024-10-01,9.31,MUX
2024-09-30,9.3,MUX
2024-09-27,9.64,MUX
2024-09-26,10.18,MUX
2024-09-25,9.64,MUX
2024-09-24,9.88,MUX
2024-09-23,9.08,MUX
2024-09-20,9.36,MUX
2024-09-19,9.16,MUX
2024-09-18,8.91,MUX
2024-09-17,9.16,MUX
2024-09-16,9.42,MUX
2024-09-13,9.47,MUX
2024-09-12,9.36,MUX
2024-09-11,8.78,MUX
2024-09-10,8.4,MUX
2024-09-09,8.48,MUX
2024-09-06,8.41,MUX
2024-09-05,8.73,MUX
2024-09-04,8.4,MUX
2024-09-03,8.46,MUX
2024-08-30,9.1,MUX
2024-08-29,9.21,MUX
2024-08-28,9.09,MUX
2024-08-27,9.33,MUX
2024-08-26,9.49,MUX
2024-08-23,9.48,MUX
2024-08-22,9.44,MUX
2024-08-21,9.84,MUX
2024-08-20,9.74,MUX
2024-08-19,9.95,MUX
2024-08-16,9.01,MUX
2024-08-15,8.8,MUX
2024-08-14,8.62,MUX
2024-08-13,8.78,MUX
2024-08-12,8.36,MUX
2024-08-09,8.34,MUX
2024-08-08,8.19,MUX
2024-08-07,8.0,MUX
2024-08-06,8.23,MUX
2024-08-05,8.22,MUX
2024-08-02,8.22,MUX
2024-08-01,9.05,MUX
2024-07-31,9.44,MUX
2024-07-30,9.13,MUX
2024-07-29,9.05,MUX
2024-07-26,9.12,MUX
2024-07-25,9.19,MUX
2024-07-24,9.11,MUX
2024-07-23,9.33,MUX
2024-07-22,9.29,MUX
2024-07-19,9.32,MUX
2024-07-18,9.53,MUX
2024-07-17,9.97,MUX
2024-07-16,10.49,MUX
2024-07-15,10.14,MUX
2024-07-12,10.21,MUX
2024-07-11,10.3,MUX
2024-07-10,10.3,MUX
2024-07-09,9.94,MUX
2024-07-08,10.13,MUX
2024-07-05,10.11,MUX
2024-07-03,9.72,MUX
2024-07-02,9.1,MUX
2024-07-01,8.97,MUX
2024-06-28,8.97,MUX
2024-06-27,9.14,MUX
2024-06-26,9.26,MUX
2024-06-25,9.32,MUX
2024-06-24,9.51,MUX
2024-06-21,9.55,MUX
2024-06-20,9.62,MUX
2024-06-18,9.74,MUX
2024-06-17,9.71,MUX
2024-06-14,10.36,MUX
2024-06-13,10.26,MUX
2024-06-12,10.44,MUX
2024-06-11,10.5,MUX
2024-06-10,10.75,MUX
2024-06-07,10.63,MUX
2024-06-06,11.31,MUX
2024-06-05,11.12,MUX
2024-06-04,11.14,MUX
2024-06-03,11.93,MUX
2024-05-31,11.91,MUX
2024-05-30,12.06,MUX
2024-05-29,12.04,MUX
2024-05-28,12.13,MUX
2024-05-24,11.35,MUX
2024-05-23,10.9,MUX
2024-05-22,11.1,MUX
2024-05-21,11.48,MUX
2024-05-20,11.93,MUX
2024-05-17,11.33,MUX
2024-05-16,10.6,MUX
2024-05-15,10.69,MUX
2024-05-14,10.7,MUX
2024-05-13,10.18,MUX
2024-05-10,10.28,MUX
2024-05-09,10.32,MUX
2024-05-08,12.18,MUX
2024-05-07,12.09,MUX
2024-05-06,12.05,MUX
2024-05-03,11.76,MUX
2024-05-02,11.61,MUX
2024-05-01,11.55,MUX
2024-04-30,11.46,MUX
2024-04-29,12.22,MUX
2024-04-26,12.26,MUX
2024-04-25,11.94,MUX
2024-04-24,10.92,MUX
2024-04-23,11.11,MUX
2024-04-22,10.87,MUX
2024-04-19,11.22,MUX
2024-04-18,11.04,MUX
2024-04-17,10.89,MUX
2024-04-16,11.04,MUX
2024-04-15,11.26,MUX
2024-04-12,11.32,MUX
2024-04-11,11.83,MUX
2024-04-10,11.67,MUX
2024-04-09,11.63,MUX
2024-04-08,11.31,MUX
2024-04-05,10.86,MUX
2024-04-04,10.95,MUX
2024-04-03,11.08,MUX
2024-04-02,10.8,MUX
2024-04-01,10.6,MUX
2024-03-28,9.86,MUX
2024-03-27,9.63,MUX
2024-03-26,9.07,MUX
2024-03-25,9.08,MUX
2024-03-22,8.78,MUX
2024-03-21,8.78,MUX
2024-03-20,8.98,MUX
2024-03-19,8.37,MUX
2024-03-18,8.46,MUX
2024-03-15,8.6,MUX
2024-03-14,8.46,MUX
2024-03-13,8.83,MUX
2024-03-12,8.3,MUX
2024-03-11,8.14,MUX
2024-03-08,8.12,MUX
2024-03-07,8.06,MUX
2024-03-06,7.91,MUX
2024-03-05,8.1,MUX
2024-03-04,7.81,MUX
2024-03-01,6.85,MUX
2024-02-29,6.14,MUX
2024-02-28,5.94,MUX
2024-02-27,6.08,MUX
2024-02-26,6.24,MUX
2024-02-23,6.2,MUX
2024-02-22,6.05,MUX
2024-02-21,6.23,MUX
2024-02-20,6.16,MUX
2024-02-16,6.2,MUX
2024-02-15,6.21,MUX
2024-02-14,6.16,MUX
2024-02-13,6.41,MUX
2024-02-12,6.94,MUX
2024-02-09,6.86,MUX
2024-02-08,6.86,MUX
2024-02-07,7.0,MUX
2024-02-06,7.07,MUX
2024-02-05,7.26,MUX
2024-02-02,7.37,MUX
2024-02-01,6.99,MUX
2024-01-31,6.41,MUX
2024-01-30,6.55,MUX
2024-01-29,6.74,MUX
2024-01-26,6.77,MUX
2024-01-25,6.76,MUX
2024-01-24,6.63,MUX
2024-01-23,6.54,MUX
2024-01-22,6.56,MUX
2024-01-19,6.55,MUX
2024-01-18,6.54,MUX
2024-01-17,6.51,MUX
2024-01-16,6.56,MUX
2024-01-12,6.73,MUX
2024-01-11,6.58,MUX
2024-01-10,6.59,MUX
2024-01-09,6.66,MUX
2024-01-08,6.82,MUX
2024-01-05,6.94,MUX
2024-01-04,6.88,MUX
2024-01-03,6.91,MUX
2024-01-02,7.07,MUX
2023-12-29,7.21,MUX
2023-12-28,7.35,MUX
2023-12-27,7.64,MUX
2023-12-26,7.59,MUX
2023-12-22,7.61,MUX
2023-12-21,7.69,MUX
2023-12-20,7.54,MUX
2023-12-19,7.94,MUX
2023-12-18,7.78,MUX
2023-12-15,7.73,MUX
2023-12-14,7.68,MUX
2023-12-13,7.43,MUX
2023-12-12,6.82,MUX
2023-12-11,7.27,MUX
2023-12-08,7.57,MUX
2023-12-07,7.6,MUX
2023-12-06,7.39,MUX
2023-12-05,7.28,MUX
2023-12-04,7.42,MUX
2023-12-01,7.68,MUX
2023-11-30,7.68,MUX
2023-11-29,7.71,MUX
2023-11-28,7.62,MUX
2023-11-27,7.35,MUX
2023-11-24,7.28,MUX
2023-11-22,7.15,MUX
2023-11-21,7.55,MUX
2023-11-20,7.53,MUX
2023-11-17,7.43,MUX
2023-11-16,7.43,MUX
2023-11-15,7.35,MUX
2023-11-14,7.46,MUX
2023-11-13,6.57,MUX
2023-11-10,6.79,MUX
2023-11-09,6.93,MUX
2023-11-08,6.35,MUX
2023-11-07,6.38,MUX
2023-11-06,6.71,MUX
2023-11-03,7.12,MUX
2023-11-02,6.66,MUX
2023-11-01,6.55,MUX
2023-10-31,6.93,MUX
2023-10-30,6.92,MUX
2023-10-27,7.09,MUX
2023-10-26,6.97,MUX
2023-10-25,7.06,MUX
2023-10-24,7.49,MUX
2023-10-23,7.46,MUX
2023-10-20,7.74,MUX
2023-10-19,7.73,MUX
2023-10-18,7.82,MUX
2023-10-17,8.29,MUX
2023-10-16,7.94,MUX
2023-10-13,7.81,MUX
2023-10-12,7.27,MUX
2023-10-11,7.32,MUX
2023-10-10,6.6,MUX
2023-10-09,6.56,MUX
2023-10-06,6.44,MUX
2023-10-05,6.09,MUX
2023-10-04,6.23,MUX
2023-10-03,6.16,MUX
2023-10-02,6.11,MUX
2023-09-29,6.5,MUX
2023-09-28,6.55,MUX
2023-09-27,6.54,MUX
2023-09-26,6.41,MUX
2023-09-25,6.4,MUX
2023-09-22,6.93,MUX
2023-09-21,6.84,MUX
2023-09-20,7.16,MUX
2023-09-19,6.96,MUX
2023-09-18,7.19,MUX
2023-09-15,7.05,MUX
2023-09-14,6.93,MUX
2023-09-13,6.73,MUX
2023-09-12,6.71,MUX
2023-09-11,6.96,MUX
2023-09-08,6.93,MUX
2023-09-07,7.02,MUX
2023-09-06,7.14,MUX
2023-09-05,7.23,MUX
2023-09-01,7.86,MUX
2023-08-31,8.09,MUX
2023-08-30,8.28,MUX
2023-08-29,8.29,MUX
2023-08-28,7.96,MUX
2023-08-25,7.42,MUX
2023-08-24,7.58,MUX
2023-08-23,7.91,MUX
2023-08-22,7.38,MUX
2023-08-21,6.9,MUX
2023-08-18,6.83,MUX
2023-08-17,6.74,MUX
2023-08-16,6.71,MUX
2023-08-15,7.03,MUX
2023-08-14,7.27,MUX
2023-08-11,7.4,MUX
2023-08-10,7.08,MUX
2023-08-09,7.26,MUX
2023-08-08,7.51,MUX
2023-08-07,7.5,MUX
2023-08-04,7.75,MUX
2023-08-03,7.73,MUX
2023-08-02,7.69,MUX
2023-08-01,8.06,MUX
2023-07-31,8.66,MUX
2023-07-28,8.56,MUX
2023-07-27,8.21,MUX
2023-07-26,9.08,MUX
2023-07-25,9.1,MUX
2023-07-24,8.74,MUX
2023-07-21,8.84,MUX
2023-07-20,8.98,MUX
2023-07-19,9.13,MUX
2023-07-18,9.16,MUX
2023-07-17,8.71,MUX
2023-07-14,8.36,MUX
2023-07-13,8.49,MUX
2023-07-12,8.06,MUX
2023-07-11,7.27,MUX
2023-07-10,7.24,MUX
2023-07-07,6.92,MUX
2023-07-06,6.79,MUX
2023-07-05,6.95,MUX
2023-07-03,7.17,MUX
2023-06-30,7.19,MUX
2023-06-29,7.1,MUX
2023-06-28,6.85,MUX
2023-06-27,7.03,MUX
2023-06-26,6.9,MUX
2023-06-23,7.05,MUX
2023-06-22,7.06,MUX
2023-06-21,7.05,MUX
2023-06-20,6.93,MUX
2023-06-16,7.29,MUX
2023-06-15,7.11,MUX
2023-06-14,7.12,MUX
2023-06-13,7.31,MUX
2023-06-12,7.45,MUX
2023-06-09,7.56,MUX
2023-06-08,7.97,MUX
2023-06-07,7.69,MUX
2023-06-06,8.15,MUX
2023-06-05,8.1,MUX
2023-06-02,8.08,MUX
2023-06-01,7.95,MUX
2023-05-31,7.64,MUX
2023-05-30,7.35,MUX
2023-05-26,7.32,MUX
2023-05-25,7.19,MUX
2023-05-24,7.33,MUX
2023-05-23,7.83,MUX
2023-05-22,7.94,MUX
2023-05-19,7.89,MUX
2023-05-18,7.8,MUX
2023-05-17,7.9,MUX
2023-05-16,7.73,MUX
2023-05-15,8.0,MUX
2023-05-12,8.02,MUX
2023-05-11,7.82,MUX
2023-05-10,8.13,MUX
2023-05-09,8.26,MUX
2023-05-08,8.87,MUX
2023-05-05,8.92,MUX
2023-05-04,8.84,MUX
2023-05-03,8.71,MUX
2023-05-02,8.6,MUX
2023-05-01,8.25,MUX
2023-04-28,8.2,MUX
2023-04-27,8.16,MUX
2023-04-26,8.34,MUX
2023-04-25,8.25,MUX
2023-04-24,8.32,MUX
2023-04-21,8.43,MUX
2023-04-20,8.66,MUX
2023-04-19,8.74,MUX
2023-04-18,9.18,MUX
2023-04-17,9.1,MUX
2023-04-14,9.55,MUX
2023-04-13,9.76,MUX
2023-04-12,9.43,MUX
2023-04-11,9.39,MUX
2023-04-10,9.14,MUX
2023-04-06,9.09,MUX
2023-04-05,9.24,MUX
2023-04-04,9.15,MUX
2023-04-03,8.88,MUX
2023-03-31,8.47,MUX
2023-03-30,8.67,MUX
2023-03-29,8.31,MUX
2023-03-28,8.25,MUX
2023-03-27,8.0,MUX
2023-03-24,7.88,MUX
2023-03-23,7.98,MUX
2023-03-22,7.96,MUX
2023-03-21,7.63,MUX
2023-03-20,7.94,MUX
2023-03-17,7.91,MUX
2023-03-16,7.21,MUX
2023-03-15,7.16,MUX
2023-03-14,7.34,MUX
2023-03-13,7.71,MUX
2023-03-10,7.16,MUX
2023-03-09,6.98,MUX
2023-03-08,6.61,MUX
2023-03-07,6.7,MUX
2023-03-06,7.35,MUX
2023-03-03,7.31,MUX
2023-03-02,6.93,MUX
2023-03-01,7.15,MUX
2023-02-28,6.8,MUX
2023-02-27,6.25,MUX
2023-02-24,5.46,MUX
2023-02-23,5.63,MUX
2023-02-22,5.6,MUX
2023-02-21,5.74,MUX
2023-02-17,5.91,MUX
2023-02-16,6.02,MUX
2023-02-15,5.95,MUX
2023-02-14,6.18,MUX
2023-02-13,5.98,MUX
2023-02-10,6.05,MUX
2023-02-09,5.94,MUX
2023-02-08,6.16,MUX
2023-02-07,6.3,MUX
2023-02-06,6.24,MUX
2023-02-03,6.25,MUX
2023-02-02,6.52,MUX
2023-02-01,6.85,MUX
2023-01-31,6.71,MUX
2023-01-30,6.76,MUX
2023-01-27,6.9,MUX
2023-01-26,7.03,MUX
2023-01-25,7.18,MUX
2023-01-24,7.08,MUX
2023-01-23,6.88,MUX
2023-01-20,6.95,MUX
2023-01-19,6.7,MUX
2023-01-18,6.46,MUX
2023-01-17,6.66,MUX
2023-01-13,7.12,MUX
2023-01-12,7.11,MUX
2023-01-11,6.96,MUX
2023-01-10,7.23,MUX
2023-01-09,7.04,MUX
2023-01-06,7.17,MUX
2023-01-05,6.89,MUX
2023-01-04,7.06,MUX
2023-01-03,6.16,MUX
2022-12-30,5.86,MUX
2022-12-29,5.83,MUX
2022-12-28,5.81,MUX
2022-12-27,6.13,MUX
2022-12-23,5.82,MUX
2022-12-22,5.87,MUX
2022-12-21,5.66,MUX
2022-12-20,5.41,MUX
2022-12-19,5.15,MUX
2022-12-16,5.41,MUX
2022-12-15,5.39,MUX
2022-12-14,5.54,MUX
2022-12-13,5.55,MUX
2022-12-12,5.37,MUX
2022-12-09,5.46,MUX
2022-12-08,5.55,MUX
2022-12-07,5.64,MUX
2022-12-06,5.29,MUX
2022-12-05,5.37,MUX
2022-12-02,5.77,MUX
2022-12-01,5.94,MUX
2022-11-30,5.45,MUX
2022-11-29,5.23,MUX
2022-11-28,4.85,MUX
2022-11-25,5.36,MUX
2022-11-23,5.61,MUX
2022-11-22,5.1,MUX
2022-11-21,4.84,MUX
2022-11-18,4.88,MUX
2022-11-17,4.98,MUX
2022-11-16,5.18,MUX
2022-11-15,5.14,MUX
2022-11-14,5.31,MUX
2022-11-11,5.17,MUX
2022-11-10,5.1,MUX
2022-11-09,4.19,MUX
2022-11-08,4.47,MUX
2022-11-07,4.01,MUX
2022-11-04,3.66,MUX
2022-11-03,3.29,MUX
2022-11-02,3.52,MUX
2022-11-01,3.84,MUX
2022-10-31,3.65,MUX
2022-10-28,3.64,MUX
2022-10-27,3.68,MUX
2022-10-26,3.93,MUX
2022-10-25,3.78,MUX
2022-10-24,3.64,MUX
2022-10-21,3.57,MUX
2022-10-20,3.21,MUX
2022-10-19,3.18,MUX
2022-10-18,3.37,MUX
2022-10-17,3.35,MUX
2022-10-14,3.19,MUX
2022-10-13,3.58,MUX
2022-10-12,3.7,MUX
2022-10-11,3.53,MUX
2022-10-10,3.51,MUX
2022-10-07,3.82,MUX
2022-10-06,4.17,MUX
2022-10-05,3.85,MUX
2022-10-04,3.94,MUX
2022-10-03,3.69,MUX
2022-09-30,3.26,MUX
2022-09-29,3.13,MUX
2022-09-28,3.1,MUX
2022-09-27,2.89,MUX
2022-09-26,2.98,MUX
2022-09-23,3.28,MUX
2022-09-22,3.52,MUX
2022-09-21,3.45,MUX
2022-09-20,3.34,MUX
2022-09-19,3.59,MUX
2022-09-16,3.48,MUX
2022-09-15,3.36,MUX
2022-09-14,3.51,MUX
2022-09-13,3.53,MUX
2022-09-12,3.7,MUX
2022-09-09,3.55,MUX
2022-09-08,3.38,MUX
2022-09-07,3.38,MUX
2022-09-06,3.09,MUX
2022-09-02,3.09,MUX
2022-09-01,2.97,MUX
2022-08-31,3.07,MUX
2022-08-30,2.98,MUX
2022-08-29,3.04,MUX
2022-08-26,3.14,MUX
2022-08-25,3.28,MUX
2022-08-24,3.19,MUX
2022-08-23,3.04,MUX
2022-08-22,3.0,MUX
2022-08-19,2.9,MUX
2022-08-18,3.1,MUX
2022-08-17,3.18,MUX
2022-08-16,3.34,MUX
2022-08-15,3.32,MUX
2022-08-12,3.37,MUX
2022-08-11,3.29,MUX
2022-08-10,3.58,MUX
2022-08-09,3.5,MUX
2022-08-08,3.63,MUX
2022-08-05,3.49,MUX
2022-08-04,3.54,MUX
2022-08-03,3.48,MUX
2022-08-02,3.76,MUX
2022-08-01,3.79,MUX
2022-07-29,3.79,MUX
2022-07-28,3.75,MUX
2022-07-27,3.6,MUX
2022-07-26,3.685,MUX
2022-07-25,3.26,MUX
2022-07-22,3.32,MUX
2022-07-21,3.37,MUX
2022-07-20,3.323,MUX
2022-07-19,3.43,MUX
2022-07-18,3.526,MUX
2022-07-15,3.561,MUX
2022-07-14,4.0,MUX
2022-07-13,3.825,MUX
2022-07-12,3.8,MUX
2022-07-11,4.0,MUX
2022-07-08,4.153,MUX
2022-07-07,3.982,MUX
2022-07-06,4.078,MUX
2022-07-05,4.2,MUX
2022-07-01,4.3,MUX
2022-06-30,4.3,MUX
2022-06-29,4.58,MUX
2022-06-28,4.677,MUX
2022-06-27,5.05,MUX
2022-06-24,5.0,MUX
2022-06-23,4.774,MUX
2022-06-22,4.955,MUX
2022-06-21,5.0,MUX
2022-06-17,4.98,MUX
2022-06-16,5.41,MUX
2022-06-15,5.1,MUX
2022-06-14,5.174,MUX
2022-06-13,5.3,MUX
2022-06-10,5.789,MUX
2022-06-09,5.5,MUX
2022-06-08,5.829,MUX
2022-06-07,5.989,MUX
2022-06-06,5.954,MUX
2022-06-03,6.16,MUX
2022-06-02,6.4,MUX
2022-06-01,5.944,MUX
2022-05-31,5.9,MUX
2022-05-27,6.138,MUX
2022-05-26,5.876,MUX
2022-05-25,5.205,MUX
2022-05-24,5.4,MUX
2022-05-23,5.3,MUX
2022-05-20,5.3,MUX
2022-05-19,5.2,MUX
2022-05-18,5.0,MUX
2022-05-17,5.3,MUX
2022-05-16,5.121,MUX
2022-05-13,5.03,MUX
2022-05-12,4.61,MUX
2022-05-11,5.111,MUX
2022-05-10,5.394,MUX
2022-05-09,5.771,MUX
2022-05-06,6.4,MUX
2022-05-05,6.315,MUX
2022-05-04,6.557,MUX
2022-05-03,6.371,MUX
2022-05-02,6.41,MUX
2022-04-29,6.702,MUX
2022-04-28,6.8,MUX
2022-04-27,6.647,MUX
2022-04-26,6.75,MUX
2022-04-25,7.2,MUX
2022-04-22,7.5,MUX
2022-04-21,7.818,MUX
2022-04-20,8.241,MUX
2022-04-19,8.381,MUX
2022-04-18,8.342,MUX
2022-04-14,8.5,MUX
2022-04-13,8.45,MUX
2022-04-12,8.111,MUX
2022-04-11,8.078,MUX
2022-04-08,8.161,MUX
2022-04-07,8.039,MUX
2022-04-06,7.9,MUX
2022-04-05,8.1,MUX
2022-04-04,8.364,MUX
2022-04-01,8.393,MUX
2022-03-31,8.417,MUX
2022-03-30,8.494,MUX
2022-03-29,8.26,MUX
2022-03-28,8.4,MUX
2022-03-25,8.542,MUX
2022-03-24,8.766,MUX
2022-03-23,8.756,MUX
2022-03-22,8.554,MUX
2022-03-21,8.683,MUX
2022-03-18,8.764,MUX
2022-03-17,8.62,MUX
2022-03-16,8.149,MUX
2022-03-15,8.199,MUX
2022-03-14,8.0,MUX
2022-03-11,8.866,MUX
2022-03-10,9.05,MUX
2022-03-09,8.869,MUX
2022-03-08,9.349,MUX
2022-03-07,8.647,MUX
2022-03-04,8.004,MUX
2022-03-03,7.3,MUX
2022-03-02,7.735,MUX
2022-03-01,7.707,MUX
2022-02-28,7.921,MUX
2022-02-25,7.7,MUX
2022-02-24,7.629,MUX
2022-02-23,7.852,MUX
2022-02-22,7.547,MUX
2022-02-18,8.168,MUX
2022-02-17,8.424,MUX
2022-02-16,8.38,MUX
2022-02-15,8.25,MUX
2022-02-14,8.551,MUX
2022-02-11,8.889,MUX
2022-02-10,8.586,MUX
2022-02-09,8.797,MUX
2022-02-08,8.8,MUX
2022-02-07,8.521,MUX
2022-02-04,8.443,MUX
2022-02-03,8.2,MUX
2022-02-02,8.45,MUX
2022-02-01,8.616,MUX
2022-01-31,8.524,MUX
2022-01-28,8.2,MUX
2022-01-27,8.5,MUX
2022-01-26,9.069,MUX
2022-01-25,9.301,MUX
2022-01-24,9.2,MUX
2022-01-21,9.524,MUX
2022-01-20,9.775,MUX
2022-01-19,9.832,MUX
2022-01-18,9.4,MUX
2022-01-14,9.127,MUX
2022-01-13,9.219,MUX
2022-01-12,9.313,MUX
2022-01-11,9.271,MUX
2022-01-10,8.992,MUX
2022-01-07,9.079,MUX
2022-01-06,9.1,MUX
2022-01-05,9.249,MUX
2022-01-04,9.175,MUX
2022-01-03,9.2,MUX
2021-12-31,9.2,MUX
2021-12-30,9.023,MUX
2021-12-29,8.77,MUX
2021-12-28,8.915,MUX
2021-12-27,9.107,MUX
2021-12-23,8.915,MUX
2021-12-22,9.06,MUX
2021-12-21,8.8,MUX
2021-12-20,8.7,MUX
2021-12-17,8.831,MUX
2021-12-16,8.907,MUX
2021-12-15,8.302,MUX
2021-12-14,8.5,MUX
2021-12-13,8.75,MUX
2021-12-10,8.943,MUX
2021-12-09,8.934,MUX
2021-12-08,9.309,MUX
2021-12-07,9.343,MUX
2021-12-06,9.4,MUX
2021-12-03,9.361,MUX
2021-12-02,9.5,MUX
2021-12-01,9.7,MUX
2021-11-30,9.9,MUX
2021-11-29,10.1,MUX
2021-11-26,10.3,MUX
2021-11-24,10.6,MUX
2021-11-23,10.6,MUX
2021-11-22,10.8,MUX
2021-11-19,11.0,MUX
2021-11-18,11.4,MUX
2021-11-17,11.5,MUX
2021-11-16,11.6,MUX
2021-11-15,11.8,MUX
2021-11-12,11.8,MUX
2021-11-11,11.5,MUX
2021-11-10,11.2,MUX
2021-11-09,11.3,MUX
2021-11-08,11.3,MUX
2021-11-05,11.2,MUX
2021-11-04,11.0,MUX
2021-11-03,11.4,MUX
2021-11-02,11.1,MUX
2021-11-01,11.4,MUX
2021-10-29,11.0,MUX
2021-10-28,11.2,MUX
2021-10-27,11.5,MUX
2021-10-26,11.7,MUX
2021-10-25,11.7,MUX
2021-10-22,11.5,MUX
2021-10-21,11.3,MUX
2021-10-20,11.6,MUX
2021-10-19,11.5,MUX
2021-10-18,11.3,MUX
2021-10-15,11.6,MUX
2021-10-14,12.0,MUX
2021-10-13,11.8,MUX
2021-10-12,10.9,MUX
2021-10-11,10.8,MUX
2021-10-08,10.9,MUX
2021-10-07,10.8,MUX
2021-10-06,10.7,MUX
2021-10-05,10.6,MUX
2021-10-04,10.6,MUX
2021-10-01,10.5,MUX
2021-09-30,10.4,MUX
2021-09-29,10.3,MUX
2021-09-28,10.9,MUX
2021-09-27,10.7,MUX
2021-09-24,10.5,MUX
2021-09-23,10.9,MUX
2021-09-22,10.8,MUX
2021-09-21,10.9,MUX
2021-09-20,10.7,MUX
2021-09-17,11.1,MUX
2021-09-16,11.5,MUX
2021-09-15,11.8,MUX
2021-09-14,11.7,MUX
2021-09-13,11.9,MUX
2021-09-10,11.5,MUX
2021-09-09,11.3,MUX
2021-09-08,11.7,MUX
2021-09-07,11.5,MUX
2021-09-03,11.9,MUX
2021-09-02,11.3,MUX
2021-09-01,11.3,MUX
2021-08-31,11.5,MUX
2021-08-30,11.4,MUX
2021-08-27,11.7,MUX
2021-08-26,10.9,MUX
2021-08-25,11.0,MUX
2021-08-24,11.3,MUX
2021-08-23,11.4,MUX
2021-08-20,9.9,MUX
2021-08-19,10.0,MUX
2021-08-18,10.3,MUX
2021-08-17,10.4,MUX
2021-08-16,10.8,MUX
2021-08-13,11.2,MUX
2021-08-12,10.8,MUX
2021-08-11,11.1,MUX
2021-08-10,10.6,MUX
2021-08-09,10.5,MUX
2021-08-06,11.3,MUX
2021-08-05,11.6,MUX
2021-08-04,11.6,MUX
2021-08-03,12.1,MUX
2021-08-02,11.8,MUX
2021-07-30,12.0,MUX
2021-07-29,12.3,MUX
2021-07-28,11.7,MUX
2021-07-27,11.4,MUX
2021-07-26,11.5,MUX
2021-07-23,11.3,MUX
2021-07-22,11.4,MUX
2021-07-21,11.7,MUX
2021-07-20,11.2,MUX
2021-07-19,11.2,MUX
2021-07-16,11.7,MUX
2021-07-15,12.2,MUX
2021-07-14,12.4,MUX
2021-07-13,12.0,MUX
2021-07-12,12.5,MUX
2021-07-09,12.9,MUX
2021-07-08,12.4,MUX
2021-07-07,13.4,MUX
2021-07-06,13.5,MUX
2021-07-02,14.1,MUX
2021-07-01,13.6,MUX
2021-06-30,13.8,MUX
2021-06-29,13.2,MUX
2021-06-28,13.9,MUX
2021-06-25,14.4,MUX
2021-06-24,14.8,MUX
2021-06-23,14.4,MUX
2021-06-22,14.5,MUX
2021-06-21,14.6,MUX
2021-06-18,14.2,MUX
2021-06-17,14.7,MUX
2021-06-16,15.7,MUX
2021-06-15,16.1,MUX
2021-06-14,15.7,MUX
2021-06-11,16.2,MUX
2021-06-10,16.5,MUX
2021-06-09,14.8,MUX
2021-06-08,14.6,MUX
2021-06-07,14.7,MUX
2021-06-04,14.4,MUX
2021-06-03,14.1,MUX
2021-06-02,15.5,MUX
2021-06-01,15.0,MUX
2021-05-28,14.7,MUX
2021-05-27,14.7,MUX
2021-05-26,14.1,MUX
2021-05-25,13.9,MUX
2021-05-24,13.9,MUX
2021-05-21,13.8,MUX
2021-05-20,13.7,MUX
2021-05-19,13.5,MUX
2021-05-18,13.8,MUX
2021-05-17,13.6,MUX
2021-05-14,12.5,MUX
2021-05-13,12.2,MUX
2021-05-12,12.2,MUX
2021-05-11,12.8,MUX
2021-05-10,12.5,MUX
2021-05-07,13.0,MUX
2021-05-06,12.5,MUX
2021-05-05,12.7,MUX
2021-05-04,13.1,MUX
2021-05-03,13.1,MUX
2021-04-30,12.0,MUX
2021-04-29,12.5,MUX
2021-04-28,11.8,MUX
2021-04-27,11.4,MUX
2021-04-26,11.6,MUX
2021-04-23,11.5,MUX
2021-04-22,11.5,MUX
2021-04-21,11.9,MUX
2021-04-20,11.6,MUX
2021-04-19,11.5,MUX
2021-04-16,11.9,MUX
2021-04-15,11.8,MUX
2021-04-14,11.3,MUX
2021-04-13,11.5,MUX
2021-04-12,11.4,MUX
2021-04-09,11.9,MUX
2021-04-08,11.3,MUX
2021-04-07,10.8,MUX
2021-04-06,11.0,MUX
2021-04-05,10.9,MUX
2021-04-01,10.9,MUX
2021-03-31,10.4,MUX
2021-03-30,10.4,MUX
2021-03-29,10.6,MUX
2021-03-26,10.7,MUX
2021-03-25,10.5,MUX
2021-03-24,10.6,MUX
2021-03-23,10.8,MUX
2021-03-22,11.4,MUX
2021-03-19,11.4,MUX
2021-03-18,11.2,MUX
2021-03-17,11.7,MUX
2021-03-16,11.3,MUX
2021-03-15,11.4,MUX
2021-03-12,11.3,MUX
2021-03-11,11.1,MUX
2021-03-10,10.9,MUX
2021-03-09,10.8,MUX
2021-03-08,10.2,MUX
2021-03-05,10.8,MUX
2021-03-04,10.8,MUX
2021-03-03,10.7,MUX
2021-03-02,11.3,MUX
2021-03-01,10.7,MUX
2021-02-26,11.1,MUX
2021-02-25,11.3,MUX
2021-02-24,12.2,MUX
2021-02-23,11.9,MUX
2021-02-22,12.7,MUX
2021-02-19,11.4,MUX
2021-02-18,11.6,MUX
2021-02-17,11.7,MUX
2021-02-16,12.4,MUX
2021-02-12,12.1,MUX
2021-02-11,11.7,MUX
2021-02-10,11.9,MUX
2021-02-09,11.3,MUX
2021-02-08,11.3,MUX
2021-02-05,11.4,MUX
2021-02-04,11.9,MUX
2021-02-03,12.7,MUX
2021-02-02,12.2,MUX
2021-02-01,14.6,MUX
2021-01-29,12.1,MUX
2021-01-28,12.0,MUX
2021-01-27,9.1,MUX
2021-01-26,9.39,MUX
2021-01-25,9.37,MUX
2021-01-22,9.479,MUX
2021-01-21,9.418,MUX
2021-01-20,9.7,MUX
2021-01-19,9.3,MUX
2021-01-15,9.566,MUX
2021-01-14,9.8,MUX
2021-01-13,9.832,MUX
2021-01-12,9.739,MUX
2021-01-11,9.851,MUX
2021-01-08,9.951,MUX
2021-01-07,10.4,MUX
2021-01-06,10.7,MUX
2021-01-05,10.5,MUX
2021-01-04,10.5,MUX
2020-12-31,9.85,MUX
2020-12-30,9.9,MUX
2020-12-29,9.696,MUX
2020-12-28,9.806,MUX
2020-12-24,9.806,MUX
2020-12-23,9.801,MUX
2020-12-22,10.1,MUX
2020-12-21,10.1,MUX
2020-12-18,10.2,MUX
2020-12-17,10.3,MUX
2020-12-16,10.4,MUX
2020-12-15,10.1,MUX
2020-12-14,9.571,MUX
2020-12-11,10.1,MUX
2020-12-10,9.854,MUX
2020-12-09,9.811,MUX
2020-12-08,10.3,MUX
2020-12-07,10.4,MUX
2020-12-04,9.962,MUX
2020-12-03,9.85,MUX
2020-12-02,10.3,MUX
2020-12-01,10.2,MUX
2020-11-30,9.791,MUX
2020-11-27,9.801,MUX
2020-11-25,9.775,MUX
2020-11-24,9.502,MUX
2020-11-23,9.555,MUX
2020-11-20,9.843,MUX
2020-11-19,9.527,MUX
2020-11-18,9.8,MUX
2020-11-17,9.881,MUX
2020-11-16,9.747,MUX
2020-11-13,9.936,MUX
2020-11-12,9.943,MUX
2020-11-11,9.899,MUX
2020-11-10,10.1,MUX
2020-11-09,10.1,MUX
2020-11-06,10.6,MUX
2020-11-05,10.8,MUX
2020-11-04,9.4,MUX
2020-11-03,9.8,MUX
2020-11-02,9.8,MUX
2020-10-30,9.714,MUX
2020-10-29,9.95,MUX
2020-10-28,9.705,MUX
2020-10-27,10.5,MUX
2020-10-26,10.6,MUX
2020-10-23,10.8,MUX
2020-10-22,10.8,MUX
2020-10-21,10.9,MUX
2020-10-20,10.8,MUX
2020-10-19,10.4,MUX
2020-10-16,10.8,MUX
2020-10-15,11.0,MUX
2020-10-14,11.2,MUX
2020-10-13,11.0,MUX
2020-10-12,11.3,MUX
2020-10-09,11.7,MUX
2020-10-08,11.0,MUX
2020-10-07,10.7,MUX
2020-10-06,10.6,MUX
2020-10-05,11.1,MUX
2020-10-02,10.6,MUX
2020-10-01,10.8,MUX
2020-09-30,10.6,MUX
2020-09-29,10.8,MUX
2020-09-28,10.2,MUX
2020-09-25,9.89,MUX
2020-09-24,10.1,MUX
2020-09-23,9.806,MUX
2020-09-22,10.8,MUX
2020-09-21,10.4,MUX
2020-09-18,11.0,MUX
2020-09-17,11.5,MUX
2020-09-16,11.4,MUX
2020-09-15,11.9,MUX
2020-09-14,12.0,MUX
2020-09-11,12.6,MUX
2020-09-10,13.3,MUX
2020-09-09,12.7,MUX
2020-09-08,12.0,MUX
2020-09-04,12.5,MUX
2020-09-03,12.7,MUX
2020-09-02,12.3,MUX
2020-09-01,12.3,MUX
2020-08-31,12.6,MUX
2020-08-28,12.6,MUX
2020-08-27,12.1,MUX
2020-08-26,12.6,MUX
2020-08-25,11.9,MUX
2020-08-24,12.1,MUX
2020-08-21,12.1,MUX
2020-08-20,12.7,MUX
2020-08-19,12.6,MUX
2020-08-18,13.2,MUX
2020-08-17,13.6,MUX
2020-08-14,12.9,MUX
2020-08-13,13.1,MUX
2020-08-12,12.2,MUX
2020-08-11,12.5,MUX
2020-08-10,13.7,MUX
2020-08-07,14.0,MUX
2020-08-06,14.2,MUX
2020-08-05,14.6,MUX
2020-08-04,14.5,MUX
2020-08-03,13.5,MUX
2020-07-31,13.8,MUX
2020-07-30,13.4,MUX
2020-07-29,13.9,MUX
2020-07-28,14.3,MUX
2020-07-27,14.4,MUX
2020-07-24,13.4,MUX
2020-07-23,12.8,MUX
2020-07-22,13.4,MUX
2020-07-21,12.9,MUX
2020-07-20,11.9,MUX
2020-07-17,11.1,MUX
2020-07-16,10.6,MUX
2020-07-15,11.0,MUX
2020-07-14,10.6,MUX
2020-07-13,10.4,MUX
2020-07-10,10.8,MUX
2020-07-09,11.0,MUX
2020-07-08,11.1,MUX
2020-07-07,10.6,MUX
2020-07-06,10.4,MUX
2020-07-02,10.0,MUX
2020-07-01,9.859,MUX
2020-06-30,9.859,MUX
2020-06-29,9.901,MUX
2020-06-26,9.692,MUX
2020-06-25,9.16,MUX
2020-06-24,9.3,MUX
2020-06-23,9.588,MUX
2020-06-22,9.312,MUX
2020-06-19,8.9,MUX
2020-06-18,8.7,MUX
2020-06-17,9.15,MUX
2020-06-16,9.035,MUX
2020-06-15,9.345,MUX
2020-06-12,9.1,MUX
2020-06-11,9.206,MUX
2020-06-10,10.2,MUX
2020-06-09,9.883,MUX
2020-06-08,10.0,MUX
2020-06-05,9.907,MUX
2020-06-04,10.0,MUX
2020-06-03,9.523,MUX
2020-06-02,9.703,MUX
2020-06-01,10.1,MUX
2020-05-29,9.038,MUX
2020-05-28,9.0,MUX
2020-05-27,8.447,MUX
2020-05-26,8.044,MUX
2020-05-22,8.611,MUX
2020-05-21,7.861,MUX
2020-05-20,8.523,MUX
2020-05-19,9.099,MUX
2020-05-18,9.5,MUX
2020-05-15,9.5,MUX
2020-05-14,9.055,MUX
2020-05-13,8.872,MUX
2020-05-12,9.387,MUX
2020-05-11,9.484,MUX
2020-05-08,9.8,MUX
2020-05-07,9.646,MUX
2020-05-06,9.336,MUX
2020-05-05,9.906,MUX
2020-05-04,9.968,MUX
2020-05-01,9.611,MUX
2020-04-30,9.629,MUX
2020-04-29,10.3,MUX
2020-04-28,9.856,MUX
2020-04-27,10.1,MUX
2020-04-24,10.5,MUX
2020-04-23,10.4,MUX
2020-04-22,10.3,MUX
2020-04-21,9.62,MUX
2020-04-20,10.1,MUX
2020-04-17,9.59,MUX
2020-04-16,9.943,MUX
2020-04-15,9.991,MUX
2020-04-14,10.3,MUX
2020-04-13,9.451,MUX
2020-04-09,8.698,MUX
2020-04-08,7.999,MUX
2020-04-07,7.793,MUX
2020-04-06,7.374,MUX
2020-04-03,7.037,MUX
2020-04-02,7.076,MUX
2020-04-01,6.737,MUX
2020-03-31,6.608,MUX
2020-03-30,6.887,MUX
2020-03-27,6.781,MUX
2020-03-26,7.387,MUX
2020-03-25,7.7,MUX
2020-03-24,7.389,MUX
2020-03-23,6.057,MUX
2020-03-20,5.8,MUX
2020-03-19,6.075,MUX
2020-03-18,6.74,MUX
2020-03-17,7.405,MUX
2020-03-16,7.038,MUX
2020-03-13,6.265,MUX
2020-03-12,7.0,MUX
2020-03-11,7.986,MUX
2020-03-10,8.9,MUX
2020-03-09,8.6,MUX
2020-03-06,9.599,MUX
2020-03-05,9.953,MUX
2020-03-04,10.5,MUX
2020-03-03,10.1,MUX
2020-03-02,9.758,MUX
2020-02-28,9.0,MUX
2020-02-27,10.1,MUX
2020-02-26,11.3,MUX
2020-02-25,11.2,MUX
2020-02-24,12.0,MUX
2020-02-21,13.0,MUX
2020-02-20,12.7,MUX
2020-02-19,12.1,MUX
2020-02-18,12.1,MUX
2020-02-14,11.4,MUX
2020-02-13,11.6,MUX
2020-02-12,11.5,MUX
2020-02-11,11.9,MUX
2020-02-10,11.7,MUX
2020-02-07,11.4,MUX
2020-02-06,12.3,MUX
2020-02-05,11.4,MUX
2020-02-04,11.0,MUX
2020-02-03,11.2,MUX
2020-01-31,11.5,MUX
2020-01-30,11.6,MUX
2020-01-29,11.5,MUX
2020-01-28,10.7,MUX
2020-01-27,11.3,MUX
2020-01-24,11.8,MUX
2020-01-23,11.6,MUX
2020-01-22,11.6,MUX
2020-01-21,11.9,MUX
2020-01-17,11.8,MUX
2020-01-16,12.2,MUX
2020-01-15,12.2,MUX
2020-01-14,11.7,MUX
2020-01-13,11.7,MUX
2020-01-10,12.5,MUX
2020-01-09,11.7,MUX
2020-01-08,11.6,MUX
2020-01-07,12.9,MUX
2020-01-06,12.7,MUX
2020-01-03,12.5,MUX
2020-01-02,12.8,MUX
2019-12-31,12.7,MUX
2019-12-30,13.0,MUX
2019-12-27,12.2,MUX
2019-12-26,12.3,MUX
2019-12-24,11.8,MUX
2019-12-23,11.3,MUX
2019-12-20,10.9,MUX
2019-12-19,11.3,MUX
2019-12-18,10.8,MUX
2019-12-17,10.4,MUX
2019-12-16,10.4,MUX
2019-12-13,11.0,MUX
2019-12-12,10.8,MUX
2019-12-11,10.6,MUX
2019-12-10,11.0,MUX
2019-12-09,11.1,MUX
2019-12-06,11.4,MUX
2019-12-05,11.9,MUX
2019-12-04,11.9,MUX
2019-12-03,11.5,MUX
2019-12-02,11.5,MUX
2019-11-29,11.3,MUX
2019-11-27,11.4,MUX
2019-11-26,11.6,MUX
2019-11-25,11.2,MUX
2019-11-22,12.3,MUX
2019-11-21,12.1,MUX
2019-11-20,12.9,MUX
2019-11-19,15.1,MUX
2019-11-18,15.2,MUX
2019-11-15,15.4,MUX
2019-11-14,16.4,MUX
2019-11-13,16.5,MUX
2019-11-12,16.5,MUX
2019-11-11,16.5,MUX
2019-11-08,16.4,MUX
2019-11-07,16.6,MUX
2019-11-06,16.9,MUX
2019-11-05,16.8,MUX
2019-11-04,17.5,MUX
2019-11-01,17.3,MUX
2019-10-31,16.7,MUX
2019-10-30,16.8,MUX
2019-10-29,16.8,MUX
2019-10-28,15.9,MUX
2019-10-25,16.4,MUX
2019-10-24,16.3,MUX
2019-10-23,16.0,MUX
2019-10-22,15.8,MUX
2019-10-21,15.3,MUX
2019-10-18,16.0,MUX
2019-10-17,15.6,MUX
2019-10-16,14.9,MUX
2019-10-15,14.9,MUX
2019-10-14,16.0,MUX
2019-10-11,16.1,MUX
2019-10-10,16.8,MUX
2019-10-09,16.4,MUX
2019-10-08,17.0,MUX
2019-10-07,15.9,MUX
2019-10-04,15.9,MUX
2019-10-03,15.9,MUX
2019-10-02,15.9,MUX
2019-10-01,15.5,MUX
2019-09-30,15.6,MUX
2019-09-27,16.6,MUX
2019-09-26,16.8,MUX
2019-09-25,17.4,MUX
2019-09-24,18.8,MUX
2019-09-23,18.6,MUX
2019-09-20,17.7,MUX
2019-09-19,16.9,MUX
2019-09-18,16.8,MUX
2019-09-17,17.3,MUX
2019-09-16,17.1,MUX
2019-09-13,16.3,MUX
2019-09-12,16.7,MUX
2019-09-11,17.8,MUX
2019-09-10,17.5,MUX
2019-09-09,18.1,MUX
2019-09-06,18.3,MUX
2019-09-05,19.1,MUX
2019-09-04,20.7,MUX
2019-09-03,20.2,MUX
2019-08-30,20.3,MUX
2019-08-29,20.1,MUX
2019-08-28,20.9,MUX
2019-08-27,20.8,MUX
2019-08-26,20.0,MUX
2019-08-23,19.6,MUX
2019-08-22,18.3,MUX
2019-08-21,18.3,MUX
2019-08-20,18.0,MUX
2019-08-19,16.9,MUX
2019-08-16,17.5,MUX
2019-08-15,18.5,MUX
2019-08-14,18.0,MUX
2019-08-13,18.5,MUX
2019-08-12,19.5,MUX
2019-08-09,19.3,MUX
2019-08-08,20.3,MUX
2019-08-07,19.8,MUX
2019-08-06,19.1,MUX
2019-08-05,19.4,MUX
2019-08-02,18.5,MUX
2019-08-01,18.1,MUX
2019-07-31,17.3,MUX
2019-07-30,18.5,MUX
2019-07-29,18.5,MUX
2019-07-26,18.2,MUX
2019-07-25,18.4,MUX
2019-07-24,19.6,MUX
2019-07-23,17.9,MUX
2019-07-22,18.4,MUX
2019-07-19,18.7,MUX
2019-07-18,19.8,MUX
2019-07-17,18.6,MUX
2019-07-16,17.1,MUX
2019-07-15,17.3,MUX
2019-07-12,17.3,MUX
2019-07-11,16.8,MUX
2019-07-10,17.0,MUX
2019-07-09,15.9,MUX
2019-07-08,16.1,MUX
2019-07-05,17.0,MUX
2019-07-03,18.5,MUX
2019-07-02,17.9,MUX
2019-07-01,16.5,MUX
2019-06-28,17.5,MUX
2019-06-27,17.2,MUX
2019-06-26,17.7,MUX
2019-06-25,18.4,MUX
2019-06-24,18.2,MUX
2019-06-21,17.9,MUX
2019-06-20,17.4,MUX
2019-06-19,16.9,MUX
2019-06-18,16.1,MUX
2019-06-17,16.0,MUX
2019-06-14,15.3,MUX
2019-06-13,15.6,MUX
2019-06-12,15.4,MUX
2019-06-11,14.5,MUX
2019-06-10,14.5,MUX
2019-06-07,15.2,MUX
2019-06-06,14.9,MUX
2019-06-05,14.8,MUX
2019-06-04,14.6,MUX
2019-06-03,14.3,MUX
2019-05-31,13.5,MUX
2019-05-30,13.1,MUX
2019-05-29,12.4,MUX
2019-05-28,12.9,MUX
2019-05-24,13.2,MUX
2019-05-23,12.7,MUX
2019-05-22,12.5,MUX
2019-05-21,13.3,MUX
2019-05-20,13.5,MUX
2019-05-17,13.4,MUX
2019-05-16,13.6,MUX
2019-05-15,13.9,MUX
2019-05-14,14.3,MUX
2019-05-13,15.0,MUX
2019-05-10,14.4,MUX
2019-05-09,14.6,MUX
2019-05-08,14.3,MUX
2019-05-07,14.7,MUX
2019-05-06,14.2,MUX
2019-05-03,14.0,MUX
2019-05-02,14.2,MUX
2019-05-01,14.1,MUX
2019-04-30,13.8,MUX
2019-04-29,13.8,MUX
2019-04-26,14.9,MUX
2019-04-25,13.0,MUX
2019-04-24,13.3,MUX
2019-04-23,13.3,MUX
2019-04-22,13.1,MUX
2019-04-18,13.9,MUX
2019-04-17,13.8,MUX
2019-04-16,13.8,MUX
2019-04-15,14.2,MUX
2019-04-12,13.7,MUX
2019-04-11,14.0,MUX
2019-04-10,14.9,MUX
2019-04-09,15.2,MUX
2019-04-08,14.9,MUX
2019-04-05,15.1,MUX
2019-04-04,15.1,MUX
2019-04-03,14.5,MUX
2019-04-02,14.8,MUX
2019-04-01,14.3,MUX
2019-03-29,15.0,MUX
2019-03-28,15.5,MUX
2019-03-27,16.4,MUX
2019-03-26,17.3,MUX
2019-03-25,17.2,MUX
2019-03-22,16.8,MUX
2019-03-21,17.1,MUX
2019-03-20,17.1,MUX
2019-03-19,16.4,MUX
2019-03-18,16.4,MUX
2019-03-15,16.8,MUX
2019-03-14,17.0,MUX
2019-03-13,17.9,MUX
2019-03-12,17.9,MUX
2019-03-11,17.4,MUX
2019-03-08,17.6,MUX
2019-03-07,16.5,MUX
2019-03-06,17.0,MUX
2019-03-05,17.7,MUX
2019-03-04,17.5,MUX
2019-03-01,17.2,MUX
2019-02-28,18.1,MUX
2019-02-27,18.4,MUX
2019-02-26,19.1,MUX
2019-02-25,19.9,MUX
2019-02-22,20.1,MUX
2019-02-21,19.9,MUX
2019-02-20,19.2,MUX
2019-02-19,19.5,MUX
2019-02-15,18.8,MUX
2019-02-14,17.9,MUX
2019-02-13,17.6,MUX
2019-02-12,17.9,MUX
2019-02-11,17.8,MUX
2019-02-08,17.8,MUX
2019-02-07,17.5,MUX
2019-02-06,17.9,MUX
2019-02-05,18.0,MUX
2019-02-04,17.7,MUX
2019-02-01,17.9,MUX
2019-01-31,18.1,MUX
2019-01-30,17.9,MUX
2019-01-29,18.1,MUX
2019-01-28,17.4,MUX
2019-01-25,17.2,MUX
2019-01-24,16.4,MUX
2019-01-23,16.3,MUX
2019-01-22,16.4,MUX
2019-01-18,16.7,MUX
2019-01-17,17.2,MUX
2019-01-16,17.4,MUX
2019-01-15,17.6,MUX
2019-01-14,18.0,MUX
2019-01-11,18.1,MUX
2019-01-10,18.4,MUX
2019-01-09,18.7,MUX
2019-01-08,18.6,MUX
2019-01-07,18.4,MUX
2019-01-04,18.8,MUX
2019-01-03,19.2,MUX
2019-01-02,19.1,MUX
2018-12-31,18.2,MUX
2018-12-28,18.4,MUX
2018-12-27,18.5,MUX
2018-12-26,18.5,MUX
2018-12-24,18.2,MUX
2018-12-21,17.9,MUX
2018-12-20,18.0,MUX
2018-12-19,17.0,MUX
2018-12-18,18.0,MUX
2018-12-17,17.9,MUX
2018-12-14,17.2,MUX
2018-12-13,17.4,MUX
2018-12-12,17.5,MUX
2018-12-11,17.2,MUX
2018-12-10,17.7,MUX
2018-12-07,18.2,MUX
2018-12-06,18.1,MUX
2018-12-04,18.1,MUX
2018-12-03,17.8,MUX
2018-11-30,17.6,MUX
2018-11-29,17.6,MUX
2018-11-28,18.0,MUX
2018-11-27,17.2,MUX
2018-11-26,17.8,MUX
2018-11-23,18.1,MUX
2018-11-21,18.3,MUX
2018-11-20,17.8,MUX
2018-11-19,18.1,MUX
2018-11-16,18.1,MUX
2018-11-15,17.9,MUX
2018-11-14,17.4,MUX
2018-11-13,17.0,MUX
2018-11-12,18.0,MUX
2018-11-09,18.8,MUX
2018-11-08,18.7,MUX
2018-11-07,18.8,MUX
2018-11-06,19.3,MUX
2018-11-05,19.6,MUX
2018-11-02,19.6,MUX
2018-11-01,19.8,MUX
2018-10-31,19.6,MUX
2018-10-30,21.3,MUX
2018-10-29,21.1,MUX
2018-10-26,21.3,MUX
2018-10-25,21.4,MUX
2018-10-24,23.2,MUX
2018-10-23,23.5,MUX
2018-10-22,23.3,MUX
2018-10-19,23.4,MUX
2018-10-18,23.1,MUX
2018-10-17,22.6,MUX
2018-10-16,23.2,MUX
2018-10-15,22.6,MUX
2018-10-12,21.6,MUX
2018-10-11,21.8,MUX
2018-10-10,20.7,MUX
2018-10-09,20.5,MUX
2018-10-08,20.5,MUX
2018-10-05,20.3,MUX
2018-10-04,20.3,MUX
2018-10-03,20.2,MUX
2018-10-02,20.0,MUX
2018-10-01,19.2,MUX
2018-09-28,19.4,MUX
2018-09-27,19.3,MUX
2018-09-26,19.3,MUX
2018-09-25,19.1,MUX
2018-09-24,18.9,MUX
2018-09-21,18.7,MUX
2018-09-20,19.6,MUX
2018-09-19,19.4,MUX
2018-09-18,19.0,MUX
2018-09-17,19.1,MUX
2018-09-14,19.6,MUX
2018-09-13,19.9,MUX
2018-09-12,20.1,MUX
2018-09-11,19.6,MUX
2018-09-10,19.5,MUX
2018-09-07,20.0,MUX
2018-09-06,20.0,MUX
2018-09-05,19.8,MUX
2018-09-04,19.4,MUX
2018-08-31,19.7,MUX
2018-08-30,19.4,MUX
2018-08-29,19.4,MUX
2018-08-28,19.3,MUX
2018-08-27,20.1,MUX
2018-08-24,20.1,MUX
2018-08-23,18.8,MUX
2018-08-22,19.7,MUX
2018-08-21,19.7,MUX
2018-08-20,19.6,MUX
2018-08-17,19.1,MUX
2018-08-16,18.7,MUX
2018-08-15,18.9,MUX
2018-08-14,20.8,MUX
2018-08-13,21.2,MUX
2018-08-10,21.5,MUX
2018-08-09,21.7,MUX
2018-08-08,21.9,MUX
2018-08-07,21.5,MUX
2018-08-06,21.5,MUX
2018-08-03,22.0,MUX
2018-08-02,22.2,MUX
2018-08-01,21.9,MUX
2018-07-31,22.4,MUX
2018-07-30,23.0,MUX
2018-07-27,23.3,MUX
2018-07-26,23.9,MUX
2018-07-25,25.0,MUX
2018-07-24,24.2,MUX
2018-07-23,23.6,MUX
2018-07-20,24.5,MUX
2018-07-19,23.8,MUX
2018-07-18,23.3,MUX
2018-07-17,22.2,MUX
2018-07-16,22.1,MUX
2018-07-13,22.3,MUX
2018-07-12,22.3,MUX
2018-07-11,22.4,MUX
2018-07-10,22.2,MUX
2018-07-09,22.0,MUX
2018-07-06,22.5,MUX
2018-07-05,22.3,MUX
2018-07-03,21.9,MUX
2018-07-02,21.5,MUX
2018-06-29,20.7,MUX
2018-06-28,20.6,MUX
2018-06-27,20.8,MUX
2018-06-26,21.1,MUX
2018-06-25,21.8,MUX
2018-06-22,21.9,MUX
2018-06-21,21.8,MUX
2018-06-20,21.5,MUX
2018-06-19,21.5,MUX
2018-06-18,21.4,MUX
2018-06-15,21.7,MUX
2018-06-14,21.8,MUX
2018-06-13,21.7,MUX
2018-06-12,21.7,MUX
2018-06-11,21.6,MUX
2018-06-08,21.6,MUX
2018-06-07,21.9,MUX
2018-06-06,21.7,MUX
2018-06-05,21.4,MUX
2018-06-04,21.0,MUX
2018-06-01,21.9,MUX
2018-05-31,22.5,MUX
2018-05-30,22.5,MUX
2018-05-29,22.6,MUX
2018-05-25,22.6,MUX
2018-05-24,22.8,MUX
2018-05-23,22.0,MUX
2018-05-22,21.8,MUX
2018-05-21,21.6,MUX
2018-05-18,21.9,MUX
2018-05-17,21.2,MUX
2018-05-16,20.7,MUX
2018-05-15,21.0,MUX
2018-05-14,21.5,MUX
2018-05-11,22.4,MUX
2018-05-10,22.2,MUX
2018-05-09,21.7,MUX
2018-05-08,21.3,MUX
2018-05-07,21.1,MUX
2018-05-04,21.0,MUX
2018-05-03,20.7,MUX
2018-05-02,20.9,MUX
2018-05-01,20.9,MUX
2018-04-30,20.8,MUX
2018-04-27,20.7,MUX
2018-04-26,20.9,MUX
2018-04-25,21.0,MUX
2018-04-24,21.1,MUX
2018-04-23,20.8,MUX
2018-04-20,21.4,MUX
2018-04-19,21.7,MUX
2018-04-18,21.2,MUX
2018-04-17,20.6,MUX
2018-04-16,20.7,MUX
2018-04-13,20.7,MUX
2018-04-12,20.5,MUX
2018-04-11,21.1,MUX
2018-04-10,21.0,MUX
2018-04-09,20.5,MUX
2018-04-06,20.6,MUX
2018-04-05,20.9,MUX
2018-04-04,20.6,MUX
2018-04-03,20.8,MUX
2018-04-02,21.4,MUX
2018-03-29,20.8,MUX
2018-03-28,20.1,MUX
2018-03-27,21.1,MUX
2018-03-26,22.2,MUX
2018-03-23,21.5,MUX
2018-03-22,20.9,MUX
2018-03-21,21.1,MUX
2018-03-20,19.9,MUX
2018-03-19,20.0,MUX
2018-03-16,20.1,MUX
2018-03-15,19.7,MUX
2018-03-14,20.2,MUX
2018-03-13,20.5,MUX
2018-03-12,20.4,MUX
2018-03-09,20.2,MUX
2018-03-08,20.5,MUX
2018-03-07,20.3,MUX
2018-03-06,20.8,MUX
2018-03-05,19.7,MUX
2018-03-02,19.6,MUX
2018-03-01,19.8,MUX
2018-02-28,19.5,MUX
2018-02-27,20.3,MUX
2018-02-26,20.8,MUX
2018-02-23,20.9,MUX
2018-02-22,21.3,MUX
2018-02-21,21.5,MUX
2018-02-20,22.1,MUX
2018-02-16,22.8,MUX
2018-02-15,24.1,MUX
2018-02-14,23.7,MUX
2018-02-13,21.9,MUX
2018-02-12,21.6,MUX
2018-02-09,20.3,MUX
2018-02-08,20.9,MUX
2018-02-07,20.4,MUX
2018-02-06,21.5,MUX
2018-02-05,22.1,MUX
2018-02-02,21.1,MUX
2018-02-01,22.2,MUX
2018-01-31,22.0,MUX
2018-01-30,21.3,MUX
2018-01-29,22.2,MUX
2018-01-26,23.3,MUX
2018-01-25,23.4,MUX
2018-01-24,25.1,MUX
2018-01-23,23.3,MUX
2018-01-22,22.3,MUX
2018-01-19,22.4,MUX
2018-01-18,22.3,MUX
2018-01-17,22.8,MUX
2018-01-16,23.6,MUX
2018-01-12,23.8,MUX
2018-01-11,23.2,MUX
2018-01-10,23.3,MUX
2018-01-09,21.8,MUX
2018-01-08,22.3,MUX
2018-01-05,22.9,MUX
2018-01-04,23.0,MUX
2018-01-03,23.3,MUX
2018-01-02,24.6,MUX
2017-12-29,22.8,MUX
2017-12-28,22.2,MUX
2017-12-27,22.7,MUX
2017-12-26,23.7,MUX
2017-12-22,22.5,MUX
2017-12-21,22.6,MUX
2017-12-20,21.6,MUX
2017-12-19,20.9,MUX
2017-12-18,20.9,MUX
2017-12-15,20.9,MUX
2017-12-14,20.4,MUX
2017-12-13,20.2,MUX
2017-12-12,18.5,MUX
2017-12-11,18.5,MUX
2017-12-08,18.3,MUX
2017-12-07,18.6,MUX
2017-12-06,18.8,MUX
2017-12-05,19.0,MUX
2017-12-04,19.2,MUX
2017-12-01,19.6,MUX
2017-11-30,20.1,MUX
2017-11-29,20.1,MUX
2017-11-28,19.9,MUX
2017-11-27,19.6,MUX
2017-11-24,20.2,MUX
2017-11-22,20.5,MUX
2017-11-21,19.9,MUX
2017-11-20,19.9,MUX
2017-11-17,20.3,MUX
2017-11-16,19.5,MUX
2017-11-15,19.2,MUX
2017-11-14,19.2,MUX
2017-11-13,19.1,MUX
2017-11-10,19.5,MUX
2017-11-09,19.4,MUX
2017-11-08,19.9,MUX
2017-11-07,19.9,MUX
2017-11-06,19.4,MUX
2017-11-03,19.3,MUX
2017-11-02,19.3,MUX
2017-11-01,19.5,MUX
2017-10-31,19.4,MUX
2017-10-30,19.3,MUX
2017-10-27,19.4,MUX
2017-10-26,19.3,MUX
2017-10-25,19.9,MUX
2017-10-24,20.0,MUX
2017-10-23,19.9,MUX
2017-10-20,20.2,MUX
2017-10-19,20.7,MUX
2017-10-18,20.2,MUX
2017-10-17,20.7,MUX
2017-10-16,20.4,MUX
2017-10-13,21.1,MUX
2017-10-12,21.0,MUX
2017-10-11,21.2,MUX
2017-10-10,20.9,MUX
2017-10-09,21.6,MUX
2017-10-06,21.0,MUX
2017-10-05,20.2,MUX
2017-10-04,20.3,MUX
2017-10-03,20.1,MUX
2017-10-02,20.1,MUX
2017-09-29,19.5,MUX
2017-09-28,20.1,MUX
2017-09-27,20.3,MUX
2017-09-26,19.7,MUX
2017-09-25,20.9,MUX
2017-09-22,20.6,MUX
2017-09-21,20.1,MUX
2017-09-20,21.3,MUX
2017-09-19,22.0,MUX
2017-09-18,24.3,MUX
2017-09-15,25.8,MUX
2017-09-14,25.0,MUX
2017-09-13,24.9,MUX
2017-09-12,25.9,MUX
2017-09-11,25.7,MUX
2017-09-08,28.3,MUX
2017-09-07,28.3,MUX
2017-09-06,26.8,MUX
2017-09-05,27.8,MUX
2017-09-01,26.2,MUX
2017-08-31,25.7,MUX
2017-08-30,25.0,MUX
2017-08-29,25.8,MUX
2017-08-28,25.7,MUX
2017-08-25,23.4,MUX
2017-08-24,23.4,MUX
2017-08-23,23.1,MUX
2017-08-22,23.3,MUX
2017-08-21,23.4,MUX
2017-08-18,23.4,MUX
2017-08-17,23.6,MUX
2017-08-16,24.2,MUX
2017-08-15,22.7,MUX
2017-08-14,23.8,MUX
2017-08-11,23.9,MUX
2017-08-10,23.2,MUX
2017-08-09,22.5,MUX
2017-08-08,21.9,MUX
2017-08-07,22.3,MUX
2017-08-04,23.8,MUX
2017-08-03,25.4,MUX
2017-08-02,25.1,MUX
2017-08-01,25.7,MUX
2017-07-31,26.1,MUX
2017-07-28,26.2,MUX
2017-07-27,26.3,MUX
2017-07-26,26.9,MUX
2017-07-25,25.3,MUX
2017-07-24,25.2,MUX
2017-07-21,26.1,MUX
2017-07-20,25.9,MUX
2017-07-19,25.8,MUX
2017-07-18,26.2,MUX
2017-07-17,26.6,MUX
2017-07-14,26.1,MUX
2017-07-13,25.8,MUX
2017-07-12,26.4,MUX
2017-07-11,26.6,MUX
2017-07-10,26.0,MUX
2017-07-07,24.7,MUX
2017-07-06,24.9,MUX
2017-07-05,25.6,MUX
2017-07-03,25.7,MUX
2017-06-30,26.3,MUX
2017-06-29,26.4,MUX
2017-06-28,26.4,MUX
2017-06-27,26.3,MUX
2017-06-26,26.7,MUX
2017-06-23,27.6,MUX
2017-06-22,26.7,MUX
2017-06-21,25.8,MUX
2017-06-20,25.4,MUX
2017-06-19,26.4,MUX
2017-06-16,25.8,MUX
2017-06-15,25.8,MUX
2017-06-14,25.2,MUX
2017-06-13,27.3,MUX
2017-06-12,27.3,MUX
2017-06-09,26.2,MUX
2017-06-08,27.7,MUX
2017-06-07,28.6,MUX
2017-06-06,28.5,MUX
2017-06-05,26.6,MUX
2017-06-02,25.6,MUX
2017-06-01,25.6,MUX
2017-05-31,25.5,MUX
2017-05-30,26.4,MUX
2017-05-26,26.8,MUX
2017-05-25,27.2,MUX
2017-05-24,28.0,MUX
2017-05-23,27.5,MUX
2017-05-22,28.6,MUX
2017-05-19,28.9,MUX
2017-05-18,29.3,MUX
2017-05-17,29.9,MUX
2017-05-16,29.6,MUX
2017-05-15,29.4,MUX
2017-05-12,29.1,MUX
2017-05-11,28.3,MUX
2017-05-10,27.2,MUX
2017-05-09,26.4,MUX
2017-05-08,27.2,MUX
2017-05-05,26.8,MUX
2017-05-04,26.7,MUX
2017-05-03,28.1,MUX
2017-05-02,29.6,MUX
2017-05-01,29.7,MUX
2017-04-28,30.4,MUX
2017-04-27,29.4,MUX
2017-04-26,30.0,MUX
2017-04-25,28.9,MUX
2017-04-24,30.0,MUX
2017-04-21,30.7,MUX
2017-04-20,30.2,MUX
2017-04-19,30.5,MUX
2017-04-18,31.1,MUX
2017-04-17,31.1,MUX
2017-04-13,31.3,MUX
2017-04-12,32.9,MUX
2017-04-11,32.5,MUX
2017-04-10,31.5,MUX
2017-04-07,31.9,MUX
2017-04-06,31.8,MUX
2017-04-05,32.0,MUX
2017-04-04,32.1,MUX
2017-04-03,31.9,MUX
2017-03-31,30.4,MUX
2017-03-30,30.0,MUX
2017-03-29,30.4,MUX
2017-03-28,31.1,MUX
2017-03-27,31.5,MUX
2017-03-24,31.1,MUX
2017-03-23,30.7,MUX
2017-03-22,31.6,MUX
2017-03-21,31.5,MUX
2017-03-20,31.7,MUX
2017-03-17,30.8,MUX
2017-03-16,33.3,MUX
2017-03-15,34.0,MUX
2017-03-14,29.8,MUX
2017-03-13,32.8,MUX
2017-03-10,30.6,MUX
2017-03-09,28.4,MUX
2017-03-08,29.4,MUX
2017-03-07,30.4,MUX
2017-03-06,31.0,MUX
2017-03-03,32.9,MUX
2017-03-02,31.9,MUX
2017-03-01,34.9,MUX
2017-02-28,34.3,MUX
2017-02-27,33.9,MUX
2017-02-24,37.4,MUX
2017-02-23,38.6,MUX
2017-02-22,39.5,MUX
2017-02-21,40.3,MUX
2017-02-17,41.3,MUX
2017-02-16,41.9,MUX
2017-02-15,41.6,MUX
2017-02-14,42.4,MUX
2017-02-13,41.9,MUX
2017-02-10,42.3,MUX
2017-02-09,41.1,MUX
2017-02-08,42.1,MUX
2017-02-07,42.0,MUX
2017-02-06,42.8,MUX
2017-02-03,40.2,MUX
2017-02-02,39.7,MUX
2017-02-01,39.4,MUX
2017-01-31,39.3,MUX
2017-01-30,38.5,MUX
2017-01-27,38.9,MUX
2017-01-26,38.0,MUX
2017-01-25,39.2,MUX
2017-01-24,39.5,MUX
2017-01-23,40.2,MUX
2017-01-20,38.6,MUX
2017-01-19,37.8,MUX
2017-01-18,38.2,MUX
2017-01-17,39.4,MUX
2017-01-13,37.9,MUX
2017-01-12,37.2,MUX
2017-01-11,37.3,MUX
2017-01-10,37.6,MUX
2017-01-09,35.7,MUX
2017-01-06,35.1,MUX
2017-01-05,37.4,MUX
2017-01-04,33.5,MUX
2017-01-03,32.4,MUX
2016-12-30,29.1,MUX
2016-12-29,33.0,MUX
2016-12-28,29.8,MUX
2016-12-27,28.5,MUX
2016-12-23,27.0,MUX
2016-12-22,26.8,MUX
2016-12-21,27.4,MUX
2016-12-20,28.0,MUX
2016-12-19,27.6,MUX
2016-12-16,27.5,MUX
2016-12-15,28.0,MUX
2016-12-14,28.2,MUX
2016-12-13,30.4,MUX
2016-12-12,30.3,MUX
2016-12-09,29.5,MUX
2016-12-08,32.3,MUX
2016-12-07,30.9,MUX
2016-12-06,30.7,MUX
2016-12-05,31.8,MUX
2016-12-02,30.8,MUX
2016-12-01,29.4,MUX
2026-09-25,35.68,SSRM
2026-09-24,35.82,SSRM
2026-09-23,36.3,SSRM
2026-09-22,38.3,SSRM
2026-09-21,36.61,SSRM
2026-09-18,36.33,SSRM
2026-09-17,36.145,SSRM
2026-09-16,35.22,SSRM
2026-09-15,35.24,SSRM
2026-09-14,34.81,SSRM
2026-09-11,36.24,SSRM
2026-09-10,36.21,SSRM
2026-09-09,37.6,SSRM
2026-09-08,36.94,SSRM
2026-09-04,37.15,SSRM
2026-09-03,38.89,SSRM
2026-09-02,37.75,SSRM
2026-09-01,35.83,SSRM
2026-08-31,37.61,SSRM
2026-08-28,37.29,SSRM
2026-08-27,39.01,SSRM
2026-08-26,38.09,SSRM
2026-08-25,39.21,SSRM
2026-08-24,38.61,SSRM
2026-08-21,37.77,SSRM
2026-08-20,36.83,SSRM
2026-08-19,35.38,SSRM
2026-08-18,31.69,SSRM
2026-08-17,32.78,SSRM
2026-08-14,32.19,SSRM
2026-08-13,31.83,SSRM
2026-08-12,32.52,SSRM
2026-08-11,31.97,SSRM
2026-08-10,31.4,SSRM
2026-08-07,31.78,SSRM
2026-08-06,28.77,SSRM
2026-08-05,29.0,SSRM
2026-08-04,26.58,SSRM
2026-08-03,26.99,SSRM
2026-07-31,25.62,SSRM
2026-07-30,26.68,SSRM
2026-07-29,25.01,SSRM
2026-07-28,25.41,SSRM
2026-07-27,26.29,SSRM
2026-07-24,26.86,SSRM
2026-07-23,27.2,SSRM
2026-07-22,28.08,SSRM
2026-07-21,27.21,SSRM
2026-07-20,25.05,SSRM
2026-07-17,25.57,SSRM
2026-07-16,25.89,SSRM
2026-07-15,27.25,SSRM
2026-07-14,27.81,SSRM
2026-07-13,27.89,SSRM
2026-07-10,28.58,SSRM
2026-07-09,29.15,SSRM
2026-07-08,28.2,SSRM
2026-07-07,29.91,SSRM
2026-07-06,30.64,SSRM
2026-07-02,30.62,SSRM
2026-07-01,28.83,SSRM
2026-06-30,28.28,SSRM
2026-06-29,28.375,SSRM
2026-06-26,29.38,SSRM
2026-06-25,28.46,SSRM
2026-06-24,28.35,SSRM
2026-06-23,29.26,SSRM
2026-06-22,30.72,SSRM
2026-06-18,30.95,SSRM
2026-06-17,31.77,SSRM
2026-06-16,31.83,SSRM
2026-06-15,28.94,SSRM
2026-06-12,27.23,SSRM
2026-06-11,26.32,SSRM
2026-06-10,24.56,SSRM
2026-06-09,25.72,SSRM
2026-06-08,26.61,SSRM
2026-06-05,26.73,SSRM
2026-06-04,29.46,SSRM
2026-06-03,28.89,SSRM
2026-06-02,29.81,SSRM
2026-06-01,29.82,SSRM
2026-05-29,31.22,SSRM
2026-05-28,30.15,SSRM
2026-05-27,29.71,SSRM
2026-05-26,30.91,SSRM
2026-05-22,29.72,SSRM
2026-05-21,30.25,SSRM
2026-05-20,30.74,SSRM
2026-05-19,29.61,SSRM
2026-05-18,30.72,SSRM
2026-05-15,31.39,SSRM
2026-05-14,34.25,SSRM
2026-05-13,34.75,SSRM
2026-05-12,35.74,SSRM
2026-05-11,34.74,SSRM
2026-05-08,34.2,SSRM
2026-05-07,32.71,SSRM
2026-05-06,32.62,SSRM
2026-05-05,28.25,SSRM
2026-05-04,28.34,SSRM
2026-05-01,29.19,SSRM
2026-04-30,28.81,SSRM
2026-04-29,28.17,SSRM
2026-04-28,29.23,SSRM
2026-04-27,30.75,SSRM
2026-04-24,30.55,SSRM
2026-04-23,29.85,SSRM
2026-04-22,30.6,SSRM
2026-04-21,29.87,SSRM
2026-04-20,31.92,SSRM
2026-04-17,31.75,SSRM
2026-04-16,31.15,SSRM
2026-04-15,31.16,SSRM
2026-04-14,32.84,SSRM
2026-04-13,32.06,SSRM
2026-04-10,33.13,SSRM
2026-04-09,33.41,SSRM
2026-04-08,35.08,SSRM
2026-04-07,32.59,SSRM
2026-04-06,31.865,SSRM
2026-04-02,31.58,SSRM
2026-04-01,31.5,SSRM
2026-03-31,29.4,SSRM
2026-03-30,26.21,SSRM
2026-03-27,26.45,SSRM
2026-03-26,24.66,SSRM
2026-03-25,26.08,SSRM
2026-03-24,24.44,SSRM
2026-03-23,24.27,SSRM
2026-03-20,22.99,SSRM
2026-03-19,24.09,SSRM
2026-03-18,25.79,SSRM
2026-03-17,28.26,SSRM
2026-03-16,28.4,SSRM
2026-03-13,28.18,SSRM
2026-03-12,29.47,SSRM
2026-03-11,30.32,SSRM
2026-03-10,30.94,SSRM
2026-03-09,30.14,SSRM
2026-03-06,30.53,SSRM
2026-03-05,31.19,SSRM
2026-03-04,33.26,SSRM
2026-03-03,28.93,SSRM
2026-03-02,31.94,SSRM
2026-02-27,32.19,SSRM
2026-02-26,32.14,SSRM
2026-02-25,30.49,SSRM
2026-02-24,30.66,SSRM
2026-02-23,30.3,SSRM
2026-02-20,30.46,SSRM
2026-02-19,29.11,SSRM
2026-02-18,26.59,SSRM
2026-02-17,25.91,SSRM
2026-02-13,28.11,SSRM
2026-02-12,25.93,SSRM
2026-02-11,27.52,SSRM
2026-02-10,26.64,SSRM
2026-02-09,25.9,SSRM
2026-02-06,24.16,SSRM
2026-02-05,22.53,SSRM
2026-02-04,24.12,SSRM
2026-02-03,24.39,SSRM
2026-02-02,22.75,SSRM
2026-01-30,22.83,SSRM
2026-01-29,26.82,SSRM
2026-01-28,28.16,SSRM
2026-01-27,27.92,SSRM
2026-01-26,27.07,SSRM
2026-01-23,26.26,SSRM
2026-01-22,25.98,SSRM
2026-01-21,23.13,SSRM
2026-01-20,24.43,SSRM
2026-01-16,22.87,SSRM
2026-01-15,23.87,SSRM
2026-01-14,23.82,SSRM
2026-01-13,23.84,SSRM
2026-01-12,22.89,SSRM
2026-01-09,22.01,SSRM
2026-01-08,21.98,SSRM
2026-01-07,22.22,SSRM
2026-01-06,22.57,SSRM
2026-01-05,21.64,SSRM
2026-01-02,21.52,SSRM
2025-12-31,21.92,SSRM
2025-12-30,21.94,SSRM
2025-12-29,21.87,SSRM
2025-12-26,23.16,SSRM
2025-12-24,22.81,SSRM
2025-12-23,23.14,SSRM
2025-12-22,23.3,SSRM
2025-12-19,22.95,SSRM
2025-12-18,22.46,SSRM
2025-12-17,22.1,SSRM
2025-12-16,22.2,SSRM
2025-12-15,21.84,SSRM
2025-12-12,22.21,SSRM
2025-12-11,22.4,SSRM
2025-12-10,21.34,SSRM
2025-12-09,21.4,SSRM
2025-12-08,21.0,SSRM
2025-12-05,20.92,SSRM
2025-12-04,21.23,SSRM
2025-12-03,21.44,SSRM
2025-12-02,21.7,SSRM
2025-12-01,22.46,SSRM
2025-11-28,23.28,SSRM
2025-11-26,22.63,SSRM
2025-11-25,21.61,SSRM
2025-11-24,21.53,SSRM
2025-11-21,20.17,SSRM
2025-11-20,20.0,SSRM
2025-11-19,21.4,SSRM
2025-11-18,21.26,SSRM
2025-11-17,21.29,SSRM
2025-11-14,21.265,SSRM
2025-11-13,21.19,SSRM
2025-11-12,21.63,SSRM
2025-11-11,20.82,SSRM
2025-11-10,20.82,SSRM
2025-11-07,19.94,SSRM
2025-11-06,19.78,SSRM
2025-11-05,19.48,SSRM
2025-11-04,21.7,SSRM
2025-11-03,22.89,SSRM
2025-10-31,22.56,SSRM
2025-10-30,22.93,SSRM
2025-10-29,22.36,SSRM
2025-10-28,22.67,SSRM
2025-10-27,22.17,SSRM
2025-10-24,22.88,SSRM
2025-10-23,23.02,SSRM
2025-10-22,22.45,SSRM
2025-10-21,22.13,SSRM
2025-10-20,24.41,SSRM
2025-10-17,23.74,SSRM
2025-10-16,25.8,SSRM
2025-10-15,25.41,SSRM
2025-10-14,23.6,SSRM
2025-10-13,23.52,SSRM
2025-10-10,22.44,SSRM
2025-10-09,22.85,SSRM
2025-10-08,23.51,SSRM
2025-10-07,23.25,SSRM
2025-10-06,23.41,SSRM
2025-10-03,23.35,SSRM
2025-10-02,23.5,SSRM
2025-10-01,23.89,SSRM
2025-09-30,24.42,SSRM
2025-09-29,24.58,SSRM
2025-09-26,24.13,SSRM
2025-09-25,23.74,SSRM
2025-09-24,22.82,SSRM
2025-09-23,23.1,SSRM
2025-09-22,23.2,SSRM
2025-09-19,22.84,SSRM
2025-09-18,21.8,SSRM
2025-09-17,21.78,SSRM
2025-09-16,21.54,SSRM
2025-09-15,22.64,SSRM
2025-09-12,22.39,SSRM
2025-09-11,22.76,SSRM
2025-09-10,21.97,SSRM
2025-09-09,21.16,SSRM
2025-09-08,21.39,SSRM
2025-09-05,21.1,SSRM
2025-09-04,20.41,SSRM
2025-09-03,20.36,SSRM
2025-09-02,19.95,SSRM
2025-08-29,19.31,SSRM
2025-08-28,18.3,SSRM
2025-08-27,18.44,SSRM
2025-08-26,18.32,SSRM
2025-08-25,17.52,SSRM
2025-08-22,17.11,SSRM
2025-08-21,16.92,SSRM
2025-08-20,16.45,SSRM
2025-08-19,16.09,SSRM
2025-08-18,16.78,SSRM
2025-08-15,16.78,SSRM
2025-08-14,16.08,SSRM
2025-08-13,16.35,SSRM
2025-08-12,16.13,SSRM
2025-08-11,15.56,SSRM
2025-08-08,15.19,SSRM
2025-08-07,14.84,SSRM
2025-08-06,15.24,SSRM
2025-08-05,12.99,SSRM
2025-08-04,12.57,SSRM
2025-08-01,12.07,SSRM
2025-07-31,11.95,SSRM
2025-07-30,12.055,SSRM
2025-07-29,12.27,SSRM
2025-07-28,12.21,SSRM
2025-07-25,12.48,SSRM
2025-07-24,12.56,SSRM
2025-07-23,12.74,SSRM
2025-07-22,12.87,SSRM
2025-07-21,12.48,SSRM
2025-07-18,11.8,SSRM
2025-07-17,12.12,SSRM
2025-07-16,12.41,SSRM
2025-07-15,12.89,SSRM
2025-07-14,12.72,SSRM
2025-07-11,12.66,SSRM
2025-07-10,12.42,SSRM
2025-07-09,12.38,SSRM
2025-07-08,12.28,SSRM
2025-07-07,13.45,SSRM
2025-07-03,13.18,SSRM
2025-07-02,13.16,SSRM
2025-07-01,12.7,SSRM
2025-06-30,12.74,SSRM
2025-06-27,12.31,SSRM
2025-06-26,12.64,SSRM
2025-06-25,12.4,SSRM
2025-06-24,12.36,SSRM
2025-06-23,13.03,SSRM
2025-06-20,12.74,SSRM
2025-06-18,13.07,SSRM
2025-06-17,12.86,SSRM
2025-06-16,12.93,SSRM
2025-06-13,12.71,SSRM
2025-06-12,12.43,SSRM
2025-06-11,12.38,SSRM
2025-06-10,12.33,SSRM
2025-06-09,12.79,SSRM
2025-06-06,12.74,SSRM
2025-06-05,12.75,SSRM
2025-06-04,12.31,SSRM
2025-06-03,12.56,SSRM
2025-06-02,12.68,SSRM
2025-05-30,11.83,SSRM
2025-05-29,11.74,SSRM
2025-05-28,11.74,SSRM
2025-05-27,11.46,SSRM
2025-05-23,11.52,SSRM
2025-05-22,11.16,SSRM
2025-05-21,11.42,SSRM
2025-05-20,11.23,SSRM
2025-05-19,10.85,SSRM
2025-05-16,10.74,SSRM
2025-05-15,10.94,SSRM
2025-05-14,10.26,SSRM
2025-05-13,10.55,SSRM
2025-05-12,10.57,SSRM
2025-05-09,11.59,SSRM
2025-05-08,10.78,SSRM
2025-05-07,11.2,SSRM
2025-05-06,10.92,SSRM
2025-05-05,10.48,SSRM
2025-05-02,10.03,SSRM
2025-05-01,10.06,SSRM
2025-04-30,10.64,SSRM
2025-04-29,10.49,SSRM
2025-04-28,10.63,SSRM
2025-04-25,10.25,SSRM
2025-04-24,10.3,SSRM
2025-04-23,10.1,SSRM
2025-04-22,10.38,SSRM
2025-04-21,10.54,SSRM
2025-04-17,10.84,SSRM
2025-04-16,10.98,SSRM
2025-04-15,10.81,SSRM
2025-04-14,10.87,SSRM
2025-04-11,10.65,SSRM
2025-04-10,10.18,SSRM
2025-04-09,10.03,SSRM
2025-04-08,9.27,SSRM
2025-04-07,9.16,SSRM
2025-04-04,9.09,SSRM
2025-04-03,10.08,SSRM
2025-04-02,10.0,SSRM
2025-04-01,9.99,SSRM
2025-03-31,10.03,SSRM
2025-03-28,10.88,SSRM
2025-03-27,11.21,SSRM
2025-03-26,10.88,SSRM
2025-03-25,10.99,SSRM
2025-03-24,10.81,SSRM
2025-03-21,10.88,SSRM
2025-03-20,11.11,SSRM
2025-03-19,11.18,SSRM
2025-03-18,11.04,SSRM
2025-03-17,10.99,SSRM
2025-03-14,10.72,SSRM
2025-03-13,10.7,SSRM
2025-03-12,10.24,SSRM
2025-03-11,9.91,SSRM
2025-03-10,9.49,SSRM
2025-03-07,9.91,SSRM
2025-03-06,10.15,SSRM
2025-03-05,10.42,SSRM
2025-03-04,9.76,SSRM
2025-03-03,9.56,SSRM
2025-02-28,9.99,SSRM
2025-02-27,10.1,SSRM
2025-02-26,10.49,SSRM
2025-02-25,10.25,SSRM
2025-02-24,10.47,SSRM
2025-02-21,10.23,SSRM
2025-02-20,10.5,SSRM
2025-02-19,10.52,SSRM
2025-02-18,9.33,SSRM
2025-02-14,9.14,SSRM
2025-02-13,9.34,SSRM
2025-02-12,9.22,SSRM
2025-02-11,9.08,SSRM
2025-02-10,9.21,SSRM
2025-02-07,9.01,SSRM
2025-02-06,9.12,SSRM
2025-02-05,9.11,SSRM
2025-02-04,8.19,SSRM
2025-02-03,8.04,SSRM
2025-01-31,8.03,SSRM
2025-01-30,8.16,SSRM
2025-01-29,7.82,SSRM
2025-01-28,7.65,SSRM
2025-01-27,7.61,SSRM
2025-01-24,8.02,SSRM
2025-01-23,7.87,SSRM
2025-01-22,7.8,SSRM
2025-01-21,7.84,SSRM
2025-01-17,7.62,SSRM
2025-01-16,7.69,SSRM
2025-01-15,7.4,SSRM
2025-01-14,7.38,SSRM
2025-01-13,7.055,SSRM
2025-01-10,7.42,SSRM
2025-01-08,7.49,SSRM
2025-01-07,7.14,SSRM
2025-01-06,7.15,SSRM
2025-01-03,7.12,SSRM
2025-01-02,7.18,SSRM
2024-12-31,6.96,SSRM
2024-12-30,6.86,SSRM
2024-12-27,7.06,SSRM
2024-12-26,6.99,SSRM
2024-12-24,7.15,SSRM
2024-12-23,7.12,SSRM
2024-12-20,6.95,SSRM
2024-12-19,6.87,SSRM
2024-12-18,6.92,SSRM
2024-12-17,7.25,SSRM
2024-12-16,7.41,SSRM
2024-12-13,7.44,SSRM
2024-12-12,7.66,SSRM
2024-12-11,8.12,SSRM
2024-12-10,7.54,SSRM
2024-12-09,7.14,SSRM
2024-12-06,6.35,SSRM
2024-12-05,6.09,SSRM
2024-12-04,6.02,SSRM
2024-12-03,6.0,SSRM
2024-12-02,5.7,SSRM
2024-11-29,5.81,SSRM
2024-11-27,5.76,SSRM
2024-11-26,5.7,SSRM
2024-11-25,5.76,SSRM
2024-11-22,5.91,SSRM
2024-11-21,5.99,SSRM
2024-11-20,5.73,SSRM
2024-11-19,5.8,SSRM
2024-11-18,5.63,SSRM
2024-11-15,5.51,SSRM
2024-11-14,5.51,SSRM
2024-11-13,5.37,SSRM
2024-11-12,5.32,SSRM
2024-11-11,5.52,SSRM
2024-11-08,5.7,SSRM
2024-11-07,5.28,SSRM
2024-11-06,6.14,SSRM
2024-11-05,6.06,SSRM
2024-11-04,6.09,SSRM
2024-11-01,6.14,SSRM
2024-10-31,6.17,SSRM
2024-10-30,6.31,SSRM
2024-10-29,6.39,SSRM
2024-10-28,6.345,SSRM
2024-10-25,6.15,SSRM
2024-10-24,6.41,SSRM
2024-10-23,6.46,SSRM
2024-10-22,6.53,SSRM
2024-10-21,6.23,SSRM
2024-10-18,6.24,SSRM
2024-10-17,5.82,SSRM
2024-10-16,5.88,SSRM
2024-10-15,5.89,SSRM
2024-10-14,5.74,SSRM
2024-10-11,5.85,SSRM
2024-10-10,5.73,SSRM
2024-10-09,5.45,SSRM
2024-10-08,5.51,SSRM
2024-10-07,5.52,SSRM
2024-10-04,5.73,SSRM
2024-10-03,5.77,SSRM
2024-10-02,5.9,SSRM
2024-10-01,5.83,SSRM
2024-09-30,5.68,SSRM
2024-09-27,5.97,SSRM
2024-09-26,6.15,SSRM
2024-09-25,5.89,SSRM
2024-09-24,5.99,SSRM
2024-09-23,5.68,SSRM
2024-09-20,6.0,SSRM
2024-09-19,5.83,SSRM
2024-09-18,5.7,SSRM
2024-09-17,5.78,SSRM
2024-09-16,5.89,SSRM
2024-09-13,5.93,SSRM
2024-09-12,5.8,SSRM
2024-09-11,5.33,SSRM
2024-09-10,5.29,SSRM
2024-09-09,5.04,SSRM
2024-09-06,4.89,SSRM
2024-09-05,5.03,SSRM
2024-09-04,4.84,SSRM
2024-09-03,4.91,SSRM
2024-08-30,5.19,SSRM
2024-08-29,5.19,SSRM
2024-08-28,5.16,SSRM
2024-08-27,5.41,SSRM
2024-08-26,5.5,SSRM
2024-08-23,5.6,SSRM
2024-08-22,5.3,SSRM
2024-08-21,5.46,SSRM
2024-08-20,5.46,SSRM
2024-08-19,5.44,SSRM
2024-08-16,5.17,SSRM
2024-08-15,4.94,SSRM
2024-08-14,4.88,SSRM
2024-08-13,5.0,SSRM
2024-08-12,4.62,SSRM
2024-08-09,4.54,SSRM
2024-08-08,4.51,SSRM
2024-08-07,4.35,SSRM
2024-08-06,4.51,SSRM
2024-08-05,4.53,SSRM
2024-08-02,4.805,SSRM
2024-08-01,4.9,SSRM
2024-07-31,5.57,SSRM
2024-07-30,5.5,SSRM
2024-07-29,5.44,SSRM
2024-07-26,5.49,SSRM
2024-07-25,5.46,SSRM
2024-07-24,5.38,SSRM
2024-07-23,5.37,SSRM
2024-07-22,5.34,SSRM
2024-07-19,5.31,SSRM
2024-07-18,5.35,SSRM
2024-07-17,5.5,SSRM
2024-07-16,5.54,SSRM
2024-07-15,5.26,SSRM
2024-07-12,5.11,SSRM
2024-07-11,5.11,SSRM
2024-07-10,4.87,SSRM
2024-07-09,4.6,SSRM
2024-07-08,4.69,SSRM
2024-07-05,4.71,SSRM
2024-07-03,4.73,SSRM
2024-07-02,4.46,SSRM
2024-07-01,4.48,SSRM
2024-06-28,4.51,SSRM
2024-06-27,4.54,SSRM
2024-06-26,4.57,SSRM
2024-06-25,4.43,SSRM
2024-06-24,4.6,SSRM
2024-06-21,4.53,SSRM
2024-06-20,4.61,SSRM
2024-06-18,4.57,SSRM
2024-06-17,4.58,SSRM
2024-06-14,4.63,SSRM
2024-06-13,4.735,SSRM
2024-06-12,4.94,SSRM
2024-06-11,4.99,SSRM
2024-06-10,5.14,SSRM
2024-06-07,5.01,SSRM
2024-06-06,5.24,SSRM
2024-06-05,4.93,SSRM
2024-06-04,4.71,SSRM
2024-06-03,5.16,SSRM
2024-05-31,5.34,SSRM
2024-05-30,5.27,SSRM
2024-05-29,5.22,SSRM
2024-05-28,5.36,SSRM
2024-05-24,5.425,SSRM
2024-05-23,5.33,SSRM
2024-05-22,5.52,SSRM
2024-05-21,5.67,SSRM
2024-05-20,5.86,SSRM
2024-05-17,5.75,SSRM
2024-05-16,5.41,SSRM
2024-05-15,5.44,SSRM
2024-05-14,5.41,SSRM
2024-05-13,5.18,SSRM
2024-05-10,5.23,SSRM
2024-05-09,5.41,SSRM
2024-05-08,5.33,SSRM
2024-05-07,5.44,SSRM
2024-05-06,5.4,SSRM
2024-05-03,5.34,SSRM
2024-05-02,5.4,SSRM
2024-05-01,5.38,SSRM
2024-04-30,5.36,SSRM
2024-04-29,5.63,SSRM
2024-04-26,5.57,SSRM
2024-04-25,5.52,SSRM
2024-04-24,5.47,SSRM
2024-04-23,5.365,SSRM
2024-04-22,5.21,SSRM
2024-04-19,5.34,SSRM
2024-04-18,5.14,SSRM
2024-04-17,5.06,SSRM
2024-04-16,5.04,SSRM
2024-04-15,5.19,SSRM
2024-04-12,5.19,SSRM
2024-04-11,5.34,SSRM
2024-04-10,5.26,SSRM
2024-04-09,5.14,SSRM
2024-04-08,4.88,SSRM
2024-04-05,4.86,SSRM
2024-04-04,4.74,SSRM
2024-04-03,4.8,SSRM
2024-04-02,4.75,SSRM
2024-04-01,4.7,SSRM
2024-03-28,4.46,SSRM
2024-03-27,4.33,SSRM
2024-03-26,4.13,SSRM
2024-03-25,4.0,SSRM
2024-03-22,4.03,SSRM
2024-03-21,4.04,SSRM
2024-03-20,4.12,SSRM
2024-03-19,4.02,SSRM
2024-03-18,4.02,SSRM
2024-03-15,3.98,SSRM
2024-03-14,4.1,SSRM
2024-03-13,4.18,SSRM
2024-03-12,4.12,SSRM
2024-03-11,4.36,SSRM
2024-03-08,4.3,SSRM
2024-03-07,4.48,SSRM
2024-03-06,4.38,SSRM
2024-03-05,4.195,SSRM
2024-03-04,4.19,SSRM
2024-03-01,4.26,SSRM
2024-02-29,4.3,SSRM
2024-02-28,4.29,SSRM
2024-02-27,4.66,SSRM
2024-02-26,4.68,SSRM
2024-02-23,4.63,SSRM
2024-02-22,4.37,SSRM
2024-02-21,4.51,SSRM
2024-02-20,4.62,SSRM
2024-02-16,4.91,SSRM
2024-02-15,4.83,SSRM
2024-02-14,4.47,SSRM
2024-02-13,4.5,SSRM
2024-02-12,9.72,SSRM
2024-02-09,9.55,SSRM
2024-02-08,9.41,SSRM
2024-02-07,9.38,SSRM
2024-02-06,9.45,SSRM
2024-02-05,9.32,SSRM
2024-02-02,9.54,SSRM
2024-02-01,9.84,SSRM
2024-01-31,9.43,SSRM
2024-01-30,9.52,SSRM
2024-01-29,9.5,SSRM
2024-01-26,9.45,SSRM
2024-01-25,9.64,SSRM
2024-01-24,9.53,SSRM
2024-01-23,9.79,SSRM
2024-01-22,9.72,SSRM
2024-01-19,9.8,SSRM
2024-01-18,9.93,SSRM
2024-01-17,9.99,SSRM
2024-01-16,10.18,SSRM
2024-01-12,10.33,SSRM
2024-01-11,10.26,SSRM
2024-01-10,10.29,SSRM
2024-01-09,10.38,SSRM
2024-01-08,10.45,SSRM
2024-01-05,10.54,SSRM
2024-01-04,10.56,SSRM
2024-01-03,10.6,SSRM
2024-01-02,10.65,SSRM
2023-12-29,10.76,SSRM
2023-12-28,10.82,SSRM
2023-12-27,11.02,SSRM
2023-12-26,11.03,SSRM
2023-12-22,11.04,SSRM
2023-12-21,10.98,SSRM
2023-12-20,10.84,SSRM
2023-12-19,11.18,SSRM
2023-12-18,10.87,SSRM
2023-12-15,10.78,SSRM
2023-12-14,10.57,SSRM
2023-12-13,10.84,SSRM
2023-12-12,10.53,SSRM
2023-12-11,10.8,SSRM
2023-12-08,11.23,SSRM
2023-12-07,11.4,SSRM
2023-12-06,11.39,SSRM
2023-12-05,11.42,SSRM
2023-12-04,11.65,SSRM
2023-12-01,11.99,SSRM
2023-11-30,11.8,SSRM
2023-11-29,11.83,SSRM
2023-11-28,11.85,SSRM
2023-11-27,11.42,SSRM
2023-11-24,11.32,SSRM
2023-11-22,11.26,SSRM
2023-11-21,11.34,SSRM
2023-11-20,11.22,SSRM
2023-11-17,11.65,SSRM
2023-11-16,11.71,SSRM
2023-11-15,11.66,SSRM
2023-11-14,11.89,SSRM
2023-11-13,11.39,SSRM
2023-11-10,11.69,SSRM
2023-11-09,11.77,SSRM
2023-11-08,11.96,SSRM
2023-11-07,12.11,SSRM
2023-11-06,12.45,SSRM
2023-11-03,12.25,SSRM
2023-11-02,11.55,SSRM
2023-11-01,11.76,SSRM
2023-10-31,13.88,SSRM
2023-10-30,14.15,SSRM
2023-10-27,14.14,SSRM
2023-10-26,13.85,SSRM
2023-10-25,14.14,SSRM
2023-10-24,14.39,SSRM
2023-10-23,14.32,SSRM
2023-10-20,14.14,SSRM
2023-10-19,14.13,SSRM
2023-10-18,13.97,SSRM
2023-10-17,13.91,SSRM
2023-10-16,13.66,SSRM
2023-10-13,13.73,SSRM
2023-10-12,12.97,SSRM
2023-10-11,13.25,SSRM
2023-10-10,13.07,SSRM
2023-10-09,13.0,SSRM
2023-10-06,13.0,SSRM
2023-10-05,12.63,SSRM
2023-10-04,12.58,SSRM
2023-10-03,12.72,SSRM
2023-10-02,12.81,SSRM
2023-09-29,13.29,SSRM
2023-09-28,13.28,SSRM
2023-09-27,13.11,SSRM
2023-09-26,13.48,SSRM
2023-09-25,14.36,SSRM
2023-09-22,14.47,SSRM
2023-09-21,14.46,SSRM
2023-09-20,14.89,SSRM
2023-09-19,14.86,SSRM
2023-09-18,15.05,SSRM
2023-09-15,15.02,SSRM
2023-09-14,14.87,SSRM
2023-09-13,14.74,SSRM
2023-09-12,14.85,SSRM
2023-09-11,14.76,SSRM
2023-09-08,14.47,SSRM
2023-09-07,14.42,SSRM
2023-09-06,14.36,SSRM
2023-09-05,14.44,SSRM
2023-09-01,14.77,SSRM
2023-08-31,14.85,SSRM
2023-08-30,15.06,SSRM
2023-08-29,15.01,SSRM
2023-08-28,14.9,SSRM
2023-08-25,14.5,SSRM
2023-08-24,14.71,SSRM
2023-08-23,14.92,SSRM
2023-08-22,14.33,SSRM
2023-08-21,14.19,SSRM
2023-08-18,14.13,SSRM
2023-08-17,14.34,SSRM
2023-08-16,14.43,SSRM
2023-08-15,14.48,SSRM
2023-08-14,14.86,SSRM
2023-08-11,15.0,SSRM
2023-08-10,14.73,SSRM
2023-08-09,14.55,SSRM
2023-08-08,14.48,SSRM
2023-08-07,14.53,SSRM
2023-08-04,14.59,SSRM
2023-08-03,14.32,SSRM
2023-08-02,14.42,SSRM
2023-08-01,14.24,SSRM
2023-07-31,14.56,SSRM
2023-07-28,14.29,SSRM
2023-07-27,14.16,SSRM
2023-07-26,14.75,SSRM
2023-07-25,14.73,SSRM
2023-07-24,14.7,SSRM
2023-07-21,14.75,SSRM
2023-07-20,14.76,SSRM
2023-07-19,14.99,SSRM
2023-07-18,14.86,SSRM
2023-07-17,14.69,SSRM
2023-07-14,14.68,SSRM
2023-07-13,14.61,SSRM
2023-07-12,14.69,SSRM
2023-07-11,14.07,SSRM
2023-07-10,14.09,SSRM
2023-07-07,13.79,SSRM
2023-07-06,13.69,SSRM
2023-07-05,13.97,SSRM
2023-07-03,14.47,SSRM
2023-06-30,14.18,SSRM
2023-06-29,13.77,SSRM
2023-06-28,13.71,SSRM
2023-06-27,13.8,SSRM
2023-06-26,14.1,SSRM
2023-06-23,13.86,SSRM
2023-06-22,13.98,SSRM
2023-06-21,13.94,SSRM
2023-06-20,14.04,SSRM
2023-06-16,14.43,SSRM
2023-06-15,14.2,SSRM
2023-06-14,14.14,SSRM
2023-06-13,14.04,SSRM
2023-06-12,14.3,SSRM
2023-06-09,14.25,SSRM
2023-06-08,14.57,SSRM
2023-06-07,14.46,SSRM
2023-06-06,14.81,SSRM
2023-06-05,14.91,SSRM
2023-06-02,14.97,SSRM
2023-06-01,15.31,SSRM
2023-05-31,14.77,SSRM
2023-05-30,14.49,SSRM
2023-05-26,14.58,SSRM
2023-05-25,14.73,SSRM
2023-05-24,15.21,SSRM
2023-05-23,15.64,SSRM
2023-05-22,15.93,SSRM
2023-05-19,15.87,SSRM
2023-05-18,15.75,SSRM
2023-05-17,16.1,SSRM
2023-05-16,16.36,SSRM
2023-05-15,16.53,SSRM
2023-05-12,16.27,SSRM
2023-05-11,16.2,SSRM
2023-05-10,16.78,SSRM
2023-05-09,17.15,SSRM
2023-05-08,17.12,SSRM
2023-05-05,17.14,SSRM
2023-05-04,16.87,SSRM
2023-05-03,15.36,SSRM
2023-05-02,14.96,SSRM
2023-05-01,14.22,SSRM
2023-04-28,14.32,SSRM
2023-04-27,14.6,SSRM
2023-04-26,14.54,SSRM
2023-04-25,14.73,SSRM
2023-04-24,14.92,SSRM
2023-04-21,14.91,SSRM
2023-04-20,14.93,SSRM
2023-04-19,15.22,SSRM
2023-04-18,15.32,SSRM
2023-04-17,15.42,SSRM
2023-04-14,15.79,SSRM
2023-04-13,16.09,SSRM
2023-04-12,15.74,SSRM
2023-04-11,15.65,SSRM
2023-04-10,15.56,SSRM
2023-04-06,15.78,SSRM
2023-04-05,15.69,SSRM
2023-04-04,15.85,SSRM
2023-04-03,15.38,SSRM
2023-03-31,15.12,SSRM
2023-03-30,15.22,SSRM
2023-03-29,15.1,SSRM
2023-03-28,15.2,SSRM
2023-03-27,14.63,SSRM
2023-03-24,14.5,SSRM
2023-03-23,14.37,SSRM
2023-03-22,14.04,SSRM
2023-03-21,13.84,SSRM
2023-03-20,14.32,SSRM
2023-03-17,14.33,SSRM
2023-03-16,13.62,SSRM
2023-03-15,13.67,SSRM
2023-03-14,13.68,SSRM
2023-03-13,13.59,SSRM
2023-03-10,12.86,SSRM
2023-03-09,12.94,SSRM
2023-03-08,13.0,SSRM
2023-03-07,13.25,SSRM
2023-03-06,13.74,SSRM
2023-03-03,13.96,SSRM
2023-03-02,13.75,SSRM
2023-03-01,13.91,SSRM
2023-02-28,13.65,SSRM
2023-02-27,13.71,SSRM
2023-02-24,13.56,SSRM
2023-02-23,13.64,SSRM
2023-02-22,13.7,SSRM
2023-02-21,13.76,SSRM
2023-02-17,14.01,SSRM
2023-02-16,14.08,SSRM
2023-02-15,14.08,SSRM
2023-02-14,14.36,SSRM
2023-02-13,14.3,SSRM
2023-02-10,14.58,SSRM
2023-02-09,15.77,SSRM
2023-02-08,16.03,SSRM
2023-02-07,16.21,SSRM
2023-02-06,15.94,SSRM
2023-02-03,16.19,SSRM
2023-02-02,16.95,SSRM
2023-02-01,17.48,SSRM
2023-01-31,16.94,SSRM
2023-01-30,16.99,SSRM
2023-01-27,17.16,SSRM
2023-01-26,17.11,SSRM
2023-01-25,17.63,SSRM
2023-01-24,17.25,SSRM
2023-01-23,17.09,SSRM
2023-01-20,17.1,SSRM
2023-01-19,16.62,SSRM
2023-01-18,16.61,SSRM
2023-01-17,17.07,SSRM
2023-01-13,17.4,SSRM
2023-01-12,17.27,SSRM
2023-01-11,16.97,SSRM
2023-01-10,17.05,SSRM
2023-01-09,16.82,SSRM
2023-01-06,17.23,SSRM
2023-01-05,16.72,SSRM
2023-01-04,16.88,SSRM
2023-01-03,16.21,SSRM
2022-12-30,15.67,SSRM
2022-12-29,15.72,SSRM
2022-12-28,15.7,SSRM
2022-12-27,16.34,SSRM
2022-12-23,16.34,SSRM
2022-12-22,15.81,SSRM
2022-12-21,15.84,SSRM
2022-12-20,15.67,SSRM
2022-12-19,14.82,SSRM
2022-12-16,14.95,SSRM
2022-12-15,14.76,SSRM
2022-12-14,15.46,SSRM
2022-12-13,15.73,SSRM
2022-12-12,15.13,SSRM
2022-12-09,15.19,SSRM
2022-12-08,15.47,SSRM
2022-12-07,15.6,SSRM
2022-12-06,15.16,SSRM
2022-12-05,15.22,SSRM
2022-12-02,15.85,SSRM
2022-12-01,15.83,SSRM
2022-11-30,15.16,SSRM
2022-11-29,14.67,SSRM
2022-11-28,14.34,SSRM
2022-11-25,14.86,SSRM
2022-11-23,15.02,SSRM
2022-11-22,14.83,SSRM
2022-11-21,14.35,SSRM
2022-11-18,14.42,SSRM
2022-11-17,14.11,SSRM
2022-11-16,14.4,SSRM
2022-11-15,14.51,SSRM
2022-11-14,14.8,SSRM
2022-11-11,15.01,SSRM
2022-11-10,15.07,SSRM
2022-11-09,13.78,SSRM
2022-11-08,13.95,SSRM
2022-11-07,14.08,SSRM
2022-11-04,14.06,SSRM
2022-11-03,12.96,SSRM
2022-11-02,13.19,SSRM
2022-11-01,13.91,SSRM
2022-10-31,13.8,SSRM
2022-10-28,13.95,SSRM
2022-10-27,14.12,SSRM
2022-10-26,14.26,SSRM
2022-10-25,13.96,SSRM
2022-10-24,13.65,SSRM
2022-10-21,13.92,SSRM
2022-10-20,13.37,SSRM
2022-10-19,13.28,SSRM
2022-10-18,13.71,SSRM
2022-10-17,13.59,SSRM
2022-10-14,13.57,SSRM
2022-10-13,13.93,SSRM
2022-10-12,14.05,SSRM
2022-10-11,13.91,SSRM
2022-10-10,14.2,SSRM
2022-10-07,14.49,SSRM
2022-10-06,15.14,SSRM
2022-10-05,14.84,SSRM
2022-10-04,15.11,SSRM
2022-10-03,14.98,SSRM
2022-09-30,14.71,SSRM
2022-09-29,14.48,SSRM
2022-09-28,14.15,SSRM
2022-09-27,13.22,SSRM
2022-09-26,13.11,SSRM
2022-09-23,13.6,SSRM
2022-09-22,14.14,SSRM
2022-09-21,14.21,SSRM
2022-09-20,14.04,SSRM
2022-09-19,14.02,SSRM
2022-09-16,13.73,SSRM
2022-09-15,13.6,SSRM
2022-09-14,13.98,SSRM
2022-09-13,13.92,SSRM
2022-09-12,14.59,SSRM
2022-09-09,14.22,SSRM
2022-09-08,14.01,SSRM
2022-09-07,14.0,SSRM
2022-09-06,13.5,SSRM
2022-09-02,13.65,SSRM
2022-09-01,13.02,SSRM
2022-08-31,13.49,SSRM
2022-08-30,13.68,SSRM
2022-08-29,13.98,SSRM
2022-08-26,14.15,SSRM
2022-08-25,14.63,SSRM
2022-08-24,14.58,SSRM
2022-08-23,14.42,SSRM
2022-08-22,14.26,SSRM
2022-08-19,14.32,SSRM
2022-08-18,14.66,SSRM
2022-08-17,14.7,SSRM
2022-08-16,15.31,SSRM
2022-08-15,15.33,SSRM
2022-08-12,15.68,SSRM
2022-08-11,15.61,SSRM
2022-08-10,15.9,SSRM
2022-08-09,15.93,SSRM
2022-08-08,16.0,SSRM
2022-08-05,15.71,SSRM
2022-08-04,15.56,SSRM
2022-08-03,14.93,SSRM
2022-08-02,15.65,SSRM
2022-08-01,16.44,SSRM
2022-07-29,16.46,SSRM
2022-07-28,16.28,SSRM
2022-07-27,16.1,SSRM
2022-07-26,15.82,SSRM
2022-07-25,15.58,SSRM
2022-07-22,15.91,SSRM
2022-07-21,16.43,SSRM
2022-07-20,16.27,SSRM
2022-07-19,16.66,SSRM
2022-07-18,16.39,SSRM
2022-07-15,16.35,SSRM
2022-07-14,16.29,SSRM
2022-07-13,16.57,SSRM
2022-07-12,16.28,SSRM
2022-07-11,16.74,SSRM
2022-07-08,16.58,SSRM
2022-07-07,16.46,SSRM
2022-07-06,16.11,SSRM
2022-07-05,16.11,SSRM
2022-07-01,17.35,SSRM
2022-06-30,16.7,SSRM
2022-06-29,17.18,SSRM
2022-06-28,17.3,SSRM
2022-06-27,17.93,SSRM
2022-06-24,18.84,SSRM
2022-06-23,18.29,SSRM
2022-06-22,18.89,SSRM
2022-06-21,18.94,SSRM
2022-06-17,18.91,SSRM
2022-06-16,18.78,SSRM
2022-06-15,18.47,SSRM
2022-06-14,18.43,SSRM
2022-06-13,18.77,SSRM
2022-06-10,20.43,SSRM
2022-06-09,19.51,SSRM
2022-06-08,20.43,SSRM
2022-06-07,20.42,SSRM
2022-06-06,20.27,SSRM
2022-06-03,20.94,SSRM
2022-06-02,21.4,SSRM
2022-06-01,19.9,SSRM
2022-05-31,19.43,SSRM
2022-05-27,19.78,SSRM
2022-05-26,19.76,SSRM
2022-05-25,19.99,SSRM
2022-05-24,20.54,SSRM
2022-05-23,20.33,SSRM
2022-05-20,20.39,SSRM
2022-05-19,20.3,SSRM
2022-05-18,19.12,SSRM
2022-05-17,19.56,SSRM
2022-05-16,19.36,SSRM
2022-05-13,19.18,SSRM
2022-05-12,18.72,SSRM
2022-05-11,19.57,SSRM
2022-05-10,19.66,SSRM
2022-05-09,20.14,SSRM
2022-05-06,21.64,SSRM
2022-05-05,21.73,SSRM
2022-05-04,23.33,SSRM
2022-05-03,22.59,SSRM
2022-05-02,20.92,SSRM
2022-04-29,22.01,SSRM
2022-04-28,22.39,SSRM
2022-04-27,21.57,SSRM
2022-04-26,21.21,SSRM
2022-04-25,21.66,SSRM
2022-04-22,22.31,SSRM
2022-04-21,22.98,SSRM
2022-04-20,24.42,SSRM
2022-04-19,23.74,SSRM
2022-04-18,24.14,SSRM
2022-04-14,24.1,SSRM
2022-04-13,24.25,SSRM
2022-04-12,23.26,SSRM
2022-04-11,23.04,SSRM
2022-04-08,22.81,SSRM
2022-04-07,21.89,SSRM
2022-04-06,21.63,SSRM
2022-04-05,21.41,SSRM
2022-04-04,22.03,SSRM
2022-04-01,22.22,SSRM
2022-03-31,21.75,SSRM
2022-03-30,21.84,SSRM
2022-03-29,21.52,SSRM
2022-03-28,21.2,SSRM
2022-03-25,22.08,SSRM
2022-03-24,21.96,SSRM
2022-03-23,21.7,SSRM
2022-03-22,21.27,SSRM
2022-03-21,21.73,SSRM
2022-03-18,21.7,SSRM
2022-03-17,21.38,SSRM
2022-03-16,20.6,SSRM
2022-03-15,21.23,SSRM
2022-03-14,21.25,SSRM
2022-03-11,22.26,SSRM
2022-03-10,22.18,SSRM
2022-03-09,21.58,SSRM
2022-03-08,21.35,SSRM
2022-03-07,21.19,SSRM
2022-03-04,20.89,SSRM
2022-03-03,20.68,SSRM
2022-03-02,20.58,SSRM
2022-03-01,20.72,SSRM
2022-02-28,19.77,SSRM
2022-02-25,19.76,SSRM
2022-02-24,19.57,SSRM
2022-02-23,19.86,SSRM
2022-02-22,18.13,SSRM
2022-02-18,18.5,SSRM
2022-02-17,18.57,SSRM
2022-02-16,18.05,SSRM
2022-02-15,17.66,SSRM
2022-02-14,18.04,SSRM
2022-02-11,17.65,SSRM
2022-02-10,16.47,SSRM
2022-02-09,16.92,SSRM
2022-02-08,17.24,SSRM
2022-02-07,16.92,SSRM
2022-02-04,16.34,SSRM
2022-02-03,16.16,SSRM
2022-02-02,16.53,SSRM
2022-02-01,16.69,SSRM
2022-01-31,16.48,SSRM
2022-01-28,15.98,SSRM
2022-01-27,16.19,SSRM
2022-01-26,16.59,SSRM
2022-01-25,17.2,SSRM
2022-01-24,16.75,SSRM
2022-01-21,17.06,SSRM
2022-01-20,17.28,SSRM
2022-01-19,17.62,SSRM
2022-01-18,16.33,SSRM
2022-01-14,16.44,SSRM
2022-01-13,16.79,SSRM
2022-01-12,17.27,SSRM
2022-01-11,17.02,SSRM
2022-01-10,16.67,SSRM
2022-01-07,16.35,SSRM
2022-01-06,16.41,SSRM
2022-01-05,16.99,SSRM
2022-01-04,17.43,SSRM
2022-01-03,17.16,SSRM
2021-12-31,17.7,SSRM
2021-12-30,17.54,SSRM
2021-12-29,17.31,SSRM
2021-12-28,17.6,SSRM
2021-12-27,17.67,SSRM
2021-12-23,17.69,SSRM
2021-12-22,17.69,SSRM
2021-12-21,17.44,SSRM
2021-12-20,16.96,SSRM
2021-12-17,17.0,SSRM
2021-12-16,17.22,SSRM
2021-12-15,16.2,SSRM
2021-12-14,16.44,SSRM
2021-12-13,16.79,SSRM
2021-12-10,16.96,SSRM
2021-12-09,17.17,SSRM
2021-12-08,17.62,SSRM
2021-12-07,17.79,SSRM
2021-12-06,17.51,SSRM
2021-12-03,17.27,SSRM
2021-12-02,17.25,SSRM
2021-12-01,17.7,SSRM
2021-11-30,18.17,SSRM
2021-11-29,18.17,SSRM
2021-11-26,18.09,SSRM
2021-11-24,18.53,SSRM
2021-11-23,18.58,SSRM
2021-11-22,19.15,SSRM
2021-11-19,19.47,SSRM
2021-11-18,19.89,SSRM
2021-11-17,19.78,SSRM
2021-11-16,19.61,SSRM
2021-11-15,19.93,SSRM
2021-11-12,19.69,SSRM
2021-11-11,19.39,SSRM
2021-11-10,18.47,SSRM
2021-11-09,17.66,SSRM
2021-11-08,17.39,SSRM
2021-11-05,17.495,SSRM
2021-11-04,17.11,SSRM
2021-11-03,17.21,SSRM
2021-11-02,15.64,SSRM
2021-11-01,15.79,SSRM
2021-10-29,15.78,SSRM
2021-10-28,16.4,SSRM
2021-10-27,16.57,SSRM
2021-10-26,16.36,SSRM
2021-10-25,16.54,SSRM
2021-10-22,16.3,SSRM
2021-10-21,15.89,SSRM
2021-10-20,16.07,SSRM
2021-10-19,15.88,SSRM
2021-10-18,15.79,SSRM
2021-10-15,15.97,SSRM
2021-10-14,16.19,SSRM
2021-10-13,15.7,SSRM
2021-10-12,15.29,SSRM
2021-10-11,14.99,SSRM
2021-10-08,15.15,SSRM
2021-10-07,15.03,SSRM
2021-10-06,15.13,SSRM
2021-10-05,14.85,SSRM
2021-10-04,14.78,SSRM
2021-10-01,14.49,SSRM
2021-09-30,14.55,SSRM
2021-09-29,14.23,SSRM
2021-09-28,14.62,SSRM
2021-09-27,14.66,SSRM
2021-09-24,14.65,SSRM
2021-09-23,14.65,SSRM
2021-09-22,15.17,SSRM
2021-09-21,15.06,SSRM
2021-09-20,15.09,SSRM
2021-09-17,15.23,SSRM
2021-09-16,15.1,SSRM
2021-09-15,15.97,SSRM
2021-09-14,16.16,SSRM
2021-09-13,15.89,SSRM
2021-09-10,15.4,SSRM
2021-09-09,15.87,SSRM
2021-09-08,16.26,SSRM
2021-09-07,16.21,SSRM
2021-09-03,16.83,SSRM
2021-09-02,16.51,SSRM
2021-09-01,16.45,SSRM
2021-08-31,16.69,SSRM
2021-08-30,16.29,SSRM
2021-08-27,16.6,SSRM
2021-08-26,15.86,SSRM
2021-08-25,15.92,SSRM
2021-08-24,16.2,SSRM
2021-08-23,16.12,SSRM
2021-08-20,15.37,SSRM
2021-08-19,15.32,SSRM
2021-08-18,15.73,SSRM
2021-08-17,16.08,SSRM
2021-08-16,16.26,SSRM
2021-08-13,16.31,SSRM
2021-08-12,15.76,SSRM
2021-08-11,16.14,SSRM
2021-08-10,15.57,SSRM
2021-08-09,15.82,SSRM
2021-08-06,16.55,SSRM
2021-08-05,16.97,SSRM
2021-08-04,17.06,SSRM
2021-08-03,16.43,SSRM
2021-08-02,16.19,SSRM
2021-07-30,16.26,SSRM
2021-07-29,16.21,SSRM
2021-07-28,15.94,SSRM
2021-07-27,15.645,SSRM
2021-07-26,15.675,SSRM
2021-07-23,15.3,SSRM
2021-07-22,15.56,SSRM
2021-07-21,15.79,SSRM
2021-07-20,15.52,SSRM
2021-07-19,15.56,SSRM
2021-07-16,16.17,SSRM
2021-07-15,16.6,SSRM
2021-07-14,16.32,SSRM
2021-07-13,16.28,SSRM
2021-07-12,15.89,SSRM
2021-07-09,16.16,SSRM
2021-07-08,15.79,SSRM
2021-07-07,16.18,SSRM
2021-07-06,16.01,SSRM
2021-07-02,15.97,SSRM
2021-07-01,15.53,SSRM
2021-06-30,15.59,SSRM
2021-06-29,15.32,SSRM
2021-06-28,15.5,SSRM
2021-06-25,15.64,SSRM
2021-06-24,15.81,SSRM
2021-06-23,15.77,SSRM
2021-06-22,15.89,SSRM
2021-06-21,15.9,SSRM
2021-06-18,15.74,SSRM
2021-06-17,16.18,SSRM
2021-06-16,17.41,SSRM
2021-06-15,17.49,SSRM
2021-06-14,17.82,SSRM
2021-06-11,17.76,SSRM
2021-06-10,18.18,SSRM
2021-06-09,17.49,SSRM
2021-06-08,17.45,SSRM
2021-06-07,17.83,SSRM
2021-06-04,17.93,SSRM
2021-06-03,17.63,SSRM
2021-06-02,18.42,SSRM
2021-06-01,18.69,SSRM
2021-05-28,18.55,SSRM
2021-05-27,18.63,SSRM
2021-05-26,18.36,SSRM
2021-05-25,18.62,SSRM
2021-05-24,18.6,SSRM
2021-05-21,18.6,SSRM
2021-05-20,18.65,SSRM
2021-05-19,18.5,SSRM
2021-05-18,18.37,SSRM
2021-05-17,18.44,SSRM
2021-05-14,17.26,SSRM
2021-05-13,16.73,SSRM
2021-05-12,16.86,SSRM
2021-05-11,17.0,SSRM
2021-05-10,16.78,SSRM
2021-05-07,17.37,SSRM
2021-05-06,17.37,SSRM
2021-05-05,16.05,SSRM
2021-05-04,16.09,SSRM
2021-05-03,16.64,SSRM
2021-04-30,15.86,SSRM
2021-04-29,16.0,SSRM
2021-04-28,16.35,SSRM
2021-04-27,16.05,SSRM
2021-04-26,16.38,SSRM
2021-04-23,16.39,SSRM
2021-04-22,16.58,SSRM
2021-04-21,17.08,SSRM
2021-04-20,16.39,SSRM
2021-04-19,16.09,SSRM
2021-04-16,16.24,SSRM
2021-04-15,16.06,SSRM
2021-04-14,15.34,SSRM
2021-04-13,15.69,SSRM
2021-04-12,15.265,SSRM
2021-04-09,15.65,SSRM
2021-04-08,15.71,SSRM
2021-04-07,15.15,SSRM
2021-04-06,15.54,SSRM
2021-04-05,15.19,SSRM
2021-04-01,15.22,SSRM
2021-03-31,14.28,SSRM
2021-03-30,13.8,SSRM
2021-03-29,14.49,SSRM
2021-03-26,14.54,SSRM
2021-03-25,14.18,SSRM
2021-03-24,14.19,SSRM
2021-03-23,14.51,SSRM
2021-03-22,15.22,SSRM
2021-03-19,15.44,SSRM
2021-03-18,15.43,SSRM
2021-03-17,15.64,SSRM
2021-03-16,15.33,SSRM
2021-03-15,15.48,SSRM
2021-03-12,15.18,SSRM
2021-03-11,15.13,SSRM
2021-03-10,14.72,SSRM
2021-03-09,14.88,SSRM
2021-03-08,14.63,SSRM
2021-03-05,14.76,SSRM
2021-03-04,14.3,SSRM
2021-03-03,14.18,SSRM
2021-03-02,14.71,SSRM
2021-03-01,13.94,SSRM
2021-02-26,14.19,SSRM
2021-02-25,14.84,SSRM
2021-02-24,15.56,SSRM
2021-02-23,15.37,SSRM
2021-02-22,15.79,SSRM
2021-02-19,15.08,SSRM
2021-02-18,15.1,SSRM
2021-02-17,15.25,SSRM
2021-02-16,16.38,SSRM
2021-02-12,16.55,SSRM
2021-02-11,16.74,SSRM
2021-02-10,17.09,SSRM
2021-02-09,17.22,SSRM
2021-02-08,17.42,SSRM
2021-02-05,17.22,SSRM
2021-02-04,16.99,SSRM
2021-02-03,17.29,SSRM
2021-02-02,17.01,SSRM
2021-02-01,17.92,SSRM
2021-01-29,17.595,SSRM
2021-01-28,17.59,SSRM
2021-01-27,16.53,SSRM
2021-01-26,17.295,SSRM
2021-01-25,17.12,SSRM
2021-01-22,17.47,SSRM
2021-01-21,17.78,SSRM
2021-01-20,18.11,SSRM
2021-01-19,17.01,SSRM
2021-01-15,17.06,SSRM
2021-01-14,17.895,SSRM
2021-01-13,17.99,SSRM
2021-01-12,18.24,SSRM
2021-01-11,18.37,SSRM
2021-01-08,18.88,SSRM
2021-01-07,20.38,SSRM
2021-01-06,20.8,SSRM
2021-01-05,21.38,SSRM
2021-01-04,21.5,SSRM
2020-12-31,20.11,SSRM
2020-12-30,20.29,SSRM
2020-12-29,19.64,SSRM
2020-12-28,19.45,SSRM
2020-12-24,19.54,SSRM
2020-12-23,19.43,SSRM
2020-12-22,18.9,SSRM
2020-12-21,19.76,SSRM
2020-12-18,19.94,SSRM
2020-12-17,20.19,SSRM
2020-12-16,19.26,SSRM
2020-12-15,18.64,SSRM
2020-12-14,17.95,SSRM
2020-12-11,18.6,SSRM
2020-12-10,18.92,SSRM
2020-12-09,19.08,SSRM
2020-12-08,20.04,SSRM
2020-12-07,20.36,SSRM
2020-12-04,19.41,SSRM
2020-12-03,19.6,SSRM
2020-12-02,19.485,SSRM
2020-12-01,19.63,SSRM
2020-11-30,18.41,SSRM
2020-11-27,17.65,SSRM
2020-11-25,17.75,SSRM
2020-11-24,17.22,SSRM
2020-11-23,17.86,SSRM
2020-11-20,18.47,SSRM
2020-11-19,18.19,SSRM
2020-11-18,18.29,SSRM
2020-11-17,18.89,SSRM
2020-11-16,19.23,SSRM
2020-11-13,19.69,SSRM
2020-11-12,19.78,SSRM
2020-11-11,18.12,SSRM
2020-11-10,18.42,SSRM
2020-11-09,19.32,SSRM
2020-11-06,20.59,SSRM
2020-11-05,20.88,SSRM
2020-11-04,18.7,SSRM
2020-11-03,19.32,SSRM
2020-11-02,19.14,SSRM
2020-10-30,18.51,SSRM
2020-10-29,18.13,SSRM
2020-10-28,17.64,SSRM
2020-10-27,19.21,SSRM
2020-10-26,18.77,SSRM
2020-10-23,19.23,SSRM
2020-10-22,19.51,SSRM
2020-10-21,19.9,SSRM
2020-10-20,19.06,SSRM
2020-10-19,19.24,SSRM
2020-10-16,19.42,SSRM
2020-10-15,19.56,SSRM
2020-10-14,19.69,SSRM
2020-10-13,19.415,SSRM
2020-10-12,19.54,SSRM
2020-10-09,19.3,SSRM
2020-10-08,18.37,SSRM
2020-10-07,17.84,SSRM
2020-10-06,17.7,SSRM
2020-10-05,18.68,SSRM
2020-10-02,18.31,SSRM
2020-10-01,18.88,SSRM
2020-09-30,18.67,SSRM
2020-09-29,18.56,SSRM
2020-09-28,18.16,SSRM
2020-09-25,18.38,SSRM
2020-09-24,18.88,SSRM
2020-09-23,18.55,SSRM
2020-09-22,20.51,SSRM
2020-09-21,20.15,SSRM
2020-09-18,22.08,SSRM
2020-09-17,22.45,SSRM
2020-09-16,22.26,SSRM
2020-09-15,22.29,SSRM
2020-09-14,22.09,SSRM
2020-09-11,20.59,SSRM
2020-09-10,20.815,SSRM
2020-09-09,20.91,SSRM
2020-09-08,19.99,SSRM
2020-09-04,20.385,SSRM
2020-09-03,20.9,SSRM
2020-09-02,20.87,SSRM
2020-09-01,21.1,SSRM
2020-08-31,21.45,SSRM
2020-08-28,21.06,SSRM
2020-08-27,20.26,SSRM
2020-08-26,19.96,SSRM
2020-08-25,19.405,SSRM
2020-08-24,19.225,SSRM
2020-08-21,19.27,SSRM
2020-08-20,19.86,SSRM
2020-08-19,19.49,SSRM
2020-08-18,20.37,SSRM
2020-08-17,20.58,SSRM
2020-08-14,19.63,SSRM
2020-08-13,19.74,SSRM
2020-08-12,19.08,SSRM
2020-08-11,19.25,SSRM
2020-08-10,21.17,SSRM
2020-08-07,22.05,SSRM
2020-08-06,23.88,SSRM
2020-08-05,24.27,SSRM
2020-08-04,24.49,SSRM
2020-08-03,23.71,SSRM
2020-07-31,24.0,SSRM
2020-07-30,22.84,SSRM
2020-07-29,23.93,SSRM
2020-07-28,24.49,SSRM
2020-07-27,24.5,SSRM
2020-07-24,23.55,SSRM
2020-07-23,22.825,SSRM
2020-07-22,23.91,SSRM
2020-07-21,23.24,SSRM
2020-07-20,22.59,SSRM
2020-07-17,21.76,SSRM
2020-07-16,21.09,SSRM
2020-07-15,21.74,SSRM
2020-07-14,22.0,SSRM
2020-07-13,21.28,SSRM
2020-07-10,22.47,SSRM
2020-07-09,22.785,SSRM
2020-07-08,22.74,SSRM
2020-07-07,21.66,SSRM
2020-07-06,20.71,SSRM
2020-07-02,20.59,SSRM
2020-07-01,21.15,SSRM
2020-06-30,21.33,SSRM
2020-06-29,20.4,SSRM
2020-06-26,20.1,SSRM
2020-06-25,19.79,SSRM
2020-06-24,19.62,SSRM
2020-06-23,20.17,SSRM
2020-06-22,19.98,SSRM
2020-06-19,18.91,SSRM
2020-06-18,17.97,SSRM
2020-06-17,18.39,SSRM
2020-06-16,18.33,SSRM
2020-06-15,18.78,SSRM
2020-06-12,18.53,SSRM
2020-06-11,18.74,SSRM
2020-06-10,19.62,SSRM
2020-06-09,18.67,SSRM
2020-06-08,18.76,SSRM
2020-06-05,17.96,SSRM
2020-06-04,18.3,SSRM
2020-06-03,18.01,SSRM
2020-06-02,18.8,SSRM
2020-06-01,20.52,SSRM
2020-05-29,19.23,SSRM
2020-05-28,18.89,SSRM
2020-05-27,19.11,SSRM
2020-05-26,19.44,SSRM
2020-05-22,20.95,SSRM
2020-05-21,20.86,SSRM
2020-05-20,21.93,SSRM
2020-05-19,22.3,SSRM
2020-05-18,20.81,SSRM
2020-05-15,21.31,SSRM
2020-05-14,18.74,SSRM
2020-05-13,17.97,SSRM
2020-05-12,18.09,SSRM
2020-05-11,17.13,SSRM
2020-05-08,18.12,SSRM
2020-05-07,18.275,SSRM
2020-05-06,17.82,SSRM
2020-05-05,18.07,SSRM
2020-05-04,17.88,SSRM
2020-05-01,17.96,SSRM
2020-04-30,17.49,SSRM
2020-04-29,18.24,SSRM
2020-04-28,17.53,SSRM
2020-04-27,17.48,SSRM
2020-04-24,17.43,SSRM
2020-04-23,17.06,SSRM
2020-04-22,16.85,SSRM
2020-04-21,15.73,SSRM
2020-04-20,15.54,SSRM
2020-04-17,15.07,SSRM
2020-04-16,15.63,SSRM
2020-04-15,15.36,SSRM
2020-04-14,15.4,SSRM
2020-04-13,15.7,SSRM
2020-04-09,14.66,SSRM
2020-04-08,13.64,SSRM
2020-04-07,13.48,SSRM
2020-04-06,13.42,SSRM
2020-04-03,12.5,SSRM
2020-04-02,12.91,SSRM
2020-04-01,12.28,SSRM
2020-03-31,11.38,SSRM
2020-03-30,11.88,SSRM
2020-03-27,12.32,SSRM
2020-03-26,13.5,SSRM
2020-03-25,14.34,SSRM
2020-03-24,13.3,SSRM
2020-03-23,11.1,SSRM
2020-03-20,10.77,SSRM
2020-03-19,11.92,SSRM
2020-03-18,11.51,SSRM
2020-03-17,12.58,SSRM
2020-03-16,11.83,SSRM
2020-03-13,11.14,SSRM
2020-03-12,12.15,SSRM
2020-03-11,14.17,SSRM
2020-03-10,15.73,SSRM
2020-03-09,15.48,SSRM
2020-03-06,16.8,SSRM
2020-03-05,17.31,SSRM
2020-03-04,16.95,SSRM
2020-03-03,16.95,SSRM
2020-03-02,16.11,SSRM
2020-02-28,15.83,SSRM
2020-02-27,17.16,SSRM
2020-02-26,18.49,SSRM
2020-02-25,18.015,SSRM
2020-02-24,18.12,SSRM
2020-02-21,18.77,SSRM
2020-02-20,18.68,SSRM
2020-02-19,18.77,SSRM
2020-02-18,18.71,SSRM
2020-02-14,18.13,SSRM
2020-02-13,18.1,SSRM
2020-02-12,18.09,SSRM
2020-02-11,18.03,SSRM
2020-02-10,17.99,SSRM
2020-02-07,17.67,SSRM
2020-02-06,17.9,SSRM
2020-02-05,17.48,SSRM
2020-02-04,17.5,SSRM
2020-02-03,18.02,SSRM
2020-01-31,18.31,SSRM
2020-01-30,18.035,SSRM
2020-01-29,18.11,SSRM
2020-01-28,17.51,SSRM
2020-01-27,18.29,SSRM
2020-01-24,18.35,SSRM
2020-01-23,17.86,SSRM
2020-01-22,17.96,SSRM
2020-01-21,18.2,SSRM
2020-01-17,17.71,SSRM
2020-01-16,17.81,SSRM
2020-01-15,18.07,SSRM
2020-01-14,17.76,SSRM
2020-01-13,17.39,SSRM
2020-01-10,18.04,SSRM
2020-01-09,17.72,SSRM
2020-01-08,18.215,SSRM
2020-01-07,18.66,SSRM
2020-01-06,18.37,SSRM
2020-01-03,18.52,SSRM
2020-01-02,18.97,SSRM
2019-12-31,19.26,SSRM
2019-12-30,19.2,SSRM
2019-12-27,18.64,SSRM
2019-12-26,18.8,SSRM
2019-12-24,18.39,SSRM
2019-12-23,17.55,SSRM
2019-12-20,16.56,SSRM
2019-12-19,16.72,SSRM
2019-12-18,16.58,SSRM
2019-12-17,16.55,SSRM
2019-12-16,16.69,SSRM
2019-12-13,16.84,SSRM
2019-12-12,16.54,SSRM
2019-12-11,16.64,SSRM
2019-12-10,16.67,SSRM
2019-12-09,16.625,SSRM
2019-12-06,16.59,SSRM
2019-12-05,17.2,SSRM
2019-12-04,16.84,SSRM
2019-12-03,16.7,SSRM
2019-12-02,15.9,SSRM
2019-11-29,15.66,SSRM
2019-11-27,15.23,SSRM
2019-11-26,15.24,SSRM
2019-11-25,14.59,SSRM
2019-11-22,14.7,SSRM
2019-11-21,14.88,SSRM
2019-11-20,15.33,SSRM
2019-11-19,15.16,SSRM
2019-11-18,15.17,SSRM
2019-11-15,14.89,SSRM
2019-11-14,15.08,SSRM
2019-11-13,15.02,SSRM
2019-11-12,14.71,SSRM
2019-11-11,14.495,SSRM
2019-11-08,14.51,SSRM
2019-11-07,14.33,SSRM
2019-11-06,15.0,SSRM
2019-11-05,13.9,SSRM
2019-11-04,14.32,SSRM
2019-11-01,14.56,SSRM
2019-10-31,14.79,SSRM
2019-10-30,14.62,SSRM
2019-10-29,14.36,SSRM
2019-10-28,14.21,SSRM
2019-10-25,14.67,SSRM
2019-10-24,14.69,SSRM
2019-10-23,14.26,SSRM
2019-10-22,14.27,SSRM
2019-10-21,14.16,SSRM
2019-10-18,14.6,SSRM
2019-10-17,14.65,SSRM
2019-10-16,14.28,SSRM
2019-10-15,14.02,SSRM
2019-10-14,14.605,SSRM
2019-10-11,14.36,SSRM
2019-10-10,15.69,SSRM
2019-10-09,15.27,SSRM
2019-10-08,15.58,SSRM
2019-10-07,15.07,SSRM
2019-10-04,15.315,SSRM
2019-10-03,15.185,SSRM
2019-10-02,14.9,SSRM
2019-10-01,14.61,SSRM
2019-09-30,14.52,SSRM
2019-09-27,15.0,SSRM
2019-09-26,15.27,SSRM
2019-09-25,15.42,SSRM
2019-09-24,15.865,SSRM
2019-09-23,15.47,SSRM
2019-09-20,14.92,SSRM
2019-09-19,14.63,SSRM
2019-09-18,14.15,SSRM
2019-09-17,14.63,SSRM
2019-09-16,14.4,SSRM
2019-09-13,14.21,SSRM
2019-09-12,14.61,SSRM
2019-09-11,14.99,SSRM
2019-09-10,15.21,SSRM
2019-09-09,14.99,SSRM
2019-09-06,15.57,SSRM
2019-09-05,16.13,SSRM
2019-09-04,17.05,SSRM
2019-09-03,17.0,SSRM
2019-08-30,16.42,SSRM
2019-08-29,16.34,SSRM
2019-08-28,16.9,SSRM
2019-08-27,16.99,SSRM
2019-08-26,16.26,SSRM
2019-08-23,16.7,SSRM
2019-08-22,15.54,SSRM
2019-08-21,15.71,SSRM
2019-08-20,15.74,SSRM
2019-08-19,15.26,SSRM
2019-08-16,15.59,SSRM
2019-08-15,16.23,SSRM
2019-08-14,15.7,SSRM
2019-08-13,15.9,SSRM
2019-08-12,16.25,SSRM
2019-08-09,16.41,SSRM
2019-08-08,16.9,SSRM
2019-08-07,16.69,SSRM
2019-08-06,16.74,SSRM
2019-08-05,16.63,SSRM
2019-08-02,16.27,SSRM
2019-08-01,16.38,SSRM
2019-07-31,15.4,SSRM
2019-07-30,16.55,SSRM
2019-07-29,16.24,SSRM
2019-07-26,15.91,SSRM
2019-07-25,15.77,SSRM
2019-07-24,16.03,SSRM
2019-07-23,15.75,SSRM
2019-07-22,15.81,SSRM
2019-07-19,15.86,SSRM
2019-07-18,15.74,SSRM
2019-07-17,14.87,SSRM
2019-07-16,14.04,SSRM
2019-07-15,13.96,SSRM
2019-07-12,13.98,SSRM
2019-07-11,13.59,SSRM
2019-07-10,13.61,SSRM
2019-07-09,13.23,SSRM
2019-07-08,13.06,SSRM
2019-07-05,13.22,SSRM
2019-07-03,13.56,SSRM
2019-07-02,13.55,SSRM
2019-07-01,13.09,SSRM
2019-06-28,13.67,SSRM
2019-06-27,13.52,SSRM
2019-06-26,13.59,SSRM
2019-06-25,13.84,SSRM
2019-06-24,13.92,SSRM
2019-06-21,13.4,SSRM
2019-06-20,13.52,SSRM
2019-06-19,12.97,SSRM
2019-06-18,12.76,SSRM
2019-06-17,12.67,SSRM
2019-06-14,12.67,SSRM
2019-06-13,12.73,SSRM
2019-06-12,12.27,SSRM
2019-06-11,11.9,SSRM
2019-06-10,11.79,SSRM
2019-06-07,11.96,SSRM
2019-06-06,11.93,SSRM
2019-06-05,11.91,SSRM
2019-06-04,12.1,SSRM
2019-06-03,12.0,SSRM
2019-05-31,11.68,SSRM
2019-05-30,11.27,SSRM
2019-05-29,10.98,SSRM
2019-05-28,11.145,SSRM
2019-05-24,10.98,SSRM
2019-05-23,10.83,SSRM
2019-05-22,10.62,SSRM
2019-05-21,11.02,SSRM
2019-05-20,10.87,SSRM
2019-05-17,10.87,SSRM
2019-05-16,10.9,SSRM
2019-05-15,11.08,SSRM
2019-05-14,10.97,SSRM
2019-05-13,11.21,SSRM
2019-05-10,10.73,SSRM
2019-05-09,11.1,SSRM
2019-05-08,11.13,SSRM
2019-05-07,11.46,SSRM
2019-05-06,11.17,SSRM
2019-05-03,11.12,SSRM
2019-05-02,11.2,SSRM
2019-05-01,11.45,SSRM
2019-04-30,11.54,SSRM
2019-04-29,11.57,SSRM
2019-04-26,11.965,SSRM
2019-04-25,11.72,SSRM
2019-04-24,11.8,SSRM
2019-04-23,11.57,SSRM
2019-04-22,11.56,SSRM
2019-04-18,11.73,SSRM
2019-04-17,11.75,SSRM
2019-04-16,11.91,SSRM
2019-04-15,12.29,SSRM
2019-04-12,12.245,SSRM
2019-04-11,12.53,SSRM
2019-04-10,12.12,SSRM
2019-04-09,12.55,SSRM
2019-04-08,12.45,SSRM
2019-04-05,12.1,SSRM
2019-04-04,12.28,SSRM
2019-04-03,12.02,SSRM
2019-04-02,12.06,SSRM
2019-04-01,12.32,SSRM
2019-03-29,12.66,SSRM
2019-03-28,12.72,SSRM
2019-03-27,13.19,SSRM
2019-03-26,13.59,SSRM
2019-03-25,13.66,SSRM
2019-03-22,13.06,SSRM
2019-03-21,12.83,SSRM
2019-03-20,13.04,SSRM
2019-03-19,12.77,SSRM
2019-03-18,12.75,SSRM
2019-03-15,13.05,SSRM
2019-03-14,13.0,SSRM
2019-03-13,13.69,SSRM
2019-03-12,14.61,SSRM
2019-03-11,14.28,SSRM
2019-03-08,14.34,SSRM
2019-03-07,13.87,SSRM
2019-03-06,13.43,SSRM
2019-03-05,13.58,SSRM
2019-03-04,13.36,SSRM
2019-03-01,13.4,SSRM
2019-02-28,13.9,SSRM
2019-02-27,14.04,SSRM
2019-02-26,14.29,SSRM
2019-02-25,14.35,SSRM
2019-02-22,14.39,SSRM
2019-02-21,14.13,SSRM
2019-02-20,13.91,SSRM
2019-02-19,14.08,SSRM
2019-02-15,14.06,SSRM
2019-02-14,13.75,SSRM
2019-02-13,13.53,SSRM
2019-02-12,13.52,SSRM
2019-02-11,13.85,SSRM
2019-02-08,14.01,SSRM
2019-02-07,13.74,SSRM
2019-02-06,13.815,SSRM
2019-02-05,13.97,SSRM
2019-02-04,13.87,SSRM
2019-02-01,13.77,SSRM
2019-01-31,13.72,SSRM
2019-01-30,13.64,SSRM
2019-01-29,13.32,SSRM
2019-01-28,12.82,SSRM
2019-01-25,12.55,SSRM
2019-01-24,12.03,SSRM
2019-01-23,11.91,SSRM
2019-01-22,11.83,SSRM
2019-01-18,11.63,SSRM
2019-01-17,12.19,SSRM
2019-01-16,12.16,SSRM
2019-01-15,12.05,SSRM
2019-01-14,12.35,SSRM
2019-01-11,12.37,SSRM
2019-01-10,12.42,SSRM
2019-01-09,12.65,SSRM
2019-01-08,12.28,SSRM
2019-01-07,12.18,SSRM
2019-01-04,12.34,SSRM
2019-01-03,12.41,SSRM
2019-01-02,12.04,SSRM
2018-12-31,12.09,SSRM
2018-12-28,11.77,SSRM
2018-12-27,11.93,SSRM
2018-12-26,11.88,SSRM
2018-12-24,12.22,SSRM
2018-12-21,11.8,SSRM
2018-12-20,11.79,SSRM
2018-12-19,11.51,SSRM
2018-12-18,11.86,SSRM
2018-12-17,11.66,SSRM
2018-12-14,11.49,SSRM
2018-12-13,11.67,SSRM
2018-12-12,11.39,SSRM
2018-12-11,10.93,SSRM
2018-12-10,11.04,SSRM
2018-12-07,11.0,SSRM
2018-12-06,10.75,SSRM
2018-12-04,10.7,SSRM
2018-12-03,10.77,SSRM
2018-11-30,10.64,SSRM
2018-11-29,10.75,SSRM
2018-11-28,10.87,SSRM
2018-11-27,10.46,SSRM
2018-11-26,10.77,SSRM
2018-11-23,11.01,SSRM
2018-11-21,11.18,SSRM
2018-11-20,10.88,SSRM
2018-11-19,11.15,SSRM
2018-11-16,11.1,SSRM
2018-11-15,10.88,SSRM
2018-11-14,10.81,SSRM
2018-11-13,10.73,SSRM
2018-11-12,10.8,SSRM
2018-11-09,10.42,SSRM
2018-11-08,9.73,SSRM
2018-11-07,9.88,SSRM
2018-11-06,10.14,SSRM
2018-11-05,10.09,SSRM
2018-11-02,9.97,SSRM
2018-11-01,10.15,SSRM
2018-10-31,9.79,SSRM
2018-10-30,10.04,SSRM
2018-10-29,9.97,SSRM
2018-10-26,10.12,SSRM
2018-10-25,10.13,SSRM
2018-10-24,10.57,SSRM
2018-10-23,10.67,SSRM
2018-10-22,10.82,SSRM
2018-10-19,10.91,SSRM
2018-10-18,10.79,SSRM
2018-10-17,10.76,SSRM
2018-10-16,10.69,SSRM
2018-10-15,10.65,SSRM
2018-10-12,10.58,SSRM
2018-10-11,9.42,SSRM
2018-10-10,9.01,SSRM
2018-10-09,8.87,SSRM
2018-10-08,9.11,SSRM
2018-10-05,8.91,SSRM
2018-10-04,8.89,SSRM
2018-10-03,8.93,SSRM
2018-10-02,9.02,SSRM
2018-10-01,8.72,SSRM
2018-09-28,8.71,SSRM
2018-09-27,8.58,SSRM
2018-09-26,8.74,SSRM
2018-09-25,8.96,SSRM
2018-09-24,9.01,SSRM
2018-09-21,8.98,SSRM
2018-09-20,9.2,SSRM
2018-09-19,9.1,SSRM
2018-09-18,8.86,SSRM
2018-09-17,8.85,SSRM
2018-09-14,8.71,SSRM
2018-09-13,8.68,SSRM
2018-09-12,8.7,SSRM
2018-09-11,8.41,SSRM
2018-09-10,8.4,SSRM
2018-09-07,8.32,SSRM
2018-09-06,8.25,SSRM
2018-09-05,8.26,SSRM
2018-09-04,8.395,SSRM
2018-08-31,8.7,SSRM
2018-08-30,8.68,SSRM
2018-08-29,8.84,SSRM
2018-08-28,8.97,SSRM
2018-08-27,9.14,SSRM
2018-08-24,8.91,SSRM
2018-08-23,8.5,SSRM
2018-08-22,8.75,SSRM
2018-08-21,8.73,SSRM
2018-08-20,8.72,SSRM
2018-08-17,8.71,SSRM
2018-08-16,8.42,SSRM
2018-08-15,8.83,SSRM
2018-08-14,9.4,SSRM
2018-08-13,9.65,SSRM
2018-08-10,10.27,SSRM
2018-08-09,10.09,SSRM
2018-08-08,10.16,SSRM
2018-08-07,10.19,SSRM
2018-08-06,10.25,SSRM
2018-08-03,10.36,SSRM
2018-08-02,10.33,SSRM
2018-08-01,10.37,SSRM
2018-07-31,10.41,SSRM
2018-07-30,10.28,SSRM
2018-07-27,10.32,SSRM
2018-07-26,10.63,SSRM
2018-07-25,10.63,SSRM
2018-07-24,10.41,SSRM
2018-07-23,10.14,SSRM
2018-07-20,10.38,SSRM
2018-07-19,10.23,SSRM
2018-07-18,10.27,SSRM
2018-07-17,10.09,SSRM
2018-07-16,10.1,SSRM
2018-07-13,10.02,SSRM
2018-07-12,10.04,SSRM
2018-07-11,10.01,SSRM
2018-07-10,10.2,SSRM
2018-07-09,10.16,SSRM
2018-07-06,10.28,SSRM
2018-07-05,10.3,SSRM
2018-07-03,10.15,SSRM
2018-07-02,9.83,SSRM
2018-06-29,9.87,SSRM
2018-06-28,9.69,SSRM
2018-06-27,9.71,SSRM
2018-06-26,9.81,SSRM
2018-06-25,9.86,SSRM
2018-06-22,9.92,SSRM
2018-06-21,9.8,SSRM
2018-06-20,9.6,SSRM
2018-06-19,9.67,SSRM
2018-06-18,10.48,SSRM
2018-06-15,10.61,SSRM
2018-06-14,10.68,SSRM
2018-06-13,10.4,SSRM
2018-06-12,10.34,SSRM
2018-06-11,10.34,SSRM
2018-06-08,10.3,SSRM
2018-06-07,10.36,SSRM
2018-06-06,10.44,SSRM
2018-06-05,10.28,SSRM
2018-06-04,10.25,SSRM
2018-06-01,10.29,SSRM
2018-05-31,10.23,SSRM
2018-05-30,10.36,SSRM
2018-05-29,10.37,SSRM
2018-05-25,10.61,SSRM
2018-05-24,10.69,SSRM
2018-05-23,10.5,SSRM
2018-05-22,10.28,SSRM
2018-05-21,10.3,SSRM
2018-05-18,10.27,SSRM
2018-05-17,10.24,SSRM
2018-05-16,10.27,SSRM
2018-05-15,10.39,SSRM
2018-05-14,10.58,SSRM
2018-05-11,10.84,SSRM
2018-05-10,10.43,SSRM
2018-05-09,10.28,SSRM
2018-05-08,10.29,SSRM
2018-05-07,10.21,SSRM
2018-05-04,10.27,SSRM
2018-05-03,10.32,SSRM
2018-05-02,10.29,SSRM
2018-05-01,10.25,SSRM
2018-04-30,10.22,SSRM
2018-04-27,10.31,SSRM
2018-04-26,10.15,SSRM
2018-04-25,10.27,SSRM
2018-04-24,10.28,SSRM
2018-04-23,10.17,SSRM
2018-04-20,10.28,SSRM
2018-04-19,10.26,SSRM
2018-04-18,10.16,SSRM
2018-04-17,10.27,SSRM
2018-04-16,10.14,SSRM
2018-04-13,10.08,SSRM
2018-04-12,10.13,SSRM
2018-04-11,10.07,SSRM
2018-04-10,10.0,SSRM
2018-04-09,9.81,SSRM
2018-04-06,9.66,SSRM
2018-04-05,9.58,SSRM
2018-04-04,9.53,SSRM
2018-04-03,9.55,SSRM
2018-04-02,9.72,SSRM
2018-03-29,9.6,SSRM
2018-03-28,9.45,SSRM
2018-03-27,9.59,SSRM
2018-03-26,9.55,SSRM
2018-03-23,9.67,SSRM
2018-03-22,9.3,SSRM
2018-03-21,9.3,SSRM
2018-03-20,8.94,SSRM
2018-03-19,9.04,SSRM
2018-03-16,8.98,SSRM
2018-03-15,9.05,SSRM
2018-03-14,9.16,SSRM
2018-03-13,9.14,SSRM
2018-03-12,8.72,SSRM
2018-03-09,8.55,SSRM
2018-03-08,8.53,SSRM
2018-03-07,8.4,SSRM
2018-03-06,8.68,SSRM
2018-03-05,8.5,SSRM
2018-03-02,8.63,SSRM
2018-03-01,8.59,SSRM
2018-02-28,8.3,SSRM
2018-02-27,8.51,SSRM
2018-02-26,8.8,SSRM
2018-02-23,8.39,SSRM
2018-02-22,8.33,SSRM
2018-02-21,8.27,SSRM
2018-02-20,8.46,SSRM
2018-02-16,8.64,SSRM
2018-02-15,8.82,SSRM
2018-02-14,8.82,SSRM
2018-02-13,8.3,SSRM
2018-02-12,8.37,SSRM
2018-02-09,7.86,SSRM
2018-02-08,8.29,SSRM
2018-02-07,8.25,SSRM
2018-02-06,8.31,SSRM
2018-02-05,8.4,SSRM
2018-02-02,8.38,SSRM
2018-02-01,8.56,SSRM
2018-01-31,8.65,SSRM
2018-01-30,8.52,SSRM
2018-01-29,8.68,SSRM
2018-01-26,9.1,SSRM
2018-01-25,8.99,SSRM
2018-01-24,9.44,SSRM
2018-01-23,9.24,SSRM
2018-01-22,9.14,SSRM
2018-01-19,9.08,SSRM
2018-01-18,9.04,SSRM
2018-01-17,9.38,SSRM
2018-01-16,9.25,SSRM
2018-01-12,8.08,SSRM
2018-01-11,7.95,SSRM
2018-01-10,7.94,SSRM
2018-01-09,7.83,SSRM
2018-01-08,8.48,SSRM
2018-01-05,8.55,SSRM
2018-01-04,8.68,SSRM
2018-01-03,8.71,SSRM
2018-01-02,8.94,SSRM
2017-12-29,8.79,SSRM
2017-12-28,8.77,SSRM
2017-12-27,8.68,SSRM
2017-12-26,8.79,SSRM
2017-12-22,8.66,SSRM
2017-12-21,8.64,SSRM
2017-12-20,8.63,SSRM
2017-12-19,8.4,SSRM
2017-12-18,8.46,SSRM
2017-12-15,8.27,SSRM
2017-12-14,8.31,SSRM
2017-12-13,8.28,SSRM
2017-12-12,7.84,SSRM
2017-12-11,7.94,SSRM
2017-12-08,8.03,SSRM
2017-12-07,7.9,SSRM
2017-12-06,7.99,SSRM
2017-12-05,8.11,SSRM
2017-12-04,8.25,SSRM
2017-12-01,8.38,SSRM
2017-11-30,8.32,SSRM
2017-11-29,8.44,SSRM
2017-11-28,8.5,SSRM
2017-11-27,8.51,SSRM
2017-11-24,8.59,SSRM
2017-11-22,8.71,SSRM
2017-11-21,8.64,SSRM
2017-11-20,8.51,SSRM
2017-11-17,8.73,SSRM
2017-11-16,8.63,SSRM
2017-11-15,8.5,SSRM
2017-11-14,8.62,SSRM
2017-11-13,8.67,SSRM
2017-11-10,8.67,SSRM
2017-11-09,8.85,SSRM
2017-11-08,8.795,SSRM
2017-11-07,9.65,SSRM
2017-11-06,9.69,SSRM
2017-11-03,9.6,SSRM
2017-11-02,9.62,SSRM
2017-11-01,9.64,SSRM
2017-10-31,9.6,SSRM
2017-10-30,9.78,SSRM
2017-10-27,9.7,SSRM
2017-10-26,9.63,SSRM
2017-10-25,9.77,SSRM
2017-10-24,9.86,SSRM
2017-10-23,9.9,SSRM
2017-10-20,9.81,SSRM
2017-10-19,9.94,SSRM
2017-10-18,9.87,SSRM
2017-10-17,10.02,SSRM
2017-10-16,10.08,SSRM
2017-10-13,10.37,SSRM
2017-10-12,11.32,SSRM
2017-10-11,11.34,SSRM
2017-10-10,11.1,SSRM
2017-10-09,11.2,SSRM
2017-10-06,11.18,SSRM
2017-10-05,11.0,SSRM
2017-10-04,11.07,SSRM
2017-10-03,10.8,SSRM
2017-10-02,10.59,SSRM
2017-09-29,10.61,SSRM
2017-09-28,10.85,SSRM
2017-09-27,10.54,SSRM
2017-09-26,10.61,SSRM
2017-09-25,10.7,SSRM
2017-09-22,10.26,SSRM
2017-09-21,10.1,SSRM
2017-09-20,10.11,SSRM
2017-09-19,10.26,SSRM
2017-09-18,10.18,SSRM
2017-09-15,10.43,SSRM
2017-09-14,10.47,SSRM
2017-09-13,10.41,SSRM
2017-09-12,10.66,SSRM
2017-09-11,10.48,SSRM
2017-09-08,10.77,SSRM
2017-09-07,10.83,SSRM
2017-09-06,10.58,SSRM
2017-09-05,10.73,SSRM
2017-09-01,10.52,SSRM
2017-08-31,10.46,SSRM
2017-08-30,10.21,SSRM
2017-08-29,10.45,SSRM
2017-08-28,10.49,SSRM
2017-08-25,10.04,SSRM
2017-08-24,10.03,SSRM
2017-08-23,10.04,SSRM
2017-08-22,9.94,SSRM
2017-08-21,9.97,SSRM
2017-08-18,9.89,SSRM
2017-08-17,9.99,SSRM
2017-08-16,9.97,SSRM
2017-08-15,9.68,SSRM
2017-08-14,9.95,SSRM
2017-08-11,10.14,SSRM
2017-08-10,10.3,SSRM
2017-08-09,9.15,SSRM
2017-08-08,9.05,SSRM
2017-08-07,9.04,SSRM
2017-08-04,9.04,SSRM
2017-08-03,9.57,SSRM
2017-08-02,9.56,SSRM
2017-08-01,9.71,SSRM
2017-07-31,9.73,SSRM
2017-07-28,9.78,SSRM
2017-07-27,9.63,SSRM
2017-07-26,9.83,SSRM
2017-07-25,9.65,SSRM
2017-07-24,9.72,SSRM
2017-07-21,9.85,SSRM
2017-07-20,9.83,SSRM
2017-07-19,9.84,SSRM
2017-07-18,9.78,SSRM
2017-07-17,9.64,SSRM
2017-07-14,9.41,SSRM
2017-07-13,9.11,SSRM
2017-07-12,9.22,SSRM
2017-07-11,9.35,SSRM
2017-07-10,9.29,SSRM
2017-07-07,9.05,SSRM
2017-07-06,9.3,SSRM
2017-07-05,9.35,SSRM
2017-07-03,9.24,SSRM
2017-06-30,9.71,SSRM
2017-06-29,9.7,SSRM
2017-06-28,10.08,SSRM
2017-06-27,9.83,SSRM
2017-06-26,9.93,SSRM
2017-06-23,9.96,SSRM
2017-06-22,9.72,SSRM
2017-06-21,9.41,SSRM
2017-06-20,9.31,SSRM
2017-06-19,9.3,SSRM
2017-06-16,9.18,SSRM
2017-06-15,9.34,SSRM
2017-06-14,9.2,SSRM
2017-06-13,9.82,SSRM
2017-06-12,9.6,SSRM
2017-06-09,9.52,SSRM
2017-06-08,9.94,SSRM
2017-06-07,9.93,SSRM
2017-06-06,9.92,SSRM
2017-06-05,9.55,SSRM
2017-06-02,9.53,SSRM
2017-06-01,9.41,SSRM
2017-05-31,9.5,SSRM
2017-05-30,9.5,SSRM
2017-05-26,9.71,SSRM
2017-05-25,9.71,SSRM
2017-05-24,9.86,SSRM
2017-05-23,9.98,SSRM
2017-05-22,10.48,SSRM
2017-05-19,10.11,SSRM
2017-05-18,10.22,SSRM
2017-05-17,10.54,SSRM
2017-05-16,10.36,SSRM
2017-05-15,10.32,SSRM
2017-05-12,10.21,SSRM
2017-05-11,9.81,SSRM
2017-05-10,9.42,SSRM
2017-05-09,9.17,SSRM
2017-05-08,9.13,SSRM
2017-05-05,9.185,SSRM
2017-05-04,9.03,SSRM
2017-05-03,9.84,SSRM
2017-05-02,10.04,SSRM
2017-05-01,10.12,SSRM
2017-04-28,10.31,SSRM
2017-04-27,10.03,SSRM
2017-04-26,10.29,SSRM
2017-04-25,9.96,SSRM
2017-04-24,10.5,SSRM
2017-04-21,10.66,SSRM
2017-04-20,10.58,SSRM
2017-04-19,10.36,SSRM
2017-04-18,10.77,SSRM
2017-04-17,10.76,SSRM
2017-04-13,11.1,SSRM
2017-04-12,11.36,SSRM
2017-04-11,11.32,SSRM
2017-04-10,10.9,SSRM
2017-04-07,11.11,SSRM
2017-04-06,11.21,SSRM
2017-04-05,11.23,SSRM
2017-04-04,11.17,SSRM
2017-04-03,11.08,SSRM
2017-03-31,10.61,SSRM
2017-03-30,10.4,SSRM
2017-03-29,10.51,SSRM
2017-03-28,10.5,SSRM
2017-03-27,10.84,SSRM
2017-03-24,10.51,SSRM
2017-03-23,10.54,SSRM
2017-03-22,10.71,SSRM
2017-03-21,10.88,SSRM
2017-03-20,10.7,SSRM
2017-03-17,10.41,SSRM
2017-03-16,10.87,SSRM
2017-03-15,10.93,SSRM
2017-03-14,10.04,SSRM
2017-03-13,10.53,SSRM
2017-03-10,9.99,SSRM
2017-03-09,9.74,SSRM
2017-03-08,9.82,SSRM
2017-03-07,10.02,SSRM
2017-03-06,10.02,SSRM
2017-03-03,10.52,SSRM
2017-03-02,10.23,SSRM
2017-03-01,11.23,SSRM
2017-02-28,11.1,SSRM
2017-02-27,10.66,SSRM
2017-02-24,11.53,SSRM
2017-02-23,10.9,SSRM
2017-02-22,10.96,SSRM
2017-02-21,11.12,SSRM
2017-02-17,11.29,SSRM
2017-02-16,11.585,SSRM
2017-02-15,11.36,SSRM
2017-02-14,11.68,SSRM
2017-02-13,11.61,SSRM
2017-02-10,11.72,SSRM
2017-02-09,11.53,SSRM
2017-02-08,11.84,SSRM
2017-02-07,11.49,SSRM
2017-02-06,11.73,SSRM
2017-02-03,11.03,SSRM
2017-02-02,11.0,SSRM
2017-02-01,10.58,SSRM
2017-01-31,10.57,SSRM
2017-01-30,10.2,SSRM
2017-01-27,10.18,SSRM
2017-01-26,9.87,SSRM
2017-01-25,10.11,SSRM
2017-01-24,10.16,SSRM
2017-01-23,10.23,SSRM
2017-01-20,10.04,SSRM
2017-01-19,9.89,SSRM
2017-01-18,9.93,SSRM
2017-01-17,10.31,SSRM
2017-01-13,10.07,SSRM
2017-01-12,9.96,SSRM
2017-01-11,9.85,SSRM
2017-01-10,10.17,SSRM
2017-01-09,10.09,SSRM
2017-01-06,9.83,SSRM
2017-01-05,10.45,SSRM
2017-01-04,9.58,SSRM
2017-01-03,9.49,SSRM
2016-12-30,8.92,SSRM
2016-12-29,9.5,SSRM
2016-12-28,8.81,SSRM
2016-12-27,8.53,SSRM
2016-12-23,8.11,SSRM
2016-12-22,8.0,SSRM
2016-12-21,8.01,SSRM
2016-12-20,8.07,SSRM
2016-12-19,8.2,SSRM
2016-12-16,8.15,SSRM
2016-12-15,8.26,SSRM
2016-12-14,8.76,SSRM
2016-12-13,9.4,SSRM
2016-12-12,9.28,SSRM
2016-12-09,9.29,SSRM
2016-12-08,9.89,SSRM
2016-12-07,10.03,SSRM
2016-12-06,10.03,SSRM
2016-12-05,10.36,SSRM
2016-12-02,10.07,SSRM
2016-12-01,9.62,SSRM
2026-09-25,34.5,AGI
2026-09-24,34.1,AGI
2026-09-23,34.49,AGI
2026-09-22,36.29,AGI
2026-09-21,35.21,AGI
2026-09-18,35.72,AGI
2026-09-17,35.76,AGI
2026-09-16,34.45,AGI
2026-09-15,35.17,AGI
2026-09-14,35.66,AGI
2026-09-11,35.92,AGI
2026-09-10,35.67,AGI
2026-09-09,36.93,AGI
2026-09-08,36.45,AGI
2026-09-04,36.97,AGI
2026-09-03,37.69,AGI
2026-09-02,36.13,AGI
2026-09-01,34.92,AGI
2026-08-31,36.61,AGI
2026-08-28,36.75,AGI
2026-08-27,37.88,AGI
2026-08-26,37.55,AGI
2026-08-25,39.02,AGI
2026-08-24,38.32,AGI
2026-08-21,37.86,AGI
2026-08-20,36.69,AGI
2026-08-19,35.74,AGI
2026-08-18,32.9,AGI
2026-08-17,33.99,AGI
2026-08-14,33.36,AGI
2026-08-13,32.85,AGI
2026-08-12,33.53,AGI
2026-08-11,33.45,AGI
2026-08-10,33.19,AGI
2026-08-07,33.15,AGI
2026-08-06,31.1,AGI
2026-08-05,31.27,AGI
2026-08-04,28.76,AGI
2026-08-03,28.7,AGI
2026-07-31,27.83,AGI
2026-07-30,28.4,AGI
2026-07-29,28.58,AGI
2026-07-28,28.79,AGI
2026-07-27,29.72,AGI
2026-07-24,29.58,AGI
2026-07-23,29.38,AGI
2026-07-22,30.54,AGI
2026-07-21,29.52,AGI
2026-07-20,28.17,AGI
2026-07-17,28.26,AGI
2026-07-16,28.25,AGI
2026-07-15,29.02,AGI
2026-07-14,29.37,AGI
2026-07-13,28.86,AGI
2026-07-10,29.46,AGI
2026-07-09,29.88,AGI
2026-07-08,29.23,AGI
2026-07-07,30.52,AGI
2026-07-06,31.57,AGI
2026-07-02,31.58,AGI
2026-07-01,30.31,AGI
2026-06-30,30.34,AGI
2026-06-29,30.74,AGI
2026-06-26,31.32,AGI
2026-06-25,31.11,AGI
2026-06-24,30.1,AGI
2026-06-23,30.88,AGI
2026-06-22,32.04,AGI
2026-06-18,36.34,AGI
2026-06-17,37.31,AGI
2026-06-16,38.42,AGI
2026-06-15,37.64,AGI
2026-06-12,35.2,AGI
2026-06-11,34.49,AGI
2026-06-10,33.01,AGI
2026-06-09,35.0,AGI
2026-06-08,35.87,AGI
2026-06-05,35.52,AGI
2026-06-04,38.61,AGI
2026-06-03,37.8,AGI
2026-06-02,39.61,AGI
2026-06-01,39.55,AGI
2026-05-29,40.8,AGI
2026-05-28,39.52,AGI
2026-05-27,38.48,AGI
2026-05-26,40.24,AGI
2026-05-22,38.34,AGI
2026-05-21,39.25,AGI
2026-05-20,39.52,AGI
2026-05-19,38.56,AGI
2026-05-18,40.3,AGI
2026-05-15,40.23,AGI
2026-05-14,43.46,AGI
2026-05-13,43.65,AGI
2026-05-12,44.47,AGI
2026-05-11,43.9,AGI
2026-05-08,43.38,AGI
2026-05-07,42.37,AGI
2026-05-06,42.0,AGI
2026-05-05,38.88,AGI
2026-05-04,39.06,AGI
2026-05-01,39.42,AGI
2026-04-30,39.94,AGI
2026-04-29,40.93,AGI
2026-04-28,41.71,AGI
2026-04-27,43.56,AGI
2026-04-24,45.16,AGI
2026-04-23,43.98,AGI
2026-04-22,45.16,AGI
2026-04-21,44.54,AGI
2026-04-20,48.95,AGI
2026-04-17,49.35,AGI
2026-04-16,48.37,AGI
2026-04-15,47.83,AGI
2026-04-14,48.78,AGI
2026-04-13,48.19,AGI
2026-04-10,48.48,AGI
2026-04-09,47.09,AGI
2026-04-08,47.62,AGI
2026-04-07,46.48,AGI
2026-04-06,46.31,AGI
2026-04-02,46.01,AGI
2026-04-01,45.62,AGI
2026-03-31,44.43,AGI
2026-03-30,41.75,AGI
2026-03-27,42.54,AGI
2026-03-26,40.31,AGI
2026-03-25,41.85,AGI
2026-03-24,40.87,AGI
2026-03-23,40.15,AGI
2026-03-20,38.27,AGI
2026-03-19,39.62,AGI
2026-03-18,41.89,AGI
2026-03-17,45.72,AGI
2026-03-16,46.27,AGI
2026-03-13,45.85,AGI
2026-03-12,48.52,AGI
2026-03-11,49.42,AGI
2026-03-10,50.56,AGI
2026-03-09,51.16,AGI
2026-03-06,49.89,AGI
2026-03-05,49.38,AGI
2026-03-04,51.96,AGI
2026-03-03,52.25,AGI
2026-03-02,55.33,AGI
2026-02-27,54.19,AGI
2026-02-26,52.45,AGI
2026-02-25,50.02,AGI
2026-02-24,50.56,AGI
2026-02-23,49.7,AGI
2026-02-20,47.84,AGI
2026-02-19,45.86,AGI
2026-02-18,43.74,AGI
2026-02-17,43.31,AGI
2026-02-13,45.25,AGI
2026-02-12,42.19,AGI
2026-02-11,46.25,AGI
2026-02-10,45.18,AGI
2026-02-09,43.85,AGI
2026-02-06,40.17,AGI
2026-02-05,37.67,AGI
2026-02-04,40.48,AGI
2026-02-03,38.29,AGI
2026-02-02,36.83,AGI
2026-01-30,36.9,AGI
2026-01-29,42.12,AGI
2026-01-28,44.43,AGI
2026-01-27,43.64,AGI
2026-01-26,42.64,AGI
2026-01-23,43.42,AGI
2026-01-22,42.18,AGI
2026-01-21,40.16,AGI
2026-01-20,40.84,AGI
2026-01-16,38.9,AGI
2026-01-15,40.3,AGI
2026-01-14,42.99,AGI
2026-01-13,42.77,AGI
2026-01-12,42.56,AGI
2026-01-09,41.81,AGI
2026-01-08,41.62,AGI
2026-01-07,41.14,AGI
2026-01-06,40.6,AGI
2026-01-05,39.28,AGI
2026-01-02,38.41,AGI
2025-12-31,38.58,AGI
2025-12-30,39.11,AGI
2025-12-29,38.88,AGI
2025-12-26,40.77,AGI
2025-12-24,40.35,AGI
2025-12-23,40.65,AGI
2025-12-22,40.49,AGI
2025-12-19,38.48,AGI
2025-12-18,37.7,AGI
2025-12-17,37.64,AGI
2025-12-16,37.33,AGI
2025-12-15,37.52,AGI
2025-12-12,38.49,AGI
2025-12-11,38.45,AGI
2025-12-10,37.19,AGI
2025-12-09,36.58,AGI
2025-12-08,35.46,AGI
2025-12-05,36.08,AGI
2025-12-04,36.09,AGI
2025-12-03,35.81,AGI
2025-12-02,36.18,AGI
2025-12-01,37.01,AGI
2025-11-28,37.5,AGI
2025-11-26,36.77,AGI
2025-11-25,34.61,AGI
2025-11-24,34.39,AGI
2025-11-21,32.63,AGI
2025-11-20,32.27,AGI
2025-11-19,33.89,AGI
2025-11-18,33.82,AGI
2025-11-17,33.07,AGI
2025-11-14,33.35,AGI
2025-11-13,33.46,AGI
2025-11-12,33.66,AGI
2025-11-11,32.67,AGI
2025-11-10,32.51,AGI
2025-11-07,30.99,AGI
2025-11-06,30.44,AGI
2025-11-05,30.99,AGI
2025-11-04,30.01,AGI
2025-11-03,31.28,AGI
2025-10-31,30.79,AGI
2025-10-30,31.04,AGI
2025-10-29,31.87,AGI
2025-10-28,31.54,AGI
2025-10-27,30.54,AGI
2025-10-24,31.55,AGI
2025-10-23,31.86,AGI
2025-10-22,31.85,AGI
2025-10-21,31.73,AGI
2025-10-20,35.22,AGI
2025-10-17,34.52,AGI
2025-10-16,37.47,AGI
2025-10-15,36.03,AGI
2025-10-14,34.06,AGI
2025-10-13,34.74,AGI
2025-10-10,33.05,AGI
2025-10-09,32.76,AGI
2025-10-08,34.25,AGI
2025-10-07,33.53,AGI
2025-10-06,34.74,AGI
2025-10-03,34.01,AGI
2025-10-02,34.41,AGI
2025-10-01,35.09,AGI
2025-09-30,34.86,AGI
2025-09-29,34.64,AGI
2025-09-26,34.18,AGI
2025-09-25,33.31,AGI
2025-09-24,33.35,AGI
2025-09-23,33.79,AGI
2025-09-22,33.3,AGI
2025-09-19,32.34,AGI
2025-09-18,31.14,AGI
2025-09-17,31.37,AGI
2025-09-16,31.61,AGI
2025-09-15,33.43,AGI
2025-09-12,32.96,AGI
2025-09-11,32.9,AGI
2025-09-10,33.12,AGI
2025-09-09,32.52,AGI
2025-09-08,32.76,AGI
2025-09-05,32.19,AGI
2025-09-04,31.55,AGI
2025-09-03,32.09,AGI
2025-09-02,31.99,AGI
2025-08-29,30.45,AGI
2025-08-28,29.65,AGI
2025-08-27,29.72,AGI
2025-08-26,29.3,AGI
2025-08-25,28.39,AGI
2025-08-22,28.4,AGI
2025-08-21,27.78,AGI
2025-08-20,26.51,AGI
2025-08-19,25.76,AGI
2025-08-18,26.14,AGI
2025-08-15,25.99,AGI
2025-08-14,25.4,AGI
2025-08-13,25.63,AGI
2025-08-12,25.95,AGI
2025-08-11,26.12,AGI
2025-08-08,26.18,AGI
2025-08-07,26.38,AGI
2025-08-06,26.41,AGI
2025-08-05,26.23,AGI
2025-08-04,25.58,AGI
2025-08-01,24.87,AGI
2025-07-31,24.3,AGI
2025-07-30,25.37,AGI
2025-07-29,25.68,AGI
2025-07-28,25.33,AGI
2025-07-25,25.87,AGI
2025-07-24,25.72,AGI
2025-07-23,26.22,AGI
2025-07-22,26.38,AGI
2025-07-21,25.72,AGI
2025-07-18,24.89,AGI
2025-07-17,25.38,AGI
2025-07-16,25.95,AGI
2025-07-15,26.31,AGI
2025-07-14,26.54,AGI
2025-07-11,26.62,AGI
2025-07-10,26.11,AGI
2025-07-09,26.45,AGI
2025-07-08,26.1,AGI
2025-07-07,27.72,AGI
2025-07-03,26.99,AGI
2025-07-02,26.97,AGI
2025-07-01,26.58,AGI
2025-06-30,26.56,AGI
2025-06-27,25.59,AGI
2025-06-26,26.14,AGI
2025-06-25,26.11,AGI
2025-06-24,25.85,AGI
2025-06-23,26.74,AGI
2025-06-20,26.45,AGI
2025-06-18,26.7,AGI
2025-06-17,26.83,AGI
2025-06-16,26.87,AGI
2025-06-13,27.53,AGI
2025-06-12,27.5,AGI
2025-06-11,27.15,AGI
2025-06-10,26.81,AGI
2025-06-09,27.21,AGI
2025-06-06,26.66,AGI
2025-06-05,27.0,AGI
2025-06-04,27.1,AGI
2025-06-03,26.91,AGI
2025-06-02,27.35,AGI
2025-05-30,25.89,AGI
2025-05-29,25.67,AGI
2025-05-28,25.72,AGI
2025-05-27,25.73,AGI
2025-05-23,26.24,AGI
2025-05-22,25.68,AGI
2025-05-21,26.1,AGI
2025-05-20,25.53,AGI
2025-05-19,25.08,AGI
2025-05-16,24.5,AGI
2025-05-15,24.54,AGI
2025-05-14,23.81,AGI
2025-05-13,24.77,AGI
2025-05-12,24.88,AGI
2025-05-09,27.05,AGI
2025-05-08,26.61,AGI
2025-05-07,27.14,AGI
2025-05-06,27.24,AGI
2025-05-05,25.7,AGI
2025-05-02,24.72,AGI
2025-05-01,25.73,AGI
2025-04-30,28.52,AGI
2025-04-29,28.13,AGI
2025-04-28,28.43,AGI
2025-04-25,27.96,AGI
2025-04-24,28.26,AGI
2025-04-23,27.86,AGI
2025-04-22,28.85,AGI
2025-04-21,29.75,AGI
2025-04-17,29.58,AGI
2025-04-16,30.33,AGI
2025-04-15,29.63,AGI
2025-04-14,29.38,AGI
2025-04-11,29.22,AGI
2025-04-10,27.97,AGI
2025-04-09,26.54,AGI
2025-04-08,24.5,AGI
2025-04-07,24.53,AGI
2025-04-04,24.52,AGI
2025-04-03,26.87,AGI
2025-04-02,26.51,AGI
2025-04-01,26.76,AGI
2025-03-31,26.74,AGI
2025-03-28,26.57,AGI
2025-03-27,26.71,AGI
2025-03-26,25.83,AGI
2025-03-25,26.2,AGI
2025-03-24,25.67,AGI
2025-03-21,26.11,AGI
2025-03-20,26.09,AGI
2025-03-19,26.13,AGI
2025-03-18,25.84,AGI
2025-03-17,25.83,AGI
2025-03-14,25.15,AGI
2025-03-13,24.87,AGI
2025-03-12,24.52,AGI
2025-03-11,23.95,AGI
2025-03-10,23.05,AGI
2025-03-07,23.77,AGI
2025-03-06,23.89,AGI
2025-03-05,24.35,AGI
2025-03-04,23.13,AGI
2025-03-03,23.05,AGI
2025-02-28,22.86,AGI
2025-02-27,22.63,AGI
2025-02-26,23.57,AGI
2025-02-25,23.13,AGI
2025-02-24,23.17,AGI
2025-02-21,22.69,AGI
2025-02-20,23.27,AGI
2025-02-19,22.68,AGI
2025-02-18,22.7,AGI
2025-02-14,22.3,AGI
2025-02-13,23.08,AGI
2025-02-12,22.86,AGI
2025-02-11,22.48,AGI
2025-02-10,22.81,AGI
2025-02-07,22.18,AGI
2025-02-06,22.25,AGI
2025-02-05,22.33,AGI
2025-02-04,21.49,AGI
2025-02-03,21.38,AGI
2025-01-31,20.93,AGI
2025-01-30,21.21,AGI
2025-01-29,20.53,AGI
2025-01-28,20.48,AGI
2025-01-27,20.14,AGI
2025-01-24,20.6,AGI
2025-01-23,20.12,AGI
2025-01-22,20.18,AGI
2025-01-21,19.91,AGI
2025-01-17,19.54,AGI
2025-01-16,19.46,AGI
2025-01-15,19.4,AGI
2025-01-14,19.55,AGI
2025-01-13,19.16,AGI
2025-01-10,19.51,AGI
2025-01-08,19.33,AGI
2025-01-07,18.73,AGI
2025-01-06,18.69,AGI
2025-01-03,19.17,AGI
2025-01-02,19.26,AGI
2024-12-31,18.44,AGI
2024-12-30,18.07,AGI
2024-12-27,18.35,AGI
2024-12-26,18.43,AGI
2024-12-24,18.43,AGI
2024-12-23,18.35,AGI
2024-12-20,18.33,AGI
2024-12-19,18.11,AGI
2024-12-18,18.06,AGI
2024-12-17,19.07,AGI
2024-12-16,19.1,AGI
2024-12-13,19.11,AGI
2024-12-12,19.55,AGI
2024-12-11,20.38,AGI
2024-12-10,19.52,AGI
2024-12-09,19.54,AGI
2024-12-06,19.06,AGI
2024-12-05,19.46,AGI
2024-12-04,19.56,AGI
2024-12-03,19.36,AGI
2024-12-02,18.53,AGI
2024-11-29,18.82,AGI
2024-11-27,18.45,AGI
2024-11-26,18.38,AGI
2024-11-25,18.3,AGI
2024-11-22,18.87,AGI
2024-11-21,18.86,AGI
2024-11-20,18.71,AGI
2024-11-19,18.79,AGI
2024-11-18,18.32,AGI
2024-11-15,17.54,AGI
2024-11-14,17.74,AGI
2024-11-13,17.77,AGI
2024-11-12,17.94,AGI
2024-11-11,18.18,AGI
2024-11-08,19.38,AGI
2024-11-07,19.74,AGI
2024-11-06,19.44,AGI
2024-11-05,20.17,AGI
2024-11-04,20.11,AGI
2024-11-01,20.11,AGI
2024-10-31,20.18,AGI
2024-10-30,20.96,AGI
2024-10-29,21.05,AGI
2024-10-28,20.5,AGI
2024-10-25,20.77,AGI
2024-10-24,21.09,AGI
2024-10-23,21.1,AGI
2024-10-22,21.38,AGI
2024-10-21,20.79,AGI
2024-10-18,20.99,AGI
2024-10-17,20.07,AGI
2024-10-16,19.97,AGI
2024-10-15,19.66,AGI
2024-10-14,19.64,AGI
2024-10-11,19.6,AGI
2024-10-10,19.56,AGI
2024-10-09,19.17,AGI
2024-10-08,19.5,AGI
2024-10-07,19.41,AGI
2024-10-04,19.59,AGI
2024-10-03,19.71,AGI
2024-10-02,20.14,AGI
2024-10-01,20.2,AGI
2024-09-30,19.94,AGI
2024-09-27,19.97,AGI
2024-09-26,20.44,AGI
2024-09-25,20.67,AGI
2024-09-24,20.88,AGI
2024-09-23,21.04,AGI
2024-09-20,20.82,AGI
2024-09-19,20.3,AGI
2024-09-18,20.2,AGI
2024-09-17,20.44,AGI
2024-09-16,20.68,AGI
2024-09-13,20.69,AGI
2024-09-12,20.06,AGI
2024-09-11,18.91,AGI
2024-09-10,18.7,AGI
2024-09-09,18.16,AGI
2024-09-06,18.1,AGI
2024-09-05,18.37,AGI
2024-09-04,18.28,AGI
2024-09-03,18.45,AGI
2024-08-30,19.28,AGI
2024-08-29,19.17,AGI
2024-08-28,19.11,AGI
2024-08-27,19.49,AGI
2024-08-26,19.57,AGI
2024-08-23,19.62,AGI
2024-08-22,19.46,AGI
2024-08-21,19.85,AGI
2024-08-20,19.91,AGI
2024-08-19,19.58,AGI
2024-08-16,19.18,AGI
2024-08-15,18.44,AGI
2024-08-14,18.47,AGI
2024-08-13,18.49,AGI
2024-08-12,18.08,AGI
2024-08-09,17.38,AGI
2024-08-08,17.21,AGI
2024-08-07,16.66,AGI
2024-08-06,17.22,AGI
2024-08-05,16.94,AGI
2024-08-02,17.42,AGI
2024-08-01,17.37,AGI
2024-07-31,17.03,AGI
2024-07-30,16.72,AGI
2024-07-29,16.88,AGI
2024-07-26,16.51,AGI
2024-07-25,16.35,AGI
2024-07-24,17.14,AGI
2024-07-23,17.14,AGI
2024-07-22,17.15,AGI
2024-07-19,17.04,AGI
2024-07-18,17.12,AGI
2024-07-17,17.27,AGI
2024-07-16,17.79,AGI
2024-07-15,17.56,AGI
2024-07-12,17.63,AGI
2024-07-11,17.52,AGI
2024-07-10,17.11,AGI
2024-07-09,16.7,AGI
2024-07-08,16.74,AGI
2024-07-05,16.57,AGI
2024-07-03,16.09,AGI
2024-07-02,15.59,AGI
2024-07-01,15.54,AGI
2024-06-28,15.68,AGI
2024-06-27,15.77,AGI
2024-06-26,15.85,AGI
2024-06-25,15.62,AGI
2024-06-24,15.69,AGI
2024-06-21,15.72,AGI
2024-06-20,15.89,AGI
2024-06-18,15.47,AGI
2024-06-17,15.3,AGI
2024-06-14,15.31,AGI
2024-06-13,15.25,AGI
2024-06-12,15.94,AGI
2024-06-11,15.9,AGI
2024-06-10,16.15,AGI
2024-06-07,15.96,AGI
2024-06-06,16.92,AGI
2024-06-05,16.67,AGI
2024-06-04,16.37,AGI
2024-06-03,16.92,AGI
2024-05-31,16.71,AGI
2024-05-30,16.81,AGI
2024-05-29,16.75,AGI
2024-05-28,17.1,AGI
2024-05-24,16.59,AGI
2024-05-23,16.55,AGI
2024-05-22,16.54,AGI
2024-05-21,17.25,AGI
2024-05-20,17.21,AGI
2024-05-17,17.09,AGI
2024-05-16,16.28,AGI
2024-05-15,16.13,AGI
2024-05-14,15.78,AGI
2024-05-13,15.42,AGI
2024-05-10,15.65,AGI
2024-05-09,15.68,AGI
2024-05-08,15.32,AGI
2024-05-07,15.3,AGI
2024-05-06,15.27,AGI
2024-05-03,15.03,AGI
2024-05-02,14.96,AGI
2024-05-01,14.96,AGI
2024-04-30,14.71,AGI
2024-04-29,15.44,AGI
2024-04-26,15.3,AGI
2024-04-25,14.98,AGI
2024-04-24,15.2,AGI
2024-04-23,15.13,AGI
2024-04-22,14.76,AGI
2024-04-19,15.3,AGI
2024-04-18,15.06,AGI
2024-04-17,14.94,AGI
2024-04-16,14.88,AGI
2024-04-15,14.99,AGI
2024-04-12,15.21,AGI
2024-04-11,15.37,AGI
2024-04-10,15.16,AGI
2024-04-09,15.06,AGI
2024-04-08,14.86,AGI
2024-04-05,14.83,AGI
2024-04-04,14.51,AGI
2024-04-03,14.86,AGI
2024-04-02,14.63,AGI
2024-04-01,14.52,AGI
2024-03-28,14.75,AGI
2024-03-27,14.55,AGI
2024-03-26,13.6,AGI
2024-03-25,13.64,AGI
2024-03-22,13.5,AGI
2024-03-21,13.62,AGI
2024-03-20,13.6,AGI
2024-03-19,13.13,AGI
2024-03-18,13.38,AGI
2024-03-15,13.59,AGI
2024-03-14,13.59,AGI
2024-03-13,13.81,AGI
2024-03-12,13.64,AGI
2024-03-11,13.76,AGI
2024-03-08,13.36,AGI
2024-03-07,13.49,AGI
2024-03-06,13.26,AGI
2024-03-05,12.83,AGI
2024-03-04,12.84,AGI
2024-03-01,12.31,AGI
2024-02-29,11.81,AGI
2024-02-28,11.54,AGI
2024-02-27,11.51,AGI
2024-02-26,11.77,AGI
2024-02-23,11.89,AGI
2024-02-22,11.45,AGI
2024-02-21,11.75,AGI
2024-02-20,11.77,AGI
2024-02-16,11.7,AGI
2024-02-15,11.73,AGI
2024-02-14,11.46,AGI
2024-02-13,11.39,AGI
2024-02-12,12.03,AGI
2024-02-09,11.95,AGI
2024-02-08,12.1,AGI
2024-02-07,12.29,AGI
2024-02-06,12.61,AGI
2024-02-05,12.31,AGI
2024-02-02,12.43,AGI
2024-02-01,12.68,AGI
2024-01-31,12.11,AGI
2024-01-30,12.24,AGI
2024-01-29,12.35,AGI
2024-01-26,12.18,AGI
2024-01-25,12.29,AGI
2024-01-24,12.1,AGI
2024-01-23,12.36,AGI
2024-01-22,12.09,AGI
2024-01-19,12.18,AGI
2024-01-18,12.33,AGI
2024-01-17,12.28,AGI
2024-01-16,12.37,AGI
2024-01-12,12.86,AGI
2024-01-11,12.71,AGI
2024-01-10,12.6,AGI
2024-01-09,12.52,AGI
2024-01-08,12.84,AGI
2024-01-05,12.99,AGI
2024-01-04,12.92,AGI
2024-01-03,12.84,AGI
2024-01-02,13.1,AGI
2023-12-29,13.47,AGI
2023-12-28,13.59,AGI
2023-12-27,13.99,AGI
2023-12-26,13.88,AGI
2023-12-22,13.93,AGI
2023-12-21,13.84,AGI
2023-12-20,13.7,AGI
2023-12-19,14.13,AGI
2023-12-18,13.65,AGI
2023-12-15,13.64,AGI
2023-12-14,13.88,AGI
2023-12-13,13.99,AGI
2023-12-12,13.14,AGI
2023-12-11,13.43,AGI
2023-12-08,13.77,AGI
2023-12-07,14.16,AGI
2023-12-06,14.15,AGI
2023-12-05,14.24,AGI
2023-12-04,14.53,AGI
2023-12-01,14.86,AGI
2023-11-30,14.81,AGI
2023-11-29,14.6,AGI
2023-11-28,14.57,AGI
2023-11-27,14.06,AGI
2023-11-24,13.69,AGI
2023-11-22,13.63,AGI
2023-11-21,13.46,AGI
2023-11-20,12.89,AGI
2023-11-17,12.83,AGI
2023-11-16,12.98,AGI
2023-11-15,12.71,AGI
2023-11-14,13.21,AGI
2023-11-13,12.75,AGI
2023-11-10,12.79,AGI
2023-11-09,12.97,AGI
2023-11-08,12.72,AGI
2023-11-07,13.05,AGI
2023-11-06,13.29,AGI
2023-11-03,13.43,AGI
2023-11-02,12.82,AGI
2023-11-01,12.46,AGI
2023-10-31,12.38,AGI
2023-10-30,12.75,AGI
2023-10-27,12.82,AGI
2023-10-26,12.55,AGI
2023-10-25,12.69,AGI
2023-10-24,12.92,AGI
2023-10-23,12.83,AGI
2023-10-20,12.7,AGI
2023-10-19,12.7,AGI
2023-10-18,12.6,AGI
2023-10-17,12.6,AGI
2023-10-16,12.3,AGI
2023-10-13,12.2,AGI
2023-10-12,11.51,AGI
2023-10-11,11.85,AGI
2023-10-10,11.78,AGI
2023-10-09,11.75,AGI
2023-10-06,11.75,AGI
2023-10-05,11.31,AGI
2023-10-04,10.99,AGI
2023-10-03,11.12,AGI
2023-10-02,10.92,AGI
2023-09-29,11.29,AGI
2023-09-28,11.43,AGI
2023-09-27,11.32,AGI
2023-09-26,11.44,AGI
2023-09-25,11.93,AGI
2023-09-22,11.99,AGI
2023-09-21,12.49,AGI
2023-09-20,12.7,AGI
2023-09-19,12.66,AGI
2023-09-18,12.63,AGI
2023-09-15,12.42,AGI
2023-09-14,12.07,AGI
2023-09-13,12.0,AGI
2023-09-12,11.93,AGI
2023-09-11,11.82,AGI
2023-09-08,11.81,AGI
2023-09-07,11.94,AGI
2023-09-06,11.9,AGI
2023-09-05,11.95,AGI
2023-09-01,12.37,AGI
2023-08-31,12.84,AGI
2023-08-30,12.94,AGI
2023-08-29,12.91,AGI
2023-08-28,12.62,AGI
2023-08-25,12.09,AGI
2023-08-24,12.24,AGI
2023-08-23,12.09,AGI
2023-08-22,11.59,AGI
2023-08-21,11.38,AGI
2023-08-18,11.04,AGI
2023-08-17,11.14,AGI
2023-08-16,11.3,AGI
2023-08-15,11.41,AGI
2023-08-14,11.58,AGI
2023-08-11,11.67,AGI
2023-08-10,11.61,AGI
2023-08-09,11.58,AGI
2023-08-08,11.67,AGI
2023-08-07,11.62,AGI
2023-08-04,11.67,AGI
2023-08-03,11.55,AGI
2023-08-02,11.62,AGI
2023-08-01,11.88,AGI
2023-07-31,12.35,AGI
2023-07-28,12.17,AGI
2023-07-27,11.8,AGI
2023-07-26,12.28,AGI
2023-07-25,12.44,AGI
2023-07-24,12.38,AGI
2023-07-21,12.42,AGI
2023-07-20,12.48,AGI
2023-07-19,12.86,AGI
2023-07-18,12.97,AGI
2023-07-17,12.73,AGI
2023-07-14,12.7,AGI
2023-07-13,12.67,AGI
2023-07-12,12.69,AGI
2023-07-11,11.93,AGI
2023-07-10,11.98,AGI
2023-07-07,11.61,AGI
2023-07-06,11.55,AGI
2023-07-05,11.7,AGI
2023-07-03,12.15,AGI
2023-06-30,11.92,AGI
2023-06-29,11.73,AGI
2023-06-28,11.49,AGI
2023-06-27,11.5,AGI
2023-06-26,11.62,AGI
2023-06-23,11.72,AGI
2023-06-22,11.68,AGI
2023-06-21,11.74,AGI
2023-06-20,11.68,AGI
2023-06-16,12.24,AGI
2023-06-15,12.14,AGI
2023-06-14,12.31,AGI
2023-06-13,12.39,AGI
2023-06-12,12.57,AGI
2023-06-09,12.36,AGI
2023-06-08,12.45,AGI
2023-06-07,12.26,AGI
2023-06-06,12.58,AGI
2023-06-05,12.35,AGI
2023-06-02,12.28,AGI
2023-06-01,12.56,AGI
2023-05-31,12.34,AGI
2023-05-30,12.11,AGI
2023-05-26,12.38,AGI
2023-05-25,12.32,AGI
2023-05-24,12.48,AGI
2023-05-23,12.87,AGI
2023-05-22,12.65,AGI
2023-05-19,12.71,AGI
2023-05-18,12.66,AGI
2023-05-17,12.86,AGI
2023-05-16,13.07,AGI
2023-05-15,13.57,AGI
2023-05-12,13.31,AGI
2023-05-11,13.25,AGI
2023-05-10,13.62,AGI
2023-05-09,13.74,AGI
2023-05-08,13.82,AGI
2023-05-05,13.81,AGI
2023-05-04,13.75,AGI
2023-05-03,13.69,AGI
2023-05-02,13.49,AGI
2023-05-01,13.04,AGI
2023-04-28,12.93,AGI
2023-04-27,12.87,AGI
2023-04-26,12.69,AGI
2023-04-25,12.82,AGI
2023-04-24,12.92,AGI
2023-04-21,12.74,AGI
2023-04-20,12.82,AGI
2023-04-19,12.75,AGI
2023-04-18,13.1,AGI
2023-04-17,13.11,AGI
2023-04-14,13.41,AGI
2023-04-13,13.67,AGI
2023-04-12,13.46,AGI
2023-04-11,13.27,AGI
2023-04-10,13.13,AGI
2023-04-06,12.97,AGI
2023-04-05,12.97,AGI
2023-04-04,12.89,AGI
2023-04-03,12.56,AGI
2023-03-31,12.23,AGI
2023-03-30,12.28,AGI
2023-03-29,12.18,AGI
2023-03-28,12.17,AGI
2023-03-27,11.77,AGI
2023-03-24,11.76,AGI
2023-03-23,11.59,AGI
2023-03-22,11.21,AGI
2023-03-21,10.99,AGI
2023-03-20,11.39,AGI
2023-03-17,11.32,AGI
2023-03-16,10.61,AGI
2023-03-15,10.62,AGI
2023-03-14,10.72,AGI
2023-03-13,10.64,AGI
2023-03-10,10.07,AGI
2023-03-09,9.85,AGI
2023-03-08,9.92,AGI
2023-03-07,9.95,AGI
2023-03-06,10.36,AGI
2023-03-03,10.43,AGI
2023-03-02,10.32,AGI
2023-03-01,10.42,AGI
2023-02-28,10.18,AGI
2023-02-27,10.17,AGI
2023-02-24,10.08,AGI
2023-02-23,10.03,AGI
2023-02-22,10.04,AGI
2023-02-21,10.18,AGI
2023-02-17,10.35,AGI
2023-02-16,10.43,AGI
2023-02-15,10.36,AGI
2023-02-14,10.56,AGI
2023-02-13,10.53,AGI
2023-02-10,10.67,AGI
2023-02-09,10.66,AGI
2023-02-08,10.86,AGI
2023-02-07,10.73,AGI
2023-02-06,10.6,AGI
2023-02-03,10.65,AGI
2023-02-02,10.83,AGI
2023-02-01,11.23,AGI
2023-01-31,11.04,AGI
2023-01-30,11.02,AGI
2023-01-27,11.31,AGI
2023-01-26,11.45,AGI
2023-01-25,11.59,AGI
2023-01-24,11.37,AGI
2023-01-23,11.18,AGI
2023-01-20,11.18,AGI
2023-01-19,10.99,AGI
2023-01-18,10.75,AGI
2023-01-17,10.76,AGI
2023-01-13,11.0,AGI
2023-01-12,10.98,AGI
2023-01-11,10.88,AGI
2023-01-10,10.89,AGI
2023-01-09,10.69,AGI
2023-01-06,10.86,AGI
2023-01-05,10.78,AGI
2023-01-04,10.85,AGI
2023-01-03,10.36,AGI
2022-12-30,10.11,AGI
2022-12-29,10.11,AGI
2022-12-28,10.06,AGI
2022-12-27,10.29,AGI
2022-12-23,9.99,AGI
2022-12-22,10.01,AGI
2022-12-21,10.0,AGI
2022-12-20,9.85,AGI
2022-12-19,9.51,AGI
2022-12-16,9.64,AGI
2022-12-15,9.49,AGI
2022-12-14,9.92,AGI
2022-12-13,10.01,AGI
2022-12-12,9.89,AGI
2022-12-09,9.84,AGI
2022-12-08,10.04,AGI
2022-12-07,9.95,AGI
2022-12-06,9.7,AGI
2022-12-05,9.76,AGI
2022-12-02,10.03,AGI
2022-12-01,9.92,AGI
2022-11-30,9.7,AGI
2022-11-29,9.48,AGI
2022-11-28,9.22,AGI
2022-11-25,9.61,AGI
2022-11-23,9.75,AGI
2022-11-22,9.44,AGI
2022-11-21,9.0,AGI
2022-11-18,8.92,AGI
2022-11-17,8.84,AGI
2022-11-16,8.93,AGI
2022-11-15,8.93,AGI
2022-11-14,8.94,AGI
2022-11-11,8.88,AGI
2022-11-10,8.88,AGI
2022-11-09,8.29,AGI
2022-11-08,8.44,AGI
2022-11-07,7.97,AGI
2022-11-04,8.11,AGI
2022-11-03,7.43,AGI
2022-11-02,7.63,AGI
2022-11-01,8.11,AGI
2022-10-31,7.89,AGI
2022-10-28,8.14,AGI
2022-10-27,8.14,AGI
2022-10-26,8.05,AGI
2022-10-25,7.75,AGI
2022-10-24,7.59,AGI
2022-10-21,7.66,AGI
2022-10-20,7.39,AGI
2022-10-19,7.36,AGI
2022-10-18,7.4,AGI
2022-10-17,7.33,AGI
2022-10-14,7.22,AGI
2022-10-13,7.55,AGI
2022-10-12,7.59,AGI
2022-10-11,7.5,AGI
2022-10-10,7.59,AGI
2022-10-07,7.59,AGI
2022-10-06,8.09,AGI
2022-10-05,7.95,AGI
2022-10-04,8.02,AGI
2022-10-03,7.77,AGI
2022-09-30,7.41,AGI
2022-09-29,7.22,AGI
2022-09-28,7.1,AGI
2022-09-27,6.49,AGI
2022-09-26,6.48,AGI
2022-09-23,6.73,AGI
2022-09-22,7.11,AGI
2022-09-21,7.25,AGI
2022-09-20,7.14,AGI
2022-09-19,7.36,AGI
2022-09-16,7.18,AGI
2022-09-15,7.1,AGI
2022-09-14,7.39,AGI
2022-09-13,7.43,AGI
2022-09-12,7.65,AGI
2022-09-09,7.55,AGI
2022-09-08,7.4,AGI
2022-09-07,7.35,AGI
2022-09-06,7.07,AGI
2022-09-02,7.17,AGI
2022-09-01,6.9,AGI
2022-08-31,7.19,AGI
2022-08-30,7.33,AGI
2022-08-29,7.52,AGI
2022-08-26,7.59,AGI
2022-08-25,7.96,AGI
2022-08-24,7.92,AGI
2022-08-23,7.8,AGI
2022-08-22,7.55,AGI
2022-08-19,7.55,AGI
2022-08-18,7.74,AGI
2022-08-17,7.67,AGI
2022-08-16,7.93,AGI
2022-08-15,7.93,AGI
2022-08-12,8.12,AGI
2022-08-11,7.9,AGI
2022-08-10,8.08,AGI
2022-08-09,7.98,AGI
2022-08-08,7.89,AGI
2022-08-05,7.79,AGI
2022-08-04,7.89,AGI
2022-08-03,7.53,AGI
2022-08-02,7.68,AGI
2022-08-01,7.78,AGI
2022-07-29,7.89,AGI
2022-07-28,7.65,AGI
2022-07-27,7.09,AGI
2022-07-26,6.99,AGI
2022-07-25,6.98,AGI
2022-07-22,7.21,AGI
2022-07-21,7.29,AGI
2022-07-20,7.17,AGI
2022-07-19,7.43,AGI
2022-07-18,7.3,AGI
2022-07-15,7.06,AGI
2022-07-14,7.15,AGI
2022-07-13,7.4,AGI
2022-07-12,7.11,AGI
2022-07-11,7.18,AGI
2022-07-08,7.22,AGI
2022-07-07,7.19,AGI
2022-07-06,7.07,AGI
2022-07-05,7.07,AGI
2022-07-01,7.5,AGI
2022-06-30,7.02,AGI
2022-06-29,7.27,AGI
2022-06-28,6.96,AGI
2022-06-27,7.16,AGI
2022-06-24,7.13,AGI
2022-06-23,6.97,AGI
2022-06-22,7.24,AGI
2022-06-21,7.35,AGI
2022-06-17,7.13,AGI
2022-06-16,7.35,AGI
2022-06-15,7.26,AGI
2022-06-14,7.17,AGI
2022-06-13,7.38,AGI
2022-06-10,8.13,AGI
2022-06-09,7.68,AGI
2022-06-08,7.91,AGI
2022-06-07,7.87,AGI
2022-06-06,7.83,AGI
2022-06-03,8.05,AGI
2022-06-02,8.4,AGI
2022-06-01,7.76,AGI
2022-05-31,7.47,AGI
2022-05-27,7.58,AGI
2022-05-26,7.57,AGI
2022-05-25,7.62,AGI
2022-05-24,7.76,AGI
2022-05-23,7.56,AGI
2022-05-20,7.56,AGI
2022-05-19,7.59,AGI
2022-05-18,6.97,AGI
2022-05-17,7.17,AGI
2022-05-16,7.09,AGI
2022-05-13,7.07,AGI
2022-05-12,6.99,AGI
2022-05-11,7.2,AGI
2022-05-10,7.18,AGI
2022-05-09,7.25,AGI
2022-05-06,7.68,AGI
2022-05-05,7.72,AGI
2022-05-04,7.94,AGI
2022-05-03,7.78,AGI
2022-05-02,7.58,AGI
2022-04-29,7.76,AGI
2022-04-28,7.79,AGI
2022-04-27,7.55,AGI
2022-04-26,7.67,AGI
2022-04-25,7.88,AGI
2022-04-22,8.24,AGI
2022-04-21,8.52,AGI
2022-04-20,8.84,AGI
2022-04-19,8.71,AGI
2022-04-18,8.95,AGI
2022-04-14,9.02,AGI
2022-04-13,9.02,AGI
2022-04-12,8.82,AGI
2022-04-11,8.75,AGI
2022-04-08,8.68,AGI
2022-04-07,8.52,AGI
2022-04-06,8.42,AGI
2022-04-05,8.5,AGI
2022-04-04,8.69,AGI
2022-04-01,8.67,AGI
2022-03-31,8.42,AGI
2022-03-30,8.32,AGI
2022-03-29,8.24,AGI
2022-03-28,8.11,AGI
2022-03-25,8.35,AGI
2022-03-24,8.36,AGI
2022-03-23,8.4,AGI
2022-03-22,8.26,AGI
2022-03-21,8.36,AGI
2022-03-18,8.3,AGI
2022-03-17,8.3,AGI
2022-03-16,8.19,AGI
2022-03-15,8.2,AGI
2022-03-14,8.07,AGI
2022-03-11,8.72,AGI
2022-03-10,8.69,AGI
2022-03-09,8.37,AGI
2022-03-08,8.43,AGI
2022-03-07,8.22,AGI
2022-03-04,7.84,AGI
2022-03-03,7.71,AGI
2022-03-02,7.62,AGI
2022-03-01,7.73,AGI
2022-02-28,7.36,AGI
2022-02-25,7.43,AGI
2022-02-24,7.22,AGI
2022-02-23,7.35,AGI
2022-02-22,7.21,AGI
2022-02-18,7.34,AGI
2022-02-17,7.54,AGI
2022-02-16,7.37,AGI
2022-02-15,7.18,AGI
2022-02-14,7.29,AGI
2022-02-11,7.2,AGI
2022-02-10,6.76,AGI
2022-02-09,7.03,AGI
2022-02-08,7.09,AGI
2022-02-07,7.09,AGI
2022-02-04,6.63,AGI
2022-02-03,6.58,AGI
2022-02-02,6.77,AGI
2022-02-01,6.85,AGI
2022-01-31,6.83,AGI
2022-01-28,6.73,AGI
2022-01-27,6.65,AGI
2022-01-26,6.89,AGI
2022-01-25,7.16,AGI
2022-01-24,7.05,AGI
2022-01-21,7.03,AGI
2022-01-20,7.19,AGI
2022-01-19,7.31,AGI
2022-01-18,6.65,AGI
2022-01-14,7.1,AGI
2022-01-13,7.28,AGI
2022-01-12,7.41,AGI
2022-01-11,7.34,AGI
2022-01-10,7.19,AGI
2022-01-07,7.03,AGI
2022-01-06,7.04,AGI
2022-01-05,7.32,AGI
2022-01-04,7.53,AGI
2022-01-03,7.48,AGI
2021-12-31,7.69,AGI
2021-12-30,7.6,AGI
2021-12-29,7.47,AGI
2021-12-28,7.51,AGI
2021-12-27,7.51,AGI
2021-12-23,7.53,AGI
2021-12-22,7.44,AGI
2021-12-21,7.31,AGI
2021-12-20,7.28,AGI
2021-12-17,7.24,AGI
2021-12-16,7.19,AGI
2021-12-15,6.82,AGI
2021-12-14,6.99,AGI
2021-12-13,7.17,AGI
2021-12-10,7.15,AGI
2021-12-09,7.21,AGI
2021-12-08,7.47,AGI
2021-12-07,7.49,AGI
2021-12-06,7.39,AGI
2021-12-03,7.32,AGI
2021-12-02,7.27,AGI
2021-12-01,7.45,AGI
2021-11-30,7.64,AGI
2021-11-29,7.73,AGI
2021-11-26,7.83,AGI
2021-11-24,7.94,AGI
2021-11-23,7.94,AGI
2021-11-22,8.05,AGI
2021-11-19,8.27,AGI
2021-11-18,8.37,AGI
2021-11-17,8.53,AGI
2021-11-16,8.39,AGI
2021-11-15,8.61,AGI
2021-11-12,8.67,AGI
2021-11-11,8.71,AGI
2021-11-10,8.47,AGI
2021-11-09,8.22,AGI
2021-11-08,8.0,AGI
2021-11-05,7.94,AGI
2021-11-04,7.62,AGI
2021-11-03,7.65,AGI
2021-11-02,7.57,AGI
2021-11-01,7.53,AGI
2021-10-29,7.44,AGI
2021-10-28,7.79,AGI
2021-10-27,8.28,AGI
2021-10-26,8.16,AGI
2021-10-25,8.14,AGI
2021-10-22,8.0,AGI
2021-10-21,8.02,AGI
2021-10-20,8.06,AGI
2021-10-19,7.94,AGI
2021-10-18,7.95,AGI
2021-10-15,8.08,AGI
2021-10-14,8.15,AGI
2021-10-13,7.93,AGI
2021-10-12,7.62,AGI
2021-10-11,7.38,AGI
2021-10-08,7.41,AGI
2021-10-07,7.41,AGI
2021-10-06,7.5,AGI
2021-10-05,7.46,AGI
2021-10-04,7.34,AGI
2021-10-01,7.14,AGI
2021-09-30,7.2,AGI
2021-09-29,7.01,AGI
2021-09-28,7.17,AGI
2021-09-27,7.16,AGI
2021-09-24,7.13,AGI
2021-09-23,7.18,AGI
2021-09-22,7.4,AGI
2021-09-21,7.41,AGI
2021-09-20,7.52,AGI
2021-09-17,7.45,AGI
2021-09-16,7.46,AGI
2021-09-15,7.83,AGI
2021-09-14,7.77,AGI
2021-09-13,7.7,AGI
2021-09-10,7.44,AGI
2021-09-09,7.6,AGI
2021-09-08,7.74,AGI
2021-09-07,7.72,AGI
2021-09-03,8.05,AGI
2021-09-02,7.85,AGI
2021-09-01,7.76,AGI
2021-08-31,7.9,AGI
2021-08-30,7.8,AGI
2021-08-27,7.98,AGI
2021-08-26,7.67,AGI
2021-08-25,7.57,AGI
2021-08-24,7.62,AGI
2021-08-23,7.61,AGI
2021-08-20,7.28,AGI
2021-08-19,7.26,AGI
2021-08-18,7.35,AGI
2021-08-17,7.54,AGI
2021-08-16,7.64,AGI
2021-08-13,7.74,AGI
2021-08-12,7.54,AGI
2021-08-11,7.66,AGI
2021-08-10,7.42,AGI
2021-08-09,7.5,AGI
2021-08-06,7.69,AGI
2021-08-05,7.89,AGI
2021-08-04,8.39,AGI
2021-08-03,8.14,AGI
2021-08-02,8.07,AGI
2021-07-30,8.12,AGI
2021-07-29,8.12,AGI
2021-07-28,8.08,AGI
2021-07-27,7.95,AGI
2021-07-26,8.04,AGI
2021-07-23,7.79,AGI
2021-07-22,7.86,AGI
2021-07-21,7.94,AGI
2021-07-20,7.7,AGI
2021-07-19,7.7,AGI
2021-07-16,7.86,AGI
2021-07-15,8.15,AGI
2021-07-14,8.15,AGI
2021-07-13,7.88,AGI
2021-07-12,7.66,AGI
2021-07-09,7.79,AGI
2021-07-08,7.63,AGI
2021-07-07,7.83,AGI
2021-07-06,7.88,AGI
2021-07-02,7.81,AGI
2021-07-01,7.61,AGI
2021-06-30,7.65,AGI
2021-06-29,7.42,AGI
2021-06-28,7.59,AGI
2021-06-25,7.71,AGI
2021-06-24,7.75,AGI
2021-06-23,7.79,AGI
2021-06-22,7.97,AGI
2021-06-21,7.92,AGI
2021-06-18,7.79,AGI
2021-06-17,8.04,AGI
2021-06-16,8.76,AGI
2021-06-15,8.83,AGI
2021-06-14,8.75,AGI
2021-06-11,8.81,AGI
2021-06-10,8.91,AGI
2021-06-09,8.6,AGI
2021-06-08,8.65,AGI
2021-06-07,8.8,AGI
2021-06-04,8.95,AGI
2021-06-03,8.88,AGI
2021-06-02,9.28,AGI
2021-06-01,9.17,AGI
2021-05-28,9.13,AGI
2021-05-27,9.06,AGI
2021-05-26,9.15,AGI
2021-05-25,9.14,AGI
2021-05-24,9.1,AGI
2021-05-21,9.08,AGI
2021-05-20,9.18,AGI
2021-05-19,9.04,AGI
2021-05-18,9.1,AGI
2021-05-17,9.15,AGI
2021-05-14,8.7,AGI
2021-05-13,8.41,AGI
2021-05-12,8.48,AGI
2021-05-11,8.72,AGI
2021-05-10,8.61,AGI
2021-05-07,8.76,AGI
2021-05-06,8.66,AGI
2021-05-05,8.38,AGI
2021-05-04,8.32,AGI
2021-05-03,8.48,AGI
2021-04-30,8.0,AGI
2021-04-29,8.25,AGI
2021-04-28,8.35,AGI
2021-04-27,8.28,AGI
2021-04-26,8.6,AGI
2021-04-23,8.6,AGI
2021-04-22,8.71,AGI
2021-04-21,8.93,AGI
2021-04-20,8.77,AGI
2021-04-19,8.72,AGI
2021-04-16,8.81,AGI
2021-04-15,8.72,AGI
2021-04-14,8.28,AGI
2021-04-13,8.47,AGI
2021-04-12,8.05,AGI
2021-04-09,8.36,AGI
2021-04-08,8.29,AGI
2021-04-07,8.1,AGI
2021-04-06,8.3,AGI
2021-04-05,8.01,AGI
2021-04-01,8.16,AGI
2021-03-31,7.81,AGI
2021-03-30,7.54,AGI
2021-03-29,7.92,AGI
2021-03-26,7.93,AGI
2021-03-25,7.74,AGI
2021-03-24,7.78,AGI
2021-03-23,7.97,AGI
2021-03-22,8.24,AGI
2021-03-19,8.26,AGI
2021-03-18,8.11,AGI
2021-03-17,8.21,AGI
2021-03-16,7.92,AGI
2021-03-15,8.03,AGI
2021-03-12,8.04,AGI
2021-03-11,7.94,AGI
2021-03-10,7.86,AGI
2021-03-09,7.76,AGI
2021-03-08,7.61,AGI
2021-03-05,7.68,AGI
2021-03-04,7.54,AGI
2021-03-03,7.3,AGI
2021-03-02,7.55,AGI
2021-03-01,7.2,AGI
2021-02-26,7.1,AGI
2021-02-25,7.58,AGI
2021-02-24,7.77,AGI
2021-02-23,7.53,AGI
2021-02-22,7.74,AGI
2021-02-19,7.42,AGI
2021-02-18,7.66,AGI
2021-02-17,7.9,AGI
2021-02-16,8.07,AGI
2021-02-12,8.15,AGI
2021-02-11,8.09,AGI
2021-02-10,8.24,AGI
2021-02-09,8.1,AGI
2021-02-08,8.12,AGI
2021-02-05,8.0,AGI
2021-02-04,7.9,AGI
2021-02-03,8.11,AGI
2021-02-02,7.92,AGI
2021-02-01,8.13,AGI
2021-01-29,8.0,AGI
2021-01-28,8.05,AGI
2021-01-27,7.9,AGI
2021-01-26,8.02,AGI
2021-01-25,7.91,AGI
2021-01-22,7.95,AGI
2021-01-21,8.09,AGI
2021-01-20,8.24,AGI
2021-01-19,7.92,AGI
2021-01-15,7.87,AGI
2021-01-14,8.26,AGI
2021-01-13,8.32,AGI
2021-01-12,8.43,AGI
2021-01-11,8.48,AGI
2021-01-08,8.91,AGI
2021-01-07,9.43,AGI
2021-01-06,9.63,AGI
2021-01-05,9.52,AGI
2021-01-04,9.64,AGI
2020-12-31,8.75,AGI
2020-12-30,8.99,AGI
2020-12-29,8.65,AGI
2020-12-28,8.68,AGI
2020-12-24,8.81,AGI
2020-12-23,8.76,AGI
2020-12-22,8.76,AGI
2020-12-21,9.19,AGI
2020-12-18,9.25,AGI
2020-12-17,9.83,AGI
2020-12-16,9.33,AGI
2020-12-15,9.22,AGI
2020-12-14,8.8,AGI
2020-12-11,8.95,AGI
2020-12-10,9.11,AGI
2020-12-09,9.09,AGI
2020-12-08,9.25,AGI
2020-12-07,9.29,AGI
2020-12-04,8.75,AGI
2020-12-03,8.7,AGI
2020-12-02,8.67,AGI
2020-12-01,8.69,AGI
2020-11-30,8.27,AGI
2020-11-27,8.24,AGI
2020-11-25,8.12,AGI
2020-11-24,7.77,AGI
2020-11-23,8.22,AGI
2020-11-20,8.71,AGI
2020-11-19,8.65,AGI
2020-11-18,8.69,AGI
2020-11-17,8.87,AGI
2020-11-16,9.01,AGI
2020-11-13,9.0,AGI
2020-11-12,8.97,AGI
2020-11-11,8.87,AGI
2020-11-10,9.06,AGI
2020-11-09,9.35,AGI
2020-11-06,10.02,AGI
2020-11-05,10.03,AGI
2020-11-04,9.18,AGI
2020-11-03,9.39,AGI
2020-11-02,9.48,AGI
2020-10-30,9.15,AGI
2020-10-29,9.15,AGI
2020-10-28,8.12,AGI
2020-10-27,8.86,AGI
2020-10-26,8.62,AGI
2020-10-23,8.4,AGI
2020-10-22,8.5,AGI
2020-10-21,8.53,AGI
2020-10-20,8.34,AGI
2020-10-19,8.29,AGI
2020-10-16,8.53,AGI
2020-10-15,8.86,AGI
2020-10-14,9.07,AGI
2020-10-13,9.1,AGI
2020-10-12,9.35,AGI
2020-10-09,9.27,AGI
2020-10-08,8.8,AGI
2020-10-07,8.74,AGI
2020-10-06,8.63,AGI
2020-10-05,8.95,AGI
2020-10-02,8.76,AGI
2020-10-01,8.89,AGI
2020-09-30,8.81,AGI
2020-09-29,8.82,AGI
2020-09-28,8.85,AGI
2020-09-25,8.77,AGI
2020-09-24,8.84,AGI
2020-09-23,8.6,AGI
2020-09-22,9.3,AGI
2020-09-21,9.18,AGI
2020-09-18,9.44,AGI
2020-09-17,9.65,AGI
2020-09-16,9.83,AGI
2020-09-15,10.06,AGI
2020-09-14,10.16,AGI
2020-09-11,9.69,AGI
2020-09-10,10.02,AGI
2020-09-09,10.13,AGI
2020-09-08,9.8,AGI
2020-09-04,10.05,AGI
2020-09-03,10.11,AGI
2020-09-02,10.1,AGI
2020-09-01,10.17,AGI
2020-08-31,10.46,AGI
2020-08-28,10.28,AGI
2020-08-27,9.87,AGI
2020-08-26,10.21,AGI
2020-08-25,9.87,AGI
2020-08-24,9.91,AGI
2020-08-21,10.05,AGI
2020-08-20,10.38,AGI
2020-08-19,10.36,AGI
2020-08-18,10.64,AGI
2020-08-17,10.74,AGI
2020-08-14,10.02,AGI
2020-08-13,9.9,AGI
2020-08-12,9.51,AGI
2020-08-11,9.52,AGI
2020-08-10,10.1,AGI
2020-08-07,10.24,AGI
2020-08-06,10.48,AGI
2020-08-05,10.69,AGI
2020-08-04,10.89,AGI
2020-08-03,10.47,AGI
2020-07-31,10.6,AGI
2020-07-30,10.44,AGI
2020-07-29,11.09,AGI
2020-07-28,11.47,AGI
2020-07-27,11.43,AGI
2020-07-24,10.95,AGI
2020-07-23,10.7,AGI
2020-07-22,11.09,AGI
2020-07-21,11.15,AGI
2020-07-20,10.75,AGI
2020-07-17,10.4,AGI
2020-07-16,10.13,AGI
2020-07-15,10.34,AGI
2020-07-14,10.4,AGI
2020-07-13,9.84,AGI
2020-07-10,10.27,AGI
2020-07-09,10.35,AGI
2020-07-08,10.4,AGI
2020-07-07,10.17,AGI
2020-07-06,9.73,AGI
2020-07-02,9.3,AGI
2020-07-01,9.4,AGI
2020-06-30,9.38,AGI
2020-06-29,9.07,AGI
2020-06-26,8.73,AGI
2020-06-25,8.42,AGI
2020-06-24,8.3,AGI
2020-06-23,8.55,AGI
2020-06-22,8.43,AGI
2020-06-19,7.99,AGI
2020-06-18,7.41,AGI
2020-06-17,7.59,AGI
2020-06-16,7.65,AGI
2020-06-15,7.98,AGI
2020-06-12,7.77,AGI
2020-06-11,7.85,AGI
2020-06-10,8.1,AGI
2020-06-09,7.79,AGI
2020-06-08,7.82,AGI
2020-06-05,7.46,AGI
2020-06-04,7.72,AGI
2020-06-03,7.54,AGI
2020-06-02,7.8,AGI
2020-06-01,8.31,AGI
2020-05-29,8.1,AGI
2020-05-28,8.0,AGI
2020-05-27,8.03,AGI
2020-05-26,7.79,AGI
2020-05-22,8.24,AGI
2020-05-21,8.26,AGI
2020-05-20,8.4,AGI
2020-05-19,8.46,AGI
2020-05-18,8.12,AGI
2020-05-15,8.49,AGI
2020-05-14,8.19,AGI
2020-05-13,7.77,AGI
2020-05-12,7.84,AGI
2020-05-11,7.93,AGI
2020-05-08,8.27,AGI
2020-05-07,8.53,AGI
2020-05-06,8.23,AGI
2020-05-05,8.51,AGI
2020-05-04,8.35,AGI
2020-05-01,8.4,AGI
2020-04-30,8.07,AGI
2020-04-29,8.25,AGI
2020-04-28,8.18,AGI
2020-04-27,8.13,AGI
2020-04-24,8.08,AGI
2020-04-23,7.68,AGI
2020-04-22,7.33,AGI
2020-04-21,6.59,AGI
2020-04-20,6.65,AGI
2020-04-17,6.38,AGI
2020-04-16,6.77,AGI
2020-04-15,6.59,AGI
2020-04-14,6.79,AGI
2020-04-13,6.93,AGI
2020-04-09,6.34,AGI
2020-04-08,5.84,AGI
2020-04-07,5.76,AGI
2020-04-06,5.79,AGI
2020-04-03,5.64,AGI
2020-04-02,5.66,AGI
2020-04-01,5.36,AGI
2020-03-31,5.0,AGI
2020-03-30,5.06,AGI
2020-03-27,5.32,AGI
2020-03-26,5.81,AGI
2020-03-25,5.83,AGI
2020-03-24,5.46,AGI
2020-03-23,4.89,AGI
2020-03-20,4.45,AGI
2020-03-19,5.33,AGI
2020-03-18,5.11,AGI
2020-03-17,6.08,AGI
2020-03-16,4.71,AGI
2020-03-13,3.89,AGI
2020-03-12,4.82,AGI
2020-03-11,5.47,AGI
2020-03-10,5.98,AGI
2020-03-09,6.02,AGI
2020-03-06,6.49,AGI
2020-03-05,6.3,AGI
2020-03-04,6.08,AGI
2020-03-03,6.14,AGI
2020-03-02,5.94,AGI
2020-02-28,5.83,AGI
2020-02-27,6.0,AGI
2020-02-26,6.57,AGI
2020-02-25,6.59,AGI
2020-02-24,6.93,AGI
2020-02-21,6.97,AGI
2020-02-20,6.79,AGI
2020-02-19,6.53,AGI
2020-02-18,6.36,AGI
2020-02-14,6.0,AGI
2020-02-13,6.04,AGI
2020-02-12,6.01,AGI
2020-02-11,6.23,AGI
2020-02-10,6.16,AGI
2020-02-07,6.11,AGI
2020-02-06,6.25,AGI
2020-02-05,6.16,AGI
2020-02-04,6.07,AGI
2020-02-03,6.2,AGI
2020-01-31,6.3,AGI
2020-01-30,6.28,AGI
2020-01-29,6.44,AGI
2020-01-28,6.16,AGI
2020-01-27,6.21,AGI
2020-01-24,6.34,AGI
2020-01-23,6.2,AGI
2020-01-22,5.93,AGI
2020-01-21,5.97,AGI
2020-01-17,5.61,AGI
2020-01-16,5.59,AGI
2020-01-15,5.76,AGI
2020-01-14,5.58,AGI
2020-01-13,5.44,AGI
2020-01-10,5.75,AGI
2020-01-09,5.51,AGI
2020-01-08,5.63,AGI
2020-01-07,5.88,AGI
2020-01-06,5.84,AGI
2020-01-03,5.86,AGI
2020-01-02,5.93,AGI
2019-12-31,6.02,AGI
2019-12-30,5.97,AGI
2019-12-27,5.79,AGI
2019-12-26,5.96,AGI
2019-12-24,5.89,AGI
2019-12-23,5.65,AGI
2019-12-20,5.21,AGI
2019-12-19,5.34,AGI
2019-12-18,5.4,AGI
2019-12-17,5.32,AGI
2019-12-16,5.34,AGI
2019-12-13,5.4,AGI
2019-12-12,5.43,AGI
2019-12-11,5.57,AGI
2019-12-10,5.36,AGI
2019-12-09,5.32,AGI
2019-12-06,5.39,AGI
2019-12-05,5.68,AGI
2019-12-04,5.68,AGI
2019-12-03,5.74,AGI
2019-12-02,5.66,AGI
2019-11-29,5.67,AGI
2019-11-27,5.49,AGI
2019-11-26,5.51,AGI
2019-11-25,5.39,AGI
2019-11-22,5.4,AGI
2019-11-21,5.39,AGI
2019-11-20,5.59,AGI
2019-11-19,5.54,AGI
2019-11-18,5.43,AGI
2019-11-15,5.37,AGI
2019-11-14,5.37,AGI
2019-11-13,5.3,AGI
2019-11-12,5.33,AGI
2019-11-11,5.27,AGI
2019-11-08,5.27,AGI
2019-11-07,5.32,AGI
2019-11-06,5.42,AGI
2019-11-05,5.35,AGI
2019-11-04,5.41,AGI
2019-11-01,5.45,AGI
2019-10-31,5.44,AGI
2019-10-30,5.07,AGI
2019-10-29,5.11,AGI
2019-10-28,5.01,AGI
2019-10-25,5.12,AGI
2019-10-24,5.07,AGI
2019-10-23,5.1,AGI
2019-10-22,5.01,AGI
2019-10-21,5.01,AGI
2019-10-18,5.07,AGI
2019-10-17,5.15,AGI
2019-10-16,5.03,AGI
2019-10-15,4.98,AGI
2019-10-14,5.34,AGI
2019-10-11,5.69,AGI
2019-10-10,5.96,AGI
2019-10-09,5.91,AGI
2019-10-08,6.0,AGI
2019-10-07,5.84,AGI
2019-10-04,5.96,AGI
2019-10-03,5.79,AGI
2019-10-02,5.84,AGI
2019-10-01,5.82,AGI
2019-09-30,5.8,AGI
2019-09-27,6.11,AGI
2019-09-26,6.24,AGI
2019-09-25,6.36,AGI
2019-09-24,6.71,AGI
2019-09-23,6.65,AGI
2019-09-20,6.52,AGI
2019-09-19,6.42,AGI
2019-09-18,6.24,AGI
2019-09-17,6.34,AGI
2019-09-16,6.35,AGI
2019-09-13,6.14,AGI
2019-09-12,6.35,AGI
2019-09-11,6.47,AGI
2019-09-10,6.47,AGI
2019-09-09,6.48,AGI
2019-09-06,6.65,AGI
2019-09-05,6.93,AGI
2019-09-04,7.25,AGI
2019-09-03,7.17,AGI
2019-08-30,7.05,AGI
2019-08-29,6.99,AGI
2019-08-28,7.4,AGI
2019-08-27,7.33,AGI
2019-08-26,7.05,AGI
2019-08-23,7.31,AGI
2019-08-22,6.95,AGI
2019-08-21,7.01,AGI
2019-08-20,7.17,AGI
2019-08-19,6.97,AGI
2019-08-16,7.0,AGI
2019-08-15,7.18,AGI
2019-08-14,6.89,AGI
2019-08-13,6.99,AGI
2019-08-12,7.14,AGI
2019-08-09,7.23,AGI
2019-08-08,7.48,AGI
2019-08-07,7.15,AGI
2019-08-06,7.3,AGI
2019-08-05,7.64,AGI
2019-08-02,7.09,AGI
2019-08-01,7.11,AGI
2019-07-31,6.55,AGI
2019-07-30,6.81,AGI
2019-07-29,6.67,AGI
2019-07-26,6.63,AGI
2019-07-25,6.64,AGI
2019-07-24,6.76,AGI
2019-07-23,6.65,AGI
2019-07-22,6.71,AGI
2019-07-19,6.75,AGI
2019-07-18,6.65,AGI
2019-07-17,6.54,AGI
2019-07-16,6.24,AGI
2019-07-15,6.22,AGI
2019-07-12,6.21,AGI
2019-07-11,6.24,AGI
2019-07-10,6.29,AGI
2019-07-09,6.05,AGI
2019-07-08,6.02,AGI
2019-07-05,5.99,AGI
2019-07-03,6.08,AGI
2019-07-02,6.0,AGI
2019-07-01,5.84,AGI
2019-06-28,6.05,AGI
2019-06-27,6.02,AGI
2019-06-26,6.08,AGI
2019-06-25,6.16,AGI
2019-06-24,6.2,AGI
2019-06-21,6.01,AGI
2019-06-20,6.01,AGI
2019-06-19,5.62,AGI
2019-06-18,5.46,AGI
2019-06-17,5.54,AGI
2019-06-14,5.41,AGI
2019-06-13,5.36,AGI
2019-06-12,5.16,AGI
2019-06-11,5.25,AGI
2019-06-10,5.26,AGI
2019-06-07,5.19,AGI
2019-06-06,5.29,AGI
2019-06-05,5.19,AGI
2019-06-04,5.19,AGI
2019-06-03,5.21,AGI
2019-05-31,4.87,AGI
2019-05-30,4.63,AGI
2019-05-29,4.44,AGI
2019-05-28,4.46,AGI
2019-05-24,4.53,AGI
2019-05-23,4.44,AGI
2019-05-22,4.46,AGI
2019-05-21,4.55,AGI
2019-05-20,4.61,AGI
2019-05-17,4.58,AGI
2019-05-16,4.57,AGI
2019-05-15,4.68,AGI
2019-05-14,4.71,AGI
2019-05-13,4.75,AGI
2019-05-10,4.44,AGI
2019-05-09,4.58,AGI
2019-05-08,4.46,AGI
2019-05-07,4.57,AGI
2019-05-06,4.44,AGI
2019-05-03,4.34,AGI
2019-05-02,4.32,AGI
2019-05-01,4.55,AGI
2019-04-30,4.65,AGI
2019-04-29,4.62,AGI
2019-04-26,4.78,AGI
2019-04-25,4.59,AGI
2019-04-24,4.65,AGI
2019-04-23,4.59,AGI
2019-04-22,4.62,AGI
2019-04-18,4.7,AGI
2019-04-17,4.76,AGI
2019-04-16,4.72,AGI
2019-04-15,4.92,AGI
2019-04-12,4.98,AGI
2019-04-11,5.0,AGI
2019-04-10,5.12,AGI
2019-04-09,5.18,AGI
2019-04-08,5.11,AGI
2019-04-05,5.02,AGI
2019-04-04,5.05,AGI
2019-04-03,4.84,AGI
2019-04-02,4.93,AGI
2019-04-01,4.92,AGI
2019-03-29,5.08,AGI
2019-03-28,5.13,AGI
2019-03-27,5.36,AGI
2019-03-26,5.44,AGI
2019-03-25,5.36,AGI
2019-03-22,5.24,AGI
2019-03-21,5.25,AGI
2019-03-20,5.29,AGI
2019-03-19,5.05,AGI
2019-03-18,5.02,AGI
2019-03-15,5.01,AGI
2019-03-14,5.04,AGI
2019-03-13,5.33,AGI
2019-03-12,5.23,AGI
2019-03-11,4.96,AGI
2019-03-08,5.06,AGI
2019-03-07,4.74,AGI
2019-03-06,4.69,AGI
2019-03-05,4.81,AGI
2019-03-04,4.82,AGI
2019-03-01,4.82,AGI
2019-02-28,4.84,AGI
2019-02-27,4.84,AGI
2019-02-26,4.92,AGI
2019-02-25,4.87,AGI
2019-02-22,4.93,AGI
2019-02-21,4.82,AGI
2019-02-20,4.88,AGI
2019-02-19,4.81,AGI
2019-02-15,4.54,AGI
2019-02-14,4.54,AGI
2019-02-13,4.42,AGI
2019-02-12,4.42,AGI
2019-02-11,4.39,AGI
2019-02-08,4.41,AGI
2019-02-07,4.3,AGI
2019-02-06,4.4,AGI
2019-02-05,4.44,AGI
2019-02-04,4.43,AGI
2019-02-01,4.44,AGI
2019-01-31,4.46,AGI
2019-01-30,4.43,AGI
2019-01-29,4.4,AGI
2019-01-28,4.26,AGI
2019-01-25,4.03,AGI
2019-01-24,3.87,AGI
2019-01-23,3.88,AGI
2019-01-22,3.96,AGI
2019-01-18,3.83,AGI
2019-01-17,4.06,AGI
2019-01-16,4.1,AGI
2019-01-15,3.92,AGI
2019-01-14,3.81,AGI
2019-01-11,3.84,AGI
2019-01-10,3.81,AGI
2019-01-09,3.89,AGI
2019-01-08,3.82,AGI
2019-01-07,3.79,AGI
2019-01-04,3.79,AGI
2019-01-03,3.85,AGI
2019-01-02,3.77,AGI
2018-12-31,3.6,AGI
2018-12-28,3.61,AGI
2018-12-27,3.63,AGI
2018-12-26,3.59,AGI
2018-12-24,3.7,AGI
2018-12-21,3.53,AGI
2018-12-20,3.5,AGI
2018-12-19,3.28,AGI
2018-12-18,3.44,AGI
2018-12-17,3.19,AGI
2018-12-14,2.97,AGI
2018-12-13,3.18,AGI
2018-12-12,3.41,AGI
2018-12-11,3.5,AGI
2018-12-10,3.65,AGI
2018-12-07,3.6,AGI
2018-12-06,3.37,AGI
2018-12-04,3.36,AGI
2018-12-03,3.35,AGI
2018-11-30,3.22,AGI
2018-11-29,3.19,AGI
2018-11-28,3.23,AGI
2018-11-27,3.19,AGI
2018-11-26,3.28,AGI
2018-11-23,3.33,AGI
2018-11-21,3.58,AGI
2018-11-20,3.53,AGI
2018-11-19,3.59,AGI
2018-11-16,3.65,AGI
2018-11-15,3.57,AGI
2018-11-14,3.52,AGI
2018-11-13,3.4,AGI
2018-11-12,3.49,AGI
2018-11-09,3.59,AGI
2018-11-08,3.79,AGI
2018-11-07,3.88,AGI
2018-11-06,3.89,AGI
2018-11-05,3.97,AGI
2018-11-02,3.87,AGI
2018-11-01,4.22,AGI
2018-10-31,3.99,AGI
2018-10-30,4.15,AGI
2018-10-29,4.16,AGI
2018-10-26,4.35,AGI
2018-10-25,4.36,AGI
2018-10-24,4.68,AGI
2018-10-23,4.73,AGI
2018-10-22,4.46,AGI
2018-10-19,4.61,AGI
2018-10-18,4.56,AGI
2018-10-17,4.86,AGI
2018-10-16,4.88,AGI
2018-10-15,4.92,AGI
2018-10-12,4.89,AGI
2018-10-11,5.04,AGI
2018-10-10,4.61,AGI
2018-10-09,4.53,AGI
2018-10-08,4.72,AGI
2018-10-05,4.62,AGI
2018-10-04,4.66,AGI
2018-10-03,4.67,AGI
2018-10-02,4.74,AGI
2018-10-01,4.6,AGI
2018-09-28,4.61,AGI
2018-09-27,4.48,AGI
2018-09-26,4.55,AGI
2018-09-25,4.68,AGI
2018-09-24,4.68,AGI
2018-09-21,4.64,AGI
2018-09-20,4.67,AGI
2018-09-19,4.62,AGI
2018-09-18,4.45,AGI
2018-09-17,4.48,AGI
2018-09-14,4.5,AGI
2018-09-13,4.48,AGI
2018-09-12,4.54,AGI
2018-09-11,4.2,AGI
2018-09-10,4.16,AGI
2018-09-07,4.32,AGI
2018-09-06,4.29,AGI
2018-09-05,4.15,AGI
2018-09-04,4.23,AGI
2018-08-31,4.39,AGI
2018-08-30,4.39,AGI
2018-08-29,4.56,AGI
2018-08-28,4.54,AGI
2018-08-27,4.72,AGI
2018-08-24,4.53,AGI
2018-08-23,4.25,AGI
2018-08-22,4.51,AGI
2018-08-21,4.48,AGI
2018-08-20,4.44,AGI
2018-08-17,4.38,AGI
2018-08-16,4.28,AGI
2018-08-15,4.45,AGI
2018-08-14,4.63,AGI
2018-08-13,4.66,AGI
2018-08-10,4.8,AGI
2018-08-09,4.83,AGI
2018-08-08,4.91,AGI
2018-08-07,4.94,AGI
2018-08-06,5.23,AGI
2018-08-03,5.23,AGI
2018-08-02,5.45,AGI
2018-08-01,5.44,AGI
2018-07-31,5.43,AGI
2018-07-30,5.49,AGI
2018-07-27,5.57,AGI
2018-07-26,5.57,AGI
2018-07-25,5.67,AGI
2018-07-24,5.37,AGI
2018-07-23,5.32,AGI
2018-07-20,5.48,AGI
2018-07-19,5.47,AGI
2018-07-18,5.45,AGI
2018-07-17,5.62,AGI
2018-07-16,5.58,AGI
2018-07-13,5.59,AGI
2018-07-12,5.63,AGI
2018-07-11,5.54,AGI
2018-07-10,5.72,AGI
2018-07-09,5.73,AGI
2018-07-06,5.85,AGI
2018-07-05,5.88,AGI
2018-07-03,5.79,AGI
2018-07-02,5.67,AGI
2018-06-29,5.69,AGI
2018-06-28,5.58,AGI
2018-06-27,5.57,AGI
2018-06-26,5.63,AGI
2018-06-25,5.58,AGI
2018-06-22,5.69,AGI
2018-06-21,5.6,AGI
2018-06-20,5.62,AGI
2018-06-19,5.69,AGI
2018-06-18,5.8,AGI
2018-06-15,5.8,AGI
2018-06-14,5.93,AGI
2018-06-13,5.97,AGI
2018-06-12,5.92,AGI
2018-06-11,5.96,AGI
2018-06-08,5.97,AGI
2018-06-07,5.9,AGI
2018-06-06,5.8,AGI
2018-06-05,5.59,AGI
2018-06-04,5.47,AGI
2018-06-01,5.54,AGI
2018-05-31,5.54,AGI
2018-05-30,5.47,AGI
2018-05-29,5.38,AGI
2018-05-25,5.45,AGI
2018-05-24,5.49,AGI
2018-05-23,5.25,AGI
2018-05-22,5.01,AGI
2018-05-21,5.21,AGI
2018-05-18,5.11,AGI
2018-05-17,5.15,AGI
2018-05-16,5.03,AGI
2018-05-15,5.07,AGI
2018-05-14,5.23,AGI
2018-05-11,5.3,AGI
2018-05-10,5.34,AGI
2018-05-09,5.22,AGI
2018-05-08,5.25,AGI
2018-05-07,5.31,AGI
2018-05-04,5.37,AGI
2018-05-03,5.46,AGI
2018-05-02,5.52,AGI
2018-05-01,5.28,AGI
2018-04-30,5.4,AGI
2018-04-27,5.47,AGI
2018-04-26,5.39,AGI
2018-04-25,5.4,AGI
2018-04-24,5.44,AGI
2018-04-23,5.38,AGI
2018-04-20,5.51,AGI
2018-04-19,5.55,AGI
2018-04-18,5.71,AGI
2018-04-17,5.65,AGI
2018-04-16,5.65,AGI
2018-04-13,5.72,AGI
2018-04-12,5.51,AGI
2018-04-11,5.57,AGI
2018-04-10,5.48,AGI
2018-04-09,5.35,AGI
2018-04-06,5.49,AGI
2018-04-05,5.33,AGI
2018-04-04,5.26,AGI
2018-04-03,5.17,AGI
2018-04-02,5.3,AGI
2018-03-29,5.21,AGI
2018-03-28,5.06,AGI
2018-03-27,5.1,AGI
2018-03-26,5.23,AGI
2018-03-23,5.4,AGI
2018-03-22,5.14,AGI
2018-03-21,5.18,AGI
2018-03-20,4.97,AGI
2018-03-19,5.07,AGI
2018-03-16,5.19,AGI
2018-03-15,5.13,AGI
2018-03-14,5.11,AGI
2018-03-13,5.08,AGI
2018-03-12,4.93,AGI
2018-03-09,5.0,AGI
2018-03-08,4.99,AGI
2018-03-07,5.02,AGI
2018-03-06,5.24,AGI
2018-03-05,5.26,AGI
2018-03-02,5.21,AGI
2018-03-01,5.21,AGI
2018-02-28,5.08,AGI
2018-02-27,5.07,AGI
2018-02-26,5.21,AGI
2018-02-23,5.09,AGI
2018-02-22,4.95,AGI
2018-02-21,5.35,AGI
2018-02-20,5.37,AGI
2018-02-16,5.62,AGI
2018-02-15,5.69,AGI
2018-02-14,5.69,AGI
2018-02-13,5.38,AGI
2018-02-12,5.43,AGI
2018-02-09,5.15,AGI
2018-02-08,5.37,AGI
2018-02-07,5.38,AGI
2018-02-06,5.52,AGI
2018-02-05,5.68,AGI
2018-02-02,5.66,AGI
2018-02-01,5.98,AGI
2018-01-31,5.98,AGI
2018-01-30,5.97,AGI
2018-01-29,6.08,AGI
2018-01-26,6.38,AGI
2018-01-25,6.16,AGI
2018-01-24,6.41,AGI
2018-01-23,6.26,AGI
2018-01-22,6.11,AGI
2018-01-19,6.05,AGI
2018-01-18,6.05,AGI
2018-01-17,6.19,AGI
2018-01-16,6.19,AGI
2018-01-12,6.12,AGI
2018-01-11,5.89,AGI
2018-01-10,6.33,AGI
2018-01-09,6.26,AGI
2018-01-08,6.59,AGI
2018-01-05,6.73,AGI
2018-01-04,6.76,AGI
2018-01-03,6.73,AGI
2018-01-02,6.66,AGI
2017-12-29,6.51,AGI
2017-12-28,6.52,AGI
2017-12-27,6.5,AGI
2017-12-26,6.64,AGI
2017-12-22,6.63,AGI
2017-12-21,6.46,AGI
2017-12-20,6.34,AGI
2017-12-19,6.15,AGI
2017-12-18,6.15,AGI
2017-12-15,6.03,AGI
2017-12-14,6.15,AGI
2017-12-13,6.36,AGI
2017-12-12,6.15,AGI
2017-12-11,6.1,AGI
2017-12-08,6.3,AGI
2017-12-07,6.13,AGI
2017-12-06,6.11,AGI
2017-12-05,6.08,AGI
2017-12-04,6.14,AGI
2017-12-01,6.32,AGI
2017-11-30,6.33,AGI
2017-11-29,6.29,AGI
2017-11-28,6.51,AGI
2017-11-27,6.63,AGI
2017-11-24,6.65,AGI
2017-11-22,6.96,AGI
2017-11-21,6.78,AGI
2017-11-20,6.39,AGI
2017-11-17,6.39,AGI
2017-11-16,6.18,AGI
2017-11-15,6.18,AGI
2017-11-14,6.2,AGI
2017-11-13,6.21,AGI
2017-11-10,6.26,AGI
2017-11-09,6.32,AGI
2017-11-08,6.31,AGI
2017-11-07,6.23,AGI
2017-11-06,6.39,AGI
2017-11-03,6.37,AGI
2017-11-02,6.42,AGI
2017-11-01,6.25,AGI
2017-10-31,6.32,AGI
2017-10-30,6.49,AGI
2017-10-27,6.31,AGI
2017-10-26,6.24,AGI
2017-10-25,6.49,AGI
2017-10-24,6.69,AGI
2017-10-23,6.94,AGI
2017-10-20,7.11,AGI
2017-10-19,7.17,AGI
2017-10-18,7.14,AGI
2017-10-17,7.12,AGI
2017-10-16,7.0,AGI
2017-10-13,7.1,AGI
2017-10-12,7.2,AGI
2017-10-11,7.17,AGI
2017-10-10,7.08,AGI
2017-10-09,7.25,AGI
2017-10-06,7.07,AGI
2017-10-05,6.86,AGI
2017-10-04,6.84,AGI
2017-10-03,6.84,AGI
2017-10-02,6.67,AGI
2017-09-29,6.76,AGI
2017-09-28,6.82,AGI
2017-09-27,6.78,AGI
2017-09-26,6.99,AGI
2017-09-25,7.17,AGI
2017-09-22,6.96,AGI
2017-09-21,6.94,AGI
2017-09-20,7.06,AGI
2017-09-19,7.14,AGI
2017-09-18,7.24,AGI
2017-09-15,7.4,AGI
2017-09-14,7.5,AGI
2017-09-13,7.36,AGI
2017-09-12,7.23,AGI
2017-09-11,7.1,AGI
2017-09-08,8.45,AGI
2017-09-07,8.53,AGI
2017-09-06,8.37,AGI
2017-09-05,8.4,AGI
2017-09-01,8.29,AGI
2017-08-31,8.33,AGI
2017-08-30,8.13,AGI
2017-08-29,8.24,AGI
2017-08-28,8.07,AGI
2017-08-25,7.82,AGI
2017-08-24,7.77,AGI
2017-08-23,7.75,AGI
2017-08-22,7.71,AGI
2017-08-21,7.8,AGI
2017-08-18,7.67,AGI
2017-08-17,7.77,AGI
2017-08-16,7.91,AGI
2017-08-15,7.72,AGI
2017-08-14,7.81,AGI
2017-08-11,7.93,AGI
2017-08-10,7.83,AGI
2017-08-09,7.78,AGI
2017-08-08,7.57,AGI
2017-08-07,7.65,AGI
2017-08-04,7.62,AGI
2017-08-03,7.69,AGI
2017-08-02,7.0,AGI
2017-08-01,7.06,AGI
2017-07-31,7.09,AGI
2017-07-28,7.08,AGI
2017-07-27,6.87,AGI
2017-07-26,7.08,AGI
2017-07-25,6.75,AGI
2017-07-24,6.79,AGI
2017-07-21,7.02,AGI
2017-07-20,6.84,AGI
2017-07-19,6.78,AGI
2017-07-18,6.81,AGI
2017-07-17,6.82,AGI
2017-07-14,6.64,AGI
2017-07-13,6.63,AGI
2017-07-12,6.76,AGI
2017-07-11,6.79,AGI
2017-07-10,6.87,AGI
2017-07-07,6.69,AGI
2017-07-06,6.75,AGI
2017-07-05,6.68,AGI
2017-07-03,6.89,AGI
2017-06-30,7.18,AGI
2017-06-29,6.9,AGI
2017-06-28,7.25,AGI
2017-06-27,7.24,AGI
2017-06-26,7.41,AGI
2017-06-23,7.44,AGI
2017-06-22,7.29,AGI
2017-06-21,7.25,AGI
2017-06-20,7.07,AGI
2017-06-19,6.97,AGI
2017-06-16,7.08,AGI
2017-06-15,7.05,AGI
2017-06-14,6.98,AGI
2017-06-13,7.28,AGI
2017-06-12,7.2,AGI
2017-06-09,7.03,AGI
2017-06-08,7.13,AGI
2017-06-07,7.26,AGI
2017-06-06,7.3,AGI
2017-06-05,6.75,AGI
2017-06-02,6.7,AGI
2017-06-01,6.67,AGI
2017-05-31,6.72,AGI
2017-05-30,6.53,AGI
2017-05-26,6.46,AGI
2017-05-25,6.44,AGI
2017-05-24,6.39,AGI
2017-05-23,6.29,AGI
2017-05-22,6.59,AGI
2017-05-19,6.63,AGI
2017-05-18,6.48,AGI
2017-05-17,6.74,AGI
2017-05-16,6.69,AGI
2017-05-15,6.62,AGI
2017-05-12,6.54,AGI
2017-05-11,6.44,AGI
2017-05-10,6.38,AGI
2017-05-09,6.28,AGI
2017-05-08,6.36,AGI
2017-05-05,6.39,AGI
2017-05-04,6.19,AGI
2017-05-03,6.67,AGI
2017-05-02,6.74,AGI
2017-05-01,7.06,AGI
2017-04-28,7.16,AGI
2017-04-27,7.06,AGI
2017-04-26,7.17,AGI
2017-04-25,7.16,AGI
2017-04-24,7.46,AGI
2017-04-21,7.62,AGI
2017-04-20,7.65,AGI
2017-04-19,7.68,AGI
2017-04-18,7.97,AGI
2017-04-17,8.14,AGI
2017-04-13,8.2,AGI
2017-04-12,8.57,AGI
2017-04-11,8.38,AGI
2017-04-10,8.05,AGI
2017-04-07,8.02,AGI
2017-04-06,7.95,AGI
2017-04-05,8.13,AGI
2017-04-04,8.21,AGI
2017-04-03,8.16,AGI
2017-03-31,8.03,AGI
2017-03-30,8.03,AGI
2017-03-29,8.19,AGI
2017-03-28,8.15,AGI
2017-03-27,8.24,AGI
2017-03-24,8.18,AGI
2017-03-23,8.17,AGI
2017-03-22,8.2,AGI
2017-03-21,8.33,AGI
2017-03-20,8.05,AGI
2017-03-17,8.21,AGI
2017-03-16,7.68,AGI
2017-03-15,7.67,AGI
2017-03-14,6.84,AGI
2017-03-13,7.23,AGI
2017-03-10,7.01,AGI
2017-03-09,6.78,AGI
2017-03-08,6.87,AGI
2017-03-07,6.65,AGI
2017-03-06,6.68,AGI
2017-03-03,7.09,AGI
2017-03-02,6.86,AGI
2017-03-01,7.33,AGI
2017-02-28,7.23,AGI
2017-02-27,7.33,AGI
2017-02-24,8.03,AGI
2017-02-23,8.28,AGI
2017-02-22,8.03,AGI
2017-02-21,7.99,AGI
2017-02-17,8.33,AGI
2017-02-16,8.67,AGI
2017-02-15,8.63,AGI
2017-02-14,8.46,AGI
2017-02-13,8.42,AGI
2017-02-10,8.52,AGI
2017-02-09,8.6,AGI
2017-02-08,8.76,AGI
2017-02-07,8.7,AGI
2017-02-06,8.75,AGI
2017-02-03,8.24,AGI
2017-02-02,8.01,AGI
2017-02-01,7.7,AGI
2017-01-31,7.5,AGI
2017-01-30,7.37,AGI
2017-01-27,7.58,AGI
2017-01-26,7.55,AGI
2017-01-25,8.38,AGI
2017-01-24,8.45,AGI
2017-01-23,8.48,AGI
2017-01-20,8.34,AGI
2017-01-19,8.27,AGI
2017-01-18,8.39,AGI
2017-01-17,8.5,AGI
2017-01-13,8.21,AGI
2017-01-12,8.41,AGI
2017-01-11,8.53,AGI
2017-01-10,8.37,AGI
2017-01-09,8.18,AGI
2017-01-06,7.95,AGI
2017-01-05,8.56,AGI
2017-01-04,7.5,AGI
2017-01-03,7.26,AGI
2016-12-30,6.84,AGI
2016-12-29,7.22,AGI
2016-12-28,6.56,AGI
2016-12-27,6.44,AGI
2016-12-23,6.15,AGI
2016-12-22,6.06,AGI
2016-12-21,6.06,AGI
2016-12-20,6.14,AGI
2016-12-19,6.13,AGI
2016-12-16,6.08,AGI
2016-12-15,6.07,AGI
2016-12-14,6.26,AGI
2016-12-13,6.52,AGI
2016-12-12,6.49,AGI
2016-12-09,6.05,AGI
2016-12-08,6.08,AGI
2016-12-07,6.13,AGI
2016-12-06,6.06,AGI
2016-12-05,6.31,AGI
2016-12-02,6.26,AGI
2016-12-01,6.13,AGI
2026-09-25,5.48,BTG
2026-09-24,5.32,BTG
2026-09-23,5.35,BTG
2026-09-22,5.58,BTG
2026-09-21,5.36,BTG
2026-09-18,5.49,BTG
2026-09-17,5.4,BTG
2026-09-16,5.14,BTG
2026-09-15,5.22,BTG
2026-09-14,5.22,BTG
2026-09-11,5.38,BTG
2026-09-10,5.36,BTG
2026-09-09,5.54,BTG
2026-09-08,5.45,BTG
2026-09-04,5.61,BTG
2026-09-03,5.69,BTG
2026-09-02,5.41,BTG
2026-09-01,5.2,BTG
2026-08-31,5.48,BTG
2026-08-28,5.66,BTG
2026-08-27,5.83,BTG
2026-08-26,5.74,BTG
2026-08-25,5.87,BTG
2026-08-24,5.72,BTG
2026-08-21,5.52,BTG
2026-08-20,5.38,BTG
2026-08-19,5.27,BTG
2026-08-18,4.98,BTG
2026-08-17,5.2,BTG
2026-08-14,5.14,BTG
2026-08-13,5.07,BTG
2026-08-12,5.21,BTG
2026-08-11,5.07,BTG
2026-08-10,5.06,BTG
2026-08-07,5.03,BTG
2026-08-06,4.09,BTG
2026-08-05,4.1,BTG
2026-08-04,3.89,BTG
2026-08-03,3.85,BTG
2026-07-31,3.75,BTG
2026-07-30,3.85,BTG
2026-07-29,3.74,BTG
2026-07-28,3.84,BTG
2026-07-27,3.87,BTG
2026-07-24,3.87,BTG
2026-07-23,3.84,BTG
2026-07-22,3.95,BTG
2026-07-21,3.82,BTG
2026-07-20,3.65,BTG
2026-07-17,3.67,BTG
2026-07-16,3.66,BTG
2026-07-15,3.8,BTG
2026-07-14,3.79,BTG
2026-07-13,3.78,BTG
2026-07-10,3.85,BTG
2026-07-09,3.86,BTG
2026-07-08,3.78,BTG
2026-07-07,3.94,BTG
2026-07-06,4.05,BTG
2026-07-02,4.08,BTG
2026-07-01,3.82,BTG
2026-06-30,3.74,BTG
2026-06-29,3.79,BTG
2026-06-26,3.94,BTG
2026-06-25,3.96,BTG
2026-06-24,3.89,BTG
2026-06-23,4.01,BTG
2026-06-22,4.2,BTG
2026-06-18,4.3,BTG
2026-06-17,4.41,BTG
2026-06-16,4.57,BTG
2026-06-15,4.47,BTG
2026-06-12,4.21,BTG
2026-06-11,4.09,BTG
2026-06-10,3.88,BTG
2026-06-09,4.02,BTG
2026-06-08,4.14,BTG
2026-06-05,4.18,BTG
2026-06-04,4.58,BTG
2026-06-03,4.55,BTG
2026-06-02,4.72,BTG
2026-06-01,4.66,BTG
2026-05-29,4.76,BTG
2026-05-28,4.6,BTG
2026-05-27,4.52,BTG
2026-05-26,4.7,BTG
2026-05-22,4.58,BTG
2026-05-21,4.63,BTG
2026-05-20,4.67,BTG
2026-05-19,4.62,BTG
2026-05-18,4.7,BTG
2026-05-15,4.9,BTG
2026-05-14,5.2,BTG
2026-05-13,5.36,BTG
2026-05-12,5.38,BTG
2026-05-11,5.39,BTG
2026-05-08,5.3,BTG
2026-05-07,4.95,BTG
2026-05-06,4.48,BTG
2026-05-05,4.24,BTG
2026-05-04,4.28,BTG
2026-05-01,4.36,BTG
2026-04-30,4.5,BTG
2026-04-29,4.31,BTG
2026-04-28,4.39,BTG
2026-04-27,4.54,BTG
2026-04-24,4.97,BTG
2026-04-23,4.95,BTG
2026-04-22,4.86,BTG
2026-04-21,4.72,BTG
2026-04-20,4.94,BTG
2026-04-17,5.0,BTG
2026-04-16,4.94,BTG
2026-04-15,4.92,BTG
2026-04-14,4.94,BTG
2026-04-13,4.86,BTG
2026-04-10,4.93,BTG
2026-04-09,4.88,BTG
2026-04-08,4.89,BTG
2026-04-07,4.74,BTG
2026-04-06,4.64,BTG
2026-04-02,4.73,BTG
2026-04-01,4.84,BTG
2026-03-31,4.53,BTG
2026-03-30,4.22,BTG
2026-03-27,4.25,BTG
2026-03-26,4.09,BTG
2026-03-25,4.19,BTG
2026-03-24,4.12,BTG
2026-03-23,4.08,BTG
2026-03-20,3.92,BTG
2026-03-19,4.21,BTG
2026-03-18,4.6,BTG
2026-03-17,4.84,BTG
2026-03-16,4.84,BTG
2026-03-13,4.85,BTG
2026-03-12,5.1,BTG
2026-03-11,5.25,BTG
2026-03-10,5.37,BTG
2026-03-09,5.27,BTG
2026-03-06,5.32,BTG
2026-03-05,5.21,BTG
2026-03-04,5.47,BTG
2026-03-03,5.49,BTG
2026-03-02,6.01,BTG
2026-02-27,6.16,BTG
2026-02-26,6.21,BTG
2026-02-25,6.2,BTG
2026-02-24,6.09,BTG
2026-02-23,5.74,BTG
2026-02-20,5.39,BTG
2026-02-19,5.12,BTG
2026-02-18,5.38,BTG
2026-02-17,5.25,BTG
2026-02-13,5.4,BTG
2026-02-12,5.02,BTG
2026-02-11,5.63,BTG
2026-02-10,5.62,BTG
2026-02-09,5.44,BTG
2026-02-06,5.06,BTG
2026-02-05,4.72,BTG
2026-02-04,5.05,BTG
2026-02-03,5.02,BTG
2026-02-02,4.89,BTG
2026-01-30,4.9,BTG
2026-01-29,5.55,BTG
2026-01-28,5.77,BTG
2026-01-27,5.53,BTG
2026-01-26,5.34,BTG
2026-01-23,5.29,BTG
2026-01-22,5.2,BTG
2026-01-21,4.93,BTG
2026-01-20,4.91,BTG
2026-01-16,4.58,BTG
2026-01-15,4.63,BTG
2026-01-14,4.66,BTG
2026-01-13,4.59,BTG
2026-01-12,4.68,BTG
2026-01-09,4.57,BTG
2026-01-08,4.5,BTG
2026-01-07,4.42,BTG
2026-01-06,4.53,BTG
2026-01-05,4.55,BTG
2026-01-02,4.5,BTG
2025-12-31,4.51,BTG
2025-12-30,4.56,BTG
2025-12-29,4.54,BTG
2025-12-26,4.8,BTG
2025-12-24,4.73,BTG
2025-12-23,4.77,BTG
2025-12-22,4.8,BTG
2025-12-19,4.54,BTG
2025-12-18,4.49,BTG
2025-12-17,4.57,BTG
2025-12-16,4.55,BTG
2025-12-15,4.62,BTG
2025-12-12,4.6,BTG
2025-12-11,4.68,BTG
2025-12-10,4.68,BTG
2025-12-09,4.57,BTG
2025-12-08,4.48,BTG
2025-12-05,4.56,BTG
2025-12-04,4.56,BTG
2025-12-03,4.5,BTG
2025-12-02,4.43,BTG
2025-12-01,4.6,BTG
2025-11-28,4.62,BTG
2025-11-26,4.47,BTG
2025-11-25,4.33,BTG
2025-11-24,4.17,BTG
2025-11-21,3.81,BTG
2025-11-20,3.79,BTG
2025-11-19,3.97,BTG
2025-11-18,3.99,BTG
2025-11-17,3.99,BTG
2025-11-14,4.1,BTG
2025-11-13,4.1,BTG
2025-11-12,4.18,BTG
2025-11-11,4.11,BTG
2025-11-10,4.09,BTG
2025-11-07,3.91,BTG
2025-11-06,3.8,BTG
2025-11-05,4.03,BTG
2025-11-04,4.0,BTG
2025-11-03,4.25,BTG
2025-10-31,4.39,BTG
2025-10-30,4.87,BTG
2025-10-29,4.77,BTG
2025-10-28,4.9,BTG
2025-10-27,4.96,BTG
2025-10-24,5.21,BTG
2025-10-23,5.23,BTG
2025-10-22,5.21,BTG
2025-10-21,5.18,BTG
2025-10-20,5.7,BTG
2025-10-17,5.55,BTG
2025-10-16,5.94,BTG
2025-10-15,5.67,BTG
2025-10-14,5.34,BTG
2025-10-13,5.31,BTG
2025-10-10,5.08,BTG
2025-10-09,5.07,BTG
2025-10-08,5.37,BTG
2025-10-07,5.24,BTG
2025-10-06,5.33,BTG
2025-10-03,5.08,BTG
2025-10-02,5.03,BTG
2025-10-01,5.0,BTG
2025-09-30,4.95,BTG
2025-09-29,4.96,BTG
2025-09-26,4.92,BTG
2025-09-25,4.85,BTG
2025-09-24,4.85,BTG
2025-09-23,4.93,BTG
2025-09-22,4.76,BTG
2025-09-19,4.49,BTG
2025-09-18,4.32,BTG
2025-09-17,4.33,BTG
2025-09-16,4.32,BTG
2025-09-15,4.39,BTG
2025-09-12,4.49,BTG
2025-09-11,4.45,BTG
2025-09-10,4.34,BTG
2025-09-09,4.23,BTG
2025-09-08,4.29,BTG
2025-09-05,4.17,BTG
2025-09-04,4.04,BTG
2025-09-03,4.12,BTG
2025-09-02,4.27,BTG
2025-08-29,4.13,BTG
2025-08-28,4.04,BTG
2025-08-27,4.06,BTG
2025-08-26,4.05,BTG
2025-08-25,3.95,BTG
2025-08-22,3.98,BTG
2025-08-21,3.9,BTG
2025-08-20,3.81,BTG
2025-08-19,3.76,BTG
2025-08-18,3.89,BTG
2025-08-15,3.9,BTG
2025-08-14,3.83,BTG
2025-08-13,3.86,BTG
2025-08-12,3.78,BTG
2025-08-11,3.6,BTG
2025-08-08,3.58,BTG
2025-08-07,3.83,BTG
2025-08-06,3.76,BTG
2025-08-05,3.71,BTG
2025-08-04,3.57,BTG
2025-08-01,3.44,BTG
2025-07-31,3.37,BTG
2025-07-30,3.32,BTG
2025-07-29,3.43,BTG
2025-07-28,3.41,BTG
2025-07-25,3.47,BTG
2025-07-24,3.52,BTG
2025-07-23,3.51,BTG
2025-07-22,3.54,BTG
2025-07-21,3.43,BTG
2025-07-18,3.33,BTG
2025-07-17,3.41,BTG
2025-07-16,3.45,BTG
2025-07-15,3.45,BTG
2025-07-14,3.47,BTG
2025-07-11,3.49,BTG
2025-07-10,3.47,BTG
2025-07-09,3.57,BTG
2025-07-08,3.52,BTG
2025-07-07,3.68,BTG
2025-07-03,3.66,BTG
2025-07-02,3.66,BTG
2025-07-01,3.61,BTG
2025-06-30,3.61,BTG
2025-06-27,3.53,BTG
2025-06-26,3.65,BTG
2025-06-25,3.59,BTG
2025-06-24,3.56,BTG
2025-06-23,3.67,BTG
2025-06-20,3.64,BTG
2025-06-18,3.7,BTG
2025-06-17,3.69,BTG
2025-06-16,3.7,BTG
2025-06-13,3.77,BTG
2025-06-12,3.71,BTG
2025-06-11,3.59,BTG
2025-06-10,3.6,BTG
2025-06-09,3.7,BTG
2025-06-06,3.67,BTG
2025-06-05,3.73,BTG
2025-06-04,3.67,BTG
2025-06-03,3.59,BTG
2025-06-02,3.6,BTG
2025-05-30,3.37,BTG
2025-05-29,3.4,BTG
2025-05-28,3.46,BTG
2025-05-27,3.38,BTG
2025-05-23,3.36,BTG
2025-05-22,3.3,BTG
2025-05-21,3.23,BTG
2025-05-20,3.21,BTG
2025-05-19,3.05,BTG
2025-05-16,2.95,BTG
2025-05-15,2.94,BTG
2025-05-14,2.9,BTG
2025-05-13,2.95,BTG
2025-05-12,2.96,BTG
2025-05-09,3.14,BTG
2025-05-08,3.02,BTG
2025-05-07,3.09,BTG
2025-05-06,3.18,BTG
2025-05-05,3.03,BTG
2025-05-02,2.94,BTG
2025-05-01,2.99,BTG
2025-04-30,3.11,BTG
2025-04-29,3.1,BTG
2025-04-28,3.09,BTG
2025-04-25,3.08,BTG
2025-04-24,3.15,BTG
2025-04-23,3.16,BTG
2025-04-22,3.27,BTG
2025-04-21,3.4,BTG
2025-04-17,3.32,BTG
2025-04-16,3.35,BTG
2025-04-15,3.31,BTG
2025-04-14,3.41,BTG
2025-04-11,3.24,BTG
2025-04-10,3.06,BTG
2025-04-09,2.9,BTG
2025-04-08,2.66,BTG
2025-04-07,2.64,BTG
2025-04-04,2.65,BTG
2025-04-03,2.92,BTG
2025-04-02,2.92,BTG
2025-04-01,2.9,BTG
2025-03-31,2.85,BTG
2025-03-28,2.88,BTG
2025-03-27,3.17,BTG
2025-03-26,3.09,BTG
2025-03-25,3.17,BTG
2025-03-24,3.12,BTG
2025-03-21,3.12,BTG
2025-03-20,3.21,BTG
2025-03-19,3.3,BTG
2025-03-18,3.28,BTG
2025-03-17,3.23,BTG
2025-03-14,2.96,BTG
2025-03-13,2.9,BTG
2025-03-12,2.76,BTG
2025-03-11,2.7,BTG
2025-03-10,2.6,BTG
2025-03-07,2.68,BTG
2025-03-06,2.74,BTG
2025-03-05,2.79,BTG
2025-03-04,2.67,BTG
2025-03-03,2.68,BTG
2025-02-28,2.66,BTG
2025-02-27,2.67,BTG
2025-02-26,2.87,BTG
2025-02-25,2.83,BTG
2025-02-24,2.85,BTG
2025-02-21,2.82,BTG
2025-02-20,2.81,BTG
2025-02-19,2.66,BTG
2025-02-18,2.63,BTG
2025-02-14,2.54,BTG
2025-02-13,2.59,BTG
2025-02-12,2.56,BTG
2025-02-11,2.53,BTG
2025-02-10,2.59,BTG
2025-02-07,2.53,BTG
2025-02-06,2.49,BTG
2025-02-05,2.55,BTG
2025-02-04,2.48,BTG
2025-02-03,2.4,BTG
2025-01-31,2.42,BTG
2025-01-30,2.44,BTG
2025-01-29,2.36,BTG
2025-01-28,2.37,BTG
2025-01-27,2.3,BTG
2025-01-24,2.4,BTG
2025-01-23,2.35,BTG
2025-01-22,2.41,BTG
2025-01-21,2.42,BTG
2025-01-17,2.39,BTG
2025-01-16,2.38,BTG
2025-01-15,2.44,BTG
2025-01-14,2.51,BTG
2025-01-13,2.49,BTG
2025-01-10,2.59,BTG
2025-01-08,2.61,BTG
2025-01-07,2.57,BTG
2025-01-06,2.52,BTG
2025-01-03,2.57,BTG
2025-01-02,2.59,BTG
2024-12-31,2.44,BTG
2024-12-30,2.42,BTG
2024-12-27,2.47,BTG
2024-12-26,2.5,BTG
2024-12-24,2.49,BTG
2024-12-23,2.49,BTG
2024-12-20,2.48,BTG
2024-12-19,2.44,BTG
2024-12-18,2.49,BTG
2024-12-17,2.57,BTG
2024-12-16,2.59,BTG
2024-12-13,2.62,BTG
2024-12-12,2.7,BTG
2024-12-11,2.82,BTG
2024-12-10,2.72,BTG
2024-12-09,2.68,BTG
2024-12-06,2.61,BTG
2024-12-05,2.7,BTG
2024-12-04,2.78,BTG
2024-12-03,2.8,BTG
2024-12-02,2.76,BTG
2024-11-29,2.88,BTG
2024-11-27,2.89,BTG
2024-11-26,2.83,BTG
2024-11-25,2.85,BTG
2024-11-22,2.92,BTG
2024-11-21,2.86,BTG
2024-11-20,2.82,BTG
2024-11-19,2.8,BTG
2024-11-18,2.81,BTG
2024-11-15,2.68,BTG
2024-11-14,2.7,BTG
2024-11-13,2.68,BTG
2024-11-12,2.74,BTG
2024-11-11,2.81,BTG
2024-11-08,2.95,BTG
2024-11-07,3.05,BTG
2024-11-06,3.18,BTG
2024-11-05,3.28,BTG
2024-11-04,3.28,BTG
2024-11-01,3.29,BTG
2024-10-31,3.32,BTG
2024-10-30,3.43,BTG
2024-10-29,3.43,BTG
2024-10-28,3.34,BTG
2024-10-25,3.36,BTG
2024-10-24,3.43,BTG
2024-10-23,3.41,BTG
2024-10-22,3.47,BTG
2024-10-21,3.41,BTG
2024-10-18,3.46,BTG
2024-10-17,3.33,BTG
2024-10-16,3.3,BTG
2024-10-15,3.25,BTG
2024-10-14,3.21,BTG
2024-10-11,3.21,BTG
2024-10-10,3.12,BTG
2024-10-09,3.01,BTG
2024-10-08,3.02,BTG
2024-10-07,3.1,BTG
2024-10-04,3.13,BTG
2024-10-03,3.11,BTG
2024-10-02,3.09,BTG
2024-10-01,3.14,BTG
2024-09-30,3.08,BTG
2024-09-27,3.2,BTG
2024-09-26,3.33,BTG
2024-09-25,3.25,BTG
2024-09-24,3.31,BTG
2024-09-23,3.24,BTG
2024-09-20,3.38,BTG
2024-09-19,3.31,BTG
2024-09-18,3.26,BTG
2024-09-17,3.29,BTG
2024-09-16,3.34,BTG
2024-09-13,3.16,BTG
2024-09-12,3.1,BTG
2024-09-11,2.74,BTG
2024-09-10,2.75,BTG
2024-09-09,2.7,BTG
2024-09-06,2.65,BTG
2024-09-05,2.69,BTG
2024-09-04,2.65,BTG
2024-09-03,2.68,BTG
2024-08-30,2.8,BTG
2024-08-29,2.83,BTG
2024-08-28,2.78,BTG
2024-08-27,2.83,BTG
2024-08-26,2.87,BTG
2024-08-23,2.87,BTG
2024-08-22,2.81,BTG
2024-08-21,2.89,BTG
2024-08-20,2.84,BTG
2024-08-19,2.75,BTG
2024-08-16,2.69,BTG
2024-08-15,2.59,BTG
2024-08-14,2.63,BTG
2024-08-13,2.61,BTG
2024-08-12,2.57,BTG
2024-08-09,2.47,BTG
2024-08-08,2.76,BTG
2024-08-07,2.74,BTG
2024-08-06,2.82,BTG
2024-08-05,2.75,BTG
2024-08-02,2.85,BTG
2024-08-01,2.95,BTG
2024-07-31,3.0,BTG
2024-07-30,2.96,BTG
2024-07-29,2.92,BTG
2024-07-26,2.91,BTG
2024-07-25,2.88,BTG
2024-07-24,2.94,BTG
2024-07-23,2.97,BTG
2024-07-22,2.99,BTG
2024-07-19,2.93,BTG
2024-07-18,2.98,BTG
2024-07-17,3.06,BTG
2024-07-16,3.14,BTG
2024-07-15,3.03,BTG
2024-07-12,3.04,BTG
2024-07-11,2.98,BTG
2024-07-10,2.84,BTG
2024-07-09,2.79,BTG
2024-07-08,2.77,BTG
2024-07-05,2.8,BTG
2024-07-03,2.78,BTG
2024-07-02,2.7,BTG
2024-07-01,2.69,BTG
2024-06-28,2.7,BTG
2024-06-27,2.71,BTG
2024-06-26,2.63,BTG
2024-06-25,2.58,BTG
2024-06-24,2.65,BTG
2024-06-21,2.65,BTG
2024-06-20,2.66,BTG
2024-06-18,2.57,BTG
2024-06-17,2.54,BTG
2024-06-14,2.61,BTG
2024-06-13,2.58,BTG
2024-06-12,2.62,BTG
2024-06-11,2.61,BTG
2024-06-10,2.67,BTG
2024-06-07,2.59,BTG
2024-06-06,2.78,BTG
2024-06-05,2.73,BTG
2024-06-04,2.7,BTG
2024-06-03,2.83,BTG
2024-05-31,2.8,BTG
2024-05-30,2.85,BTG
2024-05-29,2.78,BTG
2024-05-28,2.84,BTG
2024-05-24,2.76,BTG
2024-05-23,2.74,BTG
2024-05-22,2.82,BTG
2024-05-21,2.88,BTG
2024-05-20,2.96,BTG
2024-05-17,2.9,BTG
2024-05-16,2.81,BTG
2024-05-15,2.82,BTG
2024-05-14,2.8,BTG
2024-05-13,2.75,BTG
2024-05-10,2.77,BTG
2024-05-09,2.77,BTG
2024-05-08,2.62,BTG
2024-05-07,2.54,BTG
2024-05-06,2.54,BTG
2024-05-03,2.48,BTG
2024-05-02,2.52,BTG
2024-05-01,2.54,BTG
2024-04-30,2.55,BTG
2024-04-29,2.63,BTG
2024-04-26,2.62,BTG
2024-04-25,2.58,BTG
2024-04-24,2.53,BTG
2024-04-23,2.56,BTG
2024-04-22,2.51,BTG
2024-04-19,2.6,BTG
2024-04-18,2.61,BTG
2024-04-17,2.66,BTG
2024-04-16,2.64,BTG
2024-04-15,2.71,BTG
2024-04-12,2.89,BTG
2024-04-11,2.9,BTG
2024-04-10,2.84,BTG
2024-04-09,2.92,BTG
2024-04-08,2.86,BTG
2024-04-05,2.86,BTG
2024-04-04,2.74,BTG
2024-04-03,2.82,BTG
2024-04-02,2.7,BTG
2024-04-01,2.64,BTG
2024-03-28,2.61,BTG
2024-03-27,2.54,BTG
2024-03-26,2.51,BTG
2024-03-25,2.55,BTG
2024-03-22,2.49,BTG
2024-03-21,2.51,BTG
2024-03-20,2.57,BTG
2024-03-19,2.49,BTG
2024-03-18,2.57,BTG
2024-03-15,2.62,BTG
2024-03-14,2.56,BTG
2024-03-13,2.66,BTG
2024-03-12,2.57,BTG
2024-03-11,2.68,BTG
2024-03-08,2.63,BTG
2024-03-07,2.67,BTG
2024-03-06,2.68,BTG
2024-03-05,2.64,BTG
2024-03-04,2.65,BTG
2024-03-01,2.56,BTG
2024-02-29,2.4,BTG
2024-02-28,2.34,BTG
2024-02-27,2.4,BTG
2024-02-26,2.43,BTG
2024-02-23,2.49,BTG
2024-02-22,2.45,BTG
2024-02-21,2.52,BTG
2024-02-20,2.52,BTG
2024-02-16,2.52,BTG
2024-02-15,2.54,BTG
2024-02-14,2.45,BTG
2024-02-13,2.49,BTG
2024-02-12,2.64,BTG
2024-02-09,2.63,BTG
2024-02-08,2.66,BTG
2024-02-07,2.69,BTG
2024-02-06,2.69,BTG
2024-02-05,2.72,BTG
2024-02-02,2.77,BTG
2024-02-01,2.84,BTG
2024-01-31,2.8,BTG
2024-01-30,2.82,BTG
2024-01-29,2.78,BTG
2024-01-26,2.76,BTG
2024-01-25,2.73,BTG
2024-01-24,2.67,BTG
2024-01-23,2.97,BTG
2024-01-22,2.87,BTG
2024-01-19,2.9,BTG
2024-01-18,2.9,BTG
2024-01-17,2.95,BTG
2024-01-16,2.99,BTG
2024-01-12,3.11,BTG
2024-01-11,3.02,BTG
2024-01-10,3.07,BTG
2024-01-09,3.07,BTG
2024-01-08,3.09,BTG
2024-01-05,3.04,BTG
2024-01-04,3.07,BTG
2024-01-03,3.06,BTG
2024-01-02,3.12,BTG
2023-12-29,3.16,BTG
2023-12-28,3.19,BTG
2023-12-27,3.26,BTG
2023-12-26,3.24,BTG
2023-12-22,3.26,BTG
2023-12-21,3.21,BTG
2023-12-20,3.19,BTG
2023-12-19,3.28,BTG
2023-12-18,3.2,BTG
2023-12-15,3.15,BTG
2023-12-14,3.21,BTG
2023-12-13,3.18,BTG
2023-12-12,2.99,BTG
2023-12-11,3.06,BTG
2023-12-08,3.11,BTG
2023-12-07,3.15,BTG
2023-12-06,3.19,BTG
2023-12-05,3.2,BTG
2023-12-04,3.27,BTG
2023-12-01,3.41,BTG
2023-11-30,3.38,BTG
2023-11-29,3.36,BTG
2023-11-28,3.32,BTG
2023-11-27,3.12,BTG
2023-11-24,3.06,BTG
2023-11-22,3.04,BTG
2023-11-21,2.99,BTG
2023-11-20,2.95,BTG
2023-11-17,3.03,BTG
2023-11-16,3.04,BTG
2023-11-15,2.99,BTG
2023-11-14,3.05,BTG
2023-11-13,2.96,BTG
2023-11-10,3.01,BTG
2023-11-09,3.04,BTG
2023-11-08,3.1,BTG
2023-11-07,3.25,BTG
2023-11-06,3.33,BTG
2023-11-03,3.35,BTG
2023-11-02,3.21,BTG
2023-11-01,3.2,BTG
2023-10-31,3.23,BTG
2023-10-30,3.24,BTG
2023-10-27,3.25,BTG
2023-10-26,3.14,BTG
2023-10-25,3.22,BTG
2023-10-24,3.29,BTG
2023-10-23,3.32,BTG
2023-10-20,3.34,BTG
2023-10-19,3.4,BTG
2023-10-18,3.35,BTG
2023-10-17,3.29,BTG
2023-10-16,3.2,BTG
2023-10-13,3.2,BTG
2023-10-12,3.09,BTG
2023-10-11,3.13,BTG
2023-10-10,3.06,BTG
2023-10-09,3.02,BTG
2023-10-06,2.93,BTG
2023-10-05,2.87,BTG
2023-10-04,2.83,BTG
2023-10-03,2.84,BTG
2023-10-02,2.8,BTG
2023-09-29,2.89,BTG
2023-09-28,2.87,BTG
2023-09-27,2.88,BTG
2023-09-26,2.96,BTG
2023-09-25,3.05,BTG
2023-09-22,3.1,BTG
2023-09-21,3.11,BTG
2023-09-20,3.15,BTG
2023-09-19,3.18,BTG
2023-09-18,3.19,BTG
2023-09-15,3.25,BTG
2023-09-14,3.13,BTG
2023-09-13,3.08,BTG
2023-09-12,3.08,BTG
2023-09-11,3.13,BTG
2023-09-08,3.03,BTG
2023-09-07,3.01,BTG
2023-09-06,3.04,BTG
2023-09-05,3.01,BTG
2023-09-01,3.1,BTG
2023-08-31,3.09,BTG
2023-08-30,3.14,BTG
2023-08-29,3.12,BTG
2023-08-28,3.09,BTG
2023-08-25,3.04,BTG
2023-08-24,3.11,BTG
2023-08-23,3.13,BTG
2023-08-22,3.03,BTG
2023-08-21,3.07,BTG
2023-08-18,3.01,BTG
2023-08-17,3.03,BTG
2023-08-16,3.02,BTG
2023-08-15,3.04,BTG
2023-08-14,3.06,BTG
2023-08-11,3.13,BTG
2023-08-10,3.06,BTG
2023-08-09,3.05,BTG
2023-08-08,3.12,BTG
2023-08-07,3.14,BTG
2023-08-04,3.19,BTG
2023-08-03,3.22,BTG
2023-08-02,3.3,BTG
2023-08-01,3.39,BTG
2023-07-31,3.49,BTG
2023-07-28,3.44,BTG
2023-07-27,3.47,BTG
2023-07-26,3.63,BTG
2023-07-25,3.66,BTG
2023-07-24,3.59,BTG
2023-07-21,3.61,BTG
2023-07-20,3.63,BTG
2023-07-19,3.75,BTG
2023-07-18,3.79,BTG
2023-07-17,3.64,BTG
2023-07-14,3.63,BTG
2023-07-13,3.79,BTG
2023-07-12,3.79,BTG
2023-07-11,3.6,BTG
2023-07-10,3.58,BTG
2023-07-07,3.49,BTG
2023-07-06,3.45,BTG
2023-07-05,3.52,BTG
2023-07-03,3.64,BTG
2023-06-30,3.57,BTG
2023-06-29,3.5,BTG
2023-06-28,3.44,BTG
2023-06-27,3.5,BTG
2023-06-26,3.56,BTG
2023-06-23,3.57,BTG
2023-06-22,3.48,BTG
2023-06-21,3.53,BTG
2023-06-20,3.52,BTG
2023-06-16,3.66,BTG
2023-06-15,3.57,BTG
2023-06-14,3.66,BTG
2023-06-13,3.7,BTG
2023-06-12,3.81,BTG
2023-06-09,3.82,BTG
2023-06-08,3.84,BTG
2023-06-07,3.76,BTG
2023-06-06,3.83,BTG
2023-06-05,3.82,BTG
2023-06-02,3.78,BTG
2023-06-01,3.77,BTG
2023-05-31,3.68,BTG
2023-05-30,3.67,BTG
2023-05-26,3.76,BTG
2023-05-25,3.71,BTG
2023-05-24,3.83,BTG
2023-05-23,3.9,BTG
2023-05-22,3.88,BTG
2023-05-19,3.89,BTG
2023-05-18,3.93,BTG
2023-05-17,4.0,BTG
2023-05-16,4.05,BTG
2023-05-15,4.17,BTG
2023-05-12,4.11,BTG
2023-05-11,4.11,BTG
2023-05-10,4.24,BTG
2023-05-09,4.17,BTG
2023-05-08,4.08,BTG
2023-05-05,4.12,BTG
2023-05-04,4.14,BTG
2023-05-03,4.01,BTG
2023-05-02,4.06,BTG
2023-05-01,3.93,BTG
2023-04-28,3.94,BTG
2023-04-27,4.01,BTG
2023-04-26,3.98,BTG
2023-04-25,4.02,BTG
2023-04-24,4.13,BTG
2023-04-21,4.1,BTG
2023-04-20,4.12,BTG
2023-04-19,4.06,BTG
2023-04-18,4.15,BTG
2023-04-17,4.21,BTG
2023-04-14,4.29,BTG
2023-04-13,4.35,BTG
2023-04-12,4.25,BTG
2023-04-11,4.24,BTG
2023-04-10,4.17,BTG
2023-04-06,4.18,BTG
2023-04-05,4.17,BTG
2023-04-04,4.17,BTG
2023-04-03,4.01,BTG
2023-03-31,3.94,BTG
2023-03-30,4.01,BTG
2023-03-29,3.97,BTG
2023-03-28,4.01,BTG
2023-03-27,3.89,BTG
2023-03-24,3.79,BTG
2023-03-23,3.75,BTG
2023-03-22,3.61,BTG
2023-03-21,3.59,BTG
2023-03-20,3.73,BTG
2023-03-17,3.66,BTG
2023-03-16,3.54,BTG
2023-03-15,3.5,BTG
2023-03-14,3.53,BTG
2023-03-13,3.5,BTG
2023-03-10,3.34,BTG
2023-03-09,3.27,BTG
2023-03-08,3.3,BTG
2023-03-07,3.32,BTG
2023-03-06,3.49,BTG
2023-03-03,3.58,BTG
2023-03-02,3.58,BTG
2023-03-01,3.6,BTG
2023-02-28,3.39,BTG
2023-02-27,3.39,BTG
2023-02-24,3.32,BTG
2023-02-23,3.24,BTG
2023-02-22,3.26,BTG
2023-02-21,3.27,BTG
2023-02-17,3.32,BTG
2023-02-16,3.35,BTG
2023-02-15,3.39,BTG
2023-02-14,3.43,BTG
2023-02-13,3.44,BTG
2023-02-10,3.62,BTG
2023-02-09,3.63,BTG
2023-02-08,3.8,BTG
2023-02-07,3.79,BTG
2023-02-06,3.75,BTG
2023-02-03,3.79,BTG
2023-02-02,3.9,BTG
2023-02-01,4.07,BTG
2023-01-31,3.97,BTG
2023-01-30,3.94,BTG
2023-01-27,4.03,BTG
2023-01-26,4.1,BTG
2023-01-25,4.19,BTG
2023-01-24,4.14,BTG
2023-01-23,4.1,BTG
2023-01-20,4.16,BTG
2023-01-19,4.13,BTG
2023-01-18,4.05,BTG
2023-01-17,4.01,BTG
2023-01-13,4.18,BTG
2023-01-12,4.03,BTG
2023-01-11,3.92,BTG
2023-01-10,3.92,BTG
2023-01-09,3.84,BTG
2023-01-06,3.92,BTG
2023-01-05,3.85,BTG
2023-01-04,3.87,BTG
2023-01-03,3.68,BTG
2022-12-30,3.57,BTG
2022-12-29,3.6,BTG
2022-12-28,3.55,BTG
2022-12-27,3.69,BTG
2022-12-23,3.69,BTG
2022-12-22,3.55,BTG
2022-12-21,3.57,BTG
2022-12-20,3.51,BTG
2022-12-19,3.37,BTG
2022-12-16,3.4,BTG
2022-12-15,3.38,BTG
2022-12-14,3.56,BTG
2022-12-13,3.58,BTG
2022-12-12,3.35,BTG
2022-12-09,3.36,BTG
2022-12-08,3.36,BTG
2022-12-07,3.35,BTG
2022-12-06,3.32,BTG
2022-12-05,3.44,BTG
2022-12-02,3.57,BTG
2022-12-01,3.56,BTG
2022-11-30,3.48,BTG
2022-11-29,3.46,BTG
2022-11-28,3.35,BTG
2022-11-25,3.51,BTG
2022-11-23,3.55,BTG
2022-11-22,3.48,BTG
2022-11-21,3.33,BTG
2022-11-18,3.39,BTG
2022-11-17,3.35,BTG
2022-11-16,3.42,BTG
2022-11-15,3.45,BTG
2022-11-14,3.51,BTG
2022-11-11,3.58,BTG
2022-11-10,3.53,BTG
2022-11-09,3.28,BTG
2022-11-08,3.36,BTG
2022-11-07,3.18,BTG
2022-11-04,3.16,BTG
2022-11-03,2.89,BTG
2022-11-02,2.93,BTG
2022-11-01,3.15,BTG
2022-10-31,3.07,BTG
2022-10-28,3.09,BTG
2022-10-27,3.14,BTG
2022-10-26,3.2,BTG
2022-10-25,3.15,BTG
2022-10-24,3.16,BTG
2022-10-21,3.14,BTG
2022-10-20,2.95,BTG
2022-10-19,2.92,BTG
2022-10-18,3.01,BTG
2022-10-17,2.96,BTG
2022-10-14,2.92,BTG
2022-10-13,3.05,BTG
2022-10-12,3.1,BTG
2022-10-11,3.08,BTG
2022-10-10,3.14,BTG
2022-10-07,3.19,BTG
2022-10-06,3.38,BTG
2022-10-05,3.45,BTG
2022-10-04,3.45,BTG
2022-10-03,3.38,BTG
2022-09-30,3.22,BTG
2022-09-29,3.09,BTG
2022-09-28,3.04,BTG
2022-09-27,2.88,BTG
2022-09-26,2.85,BTG
2022-09-23,2.98,BTG
2022-09-22,3.12,BTG
2022-09-21,3.15,BTG
2022-09-20,3.22,BTG
2022-09-19,3.37,BTG
2022-09-16,3.3,BTG
2022-09-15,3.29,BTG
2022-09-14,3.4,BTG
2022-09-13,3.4,BTG
2022-09-12,3.56,BTG
2022-09-09,3.49,BTG
2022-09-08,3.43,BTG
2022-09-07,3.34,BTG
2022-09-06,3.12,BTG
2022-09-02,3.12,BTG
2022-09-01,2.93,BTG
2022-08-31,3.05,BTG
2022-08-30,3.11,BTG
2022-08-29,3.2,BTG
2022-08-26,3.25,BTG
2022-08-25,3.39,BTG
2022-08-24,3.39,BTG
2022-08-23,3.33,BTG
2022-08-22,3.25,BTG
2022-08-19,3.28,BTG
2022-08-18,3.34,BTG
2022-08-17,3.32,BTG
2022-08-16,3.44,BTG
2022-08-15,3.44,BTG
2022-08-12,3.53,BTG
2022-08-11,3.47,BTG
2022-08-10,3.54,BTG
2022-08-09,3.52,BTG
2022-08-08,3.5,BTG
2022-08-05,3.45,BTG
2022-08-04,3.42,BTG
2022-08-03,3.42,BTG
2022-08-02,3.43,BTG
2022-08-01,3.49,BTG
2022-07-29,3.49,BTG
2022-07-28,3.46,BTG
2022-07-27,3.36,BTG
2022-07-26,3.31,BTG
2022-07-25,3.23,BTG
2022-07-22,3.25,BTG
2022-07-21,3.27,BTG
2022-07-20,3.19,BTG
2022-07-19,3.24,BTG
2022-07-18,3.19,BTG
2022-07-15,3.18,BTG
2022-07-14,3.19,BTG
2022-07-13,3.33,BTG
2022-07-12,3.21,BTG
2022-07-11,3.29,BTG
2022-07-08,3.33,BTG
2022-07-07,3.4,BTG
2022-07-06,3.34,BTG
2022-07-05,3.25,BTG
2022-07-01,3.5,BTG
2022-06-30,3.39,BTG
2022-06-29,3.51,BTG
2022-06-28,3.55,BTG
2022-06-27,3.66,BTG
2022-06-24,3.61,BTG
2022-06-23,3.5,BTG
2022-06-22,3.64,BTG
2022-06-21,3.69,BTG
2022-06-17,3.64,BTG
2022-06-16,3.72,BTG
2022-06-15,3.75,BTG
2022-06-14,3.75,BTG
2022-06-13,3.83,BTG
2022-06-10,4.14,BTG
2022-06-09,3.95,BTG
2022-06-08,4.15,BTG
2022-06-07,4.12,BTG
2022-06-06,4.13,BTG
2022-06-03,4.14,BTG
2022-06-02,4.29,BTG
2022-06-01,4.02,BTG
2022-05-31,3.95,BTG
2022-05-27,4.06,BTG
2022-05-26,4.09,BTG
2022-05-25,4.15,BTG
2022-05-24,4.22,BTG
2022-05-23,4.17,BTG
2022-05-20,4.12,BTG
2022-05-19,4.17,BTG
2022-05-18,3.94,BTG
2022-05-17,4.04,BTG
2022-05-16,4.05,BTG
2022-05-13,3.98,BTG
2022-05-12,3.81,BTG
2022-05-11,4.1,BTG
2022-05-10,3.98,BTG
2022-05-09,4.03,BTG
2022-05-06,4.31,BTG
2022-05-05,4.34,BTG
2022-05-04,4.48,BTG
2022-05-03,4.31,BTG
2022-05-02,4.21,BTG
2022-04-29,4.25,BTG
2022-04-28,4.31,BTG
2022-04-27,4.15,BTG
2022-04-26,4.17,BTG
2022-04-25,4.28,BTG
2022-04-22,4.49,BTG
2022-04-21,4.68,BTG
2022-04-20,4.95,BTG
2022-04-19,4.82,BTG
2022-04-18,4.94,BTG
2022-04-14,4.97,BTG
2022-04-13,4.92,BTG
2022-04-12,4.76,BTG
2022-04-11,4.71,BTG
2022-04-08,4.65,BTG
2022-04-07,4.61,BTG
2022-04-06,4.55,BTG
2022-04-05,4.58,BTG
2022-04-04,4.72,BTG
2022-04-01,4.73,BTG
2022-03-31,4.59,BTG
2022-03-30,4.63,BTG
2022-03-29,4.58,BTG
2022-03-28,4.53,BTG
2022-03-25,4.68,BTG
2022-03-24,4.61,BTG
2022-03-23,4.62,BTG
2022-03-22,4.46,BTG
2022-03-21,4.51,BTG
2022-03-18,4.43,BTG
2022-03-17,4.45,BTG
2022-03-16,4.3,BTG
2022-03-15,4.33,BTG
2022-03-14,4.3,BTG
2022-03-11,4.55,BTG
2022-03-10,4.59,BTG
2022-03-09,4.48,BTG
2022-03-08,4.48,BTG
2022-03-07,4.45,BTG
2022-03-04,4.35,BTG
2022-03-03,4.22,BTG
2022-03-02,4.13,BTG
2022-03-01,4.19,BTG
2022-02-28,4.03,BTG
2022-02-25,4.08,BTG
2022-02-24,4.02,BTG
2022-02-23,4.17,BTG
2022-02-22,4.04,BTG
2022-02-18,4.11,BTG
2022-02-17,4.19,BTG
2022-02-16,4.07,BTG
2022-02-15,3.94,BTG
2022-02-14,4.04,BTG
2022-02-11,3.93,BTG
2022-02-10,3.71,BTG
2022-02-09,3.79,BTG
2022-02-08,3.78,BTG
2022-02-07,3.7,BTG
2022-02-04,3.57,BTG
2022-02-03,3.54,BTG
2022-02-02,3.62,BTG
2022-02-01,3.67,BTG
2022-01-31,3.62,BTG
2022-01-28,3.47,BTG
2022-01-27,3.49,BTG
2022-01-26,3.52,BTG
2022-01-25,3.63,BTG
2022-01-24,3.56,BTG
2022-01-21,3.54,BTG
2022-01-20,3.69,BTG
2022-01-19,3.78,BTG
2022-01-18,3.57,BTG
2022-01-14,3.57,BTG
2022-01-13,3.62,BTG
2022-01-12,3.7,BTG
2022-01-11,3.57,BTG
2022-01-10,3.6,BTG
2022-01-07,3.64,BTG
2022-01-06,3.65,BTG
2022-01-05,3.78,BTG
2022-01-04,3.83,BTG
2022-01-03,3.84,BTG
2021-12-31,3.93,BTG
2021-12-30,3.9,BTG
2021-12-29,3.81,BTG
2021-12-28,3.85,BTG
2021-12-27,3.85,BTG
2021-12-23,3.85,BTG
2021-12-22,3.78,BTG
2021-12-21,3.75,BTG
2021-12-20,3.75,BTG
2021-12-17,3.69,BTG
2021-12-16,3.8,BTG
2021-12-15,3.57,BTG
2021-12-14,3.59,BTG
2021-12-13,3.66,BTG
2021-12-10,3.72,BTG
2021-12-09,3.73,BTG
2021-12-08,3.88,BTG
2021-12-07,3.81,BTG
2021-12-06,3.77,BTG
2021-12-03,3.71,BTG
2021-12-02,3.73,BTG
2021-12-01,3.79,BTG
2021-11-30,3.94,BTG
2021-11-29,4.02,BTG
2021-11-26,4.06,BTG
2021-11-24,4.19,BTG
2021-11-23,4.19,BTG
2021-11-22,4.29,BTG
2021-11-19,4.41,BTG
2021-11-18,4.48,BTG
2021-11-17,4.58,BTG
2021-11-16,4.45,BTG
2021-11-15,4.5,BTG
2021-11-12,4.52,BTG
2021-11-11,4.67,BTG
2021-11-10,4.51,BTG
2021-11-09,4.39,BTG
2021-11-08,4.37,BTG
2021-11-05,4.37,BTG
2021-11-04,4.23,BTG
2021-11-03,4.23,BTG
2021-11-02,4.14,BTG
2021-11-01,4.2,BTG
2021-10-29,4.14,BTG
2021-10-28,4.33,BTG
2021-10-27,4.44,BTG
2021-10-26,4.49,BTG
2021-10-25,4.44,BTG
2021-10-22,4.34,BTG
2021-10-21,4.25,BTG
2021-10-20,4.23,BTG
2021-10-19,4.14,BTG
2021-10-18,3.93,BTG
2021-10-15,3.95,BTG
2021-10-14,3.99,BTG
2021-10-13,3.9,BTG
2021-10-12,3.66,BTG
2021-10-11,3.6,BTG
2021-10-08,3.65,BTG
2021-10-07,3.65,BTG
2021-10-06,3.62,BTG
2021-10-05,3.5,BTG
2021-10-04,3.5,BTG
2021-10-01,3.39,BTG
2021-09-30,3.42,BTG
2021-09-29,3.3,BTG
2021-09-28,3.44,BTG
2021-09-27,3.46,BTG
2021-09-24,3.45,BTG
2021-09-23,3.46,BTG
2021-09-22,3.57,BTG
2021-09-21,3.59,BTG
2021-09-20,3.62,BTG
2021-09-17,3.65,BTG
2021-09-16,3.67,BTG
2021-09-15,3.84,BTG
2021-09-14,3.83,BTG
2021-09-13,3.79,BTG
2021-09-10,3.66,BTG
2021-09-09,3.74,BTG
2021-09-08,3.81,BTG
2021-09-07,3.83,BTG
2021-09-03,3.99,BTG
2021-09-02,3.84,BTG
2021-09-01,3.85,BTG
2021-08-31,3.89,BTG
2021-08-30,3.81,BTG
2021-08-27,3.9,BTG
2021-08-26,3.76,BTG
2021-08-25,3.76,BTG
2021-08-24,3.88,BTG
2021-08-23,3.87,BTG
2021-08-20,3.67,BTG
2021-08-19,3.69,BTG
2021-08-18,3.81,BTG
2021-08-17,3.85,BTG
2021-08-16,3.9,BTG
2021-08-13,3.92,BTG
2021-08-12,3.84,BTG
2021-08-11,3.89,BTG
2021-08-10,3.73,BTG
2021-08-09,3.78,BTG
2021-08-06,3.87,BTG
2021-08-05,3.92,BTG
2021-08-04,4.07,BTG
2021-08-03,4.17,BTG
2021-08-02,4.16,BTG
2021-07-30,4.19,BTG
2021-07-29,4.2,BTG
2021-07-28,4.09,BTG
2021-07-27,4.0,BTG
2021-07-26,4.04,BTG
2021-07-23,3.94,BTG
2021-07-22,4.0,BTG
2021-07-21,4.04,BTG
2021-07-20,3.93,BTG
2021-07-19,3.9,BTG
2021-07-16,3.96,BTG
2021-07-15,4.24,BTG
2021-07-14,4.07,BTG
2021-07-13,4.0,BTG
2021-07-12,3.95,BTG
2021-07-09,4.08,BTG
2021-07-08,3.98,BTG
2021-07-07,4.14,BTG
2021-07-06,4.23,BTG
2021-07-02,4.21,BTG
2021-07-01,4.18,BTG
2021-06-30,4.21,BTG
2021-06-29,4.19,BTG
2021-06-28,4.2,BTG
2021-06-25,4.22,BTG
2021-06-24,4.36,BTG
2021-06-23,4.35,BTG
2021-06-22,4.43,BTG
2021-06-21,4.47,BTG
2021-06-18,4.37,BTG
2021-06-17,4.52,BTG
2021-06-16,4.84,BTG
2021-06-15,4.87,BTG
2021-06-14,4.91,BTG
2021-06-11,4.93,BTG
2021-06-10,4.99,BTG
2021-06-09,4.88,BTG
2021-06-08,4.92,BTG
2021-06-07,5.0,BTG
2021-06-04,5.03,BTG
2021-06-03,4.94,BTG
2021-06-02,5.13,BTG
2021-06-01,5.14,BTG
2021-05-28,5.1,BTG
2021-05-27,5.07,BTG
2021-05-26,5.11,BTG
2021-05-25,5.11,BTG
2021-05-24,5.35,BTG
2021-05-21,5.35,BTG
2021-05-20,5.26,BTG
2021-05-19,5.19,BTG
2021-05-18,5.3,BTG
2021-05-17,5.31,BTG
2021-05-14,5.1,BTG
2021-05-13,4.97,BTG
2021-05-12,5.03,BTG
2021-05-11,5.15,BTG
2021-05-10,5.05,BTG
2021-05-07,5.19,BTG
2021-05-06,5.13,BTG
2021-05-05,4.95,BTG
2021-05-04,4.95,BTG
2021-05-03,5.06,BTG
2021-04-30,4.8,BTG
2021-04-29,4.92,BTG
2021-04-28,5.01,BTG
2021-04-27,4.98,BTG
2021-04-26,5.07,BTG
2021-04-23,5.07,BTG
2021-04-22,5.13,BTG
2021-04-21,5.26,BTG
2021-04-20,5.12,BTG
2021-04-19,4.96,BTG
2021-04-16,5.11,BTG
2021-04-15,4.98,BTG
2021-04-14,4.68,BTG
2021-04-13,4.79,BTG
2021-04-12,4.68,BTG
2021-04-09,4.71,BTG
2021-04-08,4.69,BTG
2021-04-07,4.52,BTG
2021-04-06,4.56,BTG
2021-04-05,4.47,BTG
2021-04-01,4.5,BTG
2021-03-31,4.31,BTG
2021-03-30,4.22,BTG
2021-03-29,4.54,BTG
2021-03-26,4.56,BTG
2021-03-25,4.49,BTG
2021-03-24,4.5,BTG
2021-03-23,4.57,BTG
2021-03-22,4.68,BTG
2021-03-19,4.68,BTG
2021-03-18,4.61,BTG
2021-03-17,4.82,BTG
2021-03-16,4.57,BTG
2021-03-15,4.62,BTG
2021-03-12,4.51,BTG
2021-03-11,4.56,BTG
2021-03-10,4.49,BTG
2021-03-09,4.51,BTG
2021-03-08,4.4,BTG
2021-03-05,4.51,BTG
2021-03-04,4.53,BTG
2021-03-03,4.39,BTG
2021-03-02,4.54,BTG
2021-03-01,4.37,BTG
2021-02-26,4.37,BTG
2021-02-25,4.62,BTG
2021-02-24,4.89,BTG
2021-02-23,4.83,BTG
2021-02-22,5.07,BTG
2021-02-19,4.76,BTG
2021-02-18,4.78,BTG
2021-02-17,4.84,BTG
2021-02-16,4.96,BTG
2021-02-12,5.04,BTG
2021-02-11,4.97,BTG
2021-02-10,5.05,BTG
2021-02-09,5.05,BTG
2021-02-08,5.12,BTG
2021-02-05,5.04,BTG
2021-02-04,4.98,BTG
2021-02-03,5.09,BTG
2021-02-02,4.96,BTG
2021-02-01,4.99,BTG
2021-01-29,4.95,BTG
2021-01-28,4.96,BTG
2021-01-27,4.91,BTG
2021-01-26,5.08,BTG
2021-01-25,5.07,BTG
2021-01-22,5.05,BTG
2021-01-21,5.17,BTG
2021-01-20,5.15,BTG
2021-01-19,5.04,BTG
2021-01-15,5.04,BTG
2021-01-14,5.2,BTG
2021-01-13,5.17,BTG
2021-01-12,5.15,BTG
2021-01-11,5.27,BTG
2021-01-08,5.41,BTG
2021-01-07,5.75,BTG
2021-01-06,5.91,BTG
2021-01-05,6.02,BTG
2021-01-04,5.92,BTG
2020-12-31,5.6,BTG
2020-12-30,5.72,BTG
2020-12-29,5.58,BTG
2020-12-28,5.5,BTG
2020-12-24,5.6,BTG
2020-12-23,5.62,BTG
2020-12-22,5.52,BTG
2020-12-21,5.65,BTG
2020-12-18,5.59,BTG
2020-12-17,5.81,BTG
2020-12-16,5.68,BTG
2020-12-15,5.61,BTG
2020-12-14,5.39,BTG
2020-12-11,5.52,BTG
2020-12-10,5.58,BTG
2020-12-09,5.57,BTG
2020-12-08,5.75,BTG
2020-12-07,5.81,BTG
2020-12-04,5.58,BTG
2020-12-03,5.67,BTG
2020-12-02,5.72,BTG
2020-12-01,5.74,BTG
2020-11-30,5.58,BTG
2020-11-27,5.47,BTG
2020-11-25,5.31,BTG
2020-11-24,5.29,BTG
2020-11-23,5.41,BTG
2020-11-20,5.68,BTG
2020-11-19,5.67,BTG
2020-11-18,5.68,BTG
2020-11-17,5.92,BTG
2020-11-16,6.03,BTG
2020-11-13,5.99,BTG
2020-11-12,6.02,BTG
2020-11-11,5.91,BTG
2020-11-10,6.0,BTG
2020-11-09,6.44,BTG
2020-11-06,6.95,BTG
2020-11-05,6.97,BTG
2020-11-04,6.4,BTG
2020-11-03,6.77,BTG
2020-11-02,6.56,BTG
2020-10-30,6.44,BTG
2020-10-29,6.2,BTG
2020-10-28,6.16,BTG
2020-10-27,6.79,BTG
2020-10-26,6.54,BTG
2020-10-23,6.75,BTG
2020-10-22,6.8,BTG
2020-10-21,6.9,BTG
2020-10-20,6.83,BTG
2020-10-19,6.77,BTG
2020-10-16,6.87,BTG
2020-10-15,7.04,BTG
2020-10-14,7.05,BTG
2020-10-13,6.91,BTG
2020-10-12,6.86,BTG
2020-10-09,6.94,BTG
2020-10-08,6.55,BTG
2020-10-07,6.38,BTG
2020-10-06,6.42,BTG
2020-10-05,6.65,BTG
2020-10-02,6.54,BTG
2020-10-01,6.66,BTG
2020-09-30,6.52,BTG
2020-09-29,6.64,BTG
2020-09-28,6.48,BTG
2020-09-25,6.37,BTG
2020-09-24,6.43,BTG
2020-09-23,6.1,BTG
2020-09-22,6.62,BTG
2020-09-21,6.54,BTG
2020-09-18,6.82,BTG
2020-09-17,6.97,BTG
2020-09-16,6.89,BTG
2020-09-15,6.97,BTG
2020-09-14,6.91,BTG
2020-09-11,6.39,BTG
2020-09-10,6.5,BTG
2020-09-09,6.67,BTG
2020-09-08,6.37,BTG
2020-09-04,6.45,BTG
2020-09-03,6.59,BTG
2020-09-02,6.55,BTG
2020-09-01,6.5,BTG
2020-08-31,6.74,BTG
2020-08-28,6.65,BTG
2020-08-27,6.39,BTG
2020-08-26,6.52,BTG
2020-08-25,6.23,BTG
2020-08-24,6.24,BTG
2020-08-21,6.28,BTG
2020-08-20,6.38,BTG
2020-08-19,6.19,BTG
2020-08-18,6.71,BTG
2020-08-17,7.18,BTG
2020-08-14,6.72,BTG
2020-08-13,6.73,BTG
2020-08-12,6.43,BTG
2020-08-11,6.43,BTG
2020-08-10,6.93,BTG
2020-08-07,6.99,BTG
2020-08-06,7.27,BTG
2020-08-05,7.37,BTG
2020-08-04,7.21,BTG
2020-08-03,6.95,BTG
2020-07-31,6.9,BTG
2020-07-30,6.63,BTG
2020-07-29,6.76,BTG
2020-07-28,6.85,BTG
2020-07-27,6.84,BTG
2020-07-24,6.53,BTG
2020-07-23,6.49,BTG
2020-07-22,6.72,BTG
2020-07-21,6.57,BTG
2020-07-20,6.37,BTG
2020-07-17,6.15,BTG
2020-07-16,5.99,BTG
2020-07-15,6.1,BTG
2020-07-14,6.03,BTG
2020-07-13,5.76,BTG
2020-07-10,5.92,BTG
2020-07-09,5.98,BTG
2020-07-08,5.99,BTG
2020-07-07,5.84,BTG
2020-07-06,5.61,BTG
2020-07-02,5.56,BTG
2020-07-01,5.63,BTG
2020-06-30,5.69,BTG
2020-06-29,5.43,BTG
2020-06-26,5.41,BTG
2020-06-25,5.23,BTG
2020-06-24,5.35,BTG
2020-06-23,5.41,BTG
2020-06-22,5.31,BTG
2020-06-19,5.18,BTG
2020-06-18,4.99,BTG
2020-06-17,5.15,BTG
2020-06-16,5.0,BTG
2020-06-15,5.18,BTG
2020-06-12,5.13,BTG
2020-06-11,5.1,BTG
2020-06-10,5.44,BTG
2020-06-09,5.19,BTG
2020-06-08,5.07,BTG
2020-06-05,5.11,BTG
2020-06-04,5.21,BTG
2020-06-03,5.14,BTG
2020-06-02,5.31,BTG
2020-06-01,5.53,BTG
2020-05-29,5.48,BTG
2020-05-28,5.16,BTG
2020-05-27,5.08,BTG
2020-05-26,5.11,BTG
2020-05-22,5.36,BTG
2020-05-21,5.48,BTG
2020-05-20,5.52,BTG
2020-05-19,5.55,BTG
2020-05-18,5.26,BTG
2020-05-15,5.42,BTG
2020-05-14,5.26,BTG
2020-05-13,5.15,BTG
2020-05-12,5.16,BTG
2020-05-11,5.21,BTG
2020-05-08,5.49,BTG
2020-05-07,5.67,BTG
2020-05-06,5.42,BTG
2020-05-05,5.43,BTG
2020-05-04,5.25,BTG
2020-05-01,5.16,BTG
2020-04-30,5.06,BTG
2020-04-29,5.33,BTG
2020-04-28,5.29,BTG
2020-04-27,5.37,BTG
2020-04-24,5.38,BTG
2020-04-23,5.19,BTG
2020-04-22,5.01,BTG
2020-04-21,4.57,BTG
2020-04-20,4.5,BTG
2020-04-17,4.38,BTG
2020-04-16,4.65,BTG
2020-04-15,4.56,BTG
2020-04-14,4.6,BTG
2020-04-13,4.57,BTG
2020-04-09,4.11,BTG
2020-04-08,3.65,BTG
2020-04-07,3.59,BTG
2020-04-06,3.74,BTG
2020-04-03,3.43,BTG
2020-04-02,3.43,BTG
2020-04-01,3.23,BTG
2020-03-31,3.06,BTG
2020-03-30,3.1,BTG
2020-03-27,3.29,BTG
2020-03-26,3.55,BTG
2020-03-25,3.64,BTG
2020-03-24,3.34,BTG
2020-03-23,3.0,BTG
2020-03-20,2.71,BTG
2020-03-19,3.02,BTG
2020-03-18,2.81,BTG
2020-03-17,3.46,BTG
2020-03-16,2.98,BTG
2020-03-13,2.75,BTG
2020-03-12,3.11,BTG
2020-03-11,3.68,BTG
2020-03-10,4.12,BTG
2020-03-09,4.12,BTG
2020-03-06,4.43,BTG
2020-03-05,4.52,BTG
2020-03-04,4.41,BTG
2020-03-03,4.29,BTG
2020-03-02,3.96,BTG
2020-02-28,3.99,BTG
2020-02-27,4.27,BTG
2020-02-26,4.62,BTG
2020-02-25,4.56,BTG
2020-02-24,4.79,BTG
2020-02-21,4.67,BTG
2020-02-20,4.55,BTG
2020-02-19,4.54,BTG
2020-02-18,4.5,BTG
2020-02-14,4.14,BTG
2020-02-13,4.17,BTG
2020-02-12,4.16,BTG
2020-02-11,4.22,BTG
2020-02-10,4.2,BTG
2020-02-07,4.18,BTG
2020-02-06,4.24,BTG
2020-02-05,4.18,BTG
2020-02-04,4.14,BTG
2020-02-03,4.21,BTG
2020-01-31,4.32,BTG
2020-01-30,4.33,BTG
2020-01-29,4.29,BTG
2020-01-28,4.17,BTG
2020-01-27,4.36,BTG
2020-01-24,4.32,BTG
2020-01-23,4.22,BTG
2020-01-22,4.23,BTG
2020-01-21,4.24,BTG
2020-01-17,4.12,BTG
2020-01-16,4.09,BTG
2020-01-15,4.07,BTG
2020-01-14,3.96,BTG
2020-01-13,3.88,BTG
2020-01-10,3.96,BTG
2020-01-09,3.79,BTG
2020-01-08,3.81,BTG
2020-01-07,4.04,BTG
2020-01-06,4.0,BTG
2020-01-03,3.88,BTG
2020-01-02,3.93,BTG
2019-12-31,4.01,BTG
2019-12-30,3.96,BTG
2019-12-27,3.89,BTG
2019-12-26,4.04,BTG
2019-12-24,3.85,BTG
2019-12-23,3.71,BTG
2019-12-20,3.54,BTG
2019-12-19,3.65,BTG
2019-12-18,3.68,BTG
2019-12-17,3.64,BTG
2019-12-16,3.74,BTG
2019-12-13,3.77,BTG
2019-12-12,3.75,BTG
2019-12-11,3.74,BTG
2019-12-10,3.7,BTG
2019-12-09,3.64,BTG
2019-12-06,3.63,BTG
2019-12-05,3.73,BTG
2019-12-04,3.73,BTG
2019-12-03,3.72,BTG
2019-12-02,3.72,BTG
2019-11-29,3.68,BTG
2019-11-27,3.6,BTG
2019-11-26,3.59,BTG
2019-11-25,3.51,BTG
2019-11-22,3.53,BTG
2019-11-21,3.56,BTG
2019-11-20,3.67,BTG
2019-11-19,3.62,BTG
2019-11-18,3.61,BTG
2019-11-15,3.51,BTG
2019-11-14,3.53,BTG
2019-11-13,3.49,BTG
2019-11-12,3.48,BTG
2019-11-11,3.4,BTG
2019-11-08,3.44,BTG
2019-11-07,3.44,BTG
2019-11-06,3.61,BTG
2019-11-05,3.46,BTG
2019-11-04,3.45,BTG
2019-11-01,3.52,BTG
2019-10-31,3.51,BTG
2019-10-30,3.38,BTG
2019-10-29,3.39,BTG
2019-10-28,3.27,BTG
2019-10-25,3.31,BTG
2019-10-24,3.31,BTG
2019-10-23,3.26,BTG
2019-10-22,3.19,BTG
2019-10-21,3.15,BTG
2019-10-18,3.25,BTG
2019-10-17,3.25,BTG
2019-10-16,3.2,BTG
2019-10-15,3.17,BTG
2019-10-14,3.28,BTG
2019-10-11,3.25,BTG
2019-10-10,3.45,BTG
2019-10-09,3.46,BTG
2019-10-08,3.49,BTG
2019-10-07,3.32,BTG
2019-10-04,3.41,BTG
2019-10-03,3.32,BTG
2019-10-02,3.35,BTG
2019-10-01,3.31,BTG
2019-09-30,3.23,BTG
2019-09-27,3.29,BTG
2019-09-26,3.37,BTG
2019-09-25,3.48,BTG
2019-09-24,3.62,BTG
2019-09-23,3.49,BTG
2019-09-20,3.44,BTG
2019-09-19,3.36,BTG
2019-09-18,3.21,BTG
2019-09-17,3.3,BTG
2019-09-16,3.19,BTG
2019-09-13,3.12,BTG
2019-09-12,3.19,BTG
2019-09-11,3.26,BTG
2019-09-10,3.25,BTG
2019-09-09,3.3,BTG
2019-09-06,3.33,BTG
2019-09-05,3.48,BTG
2019-09-04,3.66,BTG
2019-09-03,3.58,BTG
2019-08-30,3.58,BTG
2019-08-29,3.55,BTG
2019-08-28,3.65,BTG
2019-08-27,3.73,BTG
2019-08-26,3.53,BTG
2019-08-23,3.52,BTG
2019-08-22,3.42,BTG
2019-08-21,3.51,BTG
2019-08-20,3.62,BTG
2019-08-19,3.47,BTG
2019-08-16,3.59,BTG
2019-08-15,3.7,BTG
2019-08-14,3.58,BTG
2019-08-13,3.63,BTG
2019-08-12,3.69,BTG
2019-08-09,3.67,BTG
2019-08-08,3.78,BTG
2019-08-07,3.87,BTG
2019-08-06,3.49,BTG
2019-08-05,3.45,BTG
2019-08-02,3.28,BTG
2019-08-01,3.36,BTG
2019-07-31,3.18,BTG
2019-07-30,3.31,BTG
2019-07-29,3.32,BTG
2019-07-26,3.29,BTG
2019-07-25,3.24,BTG
2019-07-24,3.33,BTG
2019-07-23,3.25,BTG
2019-07-22,3.31,BTG
2019-07-19,3.31,BTG
2019-07-18,3.32,BTG
2019-07-17,3.21,BTG
2019-07-16,3.09,BTG
2019-07-15,3.13,BTG
2019-07-12,3.13,BTG
2019-07-11,3.08,BTG
2019-07-10,3.12,BTG
2019-07-09,3.08,BTG
2019-07-08,3.02,BTG
2019-07-05,2.98,BTG
2019-07-03,3.05,BTG
2019-07-02,3.03,BTG
2019-07-01,2.91,BTG
2019-06-28,3.03,BTG
2019-06-27,2.97,BTG
2019-06-26,3.01,BTG
2019-06-25,3.01,BTG
2019-06-24,3.06,BTG
2019-06-21,2.91,BTG
2019-06-20,2.93,BTG
2019-06-19,2.85,BTG
2019-06-18,2.83,BTG
2019-06-17,2.78,BTG
2019-06-14,2.81,BTG
2019-06-13,2.83,BTG
2019-06-12,2.8,BTG
2019-06-11,2.75,BTG
2019-06-10,2.75,BTG
2019-06-07,2.82,BTG
2019-06-06,2.9,BTG
2019-06-05,2.86,BTG
2019-06-04,2.82,BTG
2019-06-03,2.87,BTG
2019-05-31,2.71,BTG
2019-05-30,2.6,BTG
2019-05-29,2.56,BTG
2019-05-28,2.43,BTG
2019-05-24,2.47,BTG
2019-05-23,2.49,BTG
2019-05-22,2.52,BTG
2019-05-21,2.65,BTG
2019-05-20,2.66,BTG
2019-05-17,2.63,BTG
2019-05-16,2.67,BTG
2019-05-15,2.64,BTG
2019-05-14,2.64,BTG
2019-05-13,2.66,BTG
2019-05-10,2.65,BTG
2019-05-09,2.64,BTG
2019-05-08,2.62,BTG
2019-05-07,2.71,BTG
2019-05-06,2.62,BTG
2019-05-03,2.61,BTG
2019-05-02,2.64,BTG
2019-05-01,2.66,BTG
2019-04-30,2.72,BTG
2019-04-29,2.67,BTG
2019-04-26,2.73,BTG
2019-04-25,2.67,BTG
2019-04-24,2.71,BTG
2019-04-23,2.65,BTG
2019-04-22,2.68,BTG
2019-04-18,2.71,BTG
2019-04-17,2.71,BTG
2019-04-16,2.66,BTG
2019-04-15,2.73,BTG
2019-04-12,2.76,BTG
2019-04-11,2.75,BTG
2019-04-10,2.75,BTG
2019-04-09,2.81,BTG
2019-04-08,2.74,BTG
2019-04-05,2.8,BTG
2019-04-04,2.76,BTG
2019-04-03,2.74,BTG
2019-04-02,2.74,BTG
2019-04-01,2.75,BTG
2019-03-29,2.81,BTG
2019-03-28,2.78,BTG
2019-03-27,2.89,BTG
2019-03-26,2.91,BTG
2019-03-25,2.98,BTG
2019-03-22,2.89,BTG
2019-03-21,2.88,BTG
2019-03-20,2.9,BTG
2019-03-19,2.82,BTG
2019-03-18,2.84,BTG
2019-03-15,2.98,BTG
2019-03-14,2.89,BTG
2019-03-13,2.98,BTG
2019-03-12,3.11,BTG
2019-03-11,3.07,BTG
2019-03-08,3.16,BTG
2019-03-07,3.0,BTG
2019-03-06,2.96,BTG
2019-03-05,3.03,BTG
2019-03-04,3.04,BTG
2019-03-01,3.04,BTG
2019-02-28,3.14,BTG
2019-02-27,3.22,BTG
2019-02-26,3.3,BTG
2019-02-25,3.24,BTG
2019-02-22,3.32,BTG
2019-02-21,3.22,BTG
2019-02-20,3.18,BTG
2019-02-19,3.15,BTG
2019-02-15,3.01,BTG
2019-02-14,3.0,BTG
2019-02-13,2.93,BTG
2019-02-12,2.91,BTG
2019-02-11,2.99,BTG
2019-02-08,3.09,BTG
2019-02-07,3.03,BTG
2019-02-06,3.03,BTG
2019-02-05,3.11,BTG
2019-02-04,3.12,BTG
2019-02-01,3.14,BTG
2019-01-31,3.17,BTG
2019-01-30,3.07,BTG
2019-01-29,3.01,BTG
2019-01-28,2.94,BTG
2019-01-25,2.9,BTG
2019-01-24,2.83,BTG
2019-01-23,2.78,BTG
2019-01-22,2.75,BTG
2019-01-18,2.66,BTG
2019-01-17,2.77,BTG
2019-01-16,2.86,BTG
2019-01-15,2.86,BTG
2019-01-14,2.88,BTG
2019-01-11,2.86,BTG
2019-01-10,2.86,BTG
2019-01-09,2.92,BTG
2019-01-08,2.87,BTG
2019-01-07,2.86,BTG
2019-01-04,2.92,BTG
2019-01-03,2.95,BTG
2019-01-02,2.91,BTG
2018-12-31,2.92,BTG
2018-12-28,2.89,BTG
2018-12-27,2.92,BTG
2018-12-26,2.79,BTG
2018-12-24,2.82,BTG
2018-12-21,2.78,BTG
2018-12-20,2.72,BTG
2018-12-19,2.62,BTG
2018-12-18,2.77,BTG
2018-12-17,2.71,BTG
2018-12-14,2.62,BTG
2018-12-13,2.68,BTG
2018-12-12,2.65,BTG
2018-12-11,2.61,BTG
2018-12-10,2.65,BTG
2018-12-07,2.68,BTG
2018-12-06,2.52,BTG
2018-12-04,2.54,BTG
2018-12-03,2.5,BTG
2018-11-30,2.45,BTG
2018-11-29,2.49,BTG
2018-11-28,2.59,BTG
2018-11-27,2.54,BTG
2018-11-26,2.62,BTG
2018-11-23,2.67,BTG
2018-11-21,2.73,BTG
2018-11-20,2.62,BTG
2018-11-19,2.64,BTG
2018-11-16,2.59,BTG
2018-11-15,2.53,BTG
2018-11-14,2.57,BTG
2018-11-13,2.45,BTG
2018-11-12,2.48,BTG
2018-11-09,2.55,BTG
2018-11-08,2.56,BTG
2018-11-07,2.65,BTG
2018-11-06,2.58,BTG
2018-11-05,2.55,BTG
2018-11-02,2.58,BTG
2018-11-01,2.55,BTG
2018-10-31,2.46,BTG
2018-10-30,2.59,BTG
2018-10-29,2.58,BTG
2018-10-26,2.55,BTG
2018-10-25,2.52,BTG
2018-10-24,2.72,BTG
2018-10-23,2.73,BTG
2018-10-22,2.63,BTG
2018-10-19,2.62,BTG
2018-10-18,2.59,BTG
2018-10-17,2.64,BTG
2018-10-16,2.68,BTG
2018-10-15,2.66,BTG
2018-10-12,2.62,BTG
2018-10-11,2.58,BTG
2018-10-10,2.43,BTG
2018-10-09,2.41,BTG
2018-10-08,2.52,BTG
2018-10-05,2.44,BTG
2018-10-04,2.44,BTG
2018-10-03,2.43,BTG
2018-10-02,2.39,BTG
2018-10-01,2.29,BTG
2018-09-28,2.3,BTG
2018-09-27,2.17,BTG
2018-09-26,2.26,BTG
2018-09-25,2.28,BTG
2018-09-24,2.27,BTG
2018-09-21,2.23,BTG
2018-09-20,2.27,BTG
2018-09-19,2.26,BTG
2018-09-18,2.21,BTG
2018-09-17,2.23,BTG
2018-09-14,2.2,BTG
2018-09-13,2.22,BTG
2018-09-12,2.26,BTG
2018-09-11,2.2,BTG
2018-09-10,2.19,BTG
2018-09-07,2.25,BTG
2018-09-06,2.31,BTG
2018-09-05,2.27,BTG
2018-09-04,2.32,BTG
2018-08-31,2.34,BTG
2018-08-30,2.33,BTG
2018-08-29,2.35,BTG
2018-08-28,2.34,BTG
2018-08-27,2.42,BTG
2018-08-24,2.33,BTG
2018-08-23,2.21,BTG
2018-08-22,2.31,BTG
2018-08-21,2.32,BTG
2018-08-20,2.35,BTG
2018-08-17,2.16,BTG
2018-08-16,2.11,BTG
2018-08-15,2.12,BTG
2018-08-14,2.25,BTG
2018-08-13,2.31,BTG
2018-08-10,2.45,BTG
2018-08-09,2.46,BTG
2018-08-08,2.47,BTG
2018-08-07,2.41,BTG
2018-08-06,2.43,BTG
2018-08-03,2.45,BTG
2018-08-02,2.44,BTG
2018-08-01,2.44,BTG
2018-07-31,2.48,BTG
2018-07-30,2.47,BTG
2018-07-27,2.51,BTG
2018-07-26,2.54,BTG
2018-07-25,2.53,BTG
2018-07-24,2.51,BTG
2018-07-23,2.54,BTG
2018-07-20,2.56,BTG
2018-07-19,2.55,BTG
2018-07-18,2.53,BTG
2018-07-17,2.56,BTG
2018-07-16,2.49,BTG
2018-07-13,2.47,BTG
2018-07-12,2.48,BTG
2018-07-11,2.46,BTG
2018-07-10,2.46,BTG
2018-07-09,2.48,BTG
2018-07-06,2.54,BTG
2018-07-05,2.56,BTG
2018-07-03,2.6,BTG
2018-07-02,2.56,BTG
2018-06-29,2.58,BTG
2018-06-28,2.55,BTG
2018-06-27,2.54,BTG
2018-06-26,2.55,BTG
2018-06-25,2.53,BTG
2018-06-22,2.61,BTG
2018-06-21,2.56,BTG
2018-06-20,2.55,BTG
2018-06-19,2.56,BTG
2018-06-18,2.56,BTG
2018-06-15,2.53,BTG
2018-06-14,2.61,BTG
2018-06-13,2.67,BTG
2018-06-12,2.68,BTG
2018-06-11,2.69,BTG
2018-06-08,2.69,BTG
2018-06-07,2.69,BTG
2018-06-06,2.72,BTG
2018-06-05,2.72,BTG
2018-06-04,2.7,BTG
2018-06-01,2.72,BTG
2018-05-31,2.73,BTG
2018-05-30,2.75,BTG
2018-05-29,2.68,BTG
2018-05-25,2.66,BTG
2018-05-24,2.72,BTG
2018-05-23,2.67,BTG
2018-05-22,2.63,BTG
2018-05-21,2.61,BTG
2018-05-18,2.69,BTG
2018-05-17,2.71,BTG
2018-05-16,2.71,BTG
2018-05-15,2.74,BTG
2018-05-14,2.84,BTG
2018-05-11,2.89,BTG
2018-05-10,2.89,BTG
2018-05-09,2.85,BTG
2018-05-08,2.85,BTG
2018-05-07,2.85,BTG
2018-05-04,2.83,BTG
2018-05-03,2.85,BTG
2018-05-02,2.85,BTG
2018-05-01,2.82,BTG
2018-04-30,2.87,BTG
2018-04-27,2.86,BTG
2018-04-26,2.84,BTG
2018-04-25,2.83,BTG
2018-04-24,2.85,BTG
2018-04-23,2.79,BTG
2018-04-20,2.84,BTG
2018-04-19,2.92,BTG
2018-04-18,2.94,BTG
2018-04-17,2.91,BTG
2018-04-16,2.86,BTG
2018-04-13,2.85,BTG
2018-04-12,2.89,BTG
2018-04-11,2.89,BTG
2018-04-10,2.75,BTG
2018-04-09,2.72,BTG
2018-04-06,2.7,BTG
2018-04-05,2.69,BTG
2018-04-04,2.68,BTG
2018-04-03,2.74,BTG
2018-04-02,2.77,BTG
2018-03-29,2.73,BTG
2018-03-28,2.68,BTG
2018-03-27,2.75,BTG
2018-03-26,2.8,BTG
2018-03-23,2.76,BTG
2018-03-22,2.73,BTG
2018-03-21,2.78,BTG
2018-03-20,2.71,BTG
2018-03-19,2.75,BTG
2018-03-16,2.91,BTG
2018-03-15,2.95,BTG
2018-03-14,2.86,BTG
2018-03-13,2.89,BTG
2018-03-12,2.88,BTG
2018-03-09,2.9,BTG
2018-03-08,2.9,BTG
2018-03-07,2.95,BTG
2018-03-06,2.99,BTG
2018-03-05,2.9,BTG
2018-03-02,3.0,BTG
2018-03-01,3.05,BTG
2018-02-28,2.97,BTG
2018-02-27,2.98,BTG
2018-02-26,3.15,BTG
2018-02-23,3.02,BTG
2018-02-22,2.91,BTG
2018-02-21,2.89,BTG
2018-02-20,2.85,BTG
2018-02-16,2.91,BTG
2018-02-15,3.06,BTG
2018-02-14,3.06,BTG
2018-02-13,2.89,BTG
2018-02-12,2.92,BTG
2018-02-09,2.71,BTG
2018-02-08,2.85,BTG
2018-02-07,2.77,BTG
2018-02-06,2.8,BTG
2018-02-05,2.96,BTG
2018-02-02,2.93,BTG
2018-02-01,3.07,BTG
2018-01-31,3.02,BTG
2018-01-30,2.98,BTG
2018-01-29,3.03,BTG
2018-01-26,3.18,BTG
2018-01-25,3.11,BTG
2018-01-24,3.24,BTG
2018-01-23,3.15,BTG
2018-01-22,3.02,BTG
2018-01-19,3.05,BTG
2018-01-18,3.05,BTG
2018-01-17,3.14,BTG
2018-01-16,3.19,BTG
2018-01-12,3.07,BTG
2018-01-11,2.94,BTG
2018-01-10,2.98,BTG
2018-01-09,2.85,BTG
2018-01-08,2.93,BTG
2018-01-05,2.98,BTG
2018-01-04,3.03,BTG
2018-01-03,3.03,BTG
2018-01-02,3.07,BTG
2017-12-29,3.1,BTG
2017-12-28,3.01,BTG
2017-12-27,2.98,BTG
2017-12-26,3.09,BTG
2017-12-22,2.94,BTG
2017-12-21,2.89,BTG
2017-12-20,2.88,BTG
2017-12-19,2.83,BTG
2017-12-18,2.84,BTG
2017-12-15,2.82,BTG
2017-12-14,2.87,BTG
2017-12-13,2.85,BTG
2017-12-12,2.64,BTG
2017-12-11,2.67,BTG
2017-12-08,2.62,BTG
2017-12-07,2.59,BTG
2017-12-06,2.61,BTG
2017-12-05,2.55,BTG
2017-12-04,2.6,BTG
2017-12-01,2.58,BTG
2017-11-30,2.54,BTG
2017-11-29,2.59,BTG
2017-11-28,2.62,BTG
2017-11-27,2.67,BTG
2017-11-24,2.64,BTG
2017-11-22,2.7,BTG
2017-11-21,2.64,BTG
2017-11-20,2.64,BTG
2017-11-17,2.75,BTG
2017-11-16,2.7,BTG
2017-11-15,2.63,BTG
2017-11-14,2.62,BTG
2017-11-13,2.65,BTG
2017-11-10,2.64,BTG
2017-11-09,2.7,BTG
2017-11-08,2.65,BTG
2017-11-07,2.56,BTG
2017-11-06,2.6,BTG
2017-11-03,2.54,BTG
2017-11-02,2.52,BTG
2017-11-01,2.54,BTG
2017-10-31,2.53,BTG
2017-10-30,2.58,BTG
2017-10-27,2.5,BTG
2017-10-26,2.45,BTG
2017-10-25,2.43,BTG
2017-10-24,2.51,BTG
2017-10-23,2.53,BTG
2017-10-20,2.57,BTG
2017-10-19,2.67,BTG
2017-10-18,2.62,BTG
2017-10-17,2.63,BTG
2017-10-16,2.65,BTG
2017-10-13,2.78,BTG
2017-10-12,2.76,BTG
2017-10-11,2.79,BTG
2017-10-10,2.81,BTG
2017-10-09,2.87,BTG
2017-10-06,2.83,BTG
2017-10-05,2.85,BTG
2017-10-04,2.87,BTG
2017-10-03,2.82,BTG
2017-10-02,2.77,BTG
2017-09-29,2.8,BTG
2017-09-28,2.81,BTG
2017-09-27,2.78,BTG
2017-09-26,2.82,BTG
2017-09-25,2.88,BTG
2017-09-22,2.64,BTG
2017-09-21,2.59,BTG
2017-09-20,2.58,BTG
2017-09-19,2.66,BTG
2017-09-18,2.61,BTG
2017-09-15,2.71,BTG
2017-09-14,2.69,BTG
2017-09-13,2.64,BTG
2017-09-12,2.73,BTG
2017-09-11,2.68,BTG
2017-09-08,2.76,BTG
2017-09-07,2.86,BTG
2017-09-06,2.79,BTG
2017-09-05,2.88,BTG
2017-09-01,2.77,BTG
2017-08-31,2.76,BTG
2017-08-30,2.67,BTG
2017-08-29,2.69,BTG
2017-08-28,2.72,BTG
2017-08-25,2.56,BTG
2017-08-24,2.54,BTG
2017-08-23,2.56,BTG
2017-08-22,2.5,BTG
2017-08-21,2.54,BTG
2017-08-18,2.48,BTG
2017-08-17,2.51,BTG
2017-08-16,2.49,BTG
2017-08-15,2.43,BTG
2017-08-14,2.53,BTG
2017-08-11,2.58,BTG
2017-08-10,2.56,BTG
2017-08-09,2.47,BTG
2017-08-08,2.38,BTG
2017-08-07,2.4,BTG
2017-08-04,2.35,BTG
2017-08-03,2.5,BTG
2017-08-02,2.45,BTG
2017-08-01,2.5,BTG
2017-07-31,2.52,BTG
2017-07-28,2.7,BTG
2017-07-27,2.6,BTG
2017-07-26,2.72,BTG
2017-07-25,2.62,BTG
2017-07-24,2.65,BTG
2017-07-21,2.71,BTG
2017-07-20,2.71,BTG
2017-07-19,2.75,BTG
2017-07-18,2.75,BTG
2017-07-17,2.75,BTG
2017-07-14,2.71,BTG
2017-07-13,2.63,BTG
2017-07-12,2.69,BTG
2017-07-11,2.72,BTG
2017-07-10,2.75,BTG
2017-07-07,2.62,BTG
2017-07-06,2.72,BTG
2017-07-05,2.8,BTG
2017-07-03,2.76,BTG
2017-06-30,2.81,BTG
2017-06-29,2.8,BTG
2017-06-28,2.88,BTG
2017-06-27,2.89,BTG
2017-06-26,2.89,BTG
2017-06-23,2.96,BTG
2017-06-22,2.93,BTG
2017-06-21,2.85,BTG
2017-06-20,2.79,BTG
2017-06-19,2.76,BTG
2017-06-16,2.72,BTG
2017-06-15,2.67,BTG
2017-06-14,2.69,BTG
2017-06-13,2.77,BTG
2017-06-12,2.79,BTG
2017-06-09,2.73,BTG
2017-06-08,2.78,BTG
2017-06-07,2.8,BTG
2017-06-06,2.82,BTG
2017-06-05,2.55,BTG
2017-06-02,2.51,BTG
2017-06-01,2.44,BTG
2017-05-31,2.51,BTG
2017-05-30,2.46,BTG
2017-05-26,2.46,BTG
2017-05-25,2.46,BTG
2017-05-24,2.47,BTG
2017-05-23,2.41,BTG
2017-05-22,2.47,BTG
2017-05-19,2.49,BTG
2017-05-18,2.44,BTG
2017-05-17,2.52,BTG
2017-05-16,2.48,BTG
2017-05-15,2.46,BTG
2017-05-12,2.47,BTG
2017-05-11,2.44,BTG
2017-05-10,2.27,BTG
2017-05-09,2.24,BTG
2017-05-08,2.26,BTG
2017-05-05,2.25,BTG
2017-05-04,2.16,BTG
2017-05-03,2.36,BTG
2017-05-02,2.4,BTG
2017-05-01,2.41,BTG
2017-04-28,2.54,BTG
2017-04-27,2.5,BTG
2017-04-26,2.55,BTG
2017-04-25,2.54,BTG
2017-04-24,2.66,BTG
2017-04-21,2.73,BTG
2017-04-20,2.76,BTG
2017-04-19,2.8,BTG
2017-04-18,2.82,BTG
2017-04-17,2.79,BTG
2017-04-13,2.89,BTG
2017-04-12,2.93,BTG
2017-04-11,2.9,BTG
2017-04-10,2.78,BTG
2017-04-07,2.76,BTG
2017-04-06,2.81,BTG
2017-04-05,2.84,BTG
2017-04-04,2.86,BTG
2017-04-03,2.87,BTG
2017-03-31,2.83,BTG
2017-03-30,2.82,BTG
2017-03-29,2.86,BTG
2017-03-28,2.83,BTG
2017-03-27,2.97,BTG
2017-03-24,2.91,BTG
2017-03-23,2.96,BTG
2017-03-22,3.06,BTG
2017-03-21,3.11,BTG
2017-03-20,3.07,BTG
2017-03-17,3.0,BTG
2017-03-16,3.03,BTG
2017-03-15,3.09,BTG
2017-03-14,2.81,BTG
2017-03-13,3.01,BTG
2017-03-10,2.99,BTG
2017-03-09,2.78,BTG
2017-03-08,2.81,BTG
2017-03-07,2.83,BTG
2017-03-06,2.81,BTG
2017-03-03,3.0,BTG
2017-03-02,2.93,BTG
2017-03-01,3.19,BTG
2017-02-28,3.08,BTG
2017-02-27,3.03,BTG
2017-02-24,3.36,BTG
2017-02-23,3.47,BTG
2017-02-22,3.35,BTG
2017-02-21,3.3,BTG
2017-02-17,3.22,BTG
2017-02-16,3.38,BTG
2017-02-15,3.38,BTG
2017-02-14,3.39,BTG
2017-02-13,3.35,BTG
2017-02-10,3.41,BTG
2017-02-09,3.31,BTG
2017-02-08,3.43,BTG
2017-02-07,3.36,BTG
2017-02-06,3.36,BTG
2017-02-03,3.11,BTG
2017-02-02,3.08,BTG
2017-02-01,3.17,BTG
2017-01-31,3.06,BTG
2017-01-30,2.97,BTG
2017-01-27,2.94,BTG
2017-01-26,2.94,BTG
2017-01-25,2.93,BTG
2017-01-24,2.94,BTG
2017-01-23,2.94,BTG
2017-01-20,2.83,BTG
2017-01-19,2.75,BTG
2017-01-18,2.79,BTG
2017-01-17,2.87,BTG
2017-01-13,2.78,BTG
2017-01-12,2.74,BTG
2017-01-11,2.76,BTG
2017-01-10,2.75,BTG
2017-01-09,2.7,BTG
2017-01-06,2.71,BTG
2017-01-05,2.78,BTG
2017-01-04,2.54,BTG
2017-01-03,2.53,BTG
2016-12-30,2.37,BTG
2016-12-29,2.52,BTG
2016-12-28,2.26,BTG
2016-12-27,2.26,BTG
2016-12-23,2.12,BTG
2016-12-22,2.14,BTG
2016-12-21,2.12,BTG
2016-12-20,2.16,BTG
2016-12-19,2.17,BTG
2016-12-16,2.19,BTG
2016-12-15,2.05,BTG
2016-12-14,2.25,BTG
2016-12-13,2.4,BTG
2016-12-12,2.37,BTG
2016-12-09,2.4,BTG
2016-12-08,2.55,BTG
2016-12-07,2.54,BTG
2016-12-06,2.5,BTG
2016-12-05,2.46,BTG
2016-12-02,2.47,BTG
2016-12-01,2.42,BTG
2026-09-25,2.77,OGG
2026-09-24,2.73,OGG
2026-09-23,2.69,OGG
2026-09-22,2.74,OGG
2026-09-21,2.63,OGG
2026-09-18,2.72,OGG
2026-09-17,2.74,OGG
2026-09-16,2.64,OGG
2026-09-15,2.77,OGG
2026-09-14,2.78,OGG
2026-09-11,2.83,OGG
2026-09-10,2.82,OGG
2026-09-09,2.85,OGG
2026-09-08,2.88,OGG
2026-09-04,2.91,OGG
2026-09-03,2.99,OGG
2026-09-02,2.9,OGG
2026-09-01,2.85,OGG
2026-08-31,2.99,OGG
2026-08-28,3.07,OGG
2026-08-27,3.17,OGG
2026-08-26,3.08,OGG
2026-08-25,3.19,OGG
2026-08-24,3.12,OGG
2026-08-21,3.07,OGG
2026-08-20,2.93,OGG
2026-08-19,2.9,OGG
2026-08-18,2.7,OGG
2026-08-17,2.81,OGG
2026-08-14,2.86,OGG
2026-08-13,2.74,OGG
2026-08-12,2.78,OGG
2026-08-11,2.72,OGG
2026-08-10,2.73,OGG
2026-08-07,2.8,OGG
2026-08-06,2.64,OGG
2026-08-05,2.7,OGG
2026-08-04,2.42,OGG
2026-08-03,2.4,OGG
2026-07-31,2.39,OGG
2026-07-30,2.38,OGG
2026-07-29,2.27,OGG
2026-07-28,2.27,OGG
2026-07-27,2.31,OGG
2026-07-24,2.26,OGG
2026-07-23,2.28,OGG
2026-07-22,2.25,OGG
2026-07-21,2.52,OGG
2026-07-20,2.24,OGG
2026-07-17,2.27,OGG
2026-07-16,2.25,OGG
2026-07-15,2.38,OGG
2026-07-14,2.38,OGG
2026-07-13,2.35,OGG
2026-07-10,2.44,OGG
2026-07-09,2.48,OGG
2026-07-08,2.38,OGG
2026-07-07,2.43,OGG
2026-07-06,2.58,OGG
2026-07-02,2.57,OGG
2026-07-01,2.49,OGG
2026-06-30,2.46,OGG
2026-06-29,2.43,OGG
2026-06-26,2.4,OGG
2026-06-25,2.4,OGG
2026-06-24,2.36,OGG
2026-06-23,2.46,OGG
2026-06-22,2.55,OGG
2026-06-18,2.65,OGG
2026-06-17,2.71,OGG
2026-06-16,2.78,OGG
2026-06-15,2.72,OGG
2026-06-12,2.6,OGG
2026-06-11,2.5,OGG
2026-06-10,2.41,OGG
2026-06-09,2.44,OGG
2026-06-08,2.47,OGG
2026-06-05,2.47,OGG
2026-06-04,2.68,OGG
2026-06-03,2.62,OGG
2026-06-02,2.75,OGG
2026-06-01,2.72,OGG
2026-05-29,2.8,OGG
2026-05-28,2.73,OGG
2026-05-27,2.65,OGG
2026-05-26,2.78,OGG
2026-05-22,2.69,OGG
2026-05-21,2.73,OGG
2026-05-20,2.94,OGG
2026-05-19,2.86,OGG
2026-05-18,2.92,OGG
2026-05-15,3.05,OGG
2026-05-14,3.33,OGG
2026-05-13,3.39,OGG
2026-05-12,3.41,OGG
2026-05-11,3.38,OGG
2026-05-08,3.28,OGG
2026-05-07,3.3,OGG
2026-05-06,3.27,OGG
2026-05-05,3.15,OGG
2026-05-04,2.94,OGG
2026-05-01,2.97,OGG
2026-04-30,2.99,OGG
2026-04-29,2.95,OGG
2026-04-28,3.05,OGG
2026-04-27,3.18,OGG
2026-04-24,3.23,OGG
2026-04-23,3.37,OGG
2026-04-22,3.49,OGG
2026-04-21,3.47,OGG
2026-04-20,3.76,OGG
2026-04-17,3.65,OGG
2026-04-16,3.37,OGG
2026-04-15,3.35,OGG
2026-04-14,3.43,OGG
2026-04-13,3.36,OGG
2026-04-10,3.3,OGG
2026-04-09,3.28,OGG
2026-04-08,3.31,OGG
2026-04-07,3.3,OGG
2026-04-06,3.27,OGG
2026-04-02,3.29,OGG
2026-04-01,3.33,OGG
2026-03-31,3.25,OGG
2026-03-30,3.03,OGG
2026-03-27,2.93,OGG
2026-03-26,2.86,OGG
2026-03-25,2.98,OGG
2026-03-24,2.96,OGG
2026-03-23,2.95,OGG
2026-03-20,2.83,OGG
2026-03-19,3.05,OGG
2026-03-18,3.36,OGG
2026-03-17,3.61,OGG
2026-03-16,3.65,OGG
2026-03-13,3.7,OGG
2026-03-12,4.0,OGG
2026-03-11,4.26,OGG
2026-03-10,4.46,OGG
2026-03-09,4.25,OGG
2026-03-06,4.3,OGG
2026-03-05,4.28,OGG
2026-03-04,4.46,OGG
2026-03-03,4.56,OGG
2026-03-02,4.78,OGG
2026-02-27,4.76,OGG
2026-02-26,4.59,OGG
2026-02-25,4.35,OGG
2026-02-24,4.19,OGG
2026-02-23,3.86,OGG
2026-02-20,3.74,OGG
2026-02-19,3.74,OGG
2026-02-18,3.64,OGG
2026-02-17,3.56,OGG
2026-02-13,3.7,OGG
2026-02-12,3.76,OGG
2026-02-11,4.01,OGG
2026-02-10,3.94,OGG
2026-02-09,3.92,OGG
2026-02-06,3.63,OGG
2026-02-05,3.35,OGG
2026-02-04,3.7,OGG
2026-02-03,3.52,OGG
2026-02-02,3.38,OGG
2026-01-30,3.35,OGG
2026-01-29,3.87,OGG
2026-01-28,3.86,OGG
2026-01-27,3.81,OGG
2026-01-26,3.85,OGG
2026-01-23,3.85,OGG
2026-01-22,3.86,OGG
2026-01-21,3.6,OGG
2026-01-20,3.69,OGG
2026-01-16,3.46,OGG
2026-01-15,3.51,OGG
2026-01-14,3.63,OGG
2026-01-13,3.63,OGG
2026-01-12,3.71,OGG
2026-01-09,3.53,OGG
2026-01-08,3.56,OGG
2026-01-07,3.55,OGG
2026-01-06,3.59,OGG
2026-01-05,3.53,OGG
2026-01-02,3.52,OGG
2025-12-31,3.49,OGG
2025-12-30,3.56,OGG
2025-12-29,3.54,OGG
2025-12-26,3.69,OGG
2025-12-24,3.65,OGG
2025-12-23,3.67,OGG
2025-12-22,3.68,OGG
2025-12-19,3.77,OGG
2025-12-18,3.73,OGG
2025-12-17,3.65,OGG
2025-12-16,3.64,OGG
2025-12-15,3.8,OGG
2025-12-12,4.06,OGG
2025-12-11,4.03,OGG
2025-12-10,3.7,OGG
2025-12-09,3.67,OGG
2025-12-08,3.57,OGG
2025-12-05,3.62,OGG
2025-12-04,3.56,OGG
2025-12-03,3.53,OGG
2025-12-02,3.45,OGG
2025-12-01,3.5,OGG
2025-11-28,3.53,OGG
2025-11-26,3.39,OGG
2025-11-25,3.28,OGG
2025-11-24,3.27,OGG
2025-11-21,3.12,OGG
2025-11-20,3.1,OGG
2025-11-19,3.28,OGG
2025-11-18,3.18,OGG
2025-11-17,3.16,OGG
2025-11-14,3.31,OGG
2025-11-13,3.28,OGG
2025-11-12,3.43,OGG
2025-11-11,3.3,OGG
2025-11-10,3.23,OGG
2025-11-07,3.02,OGG
2025-11-06,2.95,OGG
2025-11-05,3.05,OGG
2025-11-04,2.92,OGG
2025-11-03,3.19,OGG
2025-10-31,3.09,OGG
2025-10-30,3.07,OGG
2025-10-29,3.06,OGG
2025-10-28,2.95,OGG
2025-10-27,3.08,OGG
2025-10-24,3.25,OGG
2025-10-23,3.47,OGG
2025-10-22,3.46,OGG
2025-10-21,3.28,OGG
2025-10-20,3.65,OGG
2025-10-17,3.48,OGG
2025-10-16,3.72,OGG
2025-10-15,3.71,OGG
2025-10-14,3.59,OGG
2025-10-13,3.55,OGG
2025-10-10,3.45,OGG
2025-10-09,3.43,OGG
2025-10-08,3.76,OGG
2025-10-07,3.56,OGG
2025-10-06,3.63,OGG
2025-10-03,3.39,OGG
2025-10-02,3.32,OGG
2025-10-01,3.39,OGG
2025-09-30,3.39,OGG
2025-09-29,3.43,OGG
2025-09-26,3.32,OGG
2025-09-25,3.16,OGG
2025-09-24,3.19,OGG
2025-09-23,3.25,OGG
2025-09-22,3.08,OGG
2025-09-19,3.14,OGG
2025-09-18,2.92,OGG
2025-09-17,2.86,OGG
2025-09-16,2.9,OGG
2025-09-15,3.07,OGG
2025-09-12,3.09,OGG
2025-09-11,3.13,OGG
2025-09-10,3.18,OGG
2025-09-09,3.08,OGG
2025-09-08,2.89,OGG
2025-09-05,2.96,OGG
2025-09-04,2.75,OGG
2025-09-03,2.85,OGG
2025-09-02,2.76,OGG
2025-08-29,2.72,OGG
2025-08-28,2.78,OGG
2025-08-27,2.8,OGG
2025-08-26,2.87,OGG
2025-08-25,2.61,OGG
2025-08-22,2.61,OGG
2025-08-21,2.58,OGG
2025-08-20,2.4,OGG
2025-08-19,2.45,OGG
2025-08-18,2.55,OGG
2025-08-15,2.54,OGG
2025-08-14,2.58,OGG
2025-08-13,2.53,OGG
2025-08-12,2.54,OGG
2025-08-11,2.54,OGG
2025-08-08,2.51,OGG
2025-08-07,2.56,OGG
2025-08-06,2.5,OGG
2025-08-05,2.33,OGG
2025-08-04,2.39,OGG
2025-08-01,2.22,OGG
2025-07-31,2.15,OGG
2025-07-30,2.19,OGG
2025-07-29,2.25,OGG
2025-07-28,2.29,OGG
2025-07-25,2.37,OGG
2025-07-24,2.42,OGG
2025-07-23,2.46,OGG
2025-07-22,2.48,OGG
2025-07-21,2.46,OGG
2025-07-18,2.44,OGG
2025-07-17,2.5,OGG
2025-07-16,2.52,OGG
2025-07-15,2.62,OGG
2025-07-14,2.62,OGG
2025-07-11,2.41,OGG
2025-07-10,2.27,OGG
2025-07-09,2.19,OGG
2025-07-08,2.21,OGG
2025-07-07,2.29,OGG
2025-07-03,2.26,OGG
2025-07-02,2.24,OGG
2025-07-01,2.1,OGG
2025-06-30,2.1,OGG
2025-06-27,2.1,OGG
2025-06-26,2.19,OGG
2025-06-25,2.11,OGG
2025-06-24,2.06,OGG
2025-06-23,2.09,OGG
2025-06-20,2.04,OGG
2025-06-18,2.13,OGG
2025-06-17,2.16,OGG
2025-06-16,2.18,OGG
2025-06-13,2.24,OGG
2025-06-12,2.23,OGG
2025-06-11,2.18,OGG
2025-06-10,2.23,OGG
2025-06-09,2.22,OGG
2025-06-06,2.08,OGG
2025-06-05,1.99,OGG
2025-06-04,1.99,OGG
2025-06-03,2.0,OGG
2025-06-02,1.98,OGG
2025-05-30,1.85,OGG
2025-05-29,1.83,OGG
2025-05-28,1.9,OGG
2025-05-27,1.92,OGG
2025-05-23,1.87,OGG
2025-05-22,1.89,OGG
2025-05-21,1.89,OGG
2025-05-20,1.88,OGG
2025-05-19,1.89,OGG
2025-05-16,1.77,OGG
2025-05-15,1.83,OGG
2025-05-14,1.81,OGG
2025-05-13,1.88,OGG
2025-05-12,1.84,OGG
2025-05-09,1.98,OGG
2025-05-08,1.94,OGG
2025-05-07,1.96,OGG
2025-05-06,1.95,OGG
2025-05-05,1.79,OGG
2025-05-02,1.63,OGG
2025-05-01,1.61,OGG
2025-04-30,1.7,OGG
2025-04-29,1.69,OGG
2025-04-28,1.7,OGG
2025-04-25,1.65,OGG
2025-04-24,1.7,OGG
2025-04-23,1.61,OGG
2025-04-22,1.65,OGG
2025-04-21,1.71,OGG
2025-04-17,1.69,OGG
2025-04-16,1.72,OGG
2025-04-15,1.65,OGG
2025-04-14,1.65,OGG
2025-04-11,1.59,OGG
2025-04-10,1.57,OGG
2025-04-09,1.48,OGG
2025-04-08,1.4,OGG
2025-04-07,1.42,OGG
2025-04-04,1.44,OGG
2025-04-03,1.56,OGG
2025-04-02,1.49,OGG
2025-04-01,1.55,OGG
2025-03-31,1.49,OGG
2025-03-28,1.49,OGG
2025-03-27,1.5,OGG
2025-03-26,1.48,OGG
2025-03-25,1.53,OGG
2025-03-24,1.49,OGG
2025-03-21,1.55,OGG
2025-03-20,1.56,OGG
2025-03-19,1.48,OGG
2025-03-18,1.42,OGG
2025-03-17,1.37,OGG
2025-03-14,1.36,OGG
2025-03-13,1.37,OGG
2025-03-12,1.34,OGG
2025-03-11,1.36,OGG
2025-03-10,1.28,OGG
2025-03-07,1.37,OGG
2025-03-06,1.38,OGG
2025-03-05,1.36,OGG
2025-03-04,1.3,OGG
2025-03-03,1.24,OGG
2025-02-28,1.3,OGG
2025-02-27,1.26,OGG
2025-02-26,1.3,OGG
2025-02-25,1.35,OGG
2025-02-24,1.4,OGG
2025-02-21,1.44,OGG
2025-02-20,1.44,OGG
2025-02-19,1.45,OGG
2025-02-18,1.465,OGG
2025-02-14,1.41,OGG
2025-02-13,1.49,OGG
2025-02-12,1.51,OGG
2025-02-11,1.47,OGG
2025-02-10,1.52,OGG
2025-02-07,1.47,OGG
2025-02-06,1.53,OGG
2025-02-05,1.56,OGG
2025-02-04,1.54,OGG
2025-02-03,1.54,OGG
2025-01-31,1.57,OGG
2025-01-30,1.61,OGG
2025-01-29,1.56,OGG
2025-01-28,1.54,OGG
2025-01-27,1.51,OGG
2025-01-24,1.57,OGG
2025-01-23,1.58,OGG
2025-01-22,1.6,OGG
2025-01-21,1.63,OGG
2025-01-17,1.58,OGG
2025-01-16,1.62,OGG
2025-01-15,1.59,OGG
2025-01-14,1.58,OGG
2025-01-13,1.57,OGG
2025-01-10,1.62,OGG
2025-01-08,1.58,OGG
2025-01-07,1.57,OGG
2025-01-06,1.53,OGG
2025-01-03,1.58,OGG
2025-01-02,1.62,OGG
2024-12-31,1.63,OGG
2024-12-30,1.63,OGG
2024-12-27,1.68,OGG
2024-12-26,1.75,OGG
2024-12-24,1.75,OGG
2024-12-23,1.75,OGG
2024-12-20,1.75,OGG
2024-12-19,1.68,OGG
2024-12-18,1.68,OGG
2024-12-17,1.76,OGG
2024-12-16,1.74,OGG
2024-12-13,1.78,OGG
2024-12-12,1.86,OGG
2024-12-11,1.78,OGG
2024-12-10,1.82,OGG
2024-12-09,1.87,OGG
2024-12-06,1.85,OGG
2024-12-05,1.89,OGG
2024-12-04,1.9,OGG
2024-12-03,1.82,OGG
2024-12-02,1.82,OGG
2024-11-29,1.81,OGG
2024-11-27,1.85,OGG
2024-11-26,1.74,OGG
2024-11-25,1.75,OGG
2024-11-22,1.84,OGG
2024-11-21,1.9,OGG
2024-11-20,1.48,OGG
2024-11-19,1.5,OGG
2024-11-18,1.42,OGG
2024-11-15,1.41,OGG
2024-11-14,1.47,OGG
2024-11-13,1.54,OGG
2024-11-12,1.58,OGG
2024-11-11,1.64,OGG
2024-11-08,1.71,OGG
2024-11-07,1.81,OGG
2024-11-06,1.77,OGG
2024-11-05,1.78,OGG
2024-11-04,1.78,OGG
2024-11-01,1.77,OGG
2024-10-31,1.83,OGG
2024-10-30,1.81,OGG
2024-10-29,1.86,OGG
2024-10-28,1.89,OGG
2024-10-25,1.96,OGG
2024-10-24,1.97,OGG
2024-10-23,2.52,OGG
2024-10-22,2.65,OGG
2024-10-21,2.67,OGG
2024-10-18,2.26,OGG
2024-10-17,2.13,OGG
2024-10-16,2.16,OGG
2024-10-15,2.1,OGG
2024-10-14,2.07,OGG
2024-10-11,2.07,OGG
2024-10-10,2.08,OGG
2024-10-09,2.08,OGG
2024-10-08,2.08,OGG
2024-10-07,2.08,OGG
2024-10-04,2.11,OGG
2024-10-03,2.21,OGG
2024-10-02,2.15,OGG
2024-10-01,2.15,OGG
2024-09-30,2.13,OGG
2024-09-27,2.29,OGG
2024-09-26,2.41,OGG
2024-09-25,2.28,OGG
2024-09-24,2.28,OGG
2024-09-23,2.15,OGG
2024-09-20,2.17,OGG
2024-09-19,2.03,OGG
2024-09-18,1.99,OGG
2024-09-17,2.09,OGG
2024-09-16,2.12,OGG
2024-09-13,2.1,OGG
2024-09-12,2.12,OGG
2024-09-11,2.01,OGG
2024-09-10,2.0,OGG
2024-09-09,2.03,OGG
2024-09-06,2.05,OGG
2024-09-05,2.17,OGG
2024-09-04,1.99,OGG
2024-09-03,1.98,OGG
2024-08-30,2.04,OGG
2024-08-29,2.14,OGG
2024-08-28,2.2,OGG
2024-08-27,2.16,OGG
2024-08-26,2.25,OGG
2024-08-23,2.32,OGG
2024-08-22,2.31,OGG
2024-08-21,2.2,OGG
2024-08-20,2.29,OGG
2024-08-19,2.26,OGG
2024-08-16,2.23,OGG
2024-08-15,2.05,OGG
2024-08-14,2.0,OGG
2024-08-13,1.99,OGG
2024-08-12,2.04,OGG
2024-08-09,1.75,OGG
2024-08-08,1.79,OGG
2024-08-07,1.84,OGG
2024-08-06,1.87,OGG
2024-08-05,1.89,OGG
2024-08-02,1.89,OGG
2024-08-01,1.91,OGG
2024-07-31,2.0,OGG
2024-07-30,1.94,OGG
2024-07-29,1.96,OGG
2024-07-26,2.1,OGG
2024-07-25,2.1,OGG
2024-07-24,2.03,OGG
2024-07-23,2.02,OGG
2024-07-22,2.08,OGG
2024-07-19,2.12,OGG
2024-07-18,2.15,OGG
2024-07-17,2.22,OGG
2024-07-16,2.39,OGG
2024-07-15,2.24,OGG
2024-07-12,2.24,OGG
2024-07-11,2.19,OGG
2024-07-10,2.1,OGG
2024-07-09,2.07,OGG
2024-07-08,2.12,OGG
2024-07-05,2.11,OGG
2024-07-03,2.1,OGG
2024-07-02,1.89,OGG
2024-07-01,1.92,OGG
2024-06-28,1.86,OGG
2024-06-27,1.9,OGG
2024-06-26,1.9,OGG
2024-06-25,1.91,OGG
2024-06-24,1.99,OGG
2024-06-21,1.97,OGG
2024-06-20,1.98,OGG
2024-06-18,1.99,OGG
2024-06-17,2.0,OGG
2024-06-14,2.04,OGG
2024-06-13,2.05,OGG
2024-06-12,2.1,OGG
2024-06-11,2.1,OGG
2024-06-10,2.17,OGG
2024-06-07,2.2,OGG
2024-06-06,2.21,OGG
2024-06-05,2.13,OGG
2024-06-04,2.15,OGG
2024-06-03,2.08,OGG
2024-05-31,2.02,OGG
2024-05-30,2.01,OGG
2024-05-29,2.03,OGG
2024-05-28,2.03,OGG
2024-05-24,2.04,OGG
2024-05-23,2.05,OGG
2024-05-22,2.11,OGG
2024-05-21,2.23,OGG
2024-05-20,2.44,OGG
2024-05-17,2.44,OGG
2024-05-16,2.23,OGG
2024-05-15,2.24,OGG
2024-05-14,2.24,OGG
2024-05-13,2.27,OGG
2024-05-10,2.05,OGG
2024-05-09,1.87,OGG
2024-05-08,1.72,OGG
2024-05-07,1.79,OGG
2024-05-06,1.84,OGG
2024-05-03,1.87,OGG
2024-05-02,1.93,OGG
2024-05-01,2.01,OGG
2024-04-30,2.11,OGG
2024-04-29,2.25,OGG
2024-04-26,2.08,OGG
2024-04-25,2.06,OGG
2024-04-24,2.05,OGG
2024-04-23,2.11,OGG
2024-04-22,2.13,OGG
2024-04-19,2.23,OGG
2024-04-18,2.21,OGG
2024-04-17,2.23,OGG
2024-04-16,2.12,OGG
2024-04-15,2.27,OGG
2024-04-12,2.37,OGG
2024-04-11,2.44,OGG
2024-04-10,2.26,OGG
2024-04-09,2.29,OGG
2024-04-08,2.46,OGG
2024-04-05,2.5,OGG
2024-04-04,2.41,OGG
2024-04-03,2.432,OGG
2024-04-02,2.158,OGG
2024-04-01,2.13,OGG
2024-03-28,2.13,OGG
2024-03-27,2.2,OGG
2024-03-26,2.15,OGG
2024-03-25,2.16,OGG
2024-03-22,2.27,OGG
2024-03-21,2.28,OGG
2024-03-20,2.27,OGG
2024-03-19,2.15,OGG
2024-03-18,2.18,OGG
2024-03-15,2.22,OGG
2024-03-14,2.46,OGG
2024-03-13,2.5,OGG
2024-03-12,2.48,OGG
2024-03-11,2.52,OGG
2024-03-08,2.31,OGG
2024-03-07,2.28,OGG
2024-03-06,2.2,OGG
2024-03-05,2.19,OGG
2024-03-04,2.19,OGG
2024-03-01,2.12,OGG
2024-02-29,2.0,OGG
2024-02-28,2.03,OGG
2024-02-27,2.0,OGG
2024-02-26,1.99,OGG
2024-02-23,1.9,OGG
2024-02-22,1.94,OGG
2024-02-21,2.01,OGG
2024-02-20,2.18,OGG
2024-02-16,2.23,OGG
2024-02-15,2.24,OGG
2024-02-14,2.26,OGG
2024-02-13,2.32,OGG
2024-02-12,2.39,OGG
2024-02-09,2.44,OGG
2024-02-08,2.44,OGG
2024-02-07,2.44,OGG
2024-02-06,2.42,OGG
2024-02-05,2.49,OGG
2024-02-02,2.43,OGG
2024-02-01,2.58,OGG
2024-01-31,2.53,OGG
2024-01-30,2.48,OGG
2024-01-29,2.48,OGG
2024-01-26,2.57,OGG
2024-01-25,2.59,OGG
2024-01-24,2.58,OGG
2024-01-23,2.6,OGG
2024-01-22,2.57,OGG
2024-01-19,2.6,OGG
2024-01-18,2.6,OGG
2024-01-17,2.64,OGG
2024-01-16,2.68,OGG
2024-01-12,2.52,OGG
2024-01-11,2.49,OGG
2024-01-10,2.57,OGG
2024-01-09,2.58,OGG
2024-01-08,2.69,OGG
2024-01-05,2.85,OGG
2024-01-04,2.82,OGG
2024-01-03,2.91,OGG
2024-01-02,3.05,OGG
2023-12-29,2.91,OGG
2023-12-28,2.88,OGG
2023-12-27,2.95,OGG
2023-12-26,3.02,OGG
2023-12-22,3.02,OGG
2023-12-21,3.11,OGG
2023-12-20,2.78,OGG
2023-12-19,2.66,OGG
2023-12-18,2.63,OGG
2023-12-15,2.62,OGG
2023-12-14,2.61,OGG
2023-12-13,2.66,OGG
2023-12-12,2.56,OGG
2023-12-11,2.66,OGG
2023-12-08,2.72,OGG
2023-12-07,2.76,OGG
2023-12-06,2.74,OGG
2023-12-05,2.75,OGG
2023-12-04,2.8,OGG
2023-12-01,2.87,OGG
2023-11-30,2.84,OGG
2023-11-29,2.9,OGG
2023-11-28,2.95,OGG
2023-11-27,2.91,OGG
2023-11-24,2.99,OGG
2023-11-22,2.86,OGG
2023-11-21,2.97,OGG
2023-11-20,2.9,OGG
2023-11-17,2.9,OGG
2023-11-16,2.83,OGG
2023-11-15,2.85,OGG
2023-11-14,2.93,OGG
2023-11-13,2.8,OGG
2023-11-10,3.0,OGG
2023-11-09,3.07,OGG
2023-11-08,3.1,OGG
2023-11-07,3.1,OGG
2023-11-06,3.24,OGG
2023-11-03,3.23,OGG
2023-11-02,3.08,OGG
2023-11-01,3.08,OGG
2023-10-31,3.16,OGG
2023-10-30,3.25,OGG
2023-10-27,3.18,OGG
2023-10-26,3.17,OGG
2023-10-25,3.18,OGG
2023-10-24,3.19,OGG
2023-10-23,3.08,OGG
2023-10-20,3.23,OGG
2023-10-19,3.08,OGG
2023-10-18,3.19,OGG
2023-10-17,3.3,OGG
2023-10-16,3.32,OGG
2023-10-13,3.25,OGG
2023-10-12,3.18,OGG
2023-10-11,3.39,OGG
2023-10-10,3.46,OGG
2023-10-09,3.63,OGG
2023-10-06,3.63,OGG
2023-10-05,3.28,OGG
2023-10-04,3.35,OGG
2023-10-03,3.48,OGG
2023-10-02,2.92,OGG
2023-09-29,2.94,OGG
2023-09-28,3.05,OGG
2023-09-27,2.73,OGG
2023-09-26,2.64,OGG
2023-09-25,2.56,OGG
2023-09-22,2.67,OGG
2023-09-21,2.76,OGG
2023-09-20,2.94,OGG
2023-09-19,2.9,OGG
2023-09-18,3.0,OGG
2023-09-15,3.0,OGG
2023-09-14,3.01,OGG
2023-09-13,2.9,OGG
2023-09-12,2.88,OGG
2023-09-11,3.02,OGG
2023-09-08,3.07,OGG
2023-09-07,3.0,OGG
2023-09-06,3.2,OGG
2023-09-05,3.22,OGG
2023-09-01,3.24,OGG
2023-08-31,3.24,OGG
2023-08-30,3.29,OGG
2023-08-29,3.41,OGG
2023-08-28,3.39,OGG
2023-08-25,3.28,OGG
2023-08-24,3.31,OGG
2023-08-23,3.53,OGG
2023-08-22,3.37,OGG
2023-08-21,3.44,OGG
2023-08-18,3.65,OGG
2023-08-17,3.59,OGG
2023-08-16,3.69,OGG
2023-08-15,3.85,OGG
2023-08-14,3.96,OGG
2023-08-11,4.01,OGG
2023-08-10,4.08,OGG
2023-08-09,4.13,OGG
2023-08-08,4.27,OGG
2023-08-07,4.25,OGG
2023-08-04,4.22,OGG
2023-08-03,4.25,OGG
2023-08-02,4.24,OGG
2023-08-01,4.33,OGG
2023-07-31,4.34,OGG
2023-07-28,4.23,OGG
2023-07-27,4.16,OGG
2023-07-26,4.27,OGG
2023-07-25,4.31,OGG
2023-07-24,4.31,OGG
2023-07-21,4.33,OGG
2023-07-20,4.35,OGG
2023-07-19,4.52,OGG
2023-07-18,4.53,OGG
2023-07-17,4.41,OGG
2023-07-14,4.45,OGG
2023-07-13,4.6,OGG
2023-07-12,4.56,OGG
2023-07-11,4.43,OGG
2023-07-10,4.56,OGG
2023-07-07,4.48,OGG
2023-07-06,4.4,OGG
2023-07-05,4.61,OGG
2023-07-03,4.8,OGG
2023-06-30,4.59,OGG
2023-06-29,4.56,OGG
2023-06-28,4.43,OGG
2023-06-27,4.43,OGG
2023-06-26,4.4,OGG
2023-06-23,4.42,OGG
2023-06-22,4.33,OGG
2023-06-21,4.34,OGG
2023-06-20,4.38,OGG
2023-06-16,4.47,OGG
2023-06-15,4.42,OGG
2023-06-14,4.46,OGG
2023-06-13,4.44,OGG
2023-06-12,4.51,OGG
2023-06-09,4.52,OGG
2023-06-08,4.5,OGG
2023-06-07,4.56,OGG
2023-06-06,4.65,OGG
2023-06-05,4.57,OGG
2023-06-02,4.65,OGG
2023-06-01,4.67,OGG
2023-05-31,4.64,OGG
2023-05-30,4.59,OGG
2023-05-26,4.71,OGG
2023-05-25,4.7,OGG
2023-05-24,4.74,OGG
2023-05-23,4.88,OGG
2023-05-22,4.98,OGG
2023-05-19,4.94,OGG
2023-05-18,4.98,OGG
2023-05-17,4.86,OGG
2023-05-16,4.84,OGG
2023-05-15,4.94,OGG
2023-05-12,4.86,OGG
2023-05-11,4.93,OGG
2023-05-10,5.1,OGG
2023-05-09,5.21,OGG
2023-05-08,5.24,OGG
2023-05-05,5.39,OGG
2023-05-04,5.3,OGG
2023-05-03,5.28,OGG
2023-05-02,5.23,OGG
2023-05-01,5.28,OGG
2023-04-28,5.37,OGG
2023-04-27,5.32,OGG
2023-04-26,5.26,OGG
2023-04-25,5.31,OGG
2023-04-24,5.32,OGG
2023-04-21,5.27,OGG
2023-04-20,5.41,OGG
2023-04-19,5.31,OGG
2023-04-18,5.39,OGG
2023-04-17,5.29,OGG
2023-04-14,5.39,OGG
2023-04-13,5.69,OGG
2023-04-12,5.45,OGG
2023-04-11,5.17,OGG
2023-04-10,5.08,OGG
2023-04-06,4.89,OGG
2023-04-05,4.88,OGG
2023-04-04,4.98,OGG
2023-04-03,4.98,OGG
2023-03-31,4.9,OGG
2023-03-30,4.88,OGG
2023-03-29,4.86,OGG
2023-03-28,4.87,OGG
2023-03-27,4.93,OGG
2023-03-24,4.68,OGG
2023-03-23,4.65,OGG
2023-03-22,4.66,OGG
2023-03-21,4.58,OGG
2023-03-20,4.57,OGG
2023-03-17,4.52,OGG
2023-03-16,4.48,OGG
2023-03-15,4.43,OGG
2023-03-14,4.13,OGG
2023-03-13,4.11,OGG
2023-03-10,3.97,OGG
2023-03-09,4.0,OGG
2023-03-08,4.14,OGG
2023-03-07,4.12,OGG
2023-03-06,4.31,OGG
2023-03-03,4.4,OGG
2023-03-02,4.27,OGG
2023-03-01,4.28,OGG
2023-02-28,4.38,OGG
2023-02-27,4.14,OGG
2023-02-24,4.07,OGG
2023-02-23,4.23,OGG
2023-02-22,4.31,OGG
2023-02-21,4.28,OGG
2023-02-17,4.26,OGG
2023-02-16,4.28,OGG
2023-02-15,4.32,OGG
2023-02-14,4.47,OGG
2023-02-13,4.57,OGG
2023-02-10,4.6,OGG
2023-02-09,5.59,OGG
2023-02-08,5.57,OGG
2023-02-07,5.6,OGG
2023-02-06,5.7,OGG
2023-02-03,5.99,OGG
2023-02-02,6.15,OGG
2023-02-01,6.02,OGG
2023-01-31,5.82,OGG
2023-01-30,6.0,OGG
2023-01-27,5.7,OGG
2023-01-26,5.37,OGG
2023-01-25,4.93,OGG
2023-01-24,4.84,OGG
2023-01-23,4.82,OGG
2023-01-20,4.76,OGG
2023-01-19,4.62,OGG
2023-01-18,4.6,OGG
2023-01-17,4.67,OGG
2023-01-13,4.78,OGG
2023-01-12,4.8,OGG
2023-01-11,4.92,OGG
2023-01-10,4.94,OGG
2023-01-09,4.84,OGG
2023-01-06,4.81,OGG
2023-01-05,4.61,OGG
2023-01-04,4.43,OGG
2023-01-03,4.32,OGG
2022-12-30,4.3,OGG
2022-12-29,4.33,OGG
2022-12-28,4.43,OGG
2022-12-27,4.35,OGG
2022-12-23,4.35,OGG
2022-12-22,4.13,OGG
2022-12-21,4.23,OGG
2022-12-20,4.19,OGG
2022-12-19,4.13,OGG
2022-12-16,4.23,OGG
2022-12-15,4.18,OGG
2022-12-14,4.23,OGG
2022-12-13,4.2,OGG
2022-12-12,4.18,OGG
2022-12-09,4.29,OGG
2022-12-08,4.42,OGG
2022-12-07,4.54,OGG
2022-12-06,4.55,OGG
2022-12-05,4.6,OGG
2022-12-02,4.82,OGG
2022-12-01,4.81,OGG
2022-11-30,4.71,OGG
2022-11-29,4.62,OGG
2022-11-28,4.58,OGG
2022-11-25,4.7353,OGG
2022-11-23,4.68,OGG
2022-11-22,4.72,OGG
2022-11-21,4.65,OGG
2022-11-18,4.68,OGG
2022-11-17,4.81,OGG
2022-11-16,4.85,OGG
2022-11-15,4.71,OGG
2022-11-14,4.88,OGG
2022-11-11,4.87,OGG
2022-11-10,4.81,OGG
2022-11-09,4.54,OGG
2022-11-08,5.0,OGG
2022-11-07,4.76,OGG
2022-11-04,4.55,OGG
2022-11-03,4.06,OGG
2022-11-02,4.11,OGG
2022-11-01,4.13,OGG
2022-10-31,4.1,OGG
2022-10-28,4.2,OGG
2022-10-27,4.35,OGG
2022-10-26,4.42,OGG
2022-10-25,4.405,OGG
2022-10-24,4.27,OGG
2022-10-21,4.46,OGG
2022-10-20,4.21,OGG
2022-10-19,4.16,OGG
2022-10-18,4.19,OGG
2022-10-17,4.14,OGG
2022-10-14,4.01,OGG
2022-10-13,4.25,OGG
2022-10-12,4.29,OGG
2022-10-11,4.3,OGG
2022-10-10,4.36,OGG
2022-10-07,4.41,OGG
2022-10-06,4.53,OGG
2022-10-05,4.56,OGG
2022-10-04,4.74,OGG
2022-10-03,4.72,OGG
2022-09-30,4.55,OGG
2022-09-29,4.55,OGG
2022-09-28,4.6,OGG
2022-09-27,4.48,OGG
2022-09-26,4.46,OGG
2022-09-23,4.61,OGG
2022-09-22,4.89,OGG
2022-09-21,4.98,OGG
2022-09-20,5.03,OGG
2022-09-19,5.09,OGG
2022-09-16,5.15,OGG
2022-09-15,5.26,OGG
2022-09-14,5.58,OGG
2022-09-13,5.56,OGG
2022-09-12,6.08,OGG
2022-09-09,5.76,OGG
2022-09-08,5.17,OGG
2022-09-07,4.96,OGG
2022-09-06,4.75,OGG
2022-09-02,4.95,OGG
2022-09-01,4.75,OGG
2022-08-31,4.87,OGG
2022-08-30,4.96,OGG
2022-08-29,5.06,OGG
2022-08-26,4.97,OGG
2022-08-25,5.1,OGG
2022-08-24,5.14,OGG
2022-08-23,5.12,OGG
2022-08-22,5.07,OGG
2022-08-19,5.3,OGG
2022-08-18,5.9,OGG
2022-08-17,6.14,OGG
2022-08-16,6.85,OGG
2022-08-15,7.23,OGG
2022-08-12,6.08,OGG
2022-08-11,5.53,OGG
2022-08-10,5.82,OGG
2022-08-09,5.6,OGG
2022-08-08,5.33,OGG
2022-08-05,4.84,OGG
2022-08-04,4.35,OGG
2022-08-03,4.04,OGG
2022-08-02,4.01,OGG
2022-08-01,4.1601,OGG
2022-07-29,4.1601,OGG
2022-07-28,4.05,OGG
2022-07-27,3.86,OGG
2022-07-26,3.86,OGG
2022-07-25,3.96,OGG
2022-07-22,4.05,OGG
2022-07-21,4.08,OGG
2022-07-20,4.23,OGG
2022-07-19,4.21,OGG
2022-07-18,4.22,OGG
2022-07-15,4.24,OGG
2022-07-14,4.26,OGG
2022-07-13,4.53,OGG
2022-07-12,4.41,OGG
2022-07-11,4.53,OGG
2022-07-08,4.65,OGG
2022-07-07,4.79,OGG
2022-07-06,4.85,OGG
2022-07-05,4.99,OGG
2022-07-01,4.86,OGG
2022-06-30,4.8,OGG
2022-06-29,5.25,OGG
2022-06-28,5.115,OGG
2022-06-27,5.36,OGG
2022-06-24,5.37,OGG
2022-06-23,5.32,OGG
2022-06-22,5.5,OGG
2022-06-21,5.9,OGG
2022-06-17,5.9,OGG
2022-06-16,5.94,OGG
2022-06-15,6.09,OGG
2022-06-14,6.13,OGG
2022-06-13,6.44,OGG
2022-06-10,6.786,OGG
2022-06-09,6.72,OGG
2022-06-08,6.84,OGG
2022-06-07,6.8,OGG
2022-06-06,6.8,OGG
2022-06-03,6.91,OGG
2022-06-02,6.96,OGG
2022-06-01,7.02,OGG
2022-05-31,7.3,OGG
2022-05-27,7.15,OGG
2022-05-26,7.6,OGG
2022-05-25,7.6065,OGG
2022-05-24,7.985,OGG
2022-05-23,8.1,OGG
2022-05-20,7.91,OGG
2022-05-19,7.96,OGG
2022-05-18,7.96,OGG
2022-05-17,7.9955,OGG
2022-05-16,7.8,OGG
2022-05-13,8.352,OGG
2022-05-12,8.27,OGG
2022-05-11,8.97,OGG
2022-05-10,8.8,OGG
2022-05-09,9.2,OGG
2022-05-06,9.5,OGG
2022-05-05,9.89,OGG
2022-05-04,10.105,OGG
2022-05-03,9.7801,OGG
2022-05-02,9.4861,OGG
2022-04-29,9.7501,OGG
2022-04-28,9.8851,OGG
2022-04-27,9.5101,OGG
2022-04-26,9.5941,OGG
2022-04-25,9.5401,OGG
2022-04-22,10.0501,OGG
2022-04-21,10.312,OGG
2022-04-20,10.9201,OGG
2022-04-19,10.7101,OGG
2022-04-18,11.3101,OGG
2022-04-14,10.2001,OGG
2022-04-13,9.8341,OGG
2022-04-12,9.7801,OGG
2022-04-11,9.5401,OGG
2022-04-08,9.7201,OGG
2022-04-07,9.6601,OGG
2022-04-06,9.6601,OGG
2022-04-05,9.8101,OGG
2022-04-04,9.8101,OGG
2022-04-01,9.9601,OGG
2022-03-31,10.0801,OGG
2022-03-30,10.1701,OGG
2022-03-29,10.1101,OGG
2022-03-28,10.1812,OGG
2022-03-25,10.1701,OGG
2022-03-24,10.1701,OGG
2022-03-23,10.0201,OGG
2022-03-22,9.9901,OGG
2022-03-21,9.9601,OGG
2022-03-18,9.9001,OGG
2022-03-17,9.9901,OGG
2022-03-16,9.9901,OGG
2022-03-15,9.6601,OGG
2022-03-14,9.9421,OGG
2022-03-11,10.4701,OGG
2022-03-10,10.3051,OGG
2022-03-09,10.3201,OGG
2022-03-08,10.5301,OGG
2022-03-07,10.5901,OGG
2022-03-04,10.6801,OGG
2022-03-03,11.2051,OGG
2022-03-02,10.7212,OGG
2022-03-01,10.5601,OGG
2022-02-28,10.4701,OGG
2022-02-25,10.4401,OGG
2022-02-24,10.2901,OGG
2022-02-23,10.4401,OGG
2022-02-22,10.2001,OGG
2022-02-18,10.6801,OGG
2022-02-17,10.9801,OGG
2022-02-16,10.5001,OGG
2022-02-15,10.3801,OGG
2022-02-14,10.4401,OGG
2022-02-11,10.6201,OGG
2022-02-10,10.3801,OGG
2022-02-09,10.4701,OGG
2022-02-08,10.5001,OGG
2022-02-07,11.796,OGG
2022-02-04,11.7001,OGG
2022-02-03,10.8151,OGG
2022-02-02,10.1701,OGG
2022-02-01,10.2901,OGG
2022-01-31,10.3501,OGG
2022-01-28,9.9451,OGG
2022-01-27,10.2601,OGG
2022-01-26,10.5001,OGG
2022-01-25,10.8901,OGG
2022-01-24,10.3501,OGG
2022-01-21,11.3701,OGG
2022-01-20,11.9401,OGG
2022-01-19,11.9401,OGG
2022-01-18,11.9221,OGG
2022-01-14,10.7941,OGG
2022-01-13,10.8901,OGG
2022-01-12,10.4251,OGG
2022-01-11,9.9901,OGG
2022-01-10,9.8401,OGG
2022-01-07,9.9301,OGG
2022-01-06,9.9451,OGG
2022-01-05,9.6601,OGG
2022-01-04,9.9001,OGG
2022-01-03,9.6001,OGG
2021-12-31,9.6601,OGG
2021-12-30,9.4801,OGG
2021-12-29,9.6301,OGG
2021-12-28,10.2901,OGG
2021-12-27,10.0246,OGG
2021-12-23,10.2901,OGG
2021-12-22,9.757,OGG
2021-12-21,9.7801,OGG
2021-12-20,9.5701,OGG
2021-12-17,9.9001,OGG
2021-12-16,10.0801,OGG
2021-12-15,9.9001,OGG
2021-12-14,10.0201,OGG
2021-12-13,10.1851,OGG
2021-12-10,10.4101,OGG
2021-12-09,10.2901,OGG
2021-12-08,10.3201,OGG
2021-12-07,10.2001,OGG
2021-12-06,10.2901,OGG
2021-12-03,10.6501,OGG
2021-12-02,10.5901,OGG
2021-12-01,10.9501,OGG
2021-11-30,11.4901,OGG
2021-11-29,11.6101,OGG
2021-11-26,11.9101,OGG
2021-11-24,12.2101,OGG
2021-11-23,12.0901,OGG
2021-11-22,12.1801,OGG
2021-11-19,12.5401,OGG
2021-11-18,12.4201,OGG
2021-11-17,12.7501,OGG
2021-11-16,12.7801,OGG
2021-11-15,13.1401,OGG
2021-11-12,13.1701,OGG
2021-11-11,12.9001,OGG
2021-11-10,12.4801,OGG
2021-11-09,12.4201,OGG
2021-11-08,12.4801,OGG
2021-11-05,12.6001,OGG
2021-11-04,12.5101,OGG
2021-11-03,12.6601,OGG
2021-11-02,12.4801,OGG
2021-11-01,12.3301,OGG
2021-10-29,12.5401,OGG
2021-10-28,12.9601,OGG
2021-10-27,13.2001,OGG
2021-10-26,13.2964,OGG
2021-10-25,13.3186,OGG
2021-10-22,13.5511,OGG
2021-10-21,13.1701,OGG
2021-10-20,13.2901,OGG
2021-10-19,13.5601,OGG
2021-10-18,13.3801,OGG
2021-10-15,13.4101,OGG
2021-10-14,13.8301,OGG
2021-10-13,13.2901,OGG
2021-10-12,12.8101,OGG
2021-10-11,12.9001,OGG
2021-10-08,12.9001,OGG
2021-10-07,12.3181,OGG
2021-10-06,12.1501,OGG
2021-10-05,12.1801,OGG
2021-10-04,12.154,OGG
2021-10-01,12.0901,OGG
2021-09-30,11.9401,OGG
2021-09-29,11.8201,OGG
2021-09-28,11.9701,OGG
2021-09-27,12.4501,OGG
2021-09-24,12.2101,OGG
2021-09-23,12.3001,OGG
2021-09-22,12.2701,OGG
2021-09-21,12.1501,OGG
2021-09-20,12.3001,OGG
2021-09-17,12.7801,OGG
2021-09-16,12.8701,OGG
2021-09-15,12.7501,OGG
2021-09-14,12.5776,OGG
2021-09-13,12.8551,OGG
2021-09-10,12.4951,OGG
2021-09-09,13.0501,OGG
2021-09-08,13.0501,OGG
2021-09-07,13.2601,OGG
2021-09-03,13.4101,OGG
2021-09-02,13.0201,OGG
2021-09-01,12.2701,OGG
2021-08-31,12.1501,OGG
2021-08-30,12.0301,OGG
2021-08-27,12.1501,OGG
2021-08-26,12.0001,OGG
2021-08-25,12.2401,OGG
2021-08-24,12.6301,OGG
2021-08-23,12.2701,OGG
2021-08-20,12.0928,OGG
2021-08-19,12.1501,OGG
2021-08-18,13.4101,OGG
2021-08-17,13.7401,OGG
2021-08-16,13.8151,OGG
2021-08-13,13.5601,OGG
2021-08-12,13.5001,OGG
2021-08-11,13.9501,OGG
2021-08-10,13.7401,OGG
2021-08-09,14.4601,OGG
2021-08-06,14.7001,OGG
2021-08-05,14.8501,OGG
2021-08-04,14.539,OGG
2021-08-03,14.9701,OGG
2021-08-02,14.7001,OGG
2021-07-30,14.7001,OGG
2021-07-29,15.242,OGG
2021-07-28,15.0002,OGG
2021-07-27,15.1634,OGG
2021-07-26,15.0302,OGG
2021-07-23,15.1949,OGG
2021-07-22,15.0602,OGG
2021-07-21,15.0002,OGG
2021-07-20,15.2102,OGG
2021-07-19,14.5501,OGG
2021-07-16,15.4502,OGG
2021-07-15,15.7352,OGG
2021-07-14,15.9302,OGG
2021-07-13,15.9302,OGG
2021-07-12,16.0202,OGG
2021-07-09,16.2002,OGG
2021-07-08,16.0502,OGG
2021-07-07,16.2302,OGG
2021-07-06,16.2902,OGG
2021-07-02,16.5602,OGG
2021-07-01,18.6002,OGG
2021-06-30,16.9502,OGG
2021-06-29,16.7102,OGG
2021-06-28,17.0402,OGG
2021-06-25,17.0702,OGG
2021-06-24,17.4002,OGG
2021-06-23,17.1602,OGG
2021-06-22,17.0402,OGG
2021-06-21,17.4002,OGG
2021-06-18,17.2502,OGG
2021-06-17,17.1002,OGG
2021-06-16,17.216,OGG
2021-06-15,17.5585,OGG
2021-06-14,17.5502,OGG
2021-06-11,17.4827,OGG
2021-06-10,17.8719,OGG
2021-06-09,17.7002,OGG
2021-06-08,18.0902,OGG
2021-06-07,18.0602,OGG
2021-06-04,18.1202,OGG
2021-06-03,17.8802,OGG
2021-06-02,18.0602,OGG
2021-06-01,18.1502,OGG
2021-05-28,17.9402,OGG
2021-05-27,17.8202,OGG
2021-05-26,18.0002,OGG
2021-05-25,18.3002,OGG
2021-05-24,18.4502,OGG
2021-05-21,18.3002,OGG
2021-05-20,18.3002,OGG
2021-05-19,18.3923,OGG
2021-05-18,18.6002,OGG
2021-05-17,18.4052,OGG
2021-05-14,18.0002,OGG
2021-05-13,17.8502,OGG
2021-05-12,18.2402,OGG
2021-05-11,18.4202,OGG
2021-05-10,18.3302,OGG
2021-05-07,18.8702,OGG
2021-05-06,17.7002,OGG
2021-05-05,17.1002,OGG
2021-05-04,17.8502,OGG
2021-05-03,17.1002,OGG
2021-04-30,17.4599,OGG
2021-04-29,17.4002,OGG
2021-04-28,17.5327,OGG
2021-04-27,17.3894,OGG
2021-04-26,17.4422,OGG
2021-04-23,17.3102,OGG
2021-04-22,17.1602,OGG
2021-04-21,17.3402,OGG
2021-04-20,17.4002,OGG
2021-04-19,17.7002,OGG
2021-04-16,17.7827,OGG
2021-04-15,17.5283,OGG
2021-04-14,17.1002,OGG
2021-04-13,17.4488,OGG
2021-04-12,17.7542,OGG
2021-04-09,17.7542,OGG
2021-04-08,17.7302,OGG
2021-04-07,17.0714,OGG
2021-04-06,17.7002,OGG
2021-04-05,17.7002,OGG
2021-04-01,17.7302,OGG
2021-03-31,17.2502,OGG
2021-03-30,17.2502,OGG
2021-03-29,17.2802,OGG
2021-03-26,18.1202,OGG
2021-03-25,18.1202,OGG
2021-03-24,17.4002,OGG
2021-03-23,17.7002,OGG
2021-03-22,17.6102,OGG
2021-03-19,17.8802,OGG
2021-03-18,17.9702,OGG
2021-03-17,18.1232,OGG
2021-03-16,18.0347,OGG
2021-03-15,18.0602,OGG
2021-03-12,18.1895,OGG
2021-03-11,18.3302,OGG
2021-03-10,18.3002,OGG
2021-03-09,19.3502,OGG
2021-03-08,18.9002,OGG
2021-03-05,18.9302,OGG
2021-03-04,18.7502,OGG
2021-03-03,18.6002,OGG
2021-03-02,18.3002,OGG
2021-03-01,19.5002,OGG
2021-02-26,18.5924,OGG
2021-02-25,18.7502,OGG
2021-02-24,19.8002,OGG
2021-02-23,20.1302,OGG
2021-02-22,19.7402,OGG
2021-02-19,19.7015,OGG
2021-02-18,19.7102,OGG
2021-02-17,19.5002,OGG
2021-02-16,20.7002,OGG
2021-02-12,20.6102,OGG
2021-02-11,21.6002,OGG
2021-02-10,20.2502,OGG
2021-02-09,20.6102,OGG
2021-02-08,19.9502,OGG
2021-02-05,19.6202,OGG
2021-02-04,19.2002,OGG
2021-02-03,18.3602,OGG
2021-02-02,18.3602,OGG
2021-02-01,18.3002,OGG
2021-01-29,18.3002,OGG
2021-01-28,17.8352,OGG
2021-01-27,18.4502,OGG
2021-01-26,18.9002,OGG
2021-01-25,19.2002,OGG
2021-01-22,19.4756,OGG
2021-01-21,19.6502,OGG
2021-01-20,20.2502,OGG
2021-01-19,19.1402,OGG
2021-01-15,19.2002,OGG
2021-01-14,18.9002,OGG
2021-01-13,19.2002,OGG
2021-01-12,19.0502,OGG
2021-01-11,18.8173,OGG
2021-01-08,19.5002,OGG
2021-01-07,19.8995,OGG
2021-01-06,19.2602,OGG
2021-01-05,19.7102,OGG
2021-01-04,18.7202,OGG
2020-12-31,18.0002,OGG
2020-12-30,17.6102,OGG
2020-12-29,17.9402,OGG
2020-12-28,21.6002,OGG
2020-12-24,17.9672,OGG
2020-12-23,17.9861,OGG
2020-12-22,17.7002,OGG
2020-12-21,17.9036,OGG
2020-12-18,20.5502,OGG
2020-12-17,17.9702,OGG
2020-12-16,17.6213,OGG
2020-12-15,17.5655,OGG
2020-12-14,17.396,OGG
2020-12-11,17.491,OGG
2020-12-10,17.5802,OGG
2020-12-09,17.3714,OGG
2020-12-08,17.4899,OGG
2020-12-07,17.6102,OGG
2020-12-04,17.6102,OGG
2020-12-03,17.4587,OGG
2020-12-02,0.0165,OGG
2020-12-01,0.0165,OGG
2020-11-30,0.0165,OGG
2020-11-27,0.0165,OGG
2020-11-25,0.0165,OGG
2020-11-24,0.0165,OGG
2020-11-23,0.0165,OGG
2020-11-20,0.0165,OGG
2020-11-19,0.0165,OGG
2020-11-18,0.0165,OGG
2020-11-17,0.0165,OGG
2020-11-16,0.0165,OGG
2020-11-13,0.0165,OGG
2020-11-12,0.0165,OGG
2020-11-11,0.0165,OGG
2020-11-10,0.0165,OGG
2020-11-09,0.0165,OGG
2020-11-06,0.0165,OGG
2020-11-05,0.0165,OGG
2020-11-04,0.0165,OGG
2020-11-03,0.0165,OGG
2020-11-02,0.0165,OGG
2020-10-30,0.0165,OGG
2020-10-29,0.0165,OGG
2020-10-28,0.0165,OGG
2020-10-27,0.0165,OGG
2020-10-26,0.0165,OGG
2020-10-23,0.0165,OGG
2020-10-22,0.0165,OGG
2020-10-21,0.0165,OGG
2020-10-20,0.0165,OGG
2020-10-19,0.0165,OGG
2020-10-16,0.0165,OGG
2020-10-15,0.0165,OGG
2020-10-14,0.0165,OGG
2020-10-13,0.0165,OGG
2020-10-12,0.0165,OGG
2020-10-09,0.0165,OGG
2020-10-08,0.0165,OGG
2020-10-07,0.0165,OGG
2020-10-06,0.0165,OGG
2020-10-05,0.0165,OGG
2020-10-02,0.0165,OGG
2020-10-01,0.0165,OGG
2020-09-30,0.0165,OGG
2020-09-29,0.0165,OGG
2020-09-28,0.0165,OGG
2020-09-25,0.0165,OGG
2020-09-24,0.0165,OGG
2020-09-23,0.0165,OGG
2020-09-22,0.0165,OGG
2020-09-21,0.0165,OGG
2020-09-18,0.0165,OGG
2020-09-17,0.0165,OGG
2020-09-16,0.0165,OGG
2020-09-15,0.0165,OGG
2020-09-14,0.0165,OGG
2020-09-11,0.0165,OGG
2020-09-10,0.0165,OGG
2020-09-09,0.0165,OGG
2020-09-08,0.0165,OGG
2020-09-04,0.0165,OGG
2020-09-03,0.0165,OGG
2020-09-02,0.0165,OGG
2020-09-01,0.0165,OGG
2020-08-31,0.0165,OGG
2020-08-28,0.0165,OGG
2020-08-27,0.0165,OGG
2020-08-26,0.0165,OGG
2020-08-25,0.0165,OGG
2020-08-24,0.0165,OGG
2020-08-21,0.0165,OGG
2020-08-20,0.0165,OGG
2020-08-19,0.0165,OGG
2020-08-18,0.0165,OGG
2020-08-17,0.0165,OGG
2020-08-14,0.0165,OGG
2020-08-13,0.0165,OGG
2026-09-25,22.56,CGAU
2026-09-24,22.78,CGAU
2026-09-23,22.61,CGAU
2026-09-22,23.47,CGAU
2026-09-21,22.95,CGAU
2026-09-18,23.02,CGAU
2026-09-17,22.75,CGAU
2026-09-16,21.92,CGAU
2026-09-15,22.08,CGAU
2026-09-14,21.78,CGAU
2026-09-11,22.63,CGAU
2026-09-10,22.6,CGAU
2026-09-09,23.3,CGAU
2026-09-08,22.84,CGAU
2026-09-04,22.92,CGAU
2026-09-03,23.04,CGAU
2026-09-02,22.26,CGAU
2026-09-01,21.78,CGAU
2026-08-31,22.92,CGAU
2026-08-28,23.44,CGAU
2026-08-27,24.25,CGAU
2026-08-26,23.71,CGAU
2026-08-25,24.18,CGAU
2026-08-24,23.48,CGAU
2026-08-21,23.75,CGAU
2026-08-20,23.49,CGAU
2026-08-19,22.6,CGAU
2026-08-18,21.28,CGAU
2026-08-17,21.92,CGAU
2026-08-14,21.51,CGAU
2026-08-13,21.24,CGAU
2026-08-12,21.74,CGAU
2026-08-11,21.68,CGAU
2026-08-10,21.33,CGAU
2026-08-07,21.24,CGAU
2026-08-06,19.81,CGAU
2026-08-05,19.46,CGAU
2026-08-04,18.15,CGAU
2026-08-03,17.61,CGAU
2026-07-31,17.19,CGAU
2026-07-30,18.32,CGAU
2026-07-29,17.03,CGAU
2026-07-28,16.07,CGAU
2026-07-27,16.47,CGAU
2026-07-24,16.19,CGAU
2026-07-23,16.3,CGAU
2026-07-22,16.72,CGAU
2026-07-21,16.05,CGAU
2026-07-20,15.19,CGAU
2026-07-17,15.09,CGAU
2026-07-16,15.24,CGAU
2026-07-15,15.71,CGAU
2026-07-14,16.02,CGAU
2026-07-13,15.87,CGAU
2026-07-10,16.22,CGAU
2026-07-09,16.21,CGAU
2026-07-08,15.62,CGAU
2026-07-07,16.19,CGAU
2026-07-06,16.51,CGAU
2026-07-02,16.58,CGAU
2026-07-01,15.54,CGAU
2026-06-30,15.86,CGAU
2026-06-29,16.15,CGAU
2026-06-26,16.19,CGAU
2026-06-25,15.81,CGAU
2026-06-24,15.52,CGAU
2026-06-23,16.02,CGAU
2026-06-22,16.59,CGAU
2026-06-18,16.57,CGAU
2026-06-17,17.41,CGAU
2026-06-16,17.65,CGAU
2026-06-15,16.95,CGAU
2026-06-12,16.14,CGAU
2026-06-11,15.62,CGAU
2026-06-10,14.74,CGAU
2026-06-09,15.4,CGAU
2026-06-08,15.57,CGAU
2026-06-05,15.27,CGAU
2026-06-04,16.89,CGAU
2026-06-03,16.75,CGAU
2026-06-02,17.43,CGAU
2026-06-01,17.12,CGAU
2026-05-29,17.67,CGAU
2026-05-28,17.05,CGAU
2026-05-27,16.84,CGAU
2026-05-26,17.42,CGAU
2026-05-22,16.47,CGAU
2026-05-21,16.61,CGAU
2026-05-20,16.71,CGAU
2026-05-19,16.31,CGAU
2026-05-18,17.06,CGAU
2026-05-15,17.11,CGAU
2026-05-14,18.42,CGAU
2026-05-13,18.88,CGAU
2026-05-12,18.85,CGAU
2026-05-11,18.73,CGAU
2026-05-08,18.39,CGAU
2026-05-07,17.79,CGAU
2026-05-06,18.01,CGAU
2026-05-05,16.83,CGAU
2026-05-04,16.69,CGAU
2026-05-01,17.27,CGAU
2026-04-30,17.42,CGAU
2026-04-29,17.47,CGAU
2026-04-28,18.04,CGAU
2026-04-27,18.82,CGAU
2026-04-24,18.97,CGAU
2026-04-23,18.66,CGAU
2026-04-22,18.92,CGAU
2026-04-21,18.3,CGAU
2026-04-20,19.96,CGAU
2026-04-17,20.03,CGAU
2026-04-16,19.17,CGAU
2026-04-15,19.37,CGAU
2026-04-14,19.79,CGAU
2026-04-13,19.56,CGAU
2026-04-10,19.46,CGAU
2026-04-09,19.21,CGAU
2026-04-08,18.99,CGAU
2026-04-07,18.6,CGAU
2026-04-06,18.29,CGAU
2026-04-02,18.3,CGAU
2026-04-01,18.41,CGAU
2026-03-31,17.79,CGAU
2026-03-30,16.69,CGAU
2026-03-27,16.77,CGAU
2026-03-26,16.29,CGAU
2026-03-25,16.94,CGAU
2026-03-24,16.38,CGAU
2026-03-23,16.37,CGAU
2026-03-20,15.81,CGAU
2026-03-19,16.52,CGAU
2026-03-18,17.43,CGAU
2026-03-17,18.45,CGAU
2026-03-16,18.28,CGAU
2026-03-13,17.64,CGAU
2026-03-12,18.54,CGAU
2026-03-11,18.88,CGAU
2026-03-10,19.4,CGAU
2026-03-09,18.93,CGAU
2026-03-06,18.72,CGAU
2026-03-05,18.43,CGAU
2026-03-04,19.36,CGAU
2026-03-03,19.52,CGAU
2026-03-02,20.65,CGAU
2026-02-27,21.03,CGAU
2026-02-26,20.07,CGAU
2026-02-25,19.18,CGAU
2026-02-24,19.27,CGAU
2026-02-23,18.78,CGAU
2026-02-20,19.05,CGAU
2026-02-19,18.98,CGAU
2026-02-18,18.74,CGAU
2026-02-17,18.41,CGAU
2026-02-13,18.85,CGAU
2026-02-12,17.82,CGAU
2026-02-11,19.84,CGAU
2026-02-10,18.94,CGAU
2026-02-09,18.59,CGAU
2026-02-06,17.33,CGAU
2026-02-05,16.46,CGAU
2026-02-04,17.48,CGAU
2026-02-03,17.51,CGAU
2026-02-02,16.97,CGAU
2026-01-30,16.76,CGAU
2026-01-29,19.52,CGAU
2026-01-28,20.05,CGAU
2026-01-27,19.52,CGAU
2026-01-26,18.93,CGAU
2026-01-23,18.36,CGAU
2026-01-22,18.1,CGAU
2026-01-21,17.61,CGAU
2026-01-20,18.1,CGAU
2026-01-16,16.13,CGAU
2026-01-15,16.06,CGAU
2026-01-14,15.96,CGAU
2026-01-13,16.07,CGAU
2026-01-12,15.9,CGAU
2026-01-09,15.36,CGAU
2026-01-08,15.47,CGAU
2026-01-07,15.46,CGAU
2026-01-06,15.35,CGAU
2026-01-05,14.77,CGAU
2026-01-02,14.14,CGAU
2025-12-31,14.37,CGAU
2025-12-30,14.49,CGAU
2025-12-29,14.36,CGAU
2025-12-26,15.17,CGAU
2025-12-24,15.17,CGAU
2025-12-23,15.03,CGAU
2025-12-22,14.98,CGAU
2025-12-19,14.51,CGAU
2025-12-18,13.95,CGAU
2025-12-17,13.81,CGAU
2025-12-16,13.98,CGAU
2025-12-15,14.19,CGAU
2025-12-12,14.19,CGAU
2025-12-11,14.28,CGAU
2025-12-10,13.84,CGAU
2025-12-09,13.37,CGAU
2025-12-08,13.08,CGAU
2025-12-05,13.21,CGAU
2025-12-04,13.3,CGAU
2025-12-03,13.12,CGAU
2025-12-02,13.07,CGAU
2025-12-01,13.28,CGAU
2025-11-28,13.28,CGAU
2025-11-26,12.93,CGAU
2025-11-25,12.36,CGAU
2025-11-24,12.26,CGAU
2025-11-21,11.6,CGAU
2025-11-20,11.47,CGAU
2025-11-19,12.02,CGAU
2025-11-18,11.97,CGAU
2025-11-17,11.81,CGAU
2025-11-14,12.03,CGAU
2025-11-13,12.15,CGAU
2025-11-12,12.43,CGAU
2025-11-11,12.12,CGAU
2025-11-10,12.04,CGAU
2025-11-07,11.41,CGAU
2025-11-06,11.35,CGAU
2025-11-05,11.37,CGAU
2025-11-04,11.18,CGAU
2025-11-03,11.79,CGAU
2025-10-31,11.73,CGAU
2025-10-30,11.8,CGAU
2025-10-29,11.24,CGAU
2025-10-28,11.01,CGAU
2025-10-27,10.83,CGAU
2025-10-24,11.16,CGAU
2025-10-23,11.28,CGAU
2025-10-22,11.03,CGAU
2025-10-21,10.86,CGAU
2025-10-20,12.13,CGAU
2025-10-17,11.85,CGAU
2025-10-16,12.68,CGAU
2025-10-15,12.49,CGAU
2025-10-14,11.81,CGAU
2025-10-13,11.9,CGAU
2025-10-10,11.35,CGAU
2025-10-09,11.19,CGAU
2025-10-08,11.76,CGAU
2025-10-07,11.41,CGAU
2025-10-06,11.61,CGAU
2025-10-03,11.37,CGAU
2025-10-02,11.33,CGAU
2025-10-01,11.25,CGAU
2025-09-30,10.73,CGAU
2025-09-29,10.4,CGAU
2025-09-26,10.26,CGAU
2025-09-25,9.92,CGAU
2025-09-24,9.78,CGAU
2025-09-23,9.82,CGAU
2025-09-22,9.66,CGAU
2025-09-19,9.54,CGAU
2025-09-18,9.23,CGAU
2025-09-17,9.17,CGAU
2025-09-16,9.04,CGAU
2025-09-15,9.24,CGAU
2025-09-12,9.25,CGAU
2025-09-11,9.17,CGAU
2025-09-10,8.96,CGAU
2025-09-09,8.85,CGAU
2025-09-08,8.89,CGAU
2025-09-05,8.64,CGAU
2025-09-04,8.31,CGAU
2025-09-03,8.44,CGAU
2025-09-02,8.46,CGAU
2025-08-29,8.17,CGAU
2025-08-28,7.83,CGAU
2025-08-27,7.8,CGAU
2025-08-26,7.86,CGAU
2025-08-25,7.67,CGAU
2025-08-22,7.75,CGAU
2025-08-21,7.4,CGAU
2025-08-20,7.26,CGAU
2025-08-19,7.09,CGAU
2025-08-18,7.29,CGAU
2025-08-15,7.27,CGAU
2025-08-14,7.01,CGAU
2025-08-13,7.05,CGAU
2025-08-12,7.14,CGAU
2025-08-11,7.03,CGAU
2025-08-08,7.03,CGAU
2025-08-07,7.54,CGAU
2025-08-06,7.46,CGAU
2025-08-05,7.31,CGAU
2025-08-04,7.19,CGAU
2025-08-01,6.94,CGAU
2025-07-31,6.8,CGAU
2025-07-30,6.84,CGAU
2025-07-29,7.11,CGAU
2025-07-28,7.19,CGAU
2025-07-25,7.35,CGAU
2025-07-24,7.44,CGAU
2025-07-23,7.54,CGAU
2025-07-22,7.68,CGAU
2025-07-21,7.51,CGAU
2025-07-18,7.0,CGAU
2025-07-17,7.12,CGAU
2025-07-16,7.24,CGAU
2025-07-15,7.24,CGAU
2025-07-14,7.23,CGAU
2025-07-11,7.31,CGAU
2025-07-10,7.18,CGAU
2025-07-09,7.15,CGAU
2025-07-08,7.07,CGAU
2025-07-07,7.37,CGAU
2025-07-03,7.52,CGAU
2025-07-02,7.43,CGAU
2025-07-01,7.27,CGAU
2025-06-30,7.21,CGAU
2025-06-27,7.06,CGAU
2025-06-26,7.31,CGAU
2025-06-25,7.11,CGAU
2025-06-24,7.05,CGAU
2025-06-23,7.24,CGAU
2025-06-20,7.1,CGAU
2025-06-18,7.07,CGAU
2025-06-17,7.1,CGAU
2025-06-16,7.15,CGAU
2025-06-13,7.25,CGAU
2025-06-12,7.23,CGAU
2025-06-11,7.05,CGAU
2025-06-10,7.05,CGAU
2025-06-09,7.24,CGAU
2025-06-06,7.11,CGAU
2025-06-05,7.55,CGAU
2025-06-04,7.58,CGAU
2025-06-03,7.56,CGAU
2025-06-02,7.53,CGAU
2025-05-30,7.13,CGAU
2025-05-29,7.14,CGAU
2025-05-28,7.17,CGAU
2025-05-27,7.04,CGAU
2025-05-23,6.95,CGAU
2025-05-22,6.77,CGAU
2025-05-21,6.88,CGAU
2025-05-20,6.73,CGAU
2025-05-19,6.6,CGAU
2025-05-16,6.49,CGAU
2025-05-15,6.53,CGAU
2025-05-14,6.45,CGAU
2025-05-13,6.6,CGAU
2025-05-12,6.64,CGAU
2025-05-09,7.28,CGAU
2025-05-08,7.1,CGAU
2025-05-07,7.29,CGAU
2025-05-06,7.49,CGAU
2025-05-05,6.48,CGAU
2025-05-02,6.38,CGAU
2025-05-01,6.4,CGAU
2025-04-30,6.7,CGAU
2025-04-29,6.6,CGAU
2025-04-28,6.69,CGAU
2025-04-25,6.63,CGAU
2025-04-24,6.74,CGAU
2025-04-23,6.69,CGAU
2025-04-22,6.83,CGAU
2025-04-21,7.03,CGAU
2025-04-17,6.9,CGAU
2025-04-16,7.03,CGAU
2025-04-15,6.83,CGAU
2025-04-14,6.77,CGAU
2025-04-11,6.61,CGAU
2025-04-10,6.25,CGAU
2025-04-09,6.02,CGAU
2025-04-08,5.52,CGAU
2025-04-07,5.61,CGAU
2025-04-04,5.61,CGAU
2025-04-03,6.21,CGAU
2025-04-02,6.29,CGAU
2025-04-01,6.28,CGAU
2025-03-31,6.35,CGAU
2025-03-28,6.34,CGAU
2025-03-27,6.41,CGAU
2025-03-26,6.28,CGAU
2025-03-25,6.33,CGAU
2025-03-24,6.1,CGAU
2025-03-21,6.09,CGAU
2025-03-20,6.24,CGAU
2025-03-19,6.23,CGAU
2025-03-18,6.14,CGAU
2025-03-17,5.98,CGAU
2025-03-14,5.84,CGAU
2025-03-13,5.81,CGAU
2025-03-12,5.66,CGAU
2025-03-11,5.66,CGAU
2025-03-10,5.5,CGAU
2025-03-07,5.76,CGAU
2025-03-06,5.91,CGAU
2025-03-05,5.91,CGAU
2025-03-04,5.69,CGAU
2025-03-03,5.69,CGAU
2025-02-28,5.75,CGAU
2025-02-27,5.69,CGAU
2025-02-26,6.0,CGAU
2025-02-25,5.96,CGAU
2025-02-24,6.12,CGAU
2025-02-21,6.18,CGAU
2025-02-20,6.65,CGAU
2025-02-19,6.45,CGAU
2025-02-18,6.43,CGAU
2025-02-14,6.37,CGAU
2025-02-13,6.61,CGAU
2025-02-12,6.66,CGAU
2025-02-11,6.64,CGAU
2025-02-10,6.93,CGAU
2025-02-07,6.79,CGAU
2025-02-06,6.74,CGAU
2025-02-05,6.79,CGAU
2025-02-04,6.6,CGAU
2025-02-03,6.36,CGAU
2025-01-31,6.24,CGAU
2025-01-30,6.32,CGAU
2025-01-29,6.09,CGAU
2025-01-28,6.04,CGAU
2025-01-27,5.98,CGAU
2025-01-24,6.12,CGAU
2025-01-23,6.02,CGAU
2025-01-22,6.06,CGAU
2025-01-21,6.01,CGAU
2025-01-17,5.82,CGAU
2025-01-16,5.84,CGAU
2025-01-15,5.81,CGAU
2025-01-14,6.01,CGAU
2025-01-13,5.75,CGAU
2025-01-10,5.82,CGAU
2025-01-08,5.85,CGAU
2025-01-07,5.8,CGAU
2025-01-06,5.73,CGAU
2025-01-03,5.79,CGAU
2025-01-02,5.89,CGAU
2024-12-31,5.69,CGAU
2024-12-30,5.56,CGAU
2024-12-27,5.67,CGAU
2024-12-26,5.66,CGAU
2024-12-24,5.62,CGAU
2024-12-23,5.67,CGAU
2024-12-20,5.69,CGAU
2024-12-19,5.68,CGAU
2024-12-18,5.62,CGAU
2024-12-17,5.87,CGAU
2024-12-16,5.98,CGAU
2024-12-13,5.83,CGAU
2024-12-12,5.89,CGAU
2024-12-11,6.08,CGAU
2024-12-10,6.0,CGAU
2024-12-09,6.03,CGAU
2024-12-06,5.84,CGAU
2024-12-05,6.0,CGAU
2024-12-04,6.07,CGAU
2024-12-03,6.17,CGAU
2024-12-02,5.95,CGAU
2024-11-29,6.03,CGAU
2024-11-27,5.99,CGAU
2024-11-26,5.91,CGAU
2024-11-25,5.96,CGAU
2024-11-22,6.24,CGAU
2024-11-21,6.26,CGAU
2024-11-20,6.06,CGAU
2024-11-19,6.02,CGAU
2024-11-18,5.96,CGAU
2024-11-15,5.78,CGAU
2024-11-14,5.85,CGAU
2024-11-13,5.92,CGAU
2024-11-12,6.15,CGAU
2024-11-11,6.21,CGAU
2024-11-08,6.46,CGAU
2024-11-07,6.5,CGAU
2024-11-06,6.2,CGAU
2024-11-05,6.36,CGAU
2024-11-04,6.37,CGAU
2024-11-01,6.52,CGAU
2024-10-31,7.08,CGAU
2024-10-30,7.26,CGAU
2024-10-29,7.31,CGAU
2024-10-28,7.16,CGAU
2024-10-25,7.25,CGAU
2024-10-24,7.5,CGAU
2024-10-23,7.45,CGAU
2024-10-22,7.6,CGAU
2024-10-21,7.55,CGAU
2024-10-18,7.49,CGAU
2024-10-17,7.17,CGAU
2024-10-16,7.16,CGAU
2024-10-15,7.15,CGAU
2024-10-14,7.12,CGAU
2024-10-11,7.11,CGAU
2024-10-10,7.08,CGAU
2024-10-09,6.86,CGAU
2024-10-08,6.89,CGAU
2024-10-07,6.93,CGAU
2024-10-04,7.13,CGAU
2024-10-03,7.23,CGAU
2024-10-02,7.23,CGAU
2024-10-01,7.25,CGAU
2024-09-30,7.16,CGAU
2024-09-27,7.42,CGAU
2024-09-26,7.79,CGAU
2024-09-25,7.49,CGAU
2024-09-24,7.48,CGAU
2024-09-23,7.12,CGAU
2024-09-20,6.93,CGAU
2024-09-19,6.9,CGAU
2024-09-18,6.77,CGAU
2024-09-17,6.88,CGAU
2024-09-16,6.88,CGAU
2024-09-13,6.89,CGAU
2024-09-12,6.98,CGAU
2024-09-11,6.62,CGAU
2024-09-10,6.61,CGAU
2024-09-09,6.47,CGAU
2024-09-06,6.39,CGAU
2024-09-05,6.7,CGAU
2024-09-04,6.6,CGAU
2024-09-03,6.65,CGAU
2024-08-30,7.08,CGAU
2024-08-29,7.15,CGAU
2024-08-28,7.12,CGAU
2024-08-27,7.35,CGAU
2024-08-26,7.42,CGAU
2024-08-23,7.31,CGAU
2024-08-22,7.29,CGAU
2024-08-21,7.47,CGAU
2024-08-20,7.37,CGAU
2024-08-19,7.3,CGAU
2024-08-16,7.19,CGAU
2024-08-15,6.87,CGAU
2024-08-14,6.98,CGAU
2024-08-13,6.97,CGAU
2024-08-12,6.7,CGAU
2024-08-09,6.47,CGAU
2024-08-08,6.55,CGAU
2024-08-07,6.28,CGAU
2024-08-06,6.38,CGAU
2024-08-05,6.18,CGAU
2024-08-02,6.18,CGAU
2024-08-01,6.55,CGAU
2024-07-31,6.71,CGAU
2024-07-30,6.66,CGAU
2024-07-29,6.62,CGAU
2024-07-26,6.56,CGAU
2024-07-25,6.48,CGAU
2024-07-24,6.55,CGAU
2024-07-23,6.71,CGAU
2024-07-22,6.7,CGAU
2024-07-19,6.59,CGAU
2024-07-18,6.7,CGAU
2024-07-17,6.88,CGAU
2024-07-16,7.02,CGAU
2024-07-15,6.89,CGAU
2024-07-12,7.03,CGAU
2024-07-11,7.07,CGAU
2024-07-10,6.75,CGAU
2024-07-09,6.83,CGAU
2024-07-08,6.81,CGAU
2024-07-05,6.83,CGAU
2024-07-03,6.78,CGAU
2024-07-02,6.72,CGAU
2024-07-01,6.65,CGAU
2024-06-28,6.72,CGAU
2024-06-27,6.9,CGAU
2024-06-26,6.8,CGAU
2024-06-25,6.8,CGAU
2024-06-24,7.01,CGAU
2024-06-21,6.92,CGAU
2024-06-20,6.99,CGAU
2024-06-18,6.79,CGAU
2024-06-17,6.72,CGAU
2024-06-14,6.82,CGAU
2024-06-13,6.7,CGAU
2024-06-12,6.77,CGAU
2024-06-11,6.81,CGAU
2024-06-10,6.82,CGAU
2024-06-07,6.67,CGAU
2024-06-06,7.14,CGAU
2024-06-05,6.95,CGAU
2024-06-04,6.8,CGAU
2024-06-03,7.01,CGAU
2024-05-31,6.89,CGAU
2024-05-30,6.93,CGAU
2024-05-29,7.0,CGAU
2024-05-28,7.21,CGAU
2024-05-24,7.02,CGAU
2024-05-23,6.88,CGAU
2024-05-22,6.98,CGAU
2024-05-21,7.5,CGAU
2024-05-20,7.34,CGAU
2024-05-17,7.21,CGAU
2024-05-16,6.98,CGAU
2024-05-15,6.72,CGAU
2024-05-14,6.53,CGAU
2024-05-13,6.5,CGAU
2024-05-10,6.6,CGAU
2024-05-09,6.58,CGAU
2024-05-08,6.54,CGAU
2024-05-07,6.5,CGAU
2024-05-06,6.38,CGAU
2024-05-03,6.13,CGAU
2024-05-02,6.04,CGAU
2024-05-01,6.13,CGAU
2024-04-30,6.07,CGAU
2024-04-29,6.29,CGAU
2024-04-26,6.36,CGAU
2024-04-25,6.29,CGAU
2024-04-24,6.22,CGAU
2024-04-23,6.34,CGAU
2024-04-22,6.07,CGAU
2024-04-19,6.19,CGAU
2024-04-18,6.07,CGAU
2024-04-17,6.06,CGAU
2024-04-16,5.95,CGAU
2024-04-15,6.0,CGAU
2024-04-12,5.99,CGAU
2024-04-11,6.13,CGAU
2024-04-10,6.07,CGAU
2024-04-09,6.09,CGAU
2024-04-08,6.03,CGAU
2024-04-05,6.15,CGAU
2024-04-04,6.16,CGAU
2024-04-03,6.05,CGAU
2024-04-02,5.97,CGAU
2024-04-01,5.93,CGAU
2024-03-28,5.91,CGAU
2024-03-27,5.81,CGAU
2024-03-26,5.76,CGAU
2024-03-25,5.67,CGAU
2024-03-22,5.66,CGAU
2024-03-21,5.77,CGAU
2024-03-20,5.78,CGAU
2024-03-19,5.51,CGAU
2024-03-18,5.66,CGAU
2024-03-15,5.66,CGAU
2024-03-14,5.67,CGAU
2024-03-13,5.83,CGAU
2024-03-12,5.66,CGAU
2024-03-11,5.69,CGAU
2024-03-08,5.61,CGAU
2024-03-07,5.69,CGAU
2024-03-06,5.5,CGAU
2024-03-05,5.38,CGAU
2024-03-04,5.32,CGAU
2024-03-01,5.19,CGAU
2024-02-29,5.02,CGAU
2024-02-28,5.0,CGAU
2024-02-27,5.09,CGAU
2024-02-26,5.16,CGAU
2024-02-23,5.1,CGAU
2024-02-22,5.15,CGAU
2024-02-21,5.23,CGAU
2024-02-20,5.11,CGAU
2024-02-16,5.1,CGAU
2024-02-15,5.08,CGAU
2024-02-14,4.9,CGAU
2024-02-13,4.53,CGAU
2024-02-12,5.1,CGAU
2024-02-09,5.05,CGAU
2024-02-08,5.09,CGAU
2024-02-07,5.27,CGAU
2024-02-06,5.37,CGAU
2024-02-05,5.26,CGAU
2024-02-02,5.35,CGAU
2024-02-01,5.44,CGAU
2024-01-31,5.26,CGAU
2024-01-30,5.37,CGAU
2024-01-29,5.44,CGAU
2024-01-26,5.39,CGAU
2024-01-25,5.5,CGAU
2024-01-24,5.44,CGAU
2024-01-23,5.59,CGAU
2024-01-22,5.4,CGAU
2024-01-19,5.38,CGAU
2024-01-18,5.4,CGAU
2024-01-17,5.31,CGAU
2024-01-16,5.47,CGAU
2024-01-12,5.65,CGAU
2024-01-11,5.3,CGAU
2024-01-10,5.46,CGAU
2024-01-09,5.48,CGAU
2024-01-08,5.55,CGAU
2024-01-05,5.71,CGAU
2024-01-04,5.7,CGAU
2024-01-03,5.63,CGAU
2024-01-02,5.81,CGAU
2023-12-29,5.96,CGAU
2023-12-28,6.09,CGAU
2023-12-27,6.22,CGAU
2023-12-26,6.23,CGAU
2023-12-22,6.1,CGAU
2023-12-21,6.05,CGAU
2023-12-20,5.92,CGAU
2023-12-19,6.12,CGAU
2023-12-18,5.93,CGAU
2023-12-15,6.03,CGAU
2023-12-14,5.85,CGAU
2023-12-13,5.85,CGAU
2023-12-12,5.39,CGAU
2023-12-11,5.48,CGAU
2023-12-08,5.58,CGAU
2023-12-07,5.7,CGAU
2023-12-06,5.81,CGAU
2023-12-05,5.87,CGAU
2023-12-04,6.03,CGAU
2023-12-01,6.18,CGAU
2023-11-30,6.13,CGAU
2023-11-29,5.89,CGAU
2023-11-28,6.03,CGAU
2023-11-27,5.72,CGAU
2023-11-24,5.53,CGAU
2023-11-22,5.59,CGAU
2023-11-21,5.6,CGAU
2023-11-20,5.32,CGAU
2023-11-17,5.36,CGAU
2023-11-16,5.43,CGAU
2023-11-15,5.43,CGAU
2023-11-14,5.52,CGAU
2023-11-13,5.41,CGAU
2023-11-10,5.54,CGAU
2023-11-09,5.68,CGAU
2023-11-08,5.72,CGAU
2023-11-07,5.89,CGAU
2023-11-06,5.96,CGAU
2023-11-03,6.02,CGAU
2023-11-02,5.69,CGAU
2023-11-01,5.58,CGAU
2023-10-31,5.08,CGAU
2023-10-30,5.18,CGAU
2023-10-27,5.26,CGAU
2023-10-26,5.16,CGAU
2023-10-25,5.2,CGAU
2023-10-24,5.15,CGAU
2023-10-23,5.15,CGAU
2023-10-20,4.99,CGAU
2023-10-19,5.03,CGAU
2023-10-18,4.95,CGAU
2023-10-17,4.93,CGAU
2023-10-16,4.85,CGAU
2023-10-13,4.84,CGAU
2023-10-12,4.53,CGAU
2023-10-11,4.71,CGAU
2023-10-10,4.72,CGAU
2023-10-09,4.82,CGAU
2023-10-06,4.62,CGAU
2023-10-05,4.64,CGAU
2023-10-04,4.61,CGAU
2023-10-03,4.68,CGAU
2023-10-02,4.68,CGAU
2023-09-29,4.9,CGAU
2023-09-28,4.95,CGAU
2023-09-27,4.94,CGAU
2023-09-26,5.0,CGAU
2023-09-25,5.19,CGAU
2023-09-22,5.29,CGAU
2023-09-21,5.34,CGAU
2023-09-20,5.41,CGAU
2023-09-19,5.38,CGAU
2023-09-18,5.61,CGAU
2023-09-15,5.85,CGAU
2023-09-14,5.71,CGAU
2023-09-13,5.63,CGAU
2023-09-12,5.75,CGAU
2023-09-11,5.68,CGAU
2023-09-08,5.64,CGAU
2023-09-07,5.58,CGAU
2023-09-06,5.65,CGAU
2023-09-05,5.69,CGAU
2023-09-01,5.89,CGAU
2023-08-31,5.98,CGAU
2023-08-30,6.0,CGAU
2023-08-29,6.06,CGAU
2023-08-28,5.95,CGAU
2023-08-25,5.9,CGAU
2023-08-24,5.92,CGAU
2023-08-23,5.9,CGAU
2023-08-22,5.57,CGAU
2023-08-21,5.55,CGAU
2023-08-18,5.46,CGAU
2023-08-17,5.52,CGAU
2023-08-16,5.65,CGAU
2023-08-15,5.84,CGAU
2023-08-14,5.98,CGAU
2023-08-11,6.08,CGAU
2023-08-10,5.97,CGAU
2023-08-09,5.97,CGAU
2023-08-08,6.0,CGAU
2023-08-07,5.9,CGAU
2023-08-04,6.01,CGAU
2023-08-03,5.91,CGAU
2023-08-02,5.95,CGAU
2023-08-01,5.95,CGAU
2023-07-31,6.37,CGAU
2023-07-28,6.13,CGAU
2023-07-27,5.97,CGAU
2023-07-26,6.17,CGAU
2023-07-25,6.21,CGAU
2023-07-24,6.15,CGAU
2023-07-21,6.26,CGAU
2023-07-20,6.23,CGAU
2023-07-19,6.54,CGAU
2023-07-18,6.55,CGAU
2023-07-17,6.42,CGAU
2023-07-14,6.36,CGAU
2023-07-13,6.46,CGAU
2023-07-12,6.41,CGAU
2023-07-11,6.18,CGAU
2023-07-10,6.23,CGAU
2023-07-07,5.99,CGAU
2023-07-06,5.86,CGAU
2023-07-05,6.03,CGAU
2023-07-03,6.13,CGAU
2023-06-30,6.0,CGAU
2023-06-29,5.84,CGAU
2023-06-28,5.75,CGAU
2023-06-27,5.81,CGAU
2023-06-26,5.86,CGAU
2023-06-23,5.82,CGAU
2023-06-22,5.88,CGAU
2023-06-21,6.0,CGAU
2023-06-20,6.05,CGAU
2023-06-16,6.18,CGAU
2023-06-15,6.05,CGAU
2023-06-14,5.95,CGAU
2023-06-13,5.99,CGAU
2023-06-12,6.23,CGAU
2023-06-09,5.96,CGAU
2023-06-08,6.03,CGAU
2023-06-07,5.88,CGAU
2023-06-06,6.09,CGAU
2023-06-05,6.05,CGAU
2023-06-02,6.13,CGAU
2023-06-01,6.24,CGAU
2023-05-31,6.03,CGAU
2023-05-30,5.47,CGAU
2023-05-26,5.09,CGAU
2023-05-25,5.02,CGAU
2023-05-24,5.11,CGAU
2023-05-23,5.29,CGAU
2023-05-22,5.36,CGAU
2023-05-19,5.26,CGAU
2023-05-18,5.27,CGAU
2023-05-17,5.44,CGAU
2023-05-16,5.53,CGAU
2023-05-15,5.47,CGAU
2023-05-12,6.61,CGAU
2023-05-11,6.54,CGAU
2023-05-10,7.05,CGAU
2023-05-09,7.04,CGAU
2023-05-08,6.9,CGAU
2023-05-05,6.86,CGAU
2023-05-04,6.78,CGAU
2023-05-03,6.73,CGAU
2023-05-02,6.83,CGAU
2023-05-01,6.67,CGAU
2023-04-28,6.75,CGAU
2023-04-27,6.97,CGAU
2023-04-26,7.07,CGAU
2023-04-25,7.11,CGAU
2023-04-24,7.12,CGAU
2023-04-21,7.08,CGAU
2023-04-20,7.24,CGAU
2023-04-19,7.17,CGAU
2023-04-18,7.43,CGAU
2023-04-17,7.27,CGAU
2023-04-14,7.61,CGAU
2023-04-13,7.67,CGAU
2023-04-12,7.47,CGAU
2023-04-11,7.26,CGAU
2023-04-10,6.89,CGAU
2023-04-06,6.93,CGAU
2023-04-05,6.85,CGAU
2023-04-04,6.8,CGAU
2023-04-03,6.59,CGAU
2023-03-31,6.47,CGAU
2023-03-30,6.59,CGAU
2023-03-29,6.51,CGAU
2023-03-28,6.57,CGAU
2023-03-27,6.38,CGAU
2023-03-24,6.36,CGAU
2023-03-23,6.3,CGAU
2023-03-22,6.24,CGAU
2023-03-21,6.07,CGAU
2023-03-20,6.36,CGAU
2023-03-17,6.36,CGAU
2023-03-16,6.09,CGAU
2023-03-15,6.13,CGAU
2023-03-14,6.35,CGAU
2023-03-13,6.26,CGAU
2023-03-10,5.97,CGAU
2023-03-09,5.9,CGAU
2023-03-08,6.04,CGAU
2023-03-07,5.91,CGAU
2023-03-06,6.32,CGAU
2023-03-03,6.55,CGAU
2023-03-02,6.52,CGAU
2023-03-01,6.54,CGAU
2023-02-28,6.33,CGAU
2023-02-27,6.31,CGAU
2023-02-24,6.07,CGAU
2023-02-23,6.13,CGAU
2023-02-22,6.07,CGAU
2023-02-21,6.08,CGAU
2023-02-17,6.24,CGAU
2023-02-16,6.24,CGAU
2023-02-15,6.3,CGAU
2023-02-14,6.51,CGAU
2023-02-13,6.46,CGAU
2023-02-10,6.42,CGAU
2023-02-09,6.51,CGAU
2023-02-08,6.66,CGAU
2023-02-07,6.69,CGAU
2023-02-06,6.45,CGAU
2023-02-03,6.48,CGAU
2023-02-02,6.69,CGAU
2023-02-01,6.78,CGAU
2023-01-31,6.43,CGAU
2023-01-30,6.32,CGAU
2023-01-27,6.6,CGAU
2023-01-26,6.62,CGAU
2023-01-25,6.5,CGAU
2023-01-24,6.19,CGAU
2023-01-23,6.19,CGAU
2023-01-20,6.15,CGAU
2023-01-19,5.97,CGAU
2023-01-18,5.72,CGAU
2023-01-17,5.82,CGAU
2023-01-13,6.16,CGAU
2023-01-12,6.07,CGAU
2023-01-11,5.97,CGAU
2023-01-10,5.86,CGAU
2023-01-09,5.76,CGAU
2023-01-06,5.78,CGAU
2023-01-05,5.65,CGAU
2023-01-04,5.57,CGAU
2023-01-03,5.36,CGAU
2022-12-30,5.18,CGAU
2022-12-29,5.26,CGAU
2022-12-28,5.2,CGAU
2022-12-27,5.49,CGAU
2022-12-23,5.49,CGAU
2022-12-22,5.18,CGAU
2022-12-21,5.33,CGAU
2022-12-20,5.2,CGAU
2022-12-19,4.77,CGAU
2022-12-16,4.9,CGAU
2022-12-15,4.91,CGAU
2022-12-14,5.05,CGAU
2022-12-13,5.11,CGAU
2022-12-12,4.98,CGAU
2022-12-09,5.03,CGAU
2022-12-08,5.14,CGAU
2022-12-07,5.1,CGAU
2022-12-06,5.11,CGAU
2022-12-05,5.15,CGAU
2022-12-02,5.41,CGAU
2022-12-01,5.52,CGAU
2022-11-30,5.32,CGAU
2022-11-29,5.14,CGAU
2022-11-28,5.03,CGAU
2022-11-25,5.28,CGAU
2022-11-23,5.4,CGAU
2022-11-22,5.29,CGAU
2022-11-21,5.02,CGAU
2022-11-18,5.11,CGAU
2022-11-17,5.08,CGAU
2022-11-16,5.16,CGAU
2022-11-15,5.22,CGAU
2022-11-14,5.21,CGAU
2022-11-11,5.3,CGAU
2022-11-10,5.29,CGAU
2022-11-09,4.97,CGAU
2022-11-08,5.06,CGAU
2022-11-07,4.68,CGAU
2022-11-04,4.69,CGAU
2022-11-03,4.46,CGAU
2022-11-02,4.45,CGAU
2022-11-01,4.73,CGAU
2022-10-31,4.67,CGAU
2022-10-28,4.74,CGAU
2022-10-27,4.73,CGAU
2022-10-26,4.78,CGAU
2022-10-25,4.73,CGAU
2022-10-24,4.61,CGAU
2022-10-21,4.69,CGAU
2022-10-20,4.45,CGAU
2022-10-19,4.41,CGAU
2022-10-18,4.51,CGAU
2022-10-17,4.47,CGAU
2022-10-14,4.39,CGAU
2022-10-13,4.63,CGAU
2022-10-12,4.65,CGAU
2022-10-11,4.66,CGAU
2022-10-10,4.61,CGAU
2022-10-07,4.67,CGAU
2022-10-06,4.92,CGAU
2022-10-05,4.91,CGAU
2022-10-04,5.1,CGAU
2022-10-03,4.63,CGAU
2022-09-30,4.41,CGAU
2022-09-29,4.31,CGAU
2022-09-28,4.28,CGAU
2022-09-27,4.04,CGAU
2022-09-26,3.81,CGAU
2022-09-23,4.11,CGAU
2022-09-22,4.33,CGAU
2022-09-21,4.36,CGAU
2022-09-20,4.27,CGAU
2022-09-19,4.33,CGAU
2022-09-16,4.28,CGAU
2022-09-15,4.16,CGAU
2022-09-14,4.4,CGAU
2022-09-13,4.3,CGAU
2022-09-12,4.74,CGAU
2022-09-09,4.72,CGAU
2022-09-08,4.58,CGAU
2022-09-07,4.6,CGAU
2022-09-06,4.5,CGAU
2022-09-02,4.49,CGAU
2022-09-01,4.45,CGAU
2022-08-31,4.54,CGAU
2022-08-30,4.48,CGAU
2022-08-29,4.45,CGAU
2022-08-26,4.51,CGAU
2022-08-25,4.7,CGAU
2022-08-24,4.68,CGAU
2022-08-23,4.66,CGAU
2022-08-22,4.6,CGAU
2022-08-19,4.6,CGAU
2022-08-18,4.67,CGAU
2022-08-17,4.72,CGAU
2022-08-16,4.88,CGAU
2022-08-15,4.93,CGAU
2022-08-12,5.19,CGAU
2022-08-11,5.19,CGAU
2022-08-10,4.92,CGAU
2022-08-09,6.16,CGAU
2022-08-08,6.32,CGAU
2022-08-05,6.19,CGAU
2022-08-04,6.26,CGAU
2022-08-03,6.21,CGAU
2022-08-02,6.31,CGAU
2022-08-01,6.18,CGAU
2022-07-29,6.18,CGAU
2022-07-28,6.29,CGAU
2022-07-27,6.16,CGAU
2022-07-26,6.0,CGAU
2022-07-25,6.01,CGAU
2022-07-22,5.91,CGAU
2022-07-21,6.07,CGAU
2022-07-20,5.95,CGAU
2022-07-19,6.09,CGAU
2022-07-18,5.97,CGAU
2022-07-15,5.95,CGAU
2022-07-14,5.94,CGAU
2022-07-13,5.96,CGAU
2022-07-12,5.9,CGAU
2022-07-11,6.0,CGAU
2022-07-08,5.98,CGAU
2022-07-07,6.34,CGAU
2022-07-06,6.24,CGAU
2022-07-05,6.25,CGAU
2022-07-01,7.05,CGAU
2022-06-30,6.75,CGAU
2022-06-29,6.93,CGAU
2022-06-28,7.18,CGAU
2022-06-27,7.23,CGAU
2022-06-24,7.13,CGAU
2022-06-23,6.78,CGAU
2022-06-22,7.02,CGAU
2022-06-21,7.01,CGAU
2022-06-17,7.11,CGAU
2022-06-16,7.15,CGAU
2022-06-15,7.24,CGAU
2022-06-14,7.06,CGAU
2022-06-13,7.39,CGAU
2022-06-10,7.97,CGAU
2022-06-09,7.72,CGAU
2022-06-08,7.93,CGAU
2022-06-07,8.08,CGAU
2022-06-06,8.05,CGAU
2022-06-03,8.19,CGAU
2022-06-02,8.29,CGAU
2022-06-01,7.99,CGAU
2022-05-31,7.76,CGAU
2022-05-27,8.06,CGAU
2022-05-26,8.13,CGAU
2022-05-25,8.27,CGAU
2022-05-24,8.35,CGAU
2022-05-23,8.23,CGAU
2022-05-20,8.11,CGAU
2022-05-19,8.45,CGAU
2022-05-18,7.93,CGAU
2022-05-17,7.93,CGAU
2022-05-16,8.1,CGAU
2022-05-13,8.0,CGAU
2022-05-12,7.65,CGAU
2022-05-11,7.91,CGAU
2022-05-10,7.99,CGAU
2022-05-09,8.06,CGAU
2022-05-06,8.53,CGAU
2022-05-05,8.75,CGAU
2022-05-04,8.98,CGAU
2022-05-03,8.73,CGAU
2022-05-02,8.78,CGAU
2022-04-29,9.25,CGAU
2022-04-28,9.21,CGAU
2022-04-27,8.93,CGAU
2022-04-26,8.99,CGAU
2022-04-25,9.28,CGAU
2022-04-22,9.49,CGAU
2022-04-21,9.76,CGAU
2022-04-20,10.42,CGAU
2022-04-19,10.19,CGAU
2022-04-18,10.4,CGAU
2022-04-14,10.4,CGAU
2022-04-13,10.21,CGAU
2022-04-12,9.93,CGAU
2022-04-11,9.99,CGAU
2022-04-08,9.86,CGAU
2022-04-07,9.86,CGAU
2022-04-06,9.63,CGAU
2022-04-05,9.93,CGAU
2022-04-04,10.0,CGAU
2022-04-01,10.03,CGAU
2022-03-31,9.84,CGAU
2022-03-30,9.85,CGAU
2022-03-29,9.77,CGAU
2022-03-28,9.57,CGAU
2022-03-25,9.85,CGAU
2022-03-24,9.85,CGAU
2022-03-23,9.8,CGAU
2022-03-22,9.74,CGAU
2022-03-21,9.84,CGAU
2022-03-18,9.61,CGAU
2022-03-17,10.0,CGAU
2022-03-16,9.79,CGAU
2022-03-15,9.79,CGAU
2022-03-14,9.59,CGAU
2022-03-11,10.31,CGAU
2022-03-10,10.43,CGAU
2022-03-09,10.19,CGAU
2022-03-08,9.83,CGAU
2022-03-07,10.03,CGAU
2022-03-04,9.92,CGAU
2022-03-03,9.87,CGAU
2022-03-02,10.07,CGAU
2022-03-01,9.63,CGAU
2022-02-28,9.74,CGAU
2022-02-25,9.31,CGAU
2022-02-24,9.06,CGAU
2022-02-23,9.28,CGAU
2022-02-22,9.17,CGAU
2022-02-18,8.96,CGAU
2022-02-17,9.07,CGAU
2022-02-16,8.93,CGAU
2022-02-15,8.61,CGAU
2022-02-14,8.57,CGAU
2022-02-11,8.53,CGAU
2022-02-10,8.25,CGAU
2022-02-09,8.34,CGAU
2022-02-08,8.37,CGAU
2022-02-07,8.34,CGAU
2022-02-04,8.1,CGAU
2022-02-03,7.83,CGAU
2022-02-02,8.3,CGAU
2022-02-01,8.22,CGAU
2022-01-31,8.06,CGAU
2022-01-28,7.94,CGAU
2022-01-27,7.99,CGAU
2022-01-26,7.87,CGAU
2022-01-25,8.06,CGAU
2022-01-24,7.94,CGAU
2022-01-21,8.1,CGAU
2022-01-20,8.09,CGAU
2022-01-19,8.36,CGAU
2022-01-18,8.28,CGAU
2022-01-14,8.19,CGAU
2022-01-13,8.39,CGAU
2022-01-12,8.32,CGAU
2022-01-11,8.26,CGAU
2022-01-10,8.11,CGAU
2022-01-07,8.11,CGAU
2022-01-06,8.24,CGAU
2022-01-05,8.44,CGAU
2022-01-04,8.48,CGAU
2022-01-03,8.32,CGAU
2021-12-31,7.68,CGAU
2021-12-30,7.65,CGAU
2021-12-29,7.74,CGAU
2021-12-28,7.56,CGAU
2021-12-27,7.55,CGAU
2021-12-23,7.56,CGAU
2021-12-22,7.28,CGAU
2021-12-21,7.2,CGAU
2021-12-20,6.79,CGAU
2021-12-17,6.86,CGAU
2021-12-16,7.05,CGAU
2021-12-15,6.83,CGAU
2021-12-14,6.85,CGAU
2021-12-13,6.9,CGAU
2021-12-10,7.01,CGAU
2021-12-09,7.07,CGAU
2021-12-08,7.23,CGAU
2021-12-07,7.18,CGAU
2021-12-06,7.15,CGAU
2021-12-03,7.08,CGAU
2021-12-02,7.14,CGAU
2021-12-01,7.27,CGAU
2021-11-30,7.38,CGAU
2021-11-29,7.12,CGAU
2021-11-26,7.27,CGAU
2021-11-24,7.37,CGAU
2021-11-23,7.23,CGAU
2021-11-22,7.68,CGAU
2021-11-19,7.8,CGAU
2021-11-18,8.32,CGAU
2021-11-17,8.45,CGAU
2021-11-16,8.34,CGAU
2021-11-15,8.62,CGAU
2021-11-12,8.63,CGAU
2021-11-11,8.6,CGAU
2021-11-10,8.5,CGAU
2021-11-09,8.49,CGAU
2021-11-08,8.34,CGAU
2021-11-05,8.09,CGAU
2021-11-04,7.78,CGAU
2021-11-03,7.83,CGAU
2021-11-02,7.64,CGAU
2021-11-01,7.69,CGAU
2021-10-29,7.5,CGAU
2021-10-28,7.81,CGAU
2021-10-27,7.95,CGAU
2021-10-26,8.0,CGAU
2021-10-25,8.07,CGAU
2021-10-22,8.0,CGAU
2021-10-21,7.9,CGAU
2021-10-20,7.88,CGAU
2021-10-19,7.61,CGAU
2021-10-18,7.52,CGAU
2021-10-15,7.7,CGAU
2021-10-14,7.79,CGAU
2021-10-13,7.78,CGAU
2021-10-12,7.53,CGAU
2021-10-11,7.48,CGAU
2021-10-08,7.44,CGAU
2021-10-07,7.39,CGAU
2021-10-06,7.63,CGAU
2021-10-05,7.41,CGAU
2021-10-04,7.27,CGAU
2021-10-01,7.03,CGAU
2021-09-30,6.81,CGAU
2021-09-29,6.65,CGAU
2021-09-28,6.91,CGAU
2021-09-27,6.99,CGAU
2021-09-24,6.91,CGAU
2021-09-23,6.92,CGAU
2021-09-22,7.27,CGAU
2021-09-21,7.4,CGAU
2021-09-20,7.28,CGAU
2021-09-17,7.17,CGAU
2021-09-16,7.22,CGAU
2021-09-15,7.41,CGAU
2021-09-14,7.34,CGAU
2021-09-13,7.34,CGAU
2021-09-10,6.95,CGAU
2021-09-09,7.05,CGAU
2021-09-08,7.1,CGAU
2021-09-07,7.26,CGAU
2021-09-03,7.45,CGAU
2021-09-02,7.34,CGAU
2021-09-01,7.45,CGAU
2021-08-31,7.46,CGAU
2021-08-30,7.51,CGAU
2021-08-27,7.8,CGAU
2021-08-26,7.39,CGAU
2021-08-25,7.51,CGAU
2021-08-24,7.46,CGAU
2021-08-23,7.45,CGAU
2021-08-20,6.92,CGAU
2021-08-19,6.76,CGAU
2021-08-18,7.0,CGAU
2021-08-17,7.23,CGAU
2021-08-16,7.4,CGAU
2021-08-13,7.42,CGAU
2021-08-12,7.36,CGAU
2021-08-11,7.62,CGAU
2021-08-10,7.25,CGAU
2021-08-09,7.36,CGAU
2021-08-06,7.51,CGAU
2021-08-05,7.66,CGAU
2021-08-04,8.1,CGAU
2021-08-03,7.97,CGAU
2021-08-02,7.88,CGAU
2021-07-30,7.88,CGAU
2021-07-29,7.85,CGAU
2021-07-28,7.78,CGAU
2021-07-27,7.72,CGAU
2021-07-26,7.64,CGAU
2021-07-23,7.48,CGAU
2021-07-22,7.52,CGAU
2021-07-21,7.59,CGAU
2021-07-20,7.42,CGAU
2021-07-19,7.26,CGAU
2021-07-16,7.31,CGAU
2021-07-15,7.48,CGAU
2021-07-14,7.59,CGAU
2021-07-13,7.32,CGAU
2021-07-12,7.38,CGAU
2021-07-09,7.65,CGAU
2021-07-08,7.37,CGAU
2021-07-07,7.72,CGAU
2021-07-06,7.86,CGAU
2021-07-02,7.79,CGAU
2021-07-01,7.76,CGAU
2021-06-30,7.63,CGAU
2021-06-29,7.69,CGAU
2021-06-28,7.9,CGAU
2021-06-25,7.94,CGAU
2021-06-24,7.9,CGAU
2021-06-23,7.97,CGAU
2021-06-22,8.01,CGAU
2021-06-21,7.91,CGAU
2021-06-18,7.72,CGAU
2021-06-17,7.95,CGAU
2021-06-16,8.04,CGAU
2021-06-15,8.15,CGAU
2021-06-14,8.18,CGAU
2021-06-11,8.33,CGAU
2021-06-10,8.37,CGAU
2021-06-09,8.2,CGAU
2021-06-08,7.99,CGAU
2021-06-07,8.09,CGAU
2021-06-04,7.98,CGAU
2021-06-03,7.94,CGAU
2021-06-02,8.18,CGAU
2021-06-01,8.28,CGAU
2021-05-28,8.1,CGAU
2021-05-27,7.98,CGAU
2021-05-26,7.84,CGAU
2021-05-25,7.78,CGAU
2021-05-24,8.09,CGAU
2021-05-21,8.09,CGAU
2021-05-20,7.81,CGAU
2021-05-19,7.67,CGAU
2021-05-18,7.74,CGAU
2021-05-17,7.19,CGAU
2021-05-14,7.15,CGAU
2021-05-13,7.39,CGAU
2021-05-12,7.51,CGAU
2021-05-11,7.6662,CGAU
2021-05-10,6.9,CGAU
2021-05-07,6.92,CGAU
2021-05-06,9.86,CGAU
2021-05-05,9.42,CGAU
2021-05-04,9.44,CGAU
2021-05-03,9.65,CGAU
2021-04-30,9.19,CGAU
2021-04-29,9.28,CGAU
2021-04-28,9.35,CGAU
2021-04-27,9.2,CGAU
2021-04-26,9.33,CGAU
2021-04-23,9.37,CGAU
2021-04-22,9.34,CGAU
2021-04-21,9.66,CGAU
2021-04-20,9.27,CGAU
2021-04-19,9.35,CGAU
2021-04-16,9.52,CGAU
2021-04-15,9.4,CGAU
2021-04-14,8.9799,CGAU
2021-04-13,9.27,CGAU
2021-04-12,9.18,CGAU
2021-04-09,9.27,CGAU
2021-04-08,9.31,CGAU
2021-04-07,9.11,CGAU
2021-04-06,9.21,CGAU
2021-04-05,9.03,CGAU
2021-04-01,9.11,CGAU
2021-03-31,8.8825,CGAU
2021-03-30,8.53,CGAU
2021-03-29,8.83,CGAU
2021-03-26,8.83,CGAU
2021-03-25,8.54,CGAU
2021-03-24,8.68,CGAU
2021-03-23,8.73,CGAU
2021-03-22,9.02,CGAU
2021-03-19,9.43,CGAU
2021-03-18,9.96,CGAU
2021-03-17,10.95,CGAU
2021-03-16,10.4,CGAU
2021-03-15,10.18,CGAU
2021-03-12,10.057,CGAU
2021-03-11,10.01,CGAU
2021-03-10,9.92,CGAU
2021-03-09,10.051,CGAU
2021-03-08,9.64,CGAU
2021-03-05,9.83,CGAU
2021-03-04,9.72,CGAU
2021-03-03,9.53,CGAU
2021-03-02,9.7537,CGAU
2021-03-01,9.56,CGAU
2021-02-26,9.73,CGAU
2021-02-25,10.63,CGAU
2021-02-24,11.12,CGAU
2021-02-23,11.2424,CGAU
2021-02-22,11.56,CGAU
2021-02-19,10.7,CGAU
2021-02-18,10.65,CGAU
2021-02-17,10.51,CGAU
2021-02-16,10.656,CGAU
2021-02-12,10.676,CGAU
2021-02-11,10.9892,CGAU
2021-02-10,11.14,CGAU
2021-02-09,11.07,CGAU
2021-02-08,10.78,CGAU
2021-02-05,10.8,CGAU
2021-02-04,10.6062,CGAU
2021-02-03,10.7451,CGAU
2021-02-02,10.53,CGAU
2021-02-01,10.515,CGAU
2021-01-29,10.34,CGAU
2021-01-28,10.8195,CGAU
2021-01-27,10.35,CGAU
2021-01-26,11.12,CGAU
2021-01-25,11.0895,CGAU
2021-01-22,10.925,CGAU
2021-01-21,11.2369,CGAU
2021-01-20,11.42,CGAU
2021-01-19,11.185,CGAU
2021-01-15,11.27,CGAU
2021-01-14,11.51,CGAU
2021-01-13,11.4407,CGAU
2021-01-12,11.2439,CGAU
2021-01-11,11.26,CGAU
2021-01-08,11.48,CGAU
2021-01-07,12.16,CGAU
2021-01-06,12.04,CGAU
2021-01-05,11.93,CGAU
2021-01-04,12.01,CGAU
2020-12-31,11.5854,CGAU
2020-12-30,11.81,CGAU
2020-12-29,11.57,CGAU
2020-12-28,11.6,CGAU
2020-12-24,11.83,CGAU
2020-12-23,11.82,CGAU
2020-12-22,11.72,CGAU
2020-12-21,11.8,CGAU
2020-12-18,11.8701,CGAU
2020-12-17,11.8,CGAU
2020-12-16,10.96,CGAU
2020-12-15,10.42,CGAU
2020-12-14,9.9933,CGAU
2020-12-11,10.4209,CGAU
2020-12-10,10.44,CGAU
2020-12-09,10.355,CGAU
2020-12-08,10.76,CGAU
2020-12-07,10.8,CGAU
2020-12-04,10.7604,CGAU
2020-12-03,10.5,CGAU
2020-12-02,10.57,CGAU
2020-12-01,10.39,CGAU
2020-11-30,9.8104,CGAU
2020-11-27,9.4245,CGAU
2020-11-25,9.35,CGAU
2020-11-24,9.07,CGAU
2020-11-23,9.33,CGAU
2020-11-20,9.2811,CGAU
2020-11-19,9.175,CGAU
2020-11-18,9.08,CGAU
2020-11-17,9.1469,CGAU
2020-11-16,9.2989,CGAU
2020-11-13,9.2112,CGAU
2020-11-12,9.17,CGAU
2020-11-11,9.17,CGAU
2020-11-10,9.42,CGAU
2020-11-09,10.06,CGAU
2020-11-06,10.48,CGAU
2020-11-05,10.37,CGAU
2020-11-04,9.87,CGAU
2020-11-03,9.555,CGAU
2020-11-02,9.16,CGAU
2020-10-30,8.73,CGAU
2020-10-29,8.6981,CGAU
2020-10-28,8.7,CGAU
2020-10-27,9.58,CGAU
2020-10-26,9.38,CGAU
2020-10-23,9.6123,CGAU
2020-10-22,9.9205,CGAU
2020-10-21,10.14,CGAU
2020-10-20,9.9026,CGAU
2020-10-19,9.8725,CGAU
2020-10-16,9.87,CGAU
2020-10-15,10.26,CGAU
2020-10-14,10.03,CGAU
2020-10-13,10.1,CGAU
2020-10-12,10.47,CGAU
2020-10-09,10.43,CGAU
2020-10-08,10.01,CGAU
2020-10-07,10.05,CGAU
2020-10-06,10.0281,CGAU
2020-10-05,11.88,CGAU
2020-10-02,11.6,CGAU
2020-10-01,11.9082,CGAU
2020-09-30,11.6144,CGAU
2020-09-29,11.6249,CGAU
2020-09-28,11.49,CGAU
2020-09-25,11.65,CGAU
2020-09-24,11.64,CGAU
2020-09-23,11.07,CGAU
2020-09-22,11.5226,CGAU
2020-09-21,11.36,CGAU
2020-09-18,11.8246,CGAU
2020-09-17,12.28,CGAU
2020-09-16,12.701,CGAU
2020-09-15,12.88,CGAU
2020-09-14,12.8121,CGAU
2020-09-11,12.4716,CGAU
2020-09-10,12.76,CGAU
2020-09-09,12.88,CGAU
2020-09-08,12.1727,CGAU
2020-09-04,12.618,CGAU
2020-09-03,13.0034,CGAU
2020-09-02,12.885,CGAU
2020-09-01,13.0,CGAU
2020-08-31,13.0644,CGAU
2020-08-28,12.99,CGAU
2020-08-27,12.48,CGAU
2020-08-26,12.84,CGAU
2020-08-25,12.54,CGAU
2020-08-24,12.4892,CGAU
2020-08-21,12.59,CGAU
2020-08-20,12.72,CGAU
2020-08-19,12.65,CGAU
2020-08-18,13.1034,CGAU
2020-08-17,13.2195,CGAU
2020-08-14,12.245,CGAU
2020-08-13,12.38,CGAU
2020-08-12,12.21,CGAU
2020-08-11,12.02,CGAU
2020-08-10,13.0292,CGAU
2020-08-07,13.4552,CGAU
2020-08-06,14.13,CGAU
2020-08-05,14.4666,CGAU
2020-08-04,13.63,CGAU
2020-08-03,12.59,CGAU
2020-07-31,12.52,CGAU
2020-07-30,11.78,CGAU
2020-07-29,12.13,CGAU
2020-07-28,12.1105,CGAU
2020-07-27,12.46,CGAU
2020-07-24,11.99,CGAU
2020-07-23,11.5842,CGAU
2020-07-22,12.059,CGAU
2020-07-21,11.98,CGAU
2020-07-20,11.725,CGAU
2020-07-17,11.52,CGAU
2020-07-16,11.3628,CGAU
2020-07-15,11.6,CGAU
2020-07-14,11.5164,CGAU
2020-07-13,11.33,CGAU
2020-07-10,11.55,CGAU
2020-07-09,11.76,CGAU
2020-07-08,12.0286,CGAU
2020-07-07,11.7309,CGAU
2020-07-06,11.15,CGAU
2020-07-02,10.81,CGAU
2020-07-01,11.2,CGAU
2020-06-30,11.2,CGAU
2020-06-29,10.9856,CGAU
2020-06-26,11.015,CGAU
2020-06-25,10.64,CGAU
2020-06-24,10.71,CGAU
2020-06-23,11.2644,CGAU
2020-06-22,11.16,CGAU
2020-06-19,10.825,CGAU
2020-06-18,9.8,CGAU
2020-06-17,10.059,CGAU
2020-06-16,9.7931,CGAU
2020-06-15,9.558,CGAU
2020-06-12,9.6,CGAU
2020-06-11,10.115,CGAU
2020-06-10,10.3371,CGAU
2020-06-09,9.82,CGAU
2020-06-08,9.329,CGAU
2020-06-05,9.12,CGAU
2020-06-04,9.14,CGAU
2020-06-03,9.18,CGAU
2020-06-02,9.912,CGAU
2020-06-01,10.07,CGAU
2020-05-29,10.1338,CGAU
2020-05-28,10.0,CGAU
2020-05-27,9.66,CGAU
2020-05-26,9.6189,CGAU
2020-05-22,9.9298,CGAU
2020-05-21,9.6949,CGAU
2020-05-20,9.845,CGAU
2020-05-19,9.85,CGAU
2020-05-18,9.62,CGAU
2020-05-15,9.62,CGAU
2020-05-14,9.1795,CGAU
2020-05-13,8.7718,CGAU
2020-05-12,8.93,CGAU
2020-05-11,8.91,CGAU
2020-05-08,9.2009,CGAU
2020-05-07,9.035,CGAU
2020-05-06,8.9,CGAU
2020-05-05,8.92,CGAU
2020-05-04,8.85,CGAU
2020-05-01,8.35,CGAU
2020-04-30,8.1052,CGAU
2020-04-29,8.326,CGAU
2020-04-28,8.2,CGAU
2020-04-27,8.415,CGAU
2020-04-24,8.77,CGAU
2020-04-23,8.3284,CGAU
2020-04-22,7.74,CGAU
2020-04-21,7.1,CGAU
2020-04-20,7.1024,CGAU
2020-04-17,6.88,CGAU
2020-04-16,6.93,CGAU
2020-04-15,6.6365,CGAU
2020-04-14,7.0035,CGAU
2020-04-13,6.9974,CGAU
2020-04-09,6.6,CGAU
2020-04-08,6.17,CGAU
2020-04-07,6.1111,CGAU
2020-04-06,6.34,CGAU
2020-04-03,6.19,CGAU
2020-04-02,6.2,CGAU
2020-04-01,6.16,CGAU
2020-03-31,5.939,CGAU
2020-03-30,6.249,CGAU
2020-03-27,6.13,CGAU
2020-03-26,6.72,CGAU
2020-03-25,6.5222,CGAU
2020-03-24,6.01,CGAU
2020-03-23,5.45,CGAU
2020-03-20,5.1235,CGAU
2020-03-19,5.84,CGAU
2020-03-18,5.6825,CGAU
2020-03-17,6.56,CGAU
2020-03-16,5.55,CGAU
2020-03-13,5.0,CGAU
2020-03-12,5.37,CGAU
2020-03-11,6.08,CGAU
2020-03-10,6.44,CGAU
2020-03-09,6.47,CGAU
2020-03-06,6.83,CGAU
2020-03-05,7.01,CGAU
2020-03-04,6.9,CGAU
2020-03-03,6.83,CGAU
2020-03-02,6.3595,CGAU
2020-02-28,6.34,CGAU
2020-02-27,7.2,CGAU
2020-02-26,7.71,CGAU
2020-02-25,7.78,CGAU
2020-02-24,8.15,CGAU
2020-02-21,7.7396,CGAU
2020-02-20,7.62,CGAU
2020-02-19,7.78,CGAU
2020-02-18,7.7,CGAU
2020-02-14,7.41,CGAU
2020-02-13,7.395,CGAU
2020-02-12,7.479,CGAU
2020-02-11,7.855,CGAU
2020-02-10,7.82,CGAU
2020-02-07,7.797,CGAU
2020-02-06,7.69,CGAU
2020-02-05,7.76,CGAU
2020-02-04,7.6792,CGAU
2020-02-03,7.8363,CGAU
2020-01-31,7.9856,CGAU
2020-01-30,7.55,CGAU
2020-01-29,7.53,CGAU
2020-01-28,7.235,CGAU
2020-01-27,7.4511,CGAU
2020-01-24,7.4344,CGAU
2020-01-23,7.3431,CGAU
2020-01-22,7.43,CGAU
2020-01-21,7.29,CGAU
2020-01-17,7.2437,CGAU
2020-01-16,7.32,CGAU
2020-01-15,7.568,CGAU
2020-01-14,7.44,CGAU
2020-01-13,7.36,CGAU
2020-01-10,7.7936,CGAU
2020-01-09,7.66,CGAU
2020-01-08,7.69,CGAU
2020-01-07,8.0269,CGAU
2020-01-06,7.8,CGAU
2020-01-03,7.8785,CGAU
2020-01-02,7.9483,CGAU
2019-12-31,7.94,CGAU
2019-12-30,7.9516,CGAU
2019-12-27,7.86,CGAU
2019-12-26,7.88,CGAU
2019-12-24,7.64,CGAU
2019-12-23,7.49,CGAU
2019-12-20,7.28,CGAU
2019-12-19,7.31,CGAU
2019-12-18,7.34,CGAU
2019-12-17,7.44,CGAU
2019-12-16,7.36,CGAU
2019-12-13,7.7,CGAU
2019-12-12,7.7761,CGAU
2019-12-11,7.6519,CGAU
2019-12-10,7.62,CGAU
2019-12-09,7.62,CGAU
2019-12-06,7.8812,CGAU
2019-12-05,7.8805,CGAU
2019-12-04,7.94,CGAU
2019-12-03,7.98,CGAU
2019-12-02,7.5886,CGAU
2019-11-29,8.5187,CGAU
2019-11-27,8.36,CGAU
2019-11-26,8.48,CGAU
2019-11-25,8.19,CGAU
2019-11-22,8.162,CGAU
2019-11-21,8.18,CGAU
2019-11-20,8.39,CGAU
2019-11-19,8.15,CGAU
2019-11-18,8.116,CGAU
2019-11-15,8.0427,CGAU
2019-11-14,8.335,CGAU
2019-11-13,8.22,CGAU
2019-11-12,8.2,CGAU
2019-11-11,7.98,CGAU
2019-11-08,8.24,CGAU
2019-11-07,8.182,CGAU
2019-11-06,8.1545,CGAU
2019-11-05,7.811,CGAU
2019-11-04,8.0805,CGAU
2019-11-01,8.5877,CGAU
2019-10-31,8.5452,CGAU
2019-10-30,8.078,CGAU
2019-10-29,9.58,CGAU
2019-10-28,9.58,CGAU
2019-10-25,9.64,CGAU
2019-10-24,9.63,CGAU
2019-10-23,9.12,CGAU
2019-10-22,9.2239,CGAU
2019-10-21,9.25,CGAU
2019-10-18,9.64,CGAU
2019-10-17,9.5913,CGAU
2019-10-16,9.09,CGAU
2019-10-15,8.9968,CGAU
2019-10-14,9.12,CGAU
2019-10-11,9.1781,CGAU
2019-10-10,9.595,CGAU
2019-10-09,9.41,CGAU
2019-10-08,9.47,CGAU
2019-10-07,9.16,CGAU
2019-10-04,9.2116,CGAU
2019-10-03,8.8455,CGAU
2019-10-02,8.7859,CGAU
2019-10-01,8.76,CGAU
2019-09-30,8.5,CGAU
2019-09-27,8.75,CGAU
2019-09-26,8.72,CGAU
2019-09-25,8.559,CGAU
2019-09-24,8.7706,CGAU
2019-09-23,8.68,CGAU
2019-09-20,8.32,CGAU
2019-09-19,8.135,CGAU
2019-09-18,7.931,CGAU
2019-09-17,8.1497,CGAU
2019-09-16,7.82,CGAU
2019-09-13,7.72,CGAU
2019-09-12,7.93,CGAU
2019-09-11,8.01,CGAU
2019-09-10,8.0618,CGAU
2019-09-09,8.22,CGAU
2019-09-06,8.453,CGAU
2019-09-05,8.6,CGAU
2019-09-04,9.5,CGAU
2019-09-03,9.2,CGAU
2019-08-30,9.11,CGAU
2019-08-29,9.05,CGAU
2019-08-28,9.5251,CGAU
2019-08-27,9.57,CGAU
2019-08-26,8.87,CGAU
2019-08-23,9.021,CGAU
2019-08-22,8.8255,CGAU
2019-08-21,8.99,CGAU
2019-08-20,8.9242,CGAU
2019-08-19,8.68,CGAU
2019-08-16,8.9499,CGAU
2019-08-15,8.94,CGAU
2019-08-14,8.8,CGAU
2019-08-13,8.6473,CGAU
2019-08-12,9.01,CGAU
2019-08-09,8.95,CGAU
2019-08-08,9.05,CGAU
2019-08-07,8.8,CGAU
2019-08-06,8.367,CGAU
2019-08-05,7.9,CGAU
2019-08-02,7.9,CGAU
2019-08-01,8.27,CGAU
2019-07-31,7.9728,CGAU
2019-07-30,8.4249,CGAU
2019-07-29,8.3,CGAU
2019-07-26,8.1512,CGAU
2019-07-25,8.2,CGAU
2019-07-24,8.42,CGAU
2019-07-23,8.2146,CGAU
2019-07-22,8.3699,CGAU
2019-07-19,8.3059,CGAU
2019-07-18,8.1482,CGAU
2019-07-17,7.9,CGAU
2019-07-16,7.65,CGAU
2019-07-15,7.6013,CGAU
2019-07-12,7.46,CGAU
2019-07-11,7.5555,CGAU
2019-07-10,7.49,CGAU
2019-07-09,7.18,CGAU
2019-07-08,7.09,CGAU
2019-07-05,7.15,CGAU
2019-07-03,7.34,CGAU
2019-07-02,7.26,CGAU
2019-07-01,6.75,CGAU
2019-06-28,7.05,CGAU
2019-06-27,6.89,CGAU
2019-06-26,7.311,CGAU
2019-06-25,7.1036,CGAU
2019-06-24,6.93,CGAU
2019-06-21,6.88,CGAU
2019-06-20,6.84,CGAU
2019-06-19,6.66,CGAU
2019-06-18,6.56,CGAU
2019-06-17,6.57,CGAU
2019-06-14,6.323,CGAU
2019-06-13,6.25,CGAU
2019-06-12,6.2256,CGAU
2019-06-11,6.1658,CGAU
2019-06-10,6.0994,CGAU
2019-06-07,6.1377,CGAU
2019-06-06,6.18,CGAU
2019-06-05,6.1506,CGAU
2019-06-04,6.13,CGAU
2019-06-03,5.9906,CGAU
2019-05-31,5.74,CGAU
2019-05-30,5.58,CGAU
2019-05-29,5.49,CGAU
2019-05-28,5.4101,CGAU
2019-05-24,5.52,CGAU
2019-05-23,5.6204,CGAU
2019-05-22,5.6708,CGAU
2019-05-21,5.65,CGAU
2019-05-20,5.59,CGAU
2019-05-17,5.59,CGAU
2019-05-16,5.5816,CGAU
2019-05-15,5.75,CGAU
2019-05-14,5.7424,CGAU
2019-05-13,5.76,CGAU
2019-05-10,5.6,CGAU
2019-05-09,5.56,CGAU
2019-05-08,5.4705,CGAU
2019-05-07,5.4762,CGAU
2019-05-06,5.4062,CGAU
2019-05-03,5.39,CGAU
2019-05-02,5.35,CGAU
2019-05-01,5.43,CGAU
2019-04-30,5.08,CGAU
2019-04-29,4.99,CGAU
2019-04-26,5.09,CGAU
2019-04-25,4.9653,CGAU
2019-04-24,5.074,CGAU
2019-04-23,4.93,CGAU
2019-04-22,5.0146,CGAU
2019-04-18,5.2575,CGAU
2019-04-17,5.26,CGAU
2019-04-16,5.285,CGAU
2019-04-15,5.32,CGAU
2019-04-12,5.3141,CGAU
2019-04-11,5.4243,CGAU
2019-04-10,5.525,CGAU
2019-04-09,5.5209,CGAU
2019-04-08,5.4489,CGAU
2019-04-05,5.305,CGAU
2019-04-04,5.36,CGAU
2019-04-03,5.1633,CGAU
2019-04-02,5.172,CGAU
2019-04-01,5.19,CGAU
2019-03-29,5.2411,CGAU
2019-03-28,5.335,CGAU
2019-03-27,5.55,CGAU
2019-03-26,5.54,CGAU
2019-03-25,5.574,CGAU
2019-03-22,5.55,CGAU
2019-03-21,5.4237,CGAU
2019-03-20,5.386,CGAU
2019-03-19,5.3,CGAU
2019-03-18,5.22,CGAU
2019-03-15,5.26,CGAU
2019-03-14,5.3128,CGAU
2019-03-13,5.4695,CGAU
2019-03-12,5.4072,CGAU
2019-03-11,5.1305,CGAU
2019-03-08,5.2295,CGAU
2019-03-07,4.971,CGAU
2019-03-06,4.76,CGAU
2019-03-05,4.89,CGAU
2019-03-04,4.94,CGAU
2019-03-01,4.99,CGAU
2019-02-28,5.19,CGAU
2019-02-27,5.26,CGAU
2019-02-26,5.03,CGAU
2019-02-25,5.12,CGAU
2019-02-22,5.27,CGAU
2019-02-21,5.2622,CGAU
2019-02-20,5.2344,CGAU
2019-02-19,5.26,CGAU
2019-02-15,5.18,CGAU
2019-02-14,5.04,CGAU
2019-02-13,5.0142,CGAU
2019-02-12,5.0931,CGAU
2019-02-11,5.2,CGAU
2019-02-08,5.1953,CGAU
2019-02-07,5.1189,CGAU
2019-02-06,5.2631,CGAU
2019-02-05,5.3253,CGAU
2019-02-04,5.21,CGAU
2019-02-01,5.17,CGAU
2019-01-31,5.054,CGAU
2019-01-30,5.115,CGAU
2019-01-29,5.1505,CGAU
2019-01-28,5.1805,CGAU
2019-01-25,5.151,CGAU
2019-01-24,4.97,CGAU
2019-01-23,4.84,CGAU
2019-01-22,4.83,CGAU
2019-01-18,4.59,CGAU
2019-01-17,4.68,CGAU
2019-01-16,4.69,CGAU
2019-01-15,4.33,CGAU
2019-01-14,4.371,CGAU
2019-01-11,4.3699,CGAU
2019-01-10,4.29,CGAU
2019-01-09,4.4694,CGAU
2019-01-08,4.4505,CGAU
2019-01-07,4.456,CGAU
2019-01-04,4.39,CGAU
2019-01-03,4.4715,CGAU
2019-01-02,4.3004,CGAU
2018-12-31,4.2327,CGAU
2018-12-28,4.2604,CGAU
2018-12-27,4.2049,CGAU
2018-12-26,4.1,CGAU
2018-12-24,4.26,CGAU
2018-12-21,4.13,CGAU
2018-12-20,4.1835,CGAU
2018-12-19,4.15,CGAU
2018-12-18,4.3195,CGAU
2018-12-17,4.12,CGAU
2018-12-14,3.99,CGAU
2018-12-13,4.0,CGAU
2018-12-12,4.153,CGAU
2018-12-11,4.1614,CGAU
2018-12-10,4.26,CGAU
2018-12-07,4.2705,CGAU
2018-12-06,4.21,CGAU
2018-12-04,4.11,CGAU
2018-12-03,4.0311,CGAU
2018-11-30,4.06,CGAU
2018-11-29,4.1207,CGAU
2018-11-28,4.1701,CGAU
2018-11-27,4.0,CGAU
2018-11-26,4.0668,CGAU
2018-11-23,4.2478,CGAU
2018-11-21,4.1965,CGAU
2018-11-20,3.91,CGAU
2018-11-19,3.9414,CGAU
2018-11-16,3.8442,CGAU
2018-11-15,3.8177,CGAU
2018-11-14,3.77,CGAU
2018-11-13,3.7099,CGAU
2018-11-12,3.78,CGAU
2018-11-09,3.88,CGAU
2018-11-08,4.041,CGAU
2018-11-07,4.0091,CGAU
2018-11-06,4.07,CGAU
2018-11-05,4.271,CGAU
2018-11-02,4.28,CGAU
2018-11-01,4.3916,CGAU
2018-10-31,3.8756,CGAU
2018-10-30,3.72,CGAU
2018-10-29,3.7322,CGAU
2018-10-26,3.7605,CGAU
2018-10-25,3.82,CGAU
2018-10-24,4.0805,CGAU
2018-10-23,4.15,CGAU
2018-10-22,4.05,CGAU
2018-10-19,4.0695,CGAU
2018-10-18,4.0,CGAU
2018-10-17,3.97,CGAU
2018-10-16,4.02,CGAU
2018-10-15,4.08,CGAU
2018-10-12,4.13,CGAU
2018-10-11,4.0,CGAU
2018-10-10,3.94,CGAU
2018-10-09,3.8242,CGAU
2018-10-08,3.96,CGAU
2018-10-05,3.98,CGAU
2018-10-04,4.15,CGAU
2018-10-03,4.0498,CGAU
2018-10-02,4.1434,CGAU
2018-10-01,4.01,CGAU
2018-09-28,4.0,CGAU
2018-09-27,4.05,CGAU
2018-09-26,4.26,CGAU
2018-09-25,4.2585,CGAU
2018-09-24,4.174,CGAU
2018-09-21,4.0496,CGAU
2018-09-20,4.2005,CGAU
2018-09-19,4.24,CGAU
2018-09-18,4.1316,CGAU
2018-09-17,4.2129,CGAU
2018-09-14,3.95,CGAU
2018-09-13,3.8699,CGAU
2018-09-12,3.9905,CGAU
2018-09-11,3.8796,CGAU
2018-09-10,4.0064,CGAU
2018-09-07,3.9984,CGAU
2018-09-06,4.0,CGAU
2018-09-05,3.99,CGAU
2018-09-04,4.09,CGAU
2018-08-31,4.2675,CGAU
2018-08-30,4.2327,CGAU
2018-08-29,4.2301,CGAU
2018-08-28,4.2715,CGAU
2018-08-27,4.43,CGAU
2018-08-24,4.44,CGAU
2018-08-23,4.2392,CGAU
2018-08-22,4.36,CGAU
2018-08-21,4.3895,CGAU
2018-08-20,4.3777,CGAU
2018-08-17,4.32,CGAU
2018-08-16,4.2371,CGAU
2018-08-15,4.25,CGAU
2018-08-14,4.3702,CGAU
2018-08-13,4.47,CGAU
2018-08-10,4.55,CGAU
2018-08-09,4.4601,CGAU
2018-08-08,4.5185,CGAU
2018-08-07,4.4074,CGAU
2018-08-06,4.49,CGAU
2018-08-03,4.47,CGAU
2018-08-02,4.5,CGAU
2018-08-01,4.55,CGAU
2018-07-31,4.5796,CGAU
2018-07-30,4.47,CGAU
2018-07-27,4.45,CGAU
2018-07-26,4.47,CGAU
2018-07-25,4.4696,CGAU
2018-07-24,4.5,CGAU
2018-07-23,4.5546,CGAU
2018-07-20,4.56,CGAU
2018-07-19,4.49,CGAU
2018-07-18,4.5221,CGAU
2018-07-17,4.6301,CGAU
2018-07-16,4.78,CGAU
2018-07-13,4.77,CGAU
2018-07-12,4.79,CGAU
2018-07-11,4.7745,CGAU
2018-07-10,4.78,CGAU
2018-07-09,4.8737,CGAU
2018-07-06,4.92,CGAU
2018-07-05,5.22,CGAU
2018-07-03,5.55,CGAU
2018-07-02,5.5,CGAU
2018-06-29,5.57,CGAU
2018-06-28,5.5023,CGAU
2018-06-27,5.5812,CGAU
2018-06-26,5.32,CGAU
2018-06-25,5.1854,CGAU
2018-06-22,5.2707,CGAU
2018-06-21,5.28,CGAU
2018-06-20,5.3,CGAU
2018-06-19,5.3002,CGAU
2018-06-18,5.2952,CGAU
2018-06-15,5.33,CGAU
2018-06-14,5.2741,CGAU
2018-06-13,5.37,CGAU
2018-06-12,5.5124,CGAU
2018-06-11,5.452,CGAU
2018-06-08,5.3857,CGAU
2018-06-07,5.3414,CGAU
2018-06-06,5.33,CGAU
2018-06-05,5.29,CGAU
2018-06-04,5.42,CGAU
2018-06-01,5.33,CGAU
2018-05-31,5.2303,CGAU
2018-05-30,5.49,CGAU
2018-05-29,5.5,CGAU
2018-05-25,5.5,CGAU
2018-05-24,5.51,CGAU
2018-05-23,5.6524,CGAU
2018-05-22,5.65,CGAU
2018-05-21,5.7,CGAU
2018-05-18,5.7,CGAU
2018-05-17,5.6902,CGAU
2018-05-16,5.72,CGAU
2018-05-15,5.7056,CGAU
2018-05-14,5.715,CGAU
2018-05-11,5.6858,CGAU
2018-05-10,5.9187,CGAU
2018-05-09,5.94,CGAU
2018-05-08,6.0175,CGAU
2018-05-07,6.1073,CGAU
2018-05-04,6.15,CGAU
2018-05-03,6.1,CGAU
2018-05-02,6.03,CGAU
2018-05-01,6.2,CGAU
2018-04-30,6.1,CGAU
2018-04-27,6.1,CGAU
2018-04-26,6.1136,CGAU
2018-04-25,6.15,CGAU
2018-04-24,6.2502,CGAU
2018-04-23,6.09,CGAU
2018-04-20,6.148,CGAU
2018-04-19,6.25,CGAU
2018-04-18,6.2262,CGAU
2018-04-17,6.3241,CGAU
2018-04-16,6.16,CGAU
2018-04-13,6.0694,CGAU
2018-04-12,5.8181,CGAU
2018-04-11,5.83,CGAU
2018-04-10,5.83,CGAU
2018-04-09,5.78,CGAU
2018-04-06,5.85,CGAU
2018-04-05,5.8499,CGAU
2018-04-04,5.84,CGAU
2018-04-03,5.65,CGAU
2018-04-02,5.81,CGAU
2018-03-29,5.7257,CGAU
2018-03-28,5.6849,CGAU
2018-03-27,5.6836,CGAU
2018-03-26,5.71,CGAU
2018-03-23,5.6925,CGAU
2018-03-22,5.5121,CGAU
2018-03-21,5.55,CGAU
2018-03-20,5.41,CGAU
2018-03-19,5.5938,CGAU
2018-03-16,5.5458,CGAU
2018-03-15,5.558,CGAU
2018-03-14,5.53,CGAU
2018-03-13,5.4898,CGAU
2018-03-12,5.33,CGAU
2018-03-09,5.0978,CGAU
2018-03-08,5.1054,CGAU
2018-03-07,5.101,CGAU
2018-03-06,5.2918,CGAU
2018-03-05,5.27,CGAU
2018-03-02,5.3001,CGAU
2018-03-01,5.39,CGAU
2018-02-28,5.2408,CGAU
2018-02-27,5.219,CGAU
2018-02-26,5.379,CGAU
2018-02-23,5.27,CGAU
2018-02-22,5.01,CGAU
2018-02-21,4.98,CGAU
2018-02-20,4.9931,CGAU
2018-02-16,5.2,CGAU
2018-02-15,5.299,CGAU
2018-02-14,5.2815,CGAU
2018-02-13,5.03,CGAU
2018-02-12,5.279,CGAU
2018-02-09,4.9829,CGAU
2018-02-08,5.065,CGAU
2018-02-07,4.929,CGAU
2018-02-06,4.8867,CGAU
2018-02-05,5.161,CGAU
2018-02-02,5.04,CGAU
2018-02-01,5.261,CGAU
2018-01-31,5.15,CGAU
2018-01-30,5.1141,CGAU
2018-01-29,5.161,CGAU
2018-01-26,5.329,CGAU
2018-01-25,5.19,CGAU
2018-01-24,5.281,CGAU
2018-01-23,5.17,CGAU
2018-01-22,4.86,CGAU
2018-01-19,4.9387,CGAU
2018-01-18,5.01,CGAU
2018-01-17,5.1667,CGAU
2018-01-16,5.28,CGAU
2018-01-12,5.05,CGAU
2018-01-11,4.9061,CGAU
2018-01-10,4.711,CGAU
2018-01-09,4.7602,CGAU
2018-01-08,4.863,CGAU
2018-01-05,4.9,CGAU
2018-01-04,4.96,CGAU
2018-01-03,4.96,CGAU
2018-01-02,5.1379,CGAU
2017-12-29,5.1085,CGAU
2017-12-28,5.0182,CGAU
2017-12-27,5.1585,CGAU
2017-12-26,5.71,CGAU
2017-12-22,5.709,CGAU
2017-12-21,5.61,CGAU
2017-12-20,5.5683,CGAU
2017-12-19,5.5231,CGAU
2017-12-18,5.4701,CGAU
2017-12-15,5.481,CGAU
2017-12-14,5.5595,CGAU
2017-12-13,5.56,CGAU
2017-12-12,5.4634,CGAU
2017-12-11,5.491,CGAU
2017-12-08,5.571,CGAU
2017-12-07,5.523,CGAU
2017-12-06,5.5148,CGAU
2017-12-05,5.5826,CGAU
2017-12-04,5.58,CGAU
2017-12-01,5.6733,CGAU
2017-11-30,5.6291,CGAU
2017-11-29,5.63,CGAU
2017-11-28,5.72,CGAU
2017-11-27,5.83,CGAU
2017-11-24,5.9269,CGAU
2017-11-22,5.9269,CGAU
2017-11-21,5.919,CGAU
2017-11-20,5.888,CGAU
2017-11-17,5.9382,CGAU
2017-11-16,5.8661,CGAU
2017-11-15,5.8856,CGAU
2017-11-14,5.81,CGAU
2017-11-13,5.98,CGAU
2017-11-10,6.0155,CGAU
2017-11-09,6.07,CGAU
2017-11-08,6.0966,CGAU
2017-11-07,6.095,CGAU
2017-11-06,6.31,CGAU
2017-11-03,6.2079,CGAU
2017-11-02,6.17,CGAU
2017-11-01,6.181,CGAU
2017-10-31,6.808,CGAU
2017-10-30,6.96,CGAU
2017-10-27,6.778,CGAU
2017-10-26,6.889,CGAU
2017-10-25,7.02,CGAU
2017-10-24,7.129,CGAU
2017-10-23,7.14,CGAU
2017-10-20,7.25,CGAU
2017-10-19,7.3,CGAU
2017-10-18,7.321,CGAU
2017-10-17,7.27,CGAU
2017-10-16,7.32,CGAU
2017-10-13,7.38,CGAU
2017-10-12,7.411,CGAU
2017-10-11,7.35,CGAU
2017-10-10,7.22,CGAU
2017-10-09,7.42,CGAU
2017-10-06,7.189,CGAU
2017-10-05,7.1499,CGAU
2017-10-04,7.18,CGAU
2017-10-03,7.09,CGAU
2017-10-02,7.0998,CGAU
2017-09-29,7.1,CGAU
2017-09-28,7.17,CGAU
2017-09-27,7.08,CGAU
2017-09-26,7.2599,CGAU
2017-09-25,7.51,CGAU
2017-09-22,7.3,CGAU
2017-09-21,7.2,CGAU
2017-09-20,7.2492,CGAU
2017-09-19,7.331,CGAU
2017-09-18,7.2348,CGAU
2017-09-15,7.3023,CGAU
2017-09-14,7.4,CGAU
2017-09-13,7.3801,CGAU
2017-09-12,7.6064,CGAU
2017-09-11,7.4647,CGAU
2017-09-08,7.17,CGAU
2017-09-07,7.159,CGAU
2017-09-06,6.72,CGAU
2017-09-05,6.21,CGAU
2017-09-01,6.02,CGAU
2017-08-31,6.0,CGAU
2017-08-30,5.78,CGAU
2017-08-29,5.913,CGAU
2017-08-28,5.671,CGAU
2017-08-25,5.6,CGAU
2017-08-24,5.5591,CGAU
2017-08-23,5.42,CGAU
2017-08-22,5.41,CGAU
2017-08-21,5.391,CGAU
2017-08-18,5.4404,CGAU
2017-08-17,5.5407,CGAU
2017-08-16,5.59,CGAU
2017-08-15,5.5,CGAU
2017-08-14,5.4585,CGAU
2017-08-11,5.5011,CGAU
2017-08-10,5.3963,CGAU
2017-08-09,5.311,CGAU
2017-08-08,5.36,CGAU
2017-08-07,5.22,CGAU
2017-08-04,5.365,CGAU
2017-08-03,5.3016,CGAU
2017-08-02,5.3892,CGAU
2017-08-01,5.4526,CGAU
2017-07-31,5.33,CGAU
2017-07-28,5.34,CGAU
2017-07-27,5.26,CGAU
2017-07-26,5.369,CGAU
2017-07-25,5.2673,CGAU
2017-07-24,5.32,CGAU
2017-07-21,5.367,CGAU
2017-07-20,5.3501,CGAU
2017-07-19,5.3269,CGAU
2017-07-18,5.3538,CGAU
2017-07-17,5.33,CGAU
2017-07-14,5.27,CGAU
2017-07-13,5.245,CGAU
2017-07-12,5.37,CGAU
2017-07-11,5.3201,CGAU
2017-07-10,5.37,CGAU
2017-07-07,5.37,CGAU
2017-07-06,5.38,CGAU
2017-07-05,5.3487,CGAU
2017-07-03,5.25,CGAU
2017-06-30,5.25,CGAU
2017-06-29,5.41,CGAU
2017-06-28,5.3621,CGAU
2017-06-27,5.331,CGAU
2017-06-26,5.3784,CGAU
2017-06-23,5.361,CGAU
2017-06-22,5.3104,CGAU
2017-06-21,5.2108,CGAU
2017-06-20,5.1872,CGAU
2017-06-19,5.1618,CGAU
2017-06-16,5.1448,CGAU
2017-06-15,5.213,CGAU
2017-06-14,5.22,CGAU
2017-06-13,5.5321,CGAU
2017-06-12,5.5878,CGAU
2017-06-09,5.4468,CGAU
2017-06-08,5.6262,CGAU
2017-06-07,5.8426,CGAU
2017-06-06,5.83,CGAU
2017-06-05,5.74,CGAU
2017-06-02,5.6438,CGAU
2017-06-01,5.57,CGAU
2017-05-31,5.7236,CGAU
2017-05-30,5.75,CGAU
2017-05-26,5.8159,CGAU
2017-05-25,5.8582,CGAU
2017-05-24,5.7376,CGAU
2017-05-23,6.01,CGAU
2017-05-22,5.95,CGAU
2017-05-19,5.95,CGAU
2017-05-18,5.97,CGAU
2017-05-17,6.04,CGAU
2017-05-16,5.9724,CGAU
2017-05-15,5.924,CGAU
2017-05-12,5.823,CGAU
2017-05-11,5.7217,CGAU
2017-05-10,5.621,CGAU
2017-05-09,5.5005,CGAU
2017-05-08,5.33,CGAU
2017-05-05,5.3534,CGAU
2017-05-04,5.1316,CGAU
2017-05-03,5.24,CGAU
2017-05-02,5.2797,CGAU
2017-05-01,5.09,CGAU
2017-04-28,5.169,CGAU
2017-04-27,5.1482,CGAU
2017-04-26,5.261,CGAU
2017-04-25,5.2904,CGAU
2017-04-24,5.35,CGAU
2017-04-21,5.42,CGAU
2017-04-20,5.3957,CGAU
2017-04-19,5.3287,CGAU
2017-04-18,5.61,CGAU
2017-04-17,5.5,CGAU
2017-04-13,5.601,CGAU
2017-04-12,5.7736,CGAU
2017-04-11,5.8,CGAU
2017-04-10,5.7,CGAU
2017-04-07,5.7401,CGAU
2017-04-06,5.8182,CGAU
2017-04-05,5.8414,CGAU
2017-04-04,5.791,CGAU
2017-04-03,5.78,CGAU
2017-03-31,5.81,CGAU
2017-03-30,5.63,CGAU
2017-03-29,5.6609,CGAU
2017-03-28,5.6,CGAU
2017-03-27,5.6406,CGAU
2017-03-24,5.5,CGAU
2017-03-23,5.4502,CGAU
2017-03-22,5.45,CGAU
2017-03-21,5.5731,CGAU
2017-03-20,5.2933,CGAU
2017-03-17,5.2213,CGAU
2017-03-16,5.346,CGAU
2017-03-15,5.25,CGAU
2017-03-14,4.93,CGAU
2017-03-13,5.12,CGAU
2017-03-10,4.9,CGAU
2017-03-09,4.6201,CGAU
2017-03-08,4.7,CGAU
2017-03-07,4.5871,CGAU
2017-03-06,4.63,CGAU
2017-03-03,4.8488,CGAU
2017-03-02,4.58,CGAU
2017-03-01,4.8967,CGAU
2017-02-28,4.85,CGAU
2017-02-27,4.66,CGAU
2017-02-24,5.04,CGAU
2017-02-23,4.929,CGAU
2017-02-22,5.17,CGAU
2017-02-21,5.15,CGAU
2017-02-17,5.257,CGAU
2017-02-16,5.31,CGAU
2017-02-15,5.31,CGAU
2017-02-14,5.45,CGAU
2017-02-13,5.35,CGAU
2017-02-10,5.3241,CGAU
2017-02-09,5.29,CGAU
2017-02-08,5.4,CGAU
2017-02-07,5.441,CGAU
2017-02-06,5.41,CGAU
2017-02-03,5.048,CGAU
2017-02-02,4.939,CGAU
2017-02-01,4.9275,CGAU
2017-01-31,4.9347,CGAU
2017-01-30,4.9511,CGAU
2017-01-27,4.96,CGAU
2017-01-26,5.02,CGAU
2017-01-25,5.0,CGAU
2017-01-24,4.98,CGAU
2017-01-23,5.0455,CGAU
2017-01-20,4.957,CGAU
2017-01-19,5.04,CGAU
2017-01-18,5.1385,CGAU
2017-01-17,5.2801,CGAU
2017-01-13,5.24,CGAU
2017-01-12,5.2062,CGAU
2017-01-11,5.25,CGAU
2017-01-10,5.23,CGAU
2017-01-09,5.21,CGAU
2017-01-06,5.09,CGAU
2017-01-05,5.19,CGAU
2017-01-04,4.77,CGAU
2017-01-03,4.8096,CGAU
2016-12-30,4.65,CGAU
2016-12-29,4.82,CGAU
2016-12-28,4.4941,CGAU
2016-12-27,4.15,CGAU
2016-12-23,4.201,CGAU
2016-12-22,4.235,CGAU
2016-12-21,4.23,CGAU
2016-12-20,4.3226,CGAU
2016-12-19,4.3504,CGAU
2016-12-16,4.3586,CGAU
2016-12-15,4.48,CGAU
2016-12-14,4.748,CGAU
2016-12-13,4.971,CGAU
2016-12-12,5.0986,CGAU
2016-12-09,5.278,CGAU
2016-12-08,5.485,CGAU
2016-12-07,5.5039,CGAU
2016-12-06,5.3311,CGAU
2016-12-05,5.2092,CGAU
2016-12-02,5.141,CGAU
2016-12-01,5.11,CGAU
2026-09-25,41.92,EGO
2026-09-24,42.13,EGO
2026-09-23,42.84,EGO
2026-09-22,44.85,EGO
2026-09-21,42.37,EGO
2026-09-18,43.22,EGO
2026-09-17,42.39,EGO
2026-09-16,40.57,EGO
2026-09-15,40.21,EGO
2026-09-14,41.16,EGO
2026-09-11,43.75,EGO
2026-09-10,42.79,EGO
2026-09-09,44.58,EGO
2026-09-08,43.88,EGO
2026-09-04,43.02,EGO
2026-09-03,43.79,EGO
2026-09-02,43.15,EGO
2026-09-01,42.86,EGO
2026-08-31,44.84,EGO
2026-08-28,45.48,EGO
2026-08-27,48.03,EGO
2026-08-26,46.96,EGO
2026-08-25,48.14,EGO
2026-08-24,46.37,EGO
2026-08-21,45.72,EGO
2026-08-20,42.65,EGO
2026-08-19,41.76,EGO
2026-08-18,38.71,EGO
2026-08-17,40.33,EGO
2026-08-14,39.73,EGO
2026-08-13,38.44,EGO
2026-08-12,39.69,EGO
2026-08-11,39.09,EGO
2026-08-10,39.1,EGO
2026-08-07,37.92,EGO
2026-08-06,35.93,EGO
2026-08-05,36.0,EGO
2026-08-04,31.82,EGO
2026-08-03,32.1,EGO
2026-07-31,30.19,EGO
2026-07-30,32.74,EGO
2026-07-29,31.97,EGO
2026-07-28,32.24,EGO
2026-07-27,32.54,EGO
2026-07-24,31.88,EGO
2026-07-23,31.99,EGO
2026-07-22,32.09,EGO
2026-07-21,30.46,EGO
2026-07-20,27.73,EGO
2026-07-17,27.95,EGO
2026-07-16,28.02,EGO
2026-07-15,29.44,EGO
2026-07-14,29.48,EGO
2026-07-13,29.14,EGO
2026-07-10,30.24,EGO
2026-07-09,30.6,EGO
2026-07-08,29.72,EGO
2026-07-07,32.02,EGO
2026-07-06,33.41,EGO
2026-07-02,33.68,EGO
2026-07-01,31.66,EGO
2026-06-30,31.09,EGO
2026-06-29,31.12,EGO
2026-06-26,31.36,EGO
2026-06-25,30.43,EGO
2026-06-24,29.74,EGO
2026-06-23,31.43,EGO
2026-06-22,32.37,EGO
2026-06-18,33.05,EGO
2026-06-17,34.11,EGO
2026-06-16,34.65,EGO
2026-06-15,33.76,EGO
2026-06-12,30.66,EGO
2026-06-11,29.97,EGO
2026-06-10,27.94,EGO
2026-06-09,29.25,EGO
2026-06-08,29.87,EGO
2026-06-05,29.59,EGO
2026-06-04,31.99,EGO
2026-06-03,31.61,EGO
2026-06-02,33.3,EGO
2026-06-01,33.4,EGO
2026-05-29,33.83,EGO
2026-05-28,32.92,EGO
2026-05-27,31.52,EGO
2026-05-26,32.47,EGO
2026-05-22,31.34,EGO
2026-05-21,31.69,EGO
2026-05-20,31.98,EGO
2026-05-19,30.32,EGO
2026-05-18,31.67,EGO
2026-05-15,31.66,EGO
2026-05-14,34.38,EGO
2026-05-13,35.54,EGO
2026-05-12,35.53,EGO
2026-05-11,34.4,EGO
2026-05-08,34.15,EGO
2026-05-07,33.15,EGO
2026-05-06,31.66,EGO
2026-05-05,29.33,EGO
2026-05-04,28.84,EGO
2026-05-01,29.86,EGO
2026-04-30,31.09,EGO
2026-04-29,29.61,EGO
2026-04-28,30.7,EGO
2026-04-27,31.86,EGO
2026-04-24,32.07,EGO
2026-04-23,31.66,EGO
2026-04-22,31.67,EGO
2026-04-21,31.83,EGO
2026-04-20,33.56,EGO
2026-04-17,34.52,EGO
2026-04-16,34.18,EGO
2026-04-15,34.74,EGO
2026-04-14,36.3,EGO
2026-04-13,36.89,EGO
2026-04-10,36.46,EGO
2026-04-09,35.7,EGO
2026-04-08,35.63,EGO
2026-04-07,35.14,EGO
2026-04-06,35.89,EGO
2026-04-02,35.81,EGO
2026-04-01,36.13,EGO
2026-03-31,34.33,EGO
2026-03-30,32.39,EGO
2026-03-27,33.8,EGO
2026-03-26,33.04,EGO
2026-03-25,34.49,EGO
2026-03-24,33.18,EGO
2026-03-23,32.95,EGO
2026-03-20,31.4,EGO
2026-03-19,32.35,EGO
2026-03-18,34.6,EGO
2026-03-17,37.12,EGO
2026-03-16,37.59,EGO
2026-03-13,36.77,EGO
2026-03-12,38.82,EGO
2026-03-11,40.82,EGO
2026-03-10,42.49,EGO
2026-03-09,40.56,EGO
2026-03-06,40.46,EGO
2026-03-05,40.47,EGO
2026-03-04,41.64,EGO
2026-03-03,41.87,EGO
2026-03-02,46.33,EGO
2026-02-27,46.42,EGO
2026-02-26,45.53,EGO
2026-02-25,44.4,EGO
2026-02-24,43.37,EGO
2026-02-23,43.9,EGO
2026-02-20,43.0,EGO
2026-02-19,47.63,EGO
2026-02-18,46.87,EGO
2026-02-17,45.33,EGO
2026-02-13,47.37,EGO
2026-02-12,45.15,EGO
2026-02-11,46.3,EGO
2026-02-10,43.51,EGO
2026-02-09,41.98,EGO
2026-02-06,39.02,EGO
2026-02-05,36.99,EGO
2026-02-04,39.75,EGO
2026-02-03,39.65,EGO
2026-02-02,39.12,EGO
2026-01-30,42.92,EGO
2026-01-29,48.16,EGO
2026-01-28,49.71,EGO
2026-01-27,48.23,EGO
2026-01-26,48.17,EGO
2026-01-23,46.2,EGO
2026-01-22,45.17,EGO
2026-01-21,44.85,EGO
2026-01-20,42.89,EGO
2026-01-16,40.28,EGO
2026-01-15,40.61,EGO
2026-01-14,40.91,EGO
2026-01-13,40.93,EGO
2026-01-12,40.12,EGO
2026-01-09,38.28,EGO
2026-01-08,37.92,EGO
2026-01-07,38.01,EGO
2026-01-06,37.8,EGO
2026-01-05,36.42,EGO
2026-01-02,35.42,EGO
2025-12-31,35.92,EGO
2025-12-30,36.13,EGO
2025-12-29,35.7,EGO
2025-12-26,37.18,EGO
2025-12-24,36.83,EGO
2025-12-23,37.39,EGO
2025-12-22,37.07,EGO
2025-12-19,35.53,EGO
2025-12-18,34.61,EGO
2025-12-17,34.36,EGO
2025-12-16,34.41,EGO
2025-12-15,34.34,EGO
2025-12-12,34.66,EGO
2025-12-11,35.08,EGO
2025-12-10,33.57,EGO
2025-12-09,32.36,EGO
2025-12-08,30.87,EGO
2025-12-05,31.1,EGO
2025-12-04,31.29,EGO
2025-12-03,30.75,EGO
2025-12-02,30.75,EGO
2025-12-01,31.27,EGO
2025-11-28,31.31,EGO
2025-11-26,30.68,EGO
2025-11-25,29.04,EGO
2025-11-24,28.74,EGO
2025-11-21,27.14,EGO
2025-11-20,26.81,EGO
2025-11-19,28.38,EGO
2025-11-18,27.92,EGO
2025-11-17,27.5,EGO
2025-11-14,27.91,EGO
2025-11-13,28.19,EGO
2025-11-12,28.89,EGO
2025-11-11,28.12,EGO
2025-11-10,28.1,EGO
2025-11-07,26.78,EGO
2025-11-06,26.27,EGO
2025-11-05,26.49,EGO
2025-11-04,24.93,EGO
2025-11-03,25.8,EGO
2025-10-31,25.64,EGO
2025-10-30,25.51,EGO
2025-10-29,25.09,EGO
2025-10-28,25.07,EGO
2025-10-27,25.1,EGO
2025-10-24,26.04,EGO
2025-10-23,26.25,EGO
2025-10-22,26.22,EGO
2025-10-21,25.74,EGO
2025-10-20,28.74,EGO
2025-10-17,28.18,EGO
2025-10-16,30.85,EGO
2025-10-15,29.18,EGO
2025-10-14,28.33,EGO
2025-10-13,28.76,EGO
2025-10-10,27.6,EGO
2025-10-09,27.34,EGO
2025-10-08,29.04,EGO
2025-10-07,29.09,EGO
2025-10-06,29.87,EGO
2025-10-03,29.15,EGO
2025-10-02,29.23,EGO
2025-10-01,29.45,EGO
2025-09-30,28.89,EGO
2025-09-29,28.47,EGO
2025-09-26,28.85,EGO
2025-09-25,28.55,EGO
2025-09-24,28.05,EGO
2025-09-23,28.61,EGO
2025-09-22,28.5,EGO
2025-09-19,27.91,EGO
2025-09-18,26.99,EGO
2025-09-17,27.02,EGO
2025-09-16,27.25,EGO
2025-09-15,28.23,EGO
2025-09-12,28.06,EGO
2025-09-11,27.67,EGO
2025-09-10,26.81,EGO
2025-09-09,26.19,EGO
2025-09-08,26.31,EGO
2025-09-05,26.12,EGO
2025-09-04,25.19,EGO
2025-09-03,25.49,EGO
2025-09-02,25.43,EGO
2025-08-29,24.78,EGO
2025-08-28,24.07,EGO
2025-08-27,24.28,EGO
2025-08-26,24.3,EGO
2025-08-25,23.33,EGO
2025-08-22,23.49,EGO
2025-08-21,23.08,EGO
2025-08-20,22.58,EGO
2025-08-19,22.04,EGO
2025-08-18,22.93,EGO
2025-08-15,22.83,EGO
2025-08-14,22.46,EGO
2025-08-13,22.64,EGO
2025-08-12,22.47,EGO
2025-08-11,22.36,EGO
2025-08-08,22.6,EGO
2025-08-07,23.08,EGO
2025-08-06,23.3,EGO
2025-08-05,23.01,EGO
2025-08-04,21.68,EGO
2025-08-01,21.68,EGO
2025-07-31,20.5,EGO
2025-07-30,20.48,EGO
2025-07-29,21.0,EGO
2025-07-28,20.42,EGO
2025-07-25,20.7,EGO
2025-07-24,20.47,EGO
2025-07-23,20.92,EGO
2025-07-22,20.96,EGO
2025-07-21,20.43,EGO
2025-07-18,19.75,EGO
2025-07-17,20.13,EGO
2025-07-16,20.35,EGO
2025-07-15,20.37,EGO
2025-07-14,20.51,EGO
2025-07-11,20.48,EGO
2025-07-10,19.94,EGO
2025-07-09,19.89,EGO
2025-07-08,19.84,EGO
2025-07-07,20.88,EGO
2025-07-03,20.77,EGO
2025-07-02,20.71,EGO
2025-07-01,20.36,EGO
2025-06-30,20.34,EGO
2025-06-27,19.87,EGO
2025-06-26,20.59,EGO
2025-06-25,20.48,EGO
2025-06-24,20.38,EGO
2025-06-23,21.01,EGO
2025-06-20,20.83,EGO
2025-06-18,20.93,EGO
2025-06-17,21.16,EGO
2025-06-16,21.28,EGO
2025-06-13,21.46,EGO
2025-06-12,21.22,EGO
2025-06-11,21.03,EGO
2025-06-10,20.79,EGO
2025-06-09,21.26,EGO
2025-06-06,21.13,EGO
2025-06-05,21.51,EGO
2025-06-04,20.95,EGO
2025-06-03,20.94,EGO
2025-06-02,21.0,EGO
2025-05-30,20.09,EGO
2025-05-29,19.99,EGO
2025-05-28,20.09,EGO
2025-05-27,19.82,EGO
2025-05-23,19.81,EGO
2025-05-22,19.44,EGO
2025-05-21,19.8,EGO
2025-05-20,19.32,EGO
2025-05-19,18.49,EGO
2025-05-16,17.85,EGO
2025-05-15,17.91,EGO
2025-05-14,17.4,EGO
2025-05-13,17.67,EGO
2025-05-12,17.87,EGO
2025-05-09,19.67,EGO
2025-05-08,19.55,EGO
2025-05-07,19.98,EGO
2025-05-06,20.4,EGO
2025-05-05,19.05,EGO
2025-05-02,18.3,EGO
2025-05-01,18.62,EGO
2025-04-30,18.84,EGO
2025-04-29,18.69,EGO
2025-04-28,19.21,EGO
2025-04-25,19.07,EGO
2025-04-24,19.41,EGO
2025-04-23,19.05,EGO
2025-04-22,19.49,EGO
2025-04-21,19.86,EGO
2025-04-17,19.8,EGO
2025-04-16,20.06,EGO
2025-04-15,19.36,EGO
2025-04-14,19.4,EGO
2025-04-11,19.34,EGO
2025-04-10,18.0,EGO
2025-04-09,17.09,EGO
2025-04-08,15.63,EGO
2025-04-07,15.7,EGO
2025-04-04,16.16,EGO
2025-04-03,17.69,EGO
2025-04-02,17.92,EGO
2025-04-01,17.6,EGO
2025-03-31,16.82,EGO
2025-03-28,16.77,EGO
2025-03-27,16.67,EGO
2025-03-26,16.39,EGO
2025-03-25,16.59,EGO
2025-03-24,15.71,EGO
2025-03-21,15.64,EGO
2025-03-20,15.95,EGO
2025-03-19,15.73,EGO
2025-03-18,15.63,EGO
2025-03-17,15.49,EGO
2025-03-14,15.26,EGO
2025-03-13,15.3,EGO
2025-03-12,14.65,EGO
2025-03-11,14.44,EGO
2025-03-10,14.35,EGO
2025-03-07,14.47,EGO
2025-03-06,14.32,EGO
2025-03-05,14.35,EGO
2025-03-04,13.82,EGO
2025-03-03,13.56,EGO
2025-02-28,13.77,EGO
2025-02-27,13.68,EGO
2025-02-26,14.45,EGO
2025-02-25,14.14,EGO
2025-02-24,14.11,EGO
2025-02-21,13.41,EGO
2025-02-20,14.67,EGO
2025-02-19,14.45,EGO
2025-02-18,14.44,EGO
2025-02-14,13.98,EGO
2025-02-13,14.85,EGO
2025-02-12,14.5,EGO
2025-02-11,14.4,EGO
2025-02-10,14.5,EGO
2025-02-07,13.93,EGO
2025-02-06,14.01,EGO
2025-02-05,15.79,EGO
2025-02-04,15.53,EGO
2025-02-03,15.22,EGO
2025-01-31,15.24,EGO
2025-01-30,15.42,EGO
2025-01-29,15.09,EGO
2025-01-28,15.17,EGO
2025-01-27,15.15,EGO
2025-01-24,15.53,EGO
2025-01-23,15.01,EGO
2025-01-22,14.95,EGO
2025-01-21,14.81,EGO
2025-01-17,14.51,EGO
2025-01-16,14.57,EGO
2025-01-15,14.96,EGO
2025-01-14,15.6,EGO
2025-01-13,15.37,EGO
2025-01-10,15.97,EGO
2025-01-08,16.05,EGO
2025-01-07,15.37,EGO
2025-01-06,15.27,EGO
2025-01-03,15.53,EGO
2025-01-02,15.69,EGO
2024-12-31,14.87,EGO
2024-12-30,14.7,EGO
2024-12-27,14.97,EGO
2024-12-26,15.09,EGO
2024-12-24,15.04,EGO
2024-12-23,15.18,EGO
2024-12-20,15.19,EGO
2024-12-19,14.97,EGO
2024-12-18,15.17,EGO
2024-12-17,15.94,EGO
2024-12-16,15.97,EGO
2024-12-13,15.96,EGO
2024-12-12,16.53,EGO
2024-12-11,17.24,EGO
2024-12-10,16.65,EGO
2024-12-09,16.53,EGO
2024-12-06,15.83,EGO
2024-12-05,16.18,EGO
2024-12-04,16.23,EGO
2024-12-03,16.23,EGO
2024-12-02,15.79,EGO
2024-11-29,16.0,EGO
2024-11-27,15.88,EGO
2024-11-26,15.7,EGO
2024-11-25,15.69,EGO
2024-11-22,16.56,EGO
2024-11-21,16.66,EGO
2024-11-20,16.18,EGO
2024-11-19,16.33,EGO
2024-11-18,15.99,EGO
2024-11-15,15.2,EGO
2024-11-14,15.29,EGO
2024-11-13,15.36,EGO
2024-11-12,15.37,EGO
2024-11-11,15.55,EGO
2024-11-08,16.65,EGO
2024-11-07,16.74,EGO
2024-11-06,16.2,EGO
2024-11-05,16.41,EGO
2024-11-04,16.46,EGO
2024-11-01,16.34,EGO
2024-10-31,17.37,EGO
2024-10-30,17.96,EGO
2024-10-29,18.01,EGO
2024-10-28,17.13,EGO
2024-10-25,17.38,EGO
2024-10-24,17.99,EGO
2024-10-23,18.14,EGO
2024-10-22,18.66,EGO
2024-10-21,18.5,EGO
2024-10-18,18.62,EGO
2024-10-17,18.01,EGO
2024-10-16,17.91,EGO
2024-10-15,17.89,EGO
2024-10-14,17.72,EGO
2024-10-11,17.51,EGO
2024-10-10,16.99,EGO
2024-10-09,16.55,EGO
2024-10-08,16.8,EGO
2024-10-07,16.76,EGO
2024-10-04,17.29,EGO
2024-10-03,17.54,EGO
2024-10-02,17.63,EGO
2024-10-01,17.6,EGO
2024-09-30,17.37,EGO
2024-09-27,17.6,EGO
2024-09-26,18.48,EGO
2024-09-25,18.28,EGO
2024-09-24,17.91,EGO
2024-09-23,17.54,EGO
2024-09-20,17.54,EGO
2024-09-19,17.29,EGO
2024-09-18,17.06,EGO
2024-09-17,17.38,EGO
2024-09-16,17.76,EGO
2024-09-13,17.99,EGO
2024-09-12,17.79,EGO
2024-09-11,16.86,EGO
2024-09-10,16.48,EGO
2024-09-09,16.06,EGO
2024-09-06,15.82,EGO
2024-09-05,16.41,EGO
2024-09-04,16.12,EGO
2024-09-03,16.35,EGO
2024-08-30,17.25,EGO
2024-08-29,17.3,EGO
2024-08-28,17.18,EGO
2024-08-27,17.74,EGO
2024-08-26,17.75,EGO
2024-08-23,17.74,EGO
2024-08-22,17.58,EGO
2024-08-21,17.93,EGO
2024-08-20,17.92,EGO
2024-08-19,18.02,EGO
2024-08-16,17.68,EGO
2024-08-15,17.35,EGO
2024-08-14,17.18,EGO
2024-08-13,17.12,EGO
2024-08-12,16.92,EGO
2024-08-09,16.17,EGO
2024-08-08,15.92,EGO
2024-08-07,15.48,EGO
2024-08-06,15.89,EGO
2024-08-05,16.11,EGO
2024-08-02,16.84,EGO
2024-08-01,16.75,EGO
2024-07-31,16.96,EGO
2024-07-30,16.62,EGO
2024-07-29,16.56,EGO
2024-07-26,16.01,EGO
2024-07-25,15.69,EGO
2024-07-24,16.31,EGO
2024-07-23,16.54,EGO
2024-07-22,16.41,EGO
2024-07-19,16.44,EGO
2024-07-18,16.71,EGO
2024-07-17,16.78,EGO
2024-07-16,17.1,EGO
2024-07-15,16.65,EGO
2024-07-12,16.55,EGO
2024-07-11,16.59,EGO
2024-07-10,16.17,EGO
2024-07-09,16.04,EGO
2024-07-08,16.06,EGO
2024-07-05,15.83,EGO
2024-07-03,15.47,EGO
2024-07-02,14.82,EGO
2024-07-01,14.68,EGO
2024-06-28,14.79,EGO
2024-06-27,14.81,EGO
2024-06-26,14.78,EGO
2024-06-25,15.0,EGO
2024-06-24,15.0,EGO
2024-06-21,15.0,EGO
2024-06-20,15.3,EGO
2024-06-18,14.84,EGO
2024-06-17,14.57,EGO
2024-06-14,14.77,EGO
2024-06-13,14.69,EGO
2024-06-12,15.02,EGO
2024-06-11,14.85,EGO
2024-06-10,15.0,EGO
2024-06-07,15.04,EGO
2024-06-06,16.36,EGO
2024-06-05,15.72,EGO
2024-06-04,15.74,EGO
2024-06-03,16.2,EGO
2024-05-31,16.17,EGO
2024-05-30,16.3,EGO
2024-05-29,16.07,EGO
2024-05-28,15.88,EGO
2024-05-24,15.59,EGO
2024-05-23,15.34,EGO
2024-05-22,15.72,EGO
2024-05-21,16.52,EGO
2024-05-20,16.48,EGO
2024-05-17,16.19,EGO
2024-05-16,15.29,EGO
2024-05-15,15.0,EGO
2024-05-14,14.82,EGO
2024-05-13,15.07,EGO
2024-05-10,15.3,EGO
2024-05-09,15.08,EGO
2024-05-08,15.09,EGO
2024-05-07,14.94,EGO
2024-05-06,14.75,EGO
2024-05-03,14.31,EGO
2024-05-02,14.64,EGO
2024-05-01,14.41,EGO
2024-04-30,14.26,EGO
2024-04-29,15.19,EGO
2024-04-26,15.2,EGO
2024-04-25,14.78,EGO
2024-04-24,14.34,EGO
2024-04-23,14.45,EGO
2024-04-22,14.31,EGO
2024-04-19,15.04,EGO
2024-04-18,14.9,EGO
2024-04-17,14.96,EGO
2024-04-16,15.06,EGO
2024-04-15,15.1,EGO
2024-04-12,15.14,EGO
2024-04-11,15.6,EGO
2024-04-10,15.3,EGO
2024-04-09,15.66,EGO
2024-04-08,15.07,EGO
2024-04-05,15.12,EGO
2024-04-04,14.73,EGO
2024-04-03,15.02,EGO
2024-04-02,14.77,EGO
2024-04-01,14.38,EGO
2024-03-28,14.07,EGO
2024-03-27,13.97,EGO
2024-03-26,13.59,EGO
2024-03-25,13.49,EGO
2024-03-22,13.41,EGO
2024-03-21,13.32,EGO
2024-03-20,13.37,EGO
2024-03-19,12.99,EGO
2024-03-18,13.06,EGO
2024-03-15,13.02,EGO
2024-03-14,12.76,EGO
2024-03-13,12.62,EGO
2024-03-12,12.42,EGO
2024-03-11,12.33,EGO
2024-03-08,12.21,EGO
2024-03-07,12.3,EGO
2024-03-06,12.16,EGO
2024-03-05,11.8,EGO
2024-03-04,11.36,EGO
2024-03-01,10.83,EGO
2024-02-29,10.39,EGO
2024-02-28,10.15,EGO
2024-02-27,10.33,EGO
2024-02-26,10.76,EGO
2024-02-23,10.59,EGO
2024-02-22,11.27,EGO
2024-02-21,11.37,EGO
2024-02-20,11.3,EGO
2024-02-16,10.94,EGO
2024-02-15,11.04,EGO
2024-02-14,10.88,EGO
2024-02-13,10.85,EGO
2024-02-12,11.8,EGO
2024-02-09,11.89,EGO
2024-02-08,12.16,EGO
2024-02-07,12.33,EGO
2024-02-06,12.38,EGO
2024-02-05,12.2,EGO
2024-02-02,12.37,EGO
2024-02-01,12.9,EGO
2024-01-31,12.21,EGO
2024-01-30,12.1,EGO
2024-01-29,12.07,EGO
2024-01-26,12.2,EGO
2024-01-25,12.42,EGO
2024-01-24,11.99,EGO
2024-01-23,12.65,EGO
2024-01-22,12.73,EGO
2024-01-19,12.64,EGO
2024-01-18,12.62,EGO
2024-01-17,12.54,EGO
2024-01-16,12.67,EGO
2024-01-12,12.72,EGO
2024-01-11,12.15,EGO
2024-01-10,12.19,EGO
2024-01-09,12.08,EGO
2024-01-08,12.13,EGO
2024-01-05,11.96,EGO
2024-01-04,11.92,EGO
2024-01-03,11.89,EGO
2024-01-02,12.62,EGO
2023-12-29,12.97,EGO
2023-12-28,13.07,EGO
2023-12-27,13.3,EGO
2023-12-26,13.3,EGO
2023-12-22,13.28,EGO
2023-12-21,13.04,EGO
2023-12-20,12.71,EGO
2023-12-19,13.19,EGO
2023-12-18,12.8,EGO
2023-12-15,12.67,EGO
2023-12-14,12.59,EGO
2023-12-13,12.68,EGO
2023-12-12,11.95,EGO
2023-12-11,12.29,EGO
2023-12-08,12.49,EGO
2023-12-07,12.82,EGO
2023-12-06,12.92,EGO
2023-12-05,12.83,EGO
2023-12-04,13.06,EGO
2023-12-01,13.52,EGO
2023-11-30,13.13,EGO
2023-11-29,12.95,EGO
2023-11-28,12.97,EGO
2023-11-27,12.26,EGO
2023-11-24,11.97,EGO
2023-11-22,11.67,EGO
2023-11-21,11.47,EGO
2023-11-20,11.09,EGO
2023-11-17,11.14,EGO
2023-11-16,11.11,EGO
2023-11-15,10.66,EGO
2023-11-14,10.71,EGO
2023-11-13,10.29,EGO
2023-11-10,10.42,EGO
2023-11-09,10.53,EGO
2023-11-08,10.48,EGO
2023-11-07,10.83,EGO
2023-11-06,11.14,EGO
2023-11-03,11.2,EGO
2023-11-02,10.92,EGO
2023-11-01,10.95,EGO
2023-10-31,10.81,EGO
2023-10-30,10.88,EGO
2023-10-27,10.78,EGO
2023-10-26,9.88,EGO
2023-10-25,10.2,EGO
2023-10-24,10.34,EGO
2023-10-23,10.24,EGO
2023-10-20,10.21,EGO
2023-10-19,10.13,EGO
2023-10-18,10.07,EGO
2023-10-17,9.96,EGO
2023-10-16,9.76,EGO
2023-10-13,9.8,EGO
2023-10-12,9.33,EGO
2023-10-11,9.6,EGO
2023-10-10,9.11,EGO
2023-10-09,9.02,EGO
2023-10-06,8.93,EGO
2023-10-05,8.7,EGO
2023-10-04,8.47,EGO
2023-10-03,8.68,EGO
2023-10-02,8.43,EGO
2023-09-29,8.91,EGO
2023-09-28,8.96,EGO
2023-09-27,8.99,EGO
2023-09-26,9.19,EGO
2023-09-25,9.59,EGO
2023-09-22,9.6,EGO
2023-09-21,9.71,EGO
2023-09-20,10.05,EGO
2023-09-19,10.0,EGO
2023-09-18,10.13,EGO
2023-09-15,10.02,EGO
2023-09-14,9.74,EGO
2023-09-13,9.63,EGO
2023-09-12,9.73,EGO
2023-09-11,9.8,EGO
2023-09-08,9.46,EGO
2023-09-07,9.47,EGO
2023-09-06,9.54,EGO
2023-09-05,9.57,EGO
2023-09-01,9.56,EGO
2023-08-31,9.57,EGO
2023-08-30,9.55,EGO
2023-08-29,9.47,EGO
2023-08-28,9.21,EGO
2023-08-25,8.94,EGO
2023-08-24,9.06,EGO
2023-08-23,9.21,EGO
2023-08-22,8.77,EGO
2023-08-21,8.69,EGO
2023-08-18,8.66,EGO
2023-08-17,8.76,EGO
2023-08-16,8.81,EGO
2023-08-15,8.84,EGO
2023-08-14,9.02,EGO
2023-08-11,9.16,EGO
2023-08-10,9.08,EGO
2023-08-09,9.09,EGO
2023-08-08,9.17,EGO
2023-08-07,9.21,EGO
2023-08-04,9.24,EGO
2023-08-03,9.22,EGO
2023-08-02,9.38,EGO
2023-08-01,9.67,EGO
2023-07-31,9.81,EGO
2023-07-28,9.62,EGO
2023-07-27,10.15,EGO
2023-07-26,10.84,EGO
2023-07-25,11.01,EGO
2023-07-24,10.95,EGO
2023-07-21,10.98,EGO
2023-07-20,11.09,EGO
2023-07-19,11.36,EGO
2023-07-18,11.35,EGO
2023-07-17,11.17,EGO
2023-07-14,11.09,EGO
2023-07-13,11.08,EGO
2023-07-12,10.97,EGO
2023-07-11,10.35,EGO
2023-07-10,10.33,EGO
2023-07-07,9.94,EGO
2023-07-06,9.81,EGO
2023-07-05,10.09,EGO
2023-07-03,10.26,EGO
2023-06-30,10.1,EGO
2023-06-29,9.95,EGO
2023-06-28,9.77,EGO
2023-06-27,9.58,EGO
2023-06-26,9.88,EGO
2023-06-23,9.85,EGO
2023-06-22,9.83,EGO
2023-06-21,9.86,EGO
2023-06-20,9.83,EGO
2023-06-16,10.18,EGO
2023-06-15,9.92,EGO
2023-06-14,9.96,EGO
2023-06-13,9.92,EGO
2023-06-12,9.91,EGO
2023-06-09,9.77,EGO
2023-06-08,9.86,EGO
2023-06-07,9.73,EGO
2023-06-06,9.84,EGO
2023-06-05,9.68,EGO
2023-06-02,9.67,EGO
2023-06-01,9.92,EGO
2023-05-31,9.43,EGO
2023-05-30,10.28,EGO
2023-05-26,10.19,EGO
2023-05-25,9.95,EGO
2023-05-24,10.14,EGO
2023-05-23,10.42,EGO
2023-05-22,10.33,EGO
2023-05-19,10.41,EGO
2023-05-18,10.49,EGO
2023-05-17,10.87,EGO
2023-05-16,11.07,EGO
2023-05-15,11.29,EGO
2023-05-12,11.24,EGO
2023-05-11,11.33,EGO
2023-05-10,11.68,EGO
2023-05-09,11.96,EGO
2023-05-08,11.93,EGO
2023-05-05,11.99,EGO
2023-05-04,11.92,EGO
2023-05-03,11.82,EGO
2023-05-02,11.59,EGO
2023-05-01,11.19,EGO
2023-04-28,11.05,EGO
2023-04-27,10.52,EGO
2023-04-26,10.46,EGO
2023-04-25,10.67,EGO
2023-04-24,10.76,EGO
2023-04-21,10.68,EGO
2023-04-20,10.86,EGO
2023-04-19,11.06,EGO
2023-04-18,11.31,EGO
2023-04-17,11.18,EGO
2023-04-14,11.55,EGO
2023-04-13,11.52,EGO
2023-04-12,11.2,EGO
2023-04-11,10.99,EGO
2023-04-10,10.83,EGO
2023-04-06,10.82,EGO
2023-04-05,10.84,EGO
2023-04-04,10.9,EGO
2023-04-03,10.71,EGO
2023-03-31,10.36,EGO
2023-03-30,10.46,EGO
2023-03-29,10.29,EGO
2023-03-28,10.17,EGO
2023-03-27,9.95,EGO
2023-03-24,9.83,EGO
2023-03-23,9.79,EGO
2023-03-22,9.76,EGO
2023-03-21,9.51,EGO
2023-03-20,10.04,EGO
2023-03-17,9.9,EGO
2023-03-16,9.45,EGO
2023-03-15,9.58,EGO
2023-03-14,9.73,EGO
2023-03-13,9.58,EGO
2023-03-10,9.12,EGO
2023-03-09,9.21,EGO
2023-03-08,9.23,EGO
2023-03-07,9.22,EGO
2023-03-06,9.6,EGO
2023-03-03,9.86,EGO
2023-03-02,9.45,EGO
2023-03-01,9.62,EGO
2023-02-28,9.32,EGO
2023-02-27,9.1,EGO
2023-02-24,8.9,EGO
2023-02-23,8.37,EGO
2023-02-22,8.44,EGO
2023-02-21,8.52,EGO
2023-02-17,8.72,EGO
2023-02-16,8.99,EGO
2023-02-15,8.89,EGO
2023-02-14,9.1,EGO
2023-02-13,9.0,EGO
2023-02-10,9.04,EGO
2023-02-09,9.2,EGO
2023-02-08,9.45,EGO
2023-02-07,9.34,EGO
2023-02-06,9.21,EGO
2023-02-03,9.35,EGO
2023-02-02,9.53,EGO
2023-02-01,9.9,EGO
2023-01-31,9.56,EGO
2023-01-30,9.45,EGO
2023-01-27,9.48,EGO
2023-01-26,9.63,EGO
2023-01-25,9.62,EGO
2023-01-24,9.42,EGO
2023-01-23,9.22,EGO
2023-01-20,9.16,EGO
2023-01-19,8.96,EGO
2023-01-18,8.8,EGO
2023-01-17,8.74,EGO
2023-01-13,9.03,EGO
2023-01-12,8.96,EGO
2023-01-11,8.69,EGO
2023-01-10,8.99,EGO
2023-01-09,8.73,EGO
2023-01-06,8.9,EGO
2023-01-05,8.69,EGO
2023-01-04,8.86,EGO
2023-01-03,8.49,EGO
2022-12-30,8.36,EGO
2022-12-29,8.35,EGO
2022-12-28,8.29,EGO
2022-12-27,8.67,EGO
2022-12-23,8.39,EGO
2022-12-22,8.19,EGO
2022-12-21,8.31,EGO
2022-12-20,8.37,EGO
2022-12-19,7.87,EGO
2022-12-16,8.26,EGO
2022-12-15,8.0,EGO
2022-12-14,8.2,EGO
2022-12-13,8.33,EGO
2022-12-12,8.17,EGO
2022-12-09,8.19,EGO
2022-12-08,8.38,EGO
2022-12-07,8.14,EGO
2022-12-06,8.04,EGO
2022-12-05,8.04,EGO
2022-12-02,8.31,EGO
2022-12-01,8.39,EGO
2022-11-30,7.66,EGO
2022-11-29,7.36,EGO
2022-11-28,7.2,EGO
2022-11-25,7.59,EGO
2022-11-23,7.64,EGO
2022-11-22,7.65,EGO
2022-11-21,6.93,EGO
2022-11-18,6.83,EGO
2022-11-17,6.72,EGO
2022-11-16,6.91,EGO
2022-11-15,7.01,EGO
2022-11-14,7.13,EGO
2022-11-11,7.1,EGO
2022-11-10,6.99,EGO
2022-11-09,6.55,EGO
2022-11-08,6.7,EGO
2022-11-07,6.32,EGO
2022-11-04,6.21,EGO
2022-11-03,5.51,EGO
2022-11-02,5.67,EGO
2022-11-01,6.09,EGO
2022-10-31,5.59,EGO
2022-10-28,5.86,EGO
2022-10-27,6.14,EGO
2022-10-26,6.29,EGO
2022-10-25,6.05,EGO
2022-10-24,5.91,EGO
2022-10-21,6.07,EGO
2022-10-20,5.72,EGO
2022-10-19,5.66,EGO
2022-10-18,5.96,EGO
2022-10-17,5.86,EGO
2022-10-14,5.75,EGO
2022-10-13,6.22,EGO
2022-10-12,6.3,EGO
2022-10-11,6.25,EGO
2022-10-10,6.36,EGO
2022-10-07,6.55,EGO
2022-10-06,6.86,EGO
2022-10-05,6.8,EGO
2022-10-04,6.83,EGO
2022-10-03,6.6,EGO
2022-09-30,6.03,EGO
2022-09-29,5.89,EGO
2022-09-28,5.9,EGO
2022-09-27,5.2,EGO
2022-09-26,5.16,EGO
2022-09-23,5.35,EGO
2022-09-22,5.76,EGO
2022-09-21,5.85,EGO
2022-09-20,5.82,EGO
2022-09-19,5.9,EGO
2022-09-16,5.73,EGO
2022-09-15,5.63,EGO
2022-09-14,5.87,EGO
2022-09-13,5.86,EGO
2022-09-12,6.05,EGO
2022-09-09,5.93,EGO
2022-09-08,5.82,EGO
2022-09-07,5.83,EGO
2022-09-06,5.5,EGO
2022-09-02,5.61,EGO
2022-09-01,5.29,EGO
2022-08-31,5.52,EGO
2022-08-30,5.6,EGO
2022-08-29,5.76,EGO
2022-08-26,5.83,EGO
2022-08-25,6.22,EGO
2022-08-24,6.17,EGO
2022-08-23,6.09,EGO
2022-08-22,5.93,EGO
2022-08-19,5.99,EGO
2022-08-18,6.11,EGO
2022-08-17,6.06,EGO
2022-08-16,6.31,EGO
2022-08-15,6.38,EGO
2022-08-12,6.57,EGO
2022-08-11,6.32,EGO
2022-08-10,6.34,EGO
2022-08-09,6.4,EGO
2022-08-08,6.33,EGO
2022-08-05,6.05,EGO
2022-08-04,6.08,EGO
2022-08-03,5.82,EGO
2022-08-02,5.94,EGO
2022-08-01,6.08,EGO
2022-07-29,6.16,EGO
2022-07-28,5.87,EGO
2022-07-27,5.77,EGO
2022-07-26,5.6,EGO
2022-07-25,5.67,EGO
2022-07-22,5.69,EGO
2022-07-21,5.79,EGO
2022-07-20,5.71,EGO
2022-07-19,5.85,EGO
2022-07-18,5.65,EGO
2022-07-15,5.49,EGO
2022-07-14,5.57,EGO
2022-07-13,5.7,EGO
2022-07-12,5.55,EGO
2022-07-11,5.56,EGO
2022-07-08,5.74,EGO
2022-07-07,5.83,EGO
2022-07-06,5.8,EGO
2022-07-05,5.96,EGO
2022-07-01,6.52,EGO
2022-06-30,6.39,EGO
2022-06-29,6.76,EGO
2022-06-28,6.87,EGO
2022-06-27,7.16,EGO
2022-06-24,7.11,EGO
2022-06-23,6.87,EGO
2022-06-22,7.2,EGO
2022-06-21,7.32,EGO
2022-06-17,7.33,EGO
2022-06-16,7.36,EGO
2022-06-15,7.38,EGO
2022-06-14,7.37,EGO
2022-06-13,7.65,EGO
2022-06-10,8.33,EGO
2022-06-09,7.9,EGO
2022-06-08,8.18,EGO
2022-06-07,8.25,EGO
2022-06-06,8.28,EGO
2022-06-03,8.39,EGO
2022-06-02,8.55,EGO
2022-06-01,8.11,EGO
2022-05-31,8.03,EGO
2022-05-27,8.16,EGO
2022-05-26,8.2,EGO
2022-05-25,8.31,EGO
2022-05-24,8.49,EGO
2022-05-23,8.35,EGO
2022-05-20,8.39,EGO
2022-05-19,8.52,EGO
2022-05-18,7.94,EGO
2022-05-17,8.13,EGO
2022-05-16,8.08,EGO
2022-05-13,8.09,EGO
2022-05-12,7.94,EGO
2022-05-11,8.39,EGO
2022-05-10,8.39,EGO
2022-05-09,8.54,EGO
2022-05-06,9.02,EGO
2022-05-05,9.16,EGO
2022-05-04,9.58,EGO
2022-05-03,9.57,EGO
2022-05-02,9.46,EGO
2022-04-29,9.72,EGO
2022-04-28,10.55,EGO
2022-04-27,10.32,EGO
2022-04-26,10.39,EGO
2022-04-25,10.74,EGO
2022-04-22,11.17,EGO
2022-04-21,11.6,EGO
2022-04-20,12.11,EGO
2022-04-19,11.92,EGO
2022-04-18,12.2,EGO
2022-04-14,12.2,EGO
2022-04-13,12.16,EGO
2022-04-12,11.72,EGO
2022-04-11,11.63,EGO
2022-04-08,11.49,EGO
2022-04-07,11.04,EGO
2022-04-06,10.94,EGO
2022-04-05,11.13,EGO
2022-04-04,11.55,EGO
2022-04-01,11.51,EGO
2022-03-31,11.21,EGO
2022-03-30,11.36,EGO
2022-03-29,11.23,EGO
2022-03-28,11.29,EGO
2022-03-25,11.59,EGO
2022-03-24,11.5,EGO
2022-03-23,11.54,EGO
2022-03-22,11.26,EGO
2022-03-21,11.37,EGO
2022-03-18,11.02,EGO
2022-03-17,11.14,EGO
2022-03-16,10.82,EGO
2022-03-15,10.87,EGO
2022-03-14,10.84,EGO
2022-03-11,11.4,EGO
2022-03-10,11.64,EGO
2022-03-09,11.52,EGO
2022-03-08,11.55,EGO
2022-03-07,11.43,EGO
2022-03-04,11.39,EGO
2022-03-03,11.19,EGO
2022-03-02,11.23,EGO
2022-03-01,11.34,EGO
2022-02-28,10.95,EGO
2022-02-25,11.18,EGO
2022-02-24,10.75,EGO
2022-02-23,11.12,EGO
2022-02-22,10.85,EGO
2022-02-18,10.96,EGO
2022-02-17,11.01,EGO
2022-02-16,10.34,EGO
2022-02-15,10.27,EGO
2022-02-14,10.37,EGO
2022-02-11,10.03,EGO
2022-02-10,9.28,EGO
2022-02-09,9.45,EGO
2022-02-08,9.59,EGO
2022-02-07,9.4,EGO
2022-02-04,9.03,EGO
2022-02-03,8.86,EGO
2022-02-02,8.9,EGO
2022-02-01,8.79,EGO
2022-01-31,8.75,EGO
2022-01-28,8.53,EGO
2022-01-27,8.62,EGO
2022-01-26,8.93,EGO
2022-01-25,9.35,EGO
2022-01-24,8.99,EGO
2022-01-21,9.22,EGO
2022-01-20,9.5,EGO
2022-01-19,9.91,EGO
2022-01-18,9.24,EGO
2022-01-14,9.54,EGO
2022-01-13,9.54,EGO
2022-01-12,9.66,EGO
2022-01-11,9.52,EGO
2022-01-10,9.34,EGO
2022-01-07,9.07,EGO
2022-01-06,8.88,EGO
2022-01-05,9.14,EGO
2022-01-04,9.32,EGO
2022-01-03,9.13,EGO
2021-12-31,9.35,EGO
2021-12-30,9.37,EGO
2021-12-29,9.25,EGO
2021-12-28,9.36,EGO
2021-12-27,9.43,EGO
2021-12-23,9.43,EGO
2021-12-22,9.32,EGO
2021-12-21,9.06,EGO
2021-12-20,8.65,EGO
2021-12-17,8.74,EGO
2021-12-16,8.9,EGO
2021-12-15,8.59,EGO
2021-12-14,8.72,EGO
2021-12-13,8.82,EGO
2021-12-10,8.79,EGO
2021-12-09,8.82,EGO
2021-12-08,9.14,EGO
2021-12-07,9.25,EGO
2021-12-06,9.18,EGO
2021-12-03,8.98,EGO
2021-12-02,8.66,EGO
2021-12-01,8.72,EGO
2021-11-30,8.98,EGO
2021-11-29,9.06,EGO
2021-11-26,9.29,EGO
2021-11-24,9.39,EGO
2021-11-23,9.32,EGO
2021-11-22,9.66,EGO
2021-11-19,9.69,EGO
2021-11-18,9.91,EGO
2021-11-17,9.96,EGO
2021-11-16,9.9,EGO
2021-11-15,10.17,EGO
2021-11-12,10.2,EGO
2021-11-11,10.22,EGO
2021-11-10,9.93,EGO
2021-11-09,9.76,EGO
2021-11-08,9.69,EGO
2021-11-05,9.66,EGO
2021-11-04,9.38,EGO
2021-11-03,9.46,EGO
2021-11-02,9.25,EGO
2021-11-01,9.29,EGO
2021-10-29,8.96,EGO
2021-10-28,9.63,EGO
2021-10-27,9.89,EGO
2021-10-26,9.87,EGO
2021-10-25,9.92,EGO
2021-10-22,9.65,EGO
2021-10-21,9.58,EGO
2021-10-20,9.52,EGO
2021-10-19,9.5,EGO
2021-10-18,9.48,EGO
2021-10-15,9.64,EGO
2021-10-14,9.56,EGO
2021-10-13,9.51,EGO
2021-10-12,8.7,EGO
2021-10-11,8.41,EGO
2021-10-08,8.44,EGO
2021-10-07,8.35,EGO
2021-10-06,8.26,EGO
2021-10-05,8.0,EGO
2021-10-04,7.92,EGO
2021-10-01,7.76,EGO
2021-09-30,7.73,EGO
2021-09-29,7.5,EGO
2021-09-28,7.89,EGO
2021-09-27,7.87,EGO
2021-09-24,7.82,EGO
2021-09-23,7.88,EGO
2021-09-22,8.24,EGO
2021-09-21,8.26,EGO
2021-09-20,8.28,EGO
2021-09-17,8.25,EGO
2021-09-16,8.16,EGO
2021-09-15,8.49,EGO
2021-09-14,8.47,EGO
2021-09-13,8.51,EGO
2021-09-10,8.26,EGO
2021-09-09,8.49,EGO
2021-09-08,8.65,EGO
2021-09-07,8.67,EGO
2021-09-03,9.0,EGO
2021-09-02,8.68,EGO
2021-09-01,8.74,EGO
2021-08-31,8.77,EGO
2021-08-30,8.56,EGO
2021-08-27,8.83,EGO
2021-08-26,8.36,EGO
2021-08-25,8.45,EGO
2021-08-24,8.55,EGO
2021-08-23,8.51,EGO
2021-08-20,8.08,EGO
2021-08-19,8.06,EGO
2021-08-18,8.31,EGO
2021-08-17,8.38,EGO
2021-08-16,8.47,EGO
2021-08-13,8.64,EGO
2021-08-12,8.46,EGO
2021-08-11,8.73,EGO
2021-08-10,8.46,EGO
2021-08-09,8.53,EGO
2021-08-06,8.86,EGO
2021-08-05,9.11,EGO
2021-08-04,9.3,EGO
2021-08-03,9.23,EGO
2021-08-02,9.26,EGO
2021-07-30,9.33,EGO
2021-07-29,9.82,EGO
2021-07-28,9.61,EGO
2021-07-27,9.41,EGO
2021-07-26,9.4,EGO
2021-07-23,9.2,EGO
2021-07-22,9.37,EGO
2021-07-21,9.45,EGO
2021-07-20,9.22,EGO
2021-07-19,9.15,EGO
2021-07-16,9.39,EGO
2021-07-15,9.86,EGO
2021-07-14,9.86,EGO
2021-07-13,9.76,EGO
2021-07-12,9.62,EGO
2021-07-09,9.88,EGO
2021-07-08,9.66,EGO
2021-07-07,10.06,EGO
2021-07-06,10.11,EGO
2021-07-02,10.12,EGO
2021-07-01,9.95,EGO
2021-06-30,9.95,EGO
2021-06-29,9.85,EGO
2021-06-28,10.03,EGO
2021-06-25,10.19,EGO
2021-06-24,10.3,EGO
2021-06-23,10.28,EGO
2021-06-22,10.3,EGO
2021-06-21,10.37,EGO
2021-06-18,10.24,EGO
2021-06-17,10.65,EGO
2021-06-16,11.26,EGO
2021-06-15,11.53,EGO
2021-06-14,11.55,EGO
2021-06-11,11.66,EGO
2021-06-10,11.74,EGO
2021-06-09,11.35,EGO
2021-06-08,11.41,EGO
2021-06-07,11.53,EGO
2021-06-04,11.6,EGO
2021-06-03,11.49,EGO
2021-06-02,11.9,EGO
2021-06-01,11.93,EGO
2021-05-28,11.88,EGO
2021-05-27,11.81,EGO
2021-05-26,11.92,EGO
2021-05-25,11.85,EGO
2021-05-24,11.89,EGO
2021-05-21,11.81,EGO
2021-05-20,11.76,EGO
2021-05-19,11.47,EGO
2021-05-18,11.58,EGO
2021-05-17,11.65,EGO
2021-05-14,11.12,EGO
2021-05-13,10.82,EGO
2021-05-12,10.87,EGO
2021-05-11,11.04,EGO
2021-05-10,11.0,EGO
2021-05-07,11.15,EGO
2021-05-06,11.02,EGO
2021-05-05,10.64,EGO
2021-05-04,10.4,EGO
2021-05-03,10.61,EGO
2021-04-30,9.87,EGO
2021-04-29,10.81,EGO
2021-04-28,10.94,EGO
2021-04-27,10.86,EGO
2021-04-26,11.13,EGO
2021-04-23,11.04,EGO
2021-04-22,11.26,EGO
2021-04-21,11.79,EGO
2021-04-20,11.48,EGO
2021-04-19,11.3,EGO
2021-04-16,11.32,EGO
2021-04-15,11.16,EGO
2021-04-14,10.81,EGO
2021-04-13,11.25,EGO
2021-04-12,10.99,EGO
2021-04-09,11.34,EGO
2021-04-08,11.44,EGO
2021-04-07,11.17,EGO
2021-04-06,11.37,EGO
2021-04-05,11.25,EGO
2021-04-01,11.32,EGO
2021-03-31,10.79,EGO
2021-03-30,10.44,EGO
2021-03-29,10.77,EGO
2021-03-26,10.91,EGO
2021-03-25,10.72,EGO
2021-03-24,10.82,EGO
2021-03-23,11.02,EGO
2021-03-22,11.67,EGO
2021-03-19,12.0,EGO
2021-03-18,11.87,EGO
2021-03-17,12.05,EGO
2021-03-16,11.51,EGO
2021-03-15,11.48,EGO
2021-03-12,11.47,EGO
2021-03-11,11.35,EGO
2021-03-10,11.25,EGO
2021-03-09,11.34,EGO
2021-03-08,11.11,EGO
2021-03-05,11.34,EGO
2021-03-04,11.16,EGO
2021-03-03,10.94,EGO
2021-03-02,10.96,EGO
2021-03-01,10.46,EGO
2021-02-26,10.48,EGO
2021-02-25,11.58,EGO
2021-02-24,12.4,EGO
2021-02-23,12.2,EGO
2021-02-22,12.58,EGO
2021-02-19,12.09,EGO
2021-02-18,12.12,EGO
2021-02-17,12.41,EGO
2021-02-16,12.79,EGO
2021-02-12,13.04,EGO
2021-02-11,13.03,EGO
2021-02-10,13.25,EGO
2021-02-09,13.27,EGO
2021-02-08,13.32,EGO
2021-02-05,12.96,EGO
2021-02-04,11.5,EGO
2021-02-03,11.63,EGO
2021-02-02,11.33,EGO
2021-02-01,11.57,EGO
2021-01-29,11.21,EGO
2021-01-28,11.14,EGO
2021-01-27,10.65,EGO
2021-01-26,10.81,EGO
2021-01-25,10.76,EGO
2021-01-22,11.13,EGO
2021-01-21,11.31,EGO
2021-01-20,11.69,EGO
2021-01-19,11.32,EGO
2021-01-15,11.26,EGO
2021-01-14,11.99,EGO
2021-01-13,12.11,EGO
2021-01-12,12.24,EGO
2021-01-11,12.5,EGO
2021-01-08,13.17,EGO
2021-01-07,14.22,EGO
2021-01-06,14.14,EGO
2021-01-05,14.18,EGO
2021-01-04,14.23,EGO
2020-12-31,13.27,EGO
2020-12-30,13.64,EGO
2020-12-29,13.09,EGO
2020-12-28,13.21,EGO
2020-12-24,13.29,EGO
2020-12-23,13.15,EGO
2020-12-22,12.41,EGO
2020-12-21,12.97,EGO
2020-12-18,12.83,EGO
2020-12-17,13.29,EGO
2020-12-16,12.79,EGO
2020-12-15,12.8,EGO
2020-12-14,12.43,EGO
2020-12-11,12.86,EGO
2020-12-10,13.26,EGO
2020-12-09,12.91,EGO
2020-12-08,13.13,EGO
2020-12-07,13.22,EGO
2020-12-04,12.7,EGO
2020-12-03,12.66,EGO
2020-12-02,12.95,EGO
2020-12-01,13.03,EGO
2020-11-30,11.8,EGO
2020-11-27,11.96,EGO
2020-11-25,12.0,EGO
2020-11-24,11.96,EGO
2020-11-23,12.21,EGO
2020-11-20,12.81,EGO
2020-11-19,12.73,EGO
2020-11-18,12.83,EGO
2020-11-17,13.31,EGO
2020-11-16,13.55,EGO
2020-11-13,13.56,EGO
2020-11-12,13.55,EGO
2020-11-11,13.29,EGO
2020-11-10,13.31,EGO
2020-11-09,13.16,EGO
2020-11-06,14.35,EGO
2020-11-05,14.26,EGO
2020-11-04,12.82,EGO
2020-11-03,13.06,EGO
2020-11-02,12.69,EGO
2020-10-30,12.53,EGO
2020-10-29,12.18,EGO
2020-10-28,11.98,EGO
2020-10-27,13.24,EGO
2020-10-26,12.98,EGO
2020-10-23,13.26,EGO
2020-10-22,13.47,EGO
2020-10-21,13.62,EGO
2020-10-20,13.42,EGO
2020-10-19,13.34,EGO
2020-10-16,13.53,EGO
2020-10-15,14.15,EGO
2020-10-14,13.74,EGO
2020-10-13,13.07,EGO
2020-10-12,13.01,EGO
2020-10-09,12.41,EGO
2020-10-08,11.2,EGO
2020-10-07,10.85,EGO
2020-10-06,11.18,EGO
2020-10-05,11.12,EGO
2020-10-02,10.52,EGO
2020-10-01,10.64,EGO
2020-09-30,10.55,EGO
2020-09-29,10.54,EGO
2020-09-28,10.28,EGO
2020-09-25,10.11,EGO
2020-09-24,10.02,EGO
2020-09-23,9.75,EGO
2020-09-22,10.67,EGO
2020-09-21,11.15,EGO
2020-09-18,11.81,EGO
2020-09-17,11.78,EGO
2020-09-16,11.34,EGO
2020-09-15,11.2,EGO
2020-09-14,11.23,EGO
2020-09-11,10.64,EGO
2020-09-10,10.92,EGO
2020-09-09,11.03,EGO
2020-09-08,10.63,EGO
2020-09-04,10.94,EGO
2020-09-03,11.08,EGO
2020-09-02,10.96,EGO
2020-09-01,11.09,EGO
2020-08-31,11.42,EGO
2020-08-28,11.35,EGO
2020-08-27,10.93,EGO
2020-08-26,11.13,EGO
2020-08-25,10.75,EGO
2020-08-24,10.86,EGO
2020-08-21,10.92,EGO
2020-08-20,11.44,EGO
2020-08-19,11.36,EGO
2020-08-18,11.84,EGO
2020-08-17,11.88,EGO
2020-08-14,11.09,EGO
2020-08-13,11.3,EGO
2020-08-12,10.89,EGO
2020-08-11,10.89,EGO
2020-08-10,11.88,EGO
2020-08-07,12.1,EGO
2020-08-06,12.52,EGO
2020-08-05,12.71,EGO
2020-08-04,12.66,EGO
2020-08-03,12.14,EGO
2020-07-31,12.59,EGO
2020-07-30,11.95,EGO
2020-07-29,12.14,EGO
2020-07-28,12.27,EGO
2020-07-27,12.33,EGO
2020-07-24,11.98,EGO
2020-07-23,11.5,EGO
2020-07-22,11.9,EGO
2020-07-21,11.85,EGO
2020-07-20,11.69,EGO
2020-07-17,11.24,EGO
2020-07-16,10.93,EGO
2020-07-15,11.2,EGO
2020-07-14,11.18,EGO
2020-07-13,10.76,EGO
2020-07-10,11.15,EGO
2020-07-09,10.63,EGO
2020-07-08,10.89,EGO
2020-07-07,10.4,EGO
2020-07-06,9.9,EGO
2020-07-02,9.62,EGO
2020-07-01,9.58,EGO
2020-06-30,9.7,EGO
2020-06-29,9.55,EGO
2020-06-26,9.28,EGO
2020-06-25,9.2,EGO
2020-06-24,9.03,EGO
2020-06-23,9.31,EGO
2020-06-22,9.14,EGO
2020-06-19,8.61,EGO
2020-06-18,8.15,EGO
2020-06-17,8.32,EGO
2020-06-16,8.31,EGO
2020-06-15,8.51,EGO
2020-06-12,8.33,EGO
2020-06-11,8.25,EGO
2020-06-10,8.87,EGO
2020-06-09,8.67,EGO
2020-06-08,8.51,EGO
2020-06-05,8.36,EGO
2020-06-04,8.27,EGO
2020-06-03,8.02,EGO
2020-06-02,8.28,EGO
2020-06-01,8.6,EGO
2020-05-29,8.4,EGO
2020-05-28,8.42,EGO
2020-05-27,8.59,EGO
2020-05-26,8.49,EGO
2020-05-22,9.0,EGO
2020-05-21,9.04,EGO
2020-05-20,9.4,EGO
2020-05-19,9.54,EGO
2020-05-18,8.81,EGO
2020-05-15,9.33,EGO
2020-05-14,8.91,EGO
2020-05-13,8.72,EGO
2020-05-12,8.91,EGO
2020-05-11,8.92,EGO
2020-05-08,9.24,EGO
2020-05-07,9.63,EGO
2020-05-06,9.21,EGO
2020-05-05,9.55,EGO
2020-05-04,9.57,EGO
2020-05-01,9.29,EGO
2020-04-30,9.47,EGO
2020-04-29,9.75,EGO
2020-04-28,9.56,EGO
2020-04-27,9.73,EGO
2020-04-24,9.74,EGO
2020-04-23,9.64,EGO
2020-04-22,9.22,EGO
2020-04-21,8.63,EGO
2020-04-20,8.69,EGO
2020-04-17,8.31,EGO
2020-04-16,8.5,EGO
2020-04-15,8.41,EGO
2020-04-14,8.58,EGO
2020-04-13,8.74,EGO
2020-04-09,7.74,EGO
2020-04-08,6.9,EGO
2020-04-07,6.87,EGO
2020-04-06,7.0,EGO
2020-04-03,6.48,EGO
2020-04-02,6.61,EGO
2020-04-01,6.35,EGO
2020-03-31,6.17,EGO
2020-03-30,6.23,EGO
2020-03-27,6.67,EGO
2020-03-26,7.01,EGO
2020-03-25,7.11,EGO
2020-03-24,6.36,EGO
2020-03-23,5.62,EGO
2020-03-20,5.15,EGO
2020-03-19,5.51,EGO
2020-03-18,5.36,EGO
2020-03-17,6.65,EGO
2020-03-16,6.03,EGO
2020-03-13,5.75,EGO
2020-03-12,6.56,EGO
2020-03-11,7.56,EGO
2020-03-10,8.39,EGO
2020-03-09,8.34,EGO
2020-03-06,9.39,EGO
2020-03-05,9.64,EGO
2020-03-04,9.65,EGO
2020-03-03,9.43,EGO
2020-03-02,9.34,EGO
2020-02-28,8.69,EGO
2020-02-27,9.42,EGO
2020-02-26,10.8,EGO
2020-02-25,10.92,EGO
2020-02-24,10.88,EGO
2020-02-21,9.93,EGO
2020-02-20,7.52,EGO
2020-02-19,7.57,EGO
2020-02-18,7.37,EGO
2020-02-14,6.67,EGO
2020-02-13,6.97,EGO
2020-02-12,6.91,EGO
2020-02-11,6.98,EGO
2020-02-10,6.82,EGO
2020-02-07,6.68,EGO
2020-02-06,6.78,EGO
2020-02-05,6.59,EGO
2020-02-04,6.62,EGO
2020-02-03,7.27,EGO
2020-01-31,7.28,EGO
2020-01-30,7.25,EGO
2020-01-29,7.29,EGO
2020-01-28,7.12,EGO
2020-01-27,7.36,EGO
2020-01-24,7.5,EGO
2020-01-23,7.31,EGO
2020-01-22,7.33,EGO
2020-01-21,7.39,EGO
2020-01-17,7.26,EGO
2020-01-16,7.41,EGO
2020-01-15,7.41,EGO
2020-01-14,7.34,EGO
2020-01-13,7.21,EGO
2020-01-10,7.52,EGO
2020-01-09,7.43,EGO
2020-01-08,7.71,EGO
2020-01-07,8.22,EGO
2020-01-06,7.88,EGO
2020-01-03,8.0,EGO
2020-01-02,8.09,EGO
2019-12-31,8.03,EGO
2019-12-30,7.88,EGO
2019-12-27,7.63,EGO
2019-12-26,7.74,EGO
2019-12-24,7.71,EGO
2019-12-23,7.46,EGO
2019-12-20,7.1,EGO
2019-12-19,7.19,EGO
2019-12-18,7.26,EGO
2019-12-17,7.14,EGO
2019-12-16,7.19,EGO
2019-12-13,7.5,EGO
2019-12-12,7.26,EGO
2019-12-11,7.25,EGO
2019-12-10,7.17,EGO
2019-12-09,7.26,EGO
2019-12-06,7.3,EGO
2019-12-05,7.36,EGO
2019-12-04,7.92,EGO
2019-12-03,8.17,EGO
2019-12-02,7.88,EGO
2019-11-29,7.84,EGO
2019-11-27,7.56,EGO
2019-11-26,7.69,EGO
2019-11-25,7.55,EGO
2019-11-22,7.59,EGO
2019-11-21,7.56,EGO
2019-11-20,7.96,EGO
2019-11-19,7.74,EGO
2019-11-18,7.77,EGO
2019-11-15,7.65,EGO
2019-11-14,7.91,EGO
2019-11-13,7.88,EGO
2019-11-12,7.61,EGO
2019-11-11,7.64,EGO
2019-11-08,7.7,EGO
2019-11-07,7.63,EGO
2019-11-06,8.91,EGO
2019-11-05,8.93,EGO
2019-11-04,8.95,EGO
2019-11-01,8.99,EGO
2019-10-31,8.42,EGO
2019-10-30,8.19,EGO
2019-10-29,7.92,EGO
2019-10-28,7.89,EGO
2019-10-25,8.13,EGO
2019-10-24,8.1,EGO
2019-10-23,7.87,EGO
2019-10-22,7.69,EGO
2019-10-21,7.69,EGO
2019-10-18,7.88,EGO
2019-10-17,7.87,EGO
2019-10-16,7.39,EGO
2019-10-15,7.23,EGO
2019-10-14,7.34,EGO
2019-10-11,7.39,EGO
2019-10-10,7.82,EGO
2019-10-09,7.77,EGO
2019-10-08,7.95,EGO
2019-10-07,7.8,EGO
2019-10-04,7.87,EGO
2019-10-03,7.8,EGO
2019-10-02,7.81,EGO
2019-10-01,7.69,EGO
2019-09-30,7.77,EGO
2019-09-27,7.88,EGO
2019-09-26,7.86,EGO
2019-09-25,8.21,EGO
2019-09-24,8.95,EGO
2019-09-23,8.84,EGO
2019-09-20,8.4,EGO
2019-09-19,8.3,EGO
2019-09-18,8.12,EGO
2019-09-17,8.39,EGO
2019-09-16,8.46,EGO
2019-09-13,8.29,EGO
2019-09-12,8.67,EGO
2019-09-11,8.57,EGO
2019-09-10,8.36,EGO
2019-09-09,8.62,EGO
2019-09-06,9.2,EGO
2019-09-05,9.71,EGO
2019-09-04,9.99,EGO
2019-09-03,9.26,EGO
2019-08-30,9.19,EGO
2019-08-29,9.22,EGO
2019-08-28,9.55,EGO
2019-08-27,9.52,EGO
2019-08-26,9.22,EGO
2019-08-23,9.17,EGO
2019-08-22,8.58,EGO
2019-08-21,8.73,EGO
2019-08-20,8.76,EGO
2019-08-19,8.57,EGO
2019-08-16,8.62,EGO
2019-08-15,8.77,EGO
2019-08-14,8.55,EGO
2019-08-13,8.09,EGO
2019-08-12,8.26,EGO
2019-08-09,8.23,EGO
2019-08-08,8.32,EGO
2019-08-07,7.84,EGO
2019-08-06,8.57,EGO
2019-08-05,8.66,EGO
2019-08-02,8.16,EGO
2019-08-01,8.27,EGO
2019-07-31,7.7,EGO
2019-07-30,8.08,EGO
2019-07-29,7.95,EGO
2019-07-26,7.88,EGO
2019-07-25,7.73,EGO
2019-07-24,7.8,EGO
2019-07-23,7.49,EGO
2019-07-22,7.81,EGO
2019-07-19,7.68,EGO
2019-07-18,7.83,EGO
2019-07-17,7.6,EGO
2019-07-16,7.22,EGO
2019-07-15,6.98,EGO
2019-07-12,6.99,EGO
2019-07-11,6.75,EGO
2019-07-10,6.85,EGO
2019-07-09,6.55,EGO
2019-07-08,6.2,EGO
2019-07-05,6.26,EGO
2019-07-03,6.24,EGO
2019-07-02,6.24,EGO
2019-07-01,5.79,EGO
2019-06-28,5.82,EGO
2019-06-27,5.75,EGO
2019-06-26,5.7,EGO
2019-06-25,5.45,EGO
2019-06-24,5.49,EGO
2019-06-21,5.43,EGO
2019-06-20,5.11,EGO
2019-06-19,4.51,EGO
2019-06-18,4.48,EGO
2019-06-17,4.3,EGO
2019-06-14,4.26,EGO
2019-06-13,4.32,EGO
2019-06-12,4.3,EGO
2019-06-11,4.26,EGO
2019-06-10,4.17,EGO
2019-06-07,4.31,EGO
2019-06-06,4.28,EGO
2019-06-05,4.24,EGO
2019-06-04,4.23,EGO
2019-06-03,4.19,EGO
2019-05-31,3.72,EGO
2019-05-30,3.64,EGO
2019-05-29,3.52,EGO
2019-05-28,3.62,EGO
2019-05-24,3.11,EGO
2019-05-23,3.19,EGO
2019-05-22,3.45,EGO
2019-05-21,3.44,EGO
2019-05-20,3.42,EGO
2019-05-17,3.53,EGO
2019-05-16,3.61,EGO
2019-05-15,3.8,EGO
2019-05-14,3.63,EGO
2019-05-13,3.66,EGO
2019-05-10,3.5,EGO
2019-05-09,3.51,EGO
2019-05-08,3.49,EGO
2019-05-07,3.51,EGO
2019-05-06,3.62,EGO
2019-05-03,3.42,EGO
2019-05-02,4.11,EGO
2019-05-01,4.11,EGO
2019-04-30,4.16,EGO
2019-04-29,4.17,EGO
2019-04-26,4.31,EGO
2019-04-25,4.12,EGO
2019-04-24,4.16,EGO
2019-04-23,4.14,EGO
2019-04-22,4.15,EGO
2019-04-18,4.28,EGO
2019-04-17,4.32,EGO
2019-04-16,4.27,EGO
2019-04-15,4.48,EGO
2019-04-12,4.51,EGO
2019-04-11,4.56,EGO
2019-04-10,4.68,EGO
2019-04-09,4.73,EGO
2019-04-08,4.64,EGO
2019-04-05,4.58,EGO
2019-04-04,4.66,EGO
2019-04-03,4.59,EGO
2019-04-02,4.45,EGO
2019-04-01,4.42,EGO
2019-03-29,4.63,EGO
2019-03-28,4.7,EGO
2019-03-27,4.94,EGO
2019-03-26,5.03,EGO
2019-03-25,4.92,EGO
2019-03-22,4.62,EGO
2019-03-21,4.55,EGO
2019-03-20,4.71,EGO
2019-03-19,4.52,EGO
2019-03-18,4.39,EGO
2019-03-15,4.5,EGO
2019-03-14,4.53,EGO
2019-03-13,4.77,EGO
2019-03-12,4.73,EGO
2019-03-11,4.43,EGO
2019-03-08,4.46,EGO
2019-03-07,4.31,EGO
2019-03-06,4.18,EGO
2019-03-05,4.26,EGO
2019-03-04,4.23,EGO
2019-03-01,4.2,EGO
2019-02-28,4.35,EGO
2019-02-27,4.26,EGO
2019-02-26,4.3,EGO
2019-02-25,4.3,EGO
2019-02-22,4.39,EGO
2019-02-21,4.3,EGO
2019-02-20,4.35,EGO
2019-02-19,4.44,EGO
2019-02-15,4.18,EGO
2019-02-14,4.01,EGO
2019-02-13,4.0,EGO
2019-02-12,3.97,EGO
2019-02-11,4.02,EGO
2019-02-08,4.04,EGO
2019-02-07,3.82,EGO
2019-02-06,3.92,EGO
2019-02-05,4.17,EGO
2019-02-04,3.95,EGO
2019-02-01,3.98,EGO
2019-01-31,3.75,EGO
2019-01-30,2.94,EGO
2019-01-29,2.82,EGO
2019-01-28,2.79,EGO
2019-01-25,2.69,EGO
2019-01-24,2.67,EGO
2019-01-23,2.64,EGO
2019-01-22,2.69,EGO
2019-01-18,2.66,EGO
2019-01-17,2.83,EGO
2019-01-16,2.86,EGO
2019-01-15,2.94,EGO
2019-01-14,2.94,EGO
2019-01-11,3.06,EGO
2019-01-10,3.04,EGO
2019-01-09,3.25,EGO
2019-01-08,3.3,EGO
2019-01-07,3.31,EGO
2019-01-04,3.27,EGO
2019-01-03,3.46,EGO
2019-01-02,3.17,EGO
2018-12-31,2.88,EGO
2018-12-28,0.58,EGO
2018-12-27,0.59,EGO
2018-12-26,0.5987,EGO
2018-12-24,0.5987,EGO
2018-12-21,0.5953,EGO
2018-12-20,0.6116,EGO
2018-12-19,0.6058,EGO
2018-12-18,0.6523,EGO
2018-12-17,0.642,EGO
2018-12-14,0.5775,EGO
2018-12-13,0.585,EGO
2018-12-12,0.62,EGO
2018-12-11,0.6123,EGO
2018-12-10,0.61,EGO
2018-12-07,0.61,EGO
2018-12-06,0.57,EGO
2018-12-04,0.57,EGO
2018-12-03,0.5751,EGO
2018-11-30,0.5675,EGO
2018-11-29,0.565,EGO
2018-11-28,0.5924,EGO
2018-11-27,0.58,EGO
2018-11-26,0.5882,EGO
2018-11-23,0.6068,EGO
2018-11-21,0.63,EGO
2018-11-20,0.614,EGO
2018-11-19,0.6265,EGO
2018-11-16,0.6393,EGO
2018-11-15,0.6243,EGO
2018-11-14,0.6059,EGO
2018-11-13,0.6131,EGO
2018-11-12,0.62,EGO
2018-11-09,0.6584,EGO
2018-11-08,0.7,EGO
2018-11-07,0.7288,EGO
2018-11-06,0.73,EGO
2018-11-05,0.73,EGO
2018-11-02,0.72,EGO
2018-11-01,0.6957,EGO
2018-10-31,0.6613,EGO
2018-10-30,0.69,EGO
2018-10-29,0.66,EGO
2018-10-26,0.77,EGO
2018-10-25,0.82,EGO
2018-10-24,0.86,EGO
2018-10-23,0.8955,EGO
2018-10-22,0.9085,EGO
2018-10-19,0.9066,EGO
2018-10-18,0.913,EGO
2018-10-17,0.9127,EGO
2018-10-16,0.9195,EGO
2018-10-15,0.89,EGO
2018-10-12,0.9141,EGO
2018-10-11,0.95,EGO
2018-10-10,0.9,EGO
2018-10-09,0.8915,EGO
2018-10-08,0.9214,EGO
2018-10-05,0.9214,EGO
2018-10-04,0.8876,EGO
2018-10-03,0.8996,EGO
2018-10-02,0.8886,EGO
2018-10-01,0.93,EGO
2018-09-28,0.8831,EGO
2018-09-27,0.852,EGO
2018-09-26,0.87,EGO
2018-09-25,0.88,EGO
2018-09-24,0.881,EGO
2018-09-21,0.88,EGO
2018-09-20,0.8855,EGO
2018-09-19,0.9571,EGO
2018-09-18,0.8678,EGO
2018-09-17,0.87,EGO
2018-09-14,0.82,EGO
2018-09-13,0.85,EGO
2018-09-12,0.871,EGO
2018-09-11,0.8449,EGO
2018-09-10,0.85,EGO
2018-09-07,0.8551,EGO
2018-09-06,0.86,EGO
2018-09-05,0.9201,EGO
2018-09-04,0.92,EGO
2018-08-31,0.9798,EGO
2018-08-30,0.9957,EGO
2018-08-29,1.0,EGO
2018-08-28,1.01,EGO
2018-08-27,1.03,EGO
2018-08-24,1.02,EGO
2018-08-23,0.96,EGO
2018-08-22,0.9925,EGO
2018-08-21,1.0,EGO
2018-08-20,0.968,EGO
2018-08-17,0.9381,EGO
2018-08-16,0.9061,EGO
2018-08-15,0.934,EGO
2018-08-14,0.99,EGO
2018-08-13,0.97,EGO
2018-08-10,1.02,EGO
2018-08-09,1.04,EGO
2018-08-08,1.06,EGO
2018-08-07,1.03,EGO
2018-08-06,1.05,EGO
2018-08-03,1.06,EGO
2018-08-02,1.03,EGO
2018-08-01,1.02,EGO
2018-07-31,1.09,EGO
2018-07-30,1.07,EGO
2018-07-27,1.07,EGO
2018-07-26,1.05,EGO
2018-07-25,1.14,EGO
2018-07-24,1.14,EGO
2018-07-23,1.14,EGO
2018-07-20,1.14,EGO
2018-07-19,1.07,EGO
2018-07-18,1.08,EGO
2018-07-17,1.07,EGO
2018-07-16,1.09,EGO
2018-07-13,1.08,EGO
2018-07-12,1.07,EGO
2018-07-11,1.05,EGO
2018-07-10,1.05,EGO
2018-07-09,1.03,EGO
2018-07-06,1.05,EGO
2018-07-05,1.04,EGO
2018-07-03,1.02,EGO
2018-07-02,0.98,EGO
2018-06-29,0.98,EGO
2018-06-28,0.9798,EGO
2018-06-27,0.96,EGO
2018-06-26,1.06,EGO
2018-06-25,1.08,EGO
2018-06-22,1.11,EGO
2018-06-21,1.12,EGO
2018-06-20,1.12,EGO
2018-06-19,1.14,EGO
2018-06-18,1.15,EGO
2018-06-15,1.16,EGO
2018-06-14,1.17,EGO
2018-06-13,1.16,EGO
2018-06-12,1.14,EGO
2018-06-11,1.16,EGO
2018-06-08,1.13,EGO
2018-06-07,1.13,EGO
2018-06-06,1.13,EGO
2018-06-05,1.15,EGO
2018-06-04,1.09,EGO
2018-06-01,1.11,EGO
2018-05-31,1.12,EGO
2018-05-30,1.14,EGO
2018-05-29,1.12,EGO
2018-05-25,1.13,EGO
2018-05-24,1.15,EGO
2018-05-23,1.15,EGO
2018-05-22,1.11,EGO
2018-05-21,0.95,EGO
2018-05-18,1.0,EGO
2018-05-17,0.98,EGO
2018-05-16,0.9532,EGO
2018-05-15,0.95,EGO
2018-05-14,0.9541,EGO
2018-05-11,0.95,EGO
2018-05-10,0.9593,EGO
2018-05-09,0.97,EGO
2018-05-08,0.98,EGO
2018-05-07,0.983,EGO
2018-05-04,1.01,EGO
2018-05-03,0.97,EGO
2018-05-02,1.02,EGO
2018-05-01,0.93,EGO
2018-04-30,0.95,EGO
2018-04-27,0.955,EGO
2018-04-26,0.9421,EGO
2018-04-25,0.9546,EGO
2018-04-24,0.94,EGO
2018-04-23,0.95,EGO
2018-04-20,0.98,EGO
2018-04-19,0.9781,EGO
2018-04-18,0.99,EGO
2018-04-17,0.9778,EGO
2018-04-16,0.9725,EGO
2018-04-13,0.941,EGO
2018-04-12,0.9836,EGO
2018-04-11,1.01,EGO
2018-04-10,0.9837,EGO
2018-04-09,0.968,EGO
2018-04-06,0.9761,EGO
2018-04-05,0.9532,EGO
2018-04-04,0.93,EGO
2018-04-03,0.9073,EGO
2018-04-02,0.8273,EGO
2018-03-29,0.84,EGO
2018-03-28,0.8134,EGO
2018-03-27,0.8357,EGO
2018-03-26,0.8677,EGO
2018-03-23,0.9,EGO
2018-03-22,0.92,EGO
2018-03-21,1.04,EGO
2018-03-20,1.03,EGO
2018-03-19,1.06,EGO
2018-03-16,1.07,EGO
2018-03-15,1.09,EGO
2018-03-14,1.09,EGO
2018-03-13,1.08,EGO
2018-03-12,1.11,EGO
2018-03-09,1.11,EGO
2018-03-08,1.08,EGO
2018-03-07,1.1,EGO
2018-03-06,1.14,EGO
2018-03-05,1.14,EGO
2018-03-02,1.1,EGO
2018-03-01,1.09,EGO
2018-02-28,1.06,EGO
2018-02-27,1.06,EGO
2018-02-26,1.11,EGO
2018-02-23,1.08,EGO
2018-02-22,1.09,EGO
2018-02-21,1.1,EGO
2018-02-20,1.09,EGO
2018-02-16,1.12,EGO
2018-02-15,1.16,EGO
2018-02-14,1.16,EGO
2018-02-13,1.13,EGO
2018-02-12,1.16,EGO
2018-02-09,1.14,EGO
2018-02-08,1.23,EGO
2018-02-07,1.21,EGO
2018-02-06,1.19,EGO
2018-02-05,1.23,EGO
2018-02-02,1.22,EGO
2018-02-01,1.3,EGO
2018-01-31,1.3,EGO
2018-01-30,1.25,EGO
2018-01-29,1.27,EGO
2018-01-26,1.35,EGO
2018-01-25,1.37,EGO
2018-01-24,1.43,EGO
2018-01-23,1.41,EGO
2018-01-22,1.34,EGO
2018-01-19,1.34,EGO
2018-01-18,1.33,EGO
2018-01-17,1.36,EGO
2018-01-16,1.35,EGO
2018-01-12,1.29,EGO
2018-01-11,1.27,EGO
2018-01-10,1.27,EGO
2018-01-09,1.26,EGO
2018-01-08,1.32,EGO
2018-01-05,1.41,EGO
2018-01-04,1.41,EGO
2018-01-03,1.39,EGO
2018-01-02,1.44,EGO
2017-12-29,1.43,EGO
2017-12-28,1.44,EGO
2017-12-27,1.42,EGO
2017-12-26,1.41,EGO
2017-12-22,1.34,EGO
2017-12-21,1.26,EGO
2017-12-20,1.27,EGO
2017-12-19,1.26,EGO
2017-12-18,1.26,EGO
2017-12-15,1.29,EGO
2017-12-14,1.27,EGO
2017-12-13,1.26,EGO
2017-12-12,1.21,EGO
2017-12-11,1.24,EGO
2017-12-08,1.16,EGO
2017-12-07,1.16,EGO
2017-12-06,1.12,EGO
2017-12-05,1.12,EGO
2017-12-04,1.15,EGO
2017-12-01,1.16,EGO
2017-11-30,1.13,EGO
2017-11-29,1.15,EGO
2017-11-28,1.19,EGO
2017-11-27,1.18,EGO
2017-11-24,1.23,EGO
2017-11-22,1.25,EGO
2017-11-21,1.18,EGO
2017-11-20,1.22,EGO
2017-11-17,1.26,EGO
2017-11-16,1.2,EGO
2017-11-15,1.15,EGO
2017-11-14,1.17,EGO
2017-11-13,1.17,EGO
2017-11-10,1.21,EGO
2017-11-09,1.28,EGO
2017-11-08,1.21,EGO
2017-11-07,1.22,EGO
2017-11-06,1.26,EGO
2017-11-03,1.25,EGO
2017-11-02,1.25,EGO
2017-11-01,1.25,EGO
2017-10-31,1.25,EGO
2017-10-30,1.36,EGO
2017-10-27,1.29,EGO
2017-10-26,1.31,EGO
2017-10-25,1.3,EGO
2017-10-24,1.48,EGO
2017-10-23,1.55,EGO
2017-10-20,2.17,EGO
2017-10-19,2.18,EGO
2017-10-18,2.13,EGO
2017-10-17,2.2,EGO
2017-10-16,2.18,EGO
2017-10-13,2.26,EGO
2017-10-12,2.25,EGO
2017-10-11,2.26,EGO
2017-10-10,2.27,EGO
2017-10-09,2.35,EGO
2017-10-06,2.26,EGO
2017-10-05,2.22,EGO
2017-10-04,2.25,EGO
2017-10-03,2.21,EGO
2017-10-02,2.19,EGO
2017-09-29,2.2,EGO
2017-09-28,2.3,EGO
2017-09-27,2.22,EGO
2017-09-26,2.26,EGO
2017-09-25,2.35,EGO
2017-09-22,2.26,EGO
2017-09-21,2.24,EGO
2017-09-20,2.21,EGO
2017-09-19,2.25,EGO
2017-09-18,2.32,EGO
2017-09-15,2.32,EGO
2017-09-14,2.38,EGO
2017-09-13,2.29,EGO
2017-09-12,1.97,EGO
2017-09-11,1.93,EGO
2017-09-08,2.06,EGO
2017-09-07,2.11,EGO
2017-09-06,2.06,EGO
2017-09-05,2.1,EGO
2017-09-01,2.08,EGO
2017-08-31,2.06,EGO
2017-08-30,1.99,EGO
2017-08-29,2.03,EGO
2017-08-28,2.07,EGO
2017-08-25,1.96,EGO
2017-08-24,1.93,EGO
2017-08-23,1.91,EGO
2017-08-22,1.89,EGO
2017-08-21,1.91,EGO
2017-08-18,1.9,EGO
2017-08-17,1.87,EGO
2017-08-16,1.89,EGO
2017-08-15,1.88,EGO
2017-08-14,1.91,EGO
2017-08-11,2.0,EGO
2017-08-10,1.93,EGO
2017-08-09,1.92,EGO
2017-08-08,1.9,EGO
2017-08-07,1.93,EGO
2017-08-04,1.83,EGO
2017-08-03,1.85,EGO
2017-08-02,1.99,EGO
2017-08-01,2.08,EGO
2017-07-31,2.12,EGO
2017-07-28,2.26,EGO
2017-07-27,2.4,EGO
2017-07-26,2.47,EGO
2017-07-25,2.42,EGO
2017-07-24,2.44,EGO
2017-07-21,2.5,EGO
2017-07-20,2.54,EGO
2017-07-19,2.49,EGO
2017-07-18,2.48,EGO
2017-07-17,2.45,EGO
2017-07-14,2.41,EGO
2017-07-13,2.41,EGO
2017-07-12,2.43,EGO
2017-07-11,2.43,EGO
2017-07-10,2.43,EGO
2017-07-07,2.42,EGO
2017-07-06,2.56,EGO
2017-07-05,2.57,EGO
2017-07-03,2.57,EGO
2017-06-30,2.64,EGO
2017-06-29,2.58,EGO
2017-06-28,2.67,EGO
2017-06-27,2.82,EGO
2017-06-26,2.89,EGO
2017-06-23,2.91,EGO
2017-06-22,2.81,EGO
2017-06-21,2.77,EGO
2017-06-20,2.75,EGO
2017-06-19,2.79,EGO
2017-06-16,2.75,EGO
2017-06-15,2.67,EGO
2017-06-14,2.69,EGO
2017-06-13,2.81,EGO
2017-06-12,2.72,EGO
2017-06-09,2.9,EGO
2017-06-08,2.86,EGO
2017-06-07,3.16,EGO
2017-06-06,3.23,EGO
2017-06-05,3.02,EGO
2017-06-02,3.03,EGO
2017-06-01,3.06,EGO
2017-05-31,3.05,EGO
2017-05-30,3.19,EGO
2017-05-26,3.35,EGO
2017-05-25,3.43,EGO
2017-05-24,3.44,EGO
2017-05-23,3.4,EGO
2017-05-22,3.61,EGO
2017-05-19,3.46,EGO
2017-05-18,3.37,EGO
2017-05-17,3.33,EGO
2017-05-16,3.38,EGO
2017-05-15,3.4,EGO
2017-05-12,3.66,EGO
2017-05-11,3.67,EGO
2017-05-10,3.6,EGO
2017-05-09,3.55,EGO
2017-05-08,3.55,EGO
2017-05-05,3.42,EGO
2017-05-04,3.32,EGO
2017-05-03,3.48,EGO
2017-05-02,3.46,EGO
2017-05-01,3.42,EGO
2017-04-28,3.66,EGO
2017-04-27,3.38,EGO
2017-04-26,3.5,EGO
2017-04-25,3.4,EGO
2017-04-24,3.56,EGO
2017-04-21,3.6,EGO
2017-04-20,3.6,EGO
2017-04-19,3.62,EGO
2017-04-18,3.72,EGO
2017-04-17,3.69,EGO
2017-04-13,3.69,EGO
2017-04-12,3.55,EGO
2017-04-11,3.56,EGO
2017-04-10,3.48,EGO
2017-04-07,3.47,EGO
2017-04-06,3.45,EGO
2017-04-05,3.42,EGO
2017-04-04,3.44,EGO
2017-04-03,3.44,EGO
2017-03-31,3.41,EGO
2017-03-30,3.48,EGO
2017-03-29,3.48,EGO
2017-03-28,3.16,EGO
2017-03-27,3.25,EGO
2017-03-24,3.14,EGO
2017-03-23,3.17,EGO
2017-03-22,3.15,EGO
2017-03-21,3.17,EGO
2017-03-20,3.08,EGO
2017-03-17,3.1,EGO
2017-03-16,3.09,EGO
2017-03-15,3.11,EGO
2017-03-14,2.85,EGO
2017-03-13,2.98,EGO
2017-03-10,2.98,EGO
2017-03-09,2.86,EGO
2017-03-08,2.86,EGO
2017-03-07,2.77,EGO
2017-03-06,2.86,EGO
2017-03-03,2.95,EGO
2017-03-02,2.89,EGO
2017-03-01,3.08,EGO
2017-02-28,3.06,EGO
2017-02-27,3.16,EGO
2017-02-24,3.22,EGO
2017-02-23,3.61,EGO
2017-02-22,3.65,EGO
2017-02-21,3.63,EGO
2017-02-17,3.66,EGO
2017-02-16,3.8,EGO
2017-02-15,3.68,EGO
2017-02-14,3.72,EGO
2017-02-13,3.68,EGO
2017-02-10,3.79,EGO
2017-02-09,3.73,EGO
2017-02-08,3.85,EGO
2017-02-07,3.77,EGO
2017-02-06,3.79,EGO
2017-02-03,3.6,EGO
2017-02-02,3.6,EGO
2017-02-01,3.54,EGO
2017-01-31,3.53,EGO
2017-01-30,3.4,EGO
2017-01-27,3.43,EGO
2017-01-26,3.36,EGO
2017-01-25,3.51,EGO
2017-01-24,3.57,EGO
2017-01-23,3.53,EGO
2017-01-20,3.46,EGO
2017-01-19,3.34,EGO
2017-01-18,3.35,EGO
2017-01-17,3.44,EGO
2017-01-13,3.4,EGO
2017-01-12,3.33,EGO
2017-01-11,3.45,EGO
2017-01-10,3.37,EGO
2017-01-09,3.35,EGO
2017-01-06,3.4,EGO
2017-01-05,3.59,EGO
2017-01-04,3.42,EGO
2017-01-03,3.34,EGO
2016-12-30,3.22,EGO
2016-12-29,3.38,EGO
2016-12-28,3.2,EGO
2016-12-27,3.13,EGO
2016-12-23,3.05,EGO
2016-12-22,3.0,EGO
2016-12-21,3.06,EGO
2016-12-20,2.96,EGO
2016-12-19,2.83,EGO
2016-12-16,2.75,EGO
2016-12-15,2.72,EGO
2016-12-14,2.83,EGO
2016-12-13,2.99,EGO
2016-12-12,3.04,EGO
2016-12-09,2.92,EGO
2016-12-08,3.02,EGO
2016-12-07,2.99,EGO
2016-12-06,3.03,EGO
2016-12-05,2.95,EGO
2016-12-02,2.89,EGO
2016-12-01,2.75,EGO
2026-09-25,11.94,EQX
2026-09-24,11.73,EQX
2026-09-23,12.05,EQX
2026-09-22,12.76,EQX
2026-09-21,12.16,EQX
2026-09-18,12.45,EQX
2026-09-17,12.22,EQX
2026-09-16,11.58,EQX
2026-09-15,11.86,EQX
2026-09-14,11.85,EQX
2026-09-11,12.4,EQX
2026-09-10,12.2,EQX
2026-09-09,12.85,EQX
2026-09-08,12.64,EQX
2026-09-04,12.81,EQX
2026-09-03,13.12,EQX
2026-09-02,12.63,EQX
2026-09-01,12.18,EQX
2026-08-31,12.86,EQX
2026-08-28,12.99,EQX
2026-08-27,13.45,EQX
2026-08-26,13.63,EQX
2026-08-25,13.98,EQX
2026-08-24,13.76,EQX
2026-08-21,13.53,EQX
2026-08-20,12.88,EQX
2026-08-19,12.66,EQX
2026-08-18,11.45,EQX
2026-08-17,11.79,EQX
2026-08-14,11.6,EQX
2026-08-13,11.22,EQX
2026-08-12,11.53,EQX
2026-08-11,11.66,EQX
2026-08-10,11.59,EQX
2026-08-07,11.58,EQX
2026-08-06,10.74,EQX
2026-08-05,10.32,EQX
2026-08-04,9.58,EQX
2026-08-03,9.18,EQX
2026-07-31,8.95,EQX
2026-07-30,9.41,EQX
2026-07-29,8.96,EQX
2026-07-28,9.15,EQX
2026-07-27,9.52,EQX
2026-07-24,9.28,EQX
2026-07-23,9.29,EQX
2026-07-22,9.35,EQX
2026-07-21,9.06,EQX
2026-07-20,8.68,EQX
2026-07-17,8.62,EQX
2026-07-16,8.75,EQX
2026-07-15,9.35,EQX
2026-07-14,9.5,EQX
2026-07-13,9.45,EQX
2026-07-10,9.76,EQX
2026-07-09,9.74,EQX
2026-07-08,9.44,EQX
2026-07-07,9.81,EQX
2026-07-06,10.31,EQX
2026-07-02,10.14,EQX
2026-07-01,9.75,EQX
2026-06-30,9.72,EQX
2026-06-29,9.73,EQX
2026-06-26,9.71,EQX
2026-06-25,9.41,EQX
2026-06-24,9.37,EQX
2026-06-23,9.77,EQX
2026-06-22,10.25,EQX
2026-06-18,10.51,EQX
2026-06-17,11.03,EQX
2026-06-16,11.54,EQX
2026-06-15,11.2,EQX
2026-06-12,10.54,EQX
2026-06-11,10.24,EQX
2026-06-10,9.73,EQX
2026-06-09,10.46,EQX
2026-06-08,10.84,EQX
2026-06-05,10.79,EQX
2026-06-04,11.5,EQX
2026-06-03,11.22,EQX
2026-06-02,12.11,EQX
2026-06-01,12.5,EQX
2026-05-29,13.54,EQX
2026-05-28,12.58,EQX
2026-05-27,12.23,EQX
2026-05-26,12.62,EQX
2026-05-22,12.13,EQX
2026-05-21,12.31,EQX
2026-05-20,12.42,EQX
2026-05-19,12.22,EQX
2026-05-18,12.93,EQX
2026-05-15,13.23,EQX
2026-05-14,14.33,EQX
2026-05-13,14.49,EQX
2026-05-12,14.8,EQX
2026-05-11,14.86,EQX
2026-05-08,14.29,EQX
2026-05-07,14.37,EQX
2026-05-06,14.37,EQX
2026-05-05,13.6,EQX
2026-05-04,13.86,EQX
2026-05-01,13.98,EQX
2026-04-30,13.96,EQX
2026-04-29,13.44,EQX
2026-04-28,13.83,EQX
2026-04-27,14.34,EQX
2026-04-24,14.33,EQX
2026-04-23,14.08,EQX
2026-04-22,14.44,EQX
2026-04-21,14.17,EQX
2026-04-20,15.39,EQX
2026-04-17,15.61,EQX
2026-04-16,14.82,EQX
2026-04-15,15.09,EQX
2026-04-14,15.64,EQX
2026-04-13,15.07,EQX
2026-04-10,15.08,EQX
2026-04-09,14.88,EQX
2026-04-08,15.28,EQX
2026-04-07,14.78,EQX
2026-04-06,14.61,EQX
2026-04-02,14.59,EQX
2026-04-01,14.94,EQX
2026-03-31,14.46,EQX
2026-03-30,12.94,EQX
2026-03-27,12.58,EQX
2026-03-26,12.03,EQX
2026-03-25,13.0,EQX
2026-03-24,12.58,EQX
2026-03-23,12.64,EQX
2026-03-20,11.99,EQX
2026-03-19,12.41,EQX
2026-03-18,13.42,EQX
2026-03-17,14.45,EQX
2026-03-16,14.88,EQX
2026-03-13,14.57,EQX
2026-03-12,15.92,EQX
2026-03-11,16.05,EQX
2026-03-10,16.52,EQX
2026-03-09,16.51,EQX
2026-03-06,16.63,EQX
2026-03-05,16.42,EQX
2026-03-04,17.15,EQX
2026-03-03,17.23,EQX
2026-03-02,18.75,EQX
2026-02-27,18.76,EQX
2026-02-26,18.4,EQX
2026-02-25,18.11,EQX
2026-02-24,18.54,EQX
2026-02-23,17.85,EQX
2026-02-20,16.81,EQX
2026-02-19,16.98,EQX
2026-02-18,15.65,EQX
2026-02-17,15.06,EQX
2026-02-13,15.8,EQX
2026-02-12,15.06,EQX
2026-02-11,16.34,EQX
2026-02-10,15.85,EQX
2026-02-09,15.53,EQX
2026-02-06,14.56,EQX
2026-02-05,13.74,EQX
2026-02-04,15.24,EQX
2026-02-03,15.11,EQX
2026-02-02,14.15,EQX
2026-01-30,14.3,EQX
2026-01-29,16.01,EQX
2026-01-28,17.12,EQX
2026-01-27,16.83,EQX
2026-01-26,16.33,EQX
2026-01-23,16.19,EQX
2026-01-22,15.93,EQX
2026-01-21,14.83,EQX
2026-01-20,15.64,EQX
2026-01-16,14.24,EQX
2026-01-15,14.56,EQX
2026-01-14,14.68,EQX
2026-01-13,14.57,EQX
2026-01-12,14.44,EQX
2026-01-09,14.16,EQX
2026-01-08,14.64,EQX
2026-01-07,14.44,EQX
2026-01-06,14.5,EQX
2026-01-05,14.29,EQX
2026-01-02,13.7,EQX
2025-12-31,14.04,EQX
2025-12-30,14.2,EQX
2025-12-29,13.99,EQX
2025-12-26,14.81,EQX
2025-12-24,14.6,EQX
2025-12-23,14.89,EQX
2025-12-22,14.9,EQX
2025-12-19,14.1,EQX
2025-12-18,13.76,EQX
2025-12-17,13.89,EQX
2025-12-16,13.91,EQX
2025-12-15,13.95,EQX
2025-12-12,14.7,EQX
2025-12-11,14.68,EQX
2025-12-10,14.38,EQX
2025-12-09,14.01,EQX
2025-12-08,13.41,EQX
2025-12-05,13.92,EQX
2025-12-04,13.95,EQX
2025-12-03,13.78,EQX
2025-12-02,13.92,EQX
2025-12-01,14.03,EQX
2025-11-28,13.88,EQX
2025-11-26,13.5,EQX
2025-11-25,12.78,EQX
2025-11-24,12.74,EQX
2025-11-21,11.89,EQX
2025-11-20,12.12,EQX
2025-11-19,12.81,EQX
2025-11-18,12.6,EQX
2025-11-17,12.45,EQX
2025-11-14,12.75,EQX
2025-11-13,12.98,EQX
2025-11-12,13.14,EQX
2025-11-11,12.4,EQX
2025-11-10,12.21,EQX
2025-11-07,11.71,EQX
2025-11-06,11.41,EQX
2025-11-05,10.6,EQX
2025-11-04,10.37,EQX
2025-11-03,10.85,EQX
2025-10-31,10.97,EQX
2025-10-30,11.01,EQX
2025-10-29,10.91,EQX
2025-10-28,10.78,EQX
2025-10-27,10.58,EQX
2025-10-24,11.03,EQX
2025-10-23,11.2,EQX
2025-10-22,11.05,EQX
2025-10-21,11.01,EQX
2025-10-20,12.21,EQX
2025-10-17,12.02,EQX
2025-10-16,12.72,EQX
2025-10-15,12.63,EQX
2025-10-14,11.87,EQX
2025-10-13,12.14,EQX
2025-10-10,11.65,EQX
2025-10-09,11.48,EQX
2025-10-08,12.07,EQX
2025-10-07,11.48,EQX
2025-10-06,11.1,EQX
2025-10-03,10.89,EQX
2025-10-02,10.93,EQX
2025-10-01,10.89,EQX
2025-09-30,11.22,EQX
2025-09-29,11.34,EQX
2025-09-26,10.79,EQX
2025-09-25,10.64,EQX
2025-09-24,10.49,EQX
2025-09-23,10.75,EQX
2025-09-22,10.94,EQX
2025-09-19,10.8,EQX
2025-09-18,10.4,EQX
2025-09-17,10.4,EQX
2025-09-16,10.56,EQX
2025-09-15,10.85,EQX
2025-09-12,10.61,EQX
2025-09-11,10.97,EQX
2025-09-10,10.74,EQX
2025-09-09,9.95,EQX
2025-09-08,9.83,EQX
2025-09-05,9.78,EQX
2025-09-04,8.97,EQX
2025-09-03,9.11,EQX
2025-09-02,9.14,EQX
2025-08-29,8.76,EQX
2025-08-28,8.27,EQX
2025-08-27,8.2,EQX
2025-08-26,8.23,EQX
2025-08-25,8.08,EQX
2025-08-22,8.02,EQX
2025-08-21,7.9,EQX
2025-08-20,7.75,EQX
2025-08-19,7.55,EQX
2025-08-18,7.97,EQX
2025-08-15,7.98,EQX
2025-08-14,7.82,EQX
2025-08-13,6.79,EQX
2025-08-12,6.81,EQX
2025-08-11,6.65,EQX
2025-08-08,6.44,EQX
2025-08-07,6.55,EQX
2025-08-06,6.57,EQX
2025-08-05,6.4,EQX
2025-08-04,6.3,EQX
2025-08-01,6.07,EQX
2025-07-31,6.1,EQX
2025-07-30,6.12,EQX
2025-07-29,6.34,EQX
2025-07-28,6.29,EQX
2025-07-25,6.39,EQX
2025-07-24,6.36,EQX
2025-07-23,6.39,EQX
2025-07-22,6.5,EQX
2025-07-21,6.45,EQX
2025-07-18,6.28,EQX
2025-07-17,6.28,EQX
2025-07-16,6.2,EQX
2025-07-15,6.12,EQX
2025-07-14,6.29,EQX
2025-07-11,6.23,EQX
2025-07-10,6.11,EQX
2025-07-09,6.03,EQX
2025-07-08,5.87,EQX
2025-07-07,5.9,EQX
2025-07-03,5.8,EQX
2025-07-02,5.84,EQX
2025-07-01,5.78,EQX
2025-06-30,5.75,EQX
2025-06-27,5.68,EQX
2025-06-26,5.91,EQX
2025-06-25,5.88,EQX
2025-06-24,5.83,EQX
2025-06-23,6.12,EQX
2025-06-20,6.01,EQX
2025-06-18,6.23,EQX
2025-06-17,6.34,EQX
2025-06-16,6.23,EQX
2025-06-13,6.44,EQX
2025-06-12,6.54,EQX
2025-06-11,6.95,EQX
2025-06-10,6.91,EQX
2025-06-09,6.93,EQX
2025-06-06,6.94,EQX
2025-06-05,7.31,EQX
2025-06-04,7.11,EQX
2025-06-03,6.9,EQX
2025-06-02,6.88,EQX
2025-05-30,6.63,EQX
2025-05-29,6.51,EQX
2025-05-28,6.67,EQX
2025-05-27,6.65,EQX
2025-05-23,6.72,EQX
2025-05-22,6.56,EQX
2025-05-21,6.63,EQX
2025-05-20,6.45,EQX
2025-05-19,6.18,EQX
2025-05-16,5.97,EQX
2025-05-15,6.04,EQX
2025-05-14,5.98,EQX
2025-05-13,6.05,EQX
2025-05-12,6.14,EQX
2025-05-09,6.44,EQX
2025-05-08,6.26,EQX
2025-05-07,6.83,EQX
2025-05-06,6.9,EQX
2025-05-05,6.52,EQX
2025-05-02,6.27,EQX
2025-05-01,6.35,EQX
2025-04-30,6.7,EQX
2025-04-29,6.62,EQX
2025-04-28,6.67,EQX
2025-04-25,6.71,EQX
2025-04-24,6.8,EQX
2025-04-23,6.67,EQX
2025-04-22,6.82,EQX
2025-04-21,7.03,EQX
2025-04-17,7.01,EQX
2025-04-16,7.28,EQX
2025-04-15,6.96,EQX
2025-04-14,6.91,EQX
2025-04-11,6.82,EQX
2025-04-10,6.49,EQX
2025-04-09,6.25,EQX
2025-04-08,5.69,EQX
2025-04-07,5.76,EQX
2025-04-04,6.01,EQX
2025-04-03,6.56,EQX
2025-04-02,6.6,EQX
2025-04-01,6.71,EQX
2025-03-31,6.88,EQX
2025-03-28,6.87,EQX
2025-03-27,7.1,EQX
2025-03-26,6.83,EQX
2025-03-25,7.0,EQX
2025-03-24,6.77,EQX
2025-03-21,6.84,EQX
2025-03-20,7.0,EQX
2025-03-19,6.93,EQX
2025-03-18,6.94,EQX
2025-03-17,6.99,EQX
2025-03-14,6.74,EQX
2025-03-13,6.78,EQX
2025-03-12,6.62,EQX
2025-03-11,6.57,EQX
2025-03-10,6.26,EQX
2025-03-07,6.66,EQX
2025-03-06,6.5,EQX
2025-03-05,6.66,EQX
2025-03-04,6.39,EQX
2025-03-03,6.48,EQX
2025-02-28,6.42,EQX
2025-02-27,6.26,EQX
2025-02-26,6.39,EQX
2025-02-25,6.48,EQX
2025-02-24,6.8,EQX
2025-02-21,6.82,EQX
2025-02-20,7.16,EQX
2025-02-19,6.8,EQX
2025-02-18,7.0,EQX
2025-02-14,6.78,EQX
2025-02-13,7.01,EQX
2025-02-12,7.0,EQX
2025-02-11,6.71,EQX
2025-02-10,6.86,EQX
2025-02-07,6.63,EQX
2025-02-06,6.69,EQX
2025-02-05,6.66,EQX
2025-02-04,6.61,EQX
2025-02-03,6.57,EQX
2025-01-31,6.07,EQX
2025-01-30,6.2,EQX
2025-01-29,5.96,EQX
2025-01-28,5.84,EQX
2025-01-27,5.67,EQX
2025-01-24,5.87,EQX
2025-01-23,5.67,EQX
2025-01-22,5.69,EQX
2025-01-21,5.81,EQX
2025-01-17,5.84,EQX
2025-01-16,5.86,EQX
2025-01-15,5.98,EQX
2025-01-14,5.98,EQX
2025-01-13,5.83,EQX
2025-01-10,6.1,EQX
2025-01-08,5.8,EQX
2025-01-07,5.28,EQX
2025-01-06,5.09,EQX
2025-01-03,5.19,EQX
2025-01-02,5.31,EQX
2024-12-31,5.02,EQX
2024-12-30,4.97,EQX
2024-12-27,5.13,EQX
2024-12-26,5.12,EQX
2024-12-24,5.07,EQX
2024-12-23,5.12,EQX
2024-12-20,5.16,EQX
2024-12-19,5.06,EQX
2024-12-18,5.15,EQX
2024-12-17,5.35,EQX
2024-12-16,5.48,EQX
2024-12-13,5.53,EQX
2024-12-12,5.77,EQX
2024-12-11,6.41,EQX
2024-12-10,5.95,EQX
2024-12-09,5.87,EQX
2024-12-06,5.68,EQX
2024-12-05,5.86,EQX
2024-12-04,6.0,EQX
2024-12-03,5.85,EQX
2024-12-02,5.52,EQX
2024-11-29,5.65,EQX
2024-11-27,5.6,EQX
2024-11-26,5.46,EQX
2024-11-25,5.54,EQX
2024-11-22,5.7,EQX
2024-11-21,5.72,EQX
2024-11-20,5.48,EQX
2024-11-19,5.49,EQX
2024-11-18,5.44,EQX
2024-11-15,5.17,EQX
2024-11-14,5.19,EQX
2024-11-13,5.18,EQX
2024-11-12,5.2,EQX
2024-11-11,5.44,EQX
2024-11-08,5.82,EQX
2024-11-07,5.81,EQX
2024-11-06,5.19,EQX
2024-11-05,5.37,EQX
2024-11-04,5.38,EQX
2024-11-01,5.44,EQX
2024-10-31,5.54,EQX
2024-10-30,5.8,EQX
2024-10-29,5.84,EQX
2024-10-28,5.71,EQX
2024-10-25,5.63,EQX
2024-10-24,5.85,EQX
2024-10-23,6.02,EQX
2024-10-22,5.88,EQX
2024-10-21,5.75,EQX
2024-10-18,5.75,EQX
2024-10-17,5.44,EQX
2024-10-16,5.88,EQX
2024-10-15,5.88,EQX
2024-10-14,5.89,EQX
2024-10-11,5.87,EQX
2024-10-10,5.84,EQX
2024-10-09,5.63,EQX
2024-10-08,5.65,EQX
2024-10-07,5.61,EQX
2024-10-04,5.71,EQX
2024-10-03,5.85,EQX
2024-10-02,6.16,EQX
2024-10-01,6.19,EQX
2024-09-30,6.09,EQX
2024-09-27,6.14,EQX
2024-09-26,6.46,EQX
2024-09-25,6.36,EQX
2024-09-24,6.39,EQX
2024-09-23,6.04,EQX
2024-09-20,6.1,EQX
2024-09-19,6.14,EQX
2024-09-18,5.9,EQX
2024-09-17,6.15,EQX
2024-09-16,6.31,EQX
2024-09-13,6.31,EQX
2024-09-12,6.22,EQX
2024-09-11,5.65,EQX
2024-09-10,5.39,EQX
2024-09-09,5.27,EQX
2024-09-06,5.21,EQX
2024-09-05,5.47,EQX
2024-09-04,5.4,EQX
2024-09-03,5.42,EQX
2024-08-30,5.67,EQX
2024-08-29,5.75,EQX
2024-08-28,5.58,EQX
2024-08-27,5.74,EQX
2024-08-26,5.9,EQX
2024-08-23,5.93,EQX
2024-08-22,5.8,EQX
2024-08-21,5.97,EQX
2024-08-20,5.69,EQX
2024-08-19,5.69,EQX
2024-08-16,5.43,EQX
2024-08-15,5.22,EQX
2024-08-14,5.12,EQX
2024-08-13,5.15,EQX
2024-08-12,5.13,EQX
2024-08-09,4.98,EQX
2024-08-08,4.66,EQX
2024-08-07,4.87,EQX
2024-08-06,5.06,EQX
2024-08-05,5.03,EQX
2024-08-02,5.18,EQX
2024-08-01,5.43,EQX
2024-07-31,5.62,EQX
2024-07-30,5.4,EQX
2024-07-29,5.5,EQX
2024-07-26,5.4,EQX
2024-07-25,5.37,EQX
2024-07-24,5.47,EQX
2024-07-23,5.53,EQX
2024-07-22,5.51,EQX
2024-07-19,5.55,EQX
2024-07-18,5.59,EQX
2024-07-17,5.77,EQX
2024-07-16,6.12,EQX
2024-07-15,5.94,EQX
2024-07-12,5.99,EQX
2024-07-11,5.98,EQX
2024-07-10,5.91,EQX
2024-07-09,5.81,EQX
2024-07-08,5.77,EQX
2024-07-05,5.82,EQX
2024-07-03,5.46,EQX
2024-07-02,5.23,EQX
2024-07-01,5.21,EQX
2024-06-28,5.23,EQX
2024-06-27,5.27,EQX
2024-06-26,5.25,EQX
2024-06-25,5.25,EQX
2024-06-24,5.28,EQX
2024-06-21,5.31,EQX
2024-06-20,5.52,EQX
2024-06-18,5.34,EQX
2024-06-17,5.32,EQX
2024-06-14,5.16,EQX
2024-06-13,5.11,EQX
2024-06-12,5.2,EQX
2024-06-11,5.15,EQX
2024-06-10,5.26,EQX
2024-06-07,5.12,EQX
2024-06-06,5.56,EQX
2024-06-05,5.37,EQX
2024-06-04,5.29,EQX
2024-06-03,5.48,EQX
2024-05-31,5.42,EQX
2024-05-30,5.5,EQX
2024-05-29,5.47,EQX
2024-05-28,5.65,EQX
2024-05-24,5.57,EQX
2024-05-23,5.5,EQX
2024-05-22,5.53,EQX
2024-05-21,5.79,EQX
2024-05-20,5.8,EQX
2024-05-17,5.66,EQX
2024-05-16,5.41,EQX
2024-05-15,5.32,EQX
2024-05-14,5.24,EQX
2024-05-13,5.23,EQX
2024-05-10,5.27,EQX
2024-05-09,5.27,EQX
2024-05-08,5.58,EQX
2024-05-07,5.55,EQX
2024-05-06,5.6,EQX
2024-05-03,5.38,EQX
2024-05-02,5.45,EQX
2024-05-01,5.42,EQX
2024-04-30,5.41,EQX
2024-04-29,5.68,EQX
2024-04-26,5.53,EQX
2024-04-25,5.25,EQX
2024-04-24,5.23,EQX
2024-04-23,5.72,EQX
2024-04-22,5.67,EQX
2024-04-19,6.0,EQX
2024-04-18,5.86,EQX
2024-04-17,5.88,EQX
2024-04-16,5.83,EQX
2024-04-15,5.83,EQX
2024-04-12,5.97,EQX
2024-04-11,6.1,EQX
2024-04-10,5.92,EQX
2024-04-09,6.18,EQX
2024-04-08,6.19,EQX
2024-04-05,6.25,EQX
2024-04-04,6.18,EQX
2024-04-03,6.49,EQX
2024-04-02,6.31,EQX
2024-04-01,6.13,EQX
2024-03-28,6.02,EQX
2024-03-27,5.63,EQX
2024-03-26,5.4,EQX
2024-03-25,5.49,EQX
2024-03-22,5.33,EQX
2024-03-21,5.38,EQX
2024-03-20,5.37,EQX
2024-03-19,5.14,EQX
2024-03-18,5.17,EQX
2024-03-15,5.21,EQX
2024-03-14,4.98,EQX
2024-03-13,5.04,EQX
2024-03-12,4.78,EQX
2024-03-11,4.92,EQX
2024-03-08,4.7,EQX
2024-03-07,4.61,EQX
2024-03-06,4.61,EQX
2024-03-05,4.57,EQX
2024-03-04,4.58,EQX
2024-03-01,4.38,EQX
2024-02-29,4.05,EQX
2024-02-28,3.97,EQX
2024-02-27,4.1,EQX
2024-02-26,4.1,EQX
2024-02-23,4.22,EQX
2024-02-22,4.15,EQX
2024-02-21,4.56,EQX
2024-02-20,4.6,EQX
2024-02-16,4.6,EQX
2024-02-15,4.58,EQX
2024-02-14,4.39,EQX
2024-02-13,4.31,EQX
2024-02-12,4.42,EQX
2024-02-09,4.31,EQX
2024-02-08,4.33,EQX
2024-02-07,4.36,EQX
2024-02-06,4.47,EQX
2024-02-05,4.41,EQX
2024-02-02,4.5,EQX
2024-02-01,4.63,EQX
2024-01-31,4.4,EQX
2024-01-30,4.41,EQX
2024-01-29,4.38,EQX
2024-01-26,4.4,EQX
2024-01-25,4.39,EQX
2024-01-24,4.33,EQX
2024-01-23,4.53,EQX
2024-01-22,4.41,EQX
2024-01-19,4.48,EQX
2024-01-18,4.47,EQX
2024-01-17,4.45,EQX
2024-01-16,4.53,EQX
2024-01-12,4.69,EQX
2024-01-11,4.57,EQX
2024-01-10,4.58,EQX
2024-01-09,4.51,EQX
2024-01-08,4.57,EQX
2024-01-05,4.58,EQX
2024-01-04,4.6,EQX
2024-01-03,4.58,EQX
2024-01-02,4.7,EQX
2023-12-29,4.89,EQX
2023-12-28,4.97,EQX
2023-12-27,5.14,EQX
2023-12-26,5.08,EQX
2023-12-22,5.09,EQX
2023-12-21,5.05,EQX
2023-12-20,4.95,EQX
2023-12-19,5.1,EQX
2023-12-18,4.78,EQX
2023-12-15,4.7,EQX
2023-12-14,4.87,EQX
2023-12-13,4.89,EQX
2023-12-12,4.59,EQX
2023-12-11,4.95,EQX
2023-12-08,5.06,EQX
2023-12-07,5.23,EQX
2023-12-06,5.28,EQX
2023-12-05,5.29,EQX
2023-12-04,5.42,EQX
2023-12-01,5.6,EQX
2023-11-30,5.48,EQX
2023-11-29,5.43,EQX
2023-11-28,5.36,EQX
2023-11-27,5.09,EQX
2023-11-24,4.95,EQX
2023-11-22,4.87,EQX
2023-11-21,4.92,EQX
2023-11-20,4.73,EQX
2023-11-17,4.7,EQX
2023-11-16,4.77,EQX
2023-11-15,4.64,EQX
2023-11-14,4.74,EQX
2023-11-13,4.48,EQX
2023-11-10,4.56,EQX
2023-11-09,4.59,EQX
2023-11-08,4.59,EQX
2023-11-07,4.78,EQX
2023-11-06,4.84,EQX
2023-11-03,4.88,EQX
2023-11-02,4.55,EQX
2023-11-01,4.53,EQX
2023-10-31,4.4,EQX
2023-10-30,4.49,EQX
2023-10-27,4.61,EQX
2023-10-26,4.54,EQX
2023-10-25,4.51,EQX
2023-10-24,4.65,EQX
2023-10-23,4.57,EQX
2023-10-20,4.56,EQX
2023-10-19,4.6,EQX
2023-10-18,4.53,EQX
2023-10-17,4.52,EQX
2023-10-16,4.41,EQX
2023-10-13,4.42,EQX
2023-10-12,4.16,EQX
2023-10-11,4.27,EQX
2023-10-10,4.25,EQX
2023-10-09,4.24,EQX
2023-10-06,4.24,EQX
2023-10-05,4.12,EQX
2023-10-04,4.1,EQX
2023-10-03,4.23,EQX
2023-10-02,4.07,EQX
2023-09-29,4.23,EQX
2023-09-28,4.26,EQX
2023-09-27,4.08,EQX
2023-09-26,4.18,EQX
2023-09-25,4.37,EQX
2023-09-22,4.44,EQX
2023-09-21,4.47,EQX
2023-09-20,4.41,EQX
2023-09-19,4.23,EQX
2023-09-18,5.24,EQX
2023-09-15,5.13,EQX
2023-09-14,4.97,EQX
2023-09-13,4.84,EQX
2023-09-12,4.85,EQX
2023-09-11,4.75,EQX
2023-09-08,4.61,EQX
2023-09-07,4.63,EQX
2023-09-06,4.64,EQX
2023-09-05,4.72,EQX
2023-09-01,4.91,EQX
2023-08-31,5.05,EQX
2023-08-30,5.14,EQX
2023-08-29,5.2,EQX
2023-08-28,5.08,EQX
2023-08-25,4.85,EQX
2023-08-24,4.91,EQX
2023-08-23,4.92,EQX
2023-08-22,4.61,EQX
2023-08-21,4.58,EQX
2023-08-18,4.55,EQX
2023-08-17,4.44,EQX
2023-08-16,4.43,EQX
2023-08-15,4.59,EQX
2023-08-14,4.76,EQX
2023-08-11,4.94,EQX
2023-08-10,4.87,EQX
2023-08-09,4.85,EQX
2023-08-08,4.89,EQX
2023-08-07,4.87,EQX
2023-08-04,5.02,EQX
2023-08-03,4.92,EQX
2023-08-02,4.8,EQX
2023-08-01,4.96,EQX
2023-07-31,5.27,EQX
2023-07-28,5.06,EQX
2023-07-27,4.85,EQX
2023-07-26,5.15,EQX
2023-07-25,5.16,EQX
2023-07-24,5.03,EQX
2023-07-21,5.08,EQX
2023-07-20,5.13,EQX
2023-07-19,5.35,EQX
2023-07-18,5.4,EQX
2023-07-17,5.24,EQX
2023-07-14,5.24,EQX
2023-07-13,5.24,EQX
2023-07-12,5.25,EQX
2023-07-11,4.87,EQX
2023-07-10,4.9,EQX
2023-07-07,4.72,EQX
2023-07-06,4.45,EQX
2023-07-05,4.59,EQX
2023-07-03,4.76,EQX
2023-06-30,4.58,EQX
2023-06-29,4.47,EQX
2023-06-28,4.47,EQX
2023-06-27,4.52,EQX
2023-06-26,4.65,EQX
2023-06-23,4.6,EQX
2023-06-22,4.49,EQX
2023-06-21,4.45,EQX
2023-06-20,4.41,EQX
2023-06-16,4.64,EQX
2023-06-15,4.61,EQX
2023-06-14,4.64,EQX
2023-06-13,4.65,EQX
2023-06-12,4.78,EQX
2023-06-09,4.78,EQX
2023-06-08,4.9,EQX
2023-06-07,4.74,EQX
2023-06-06,4.92,EQX
2023-06-05,4.86,EQX
2023-06-02,4.78,EQX
2023-06-01,4.91,EQX
2023-05-31,4.7,EQX
2023-05-30,4.56,EQX
2023-05-26,4.47,EQX
2023-05-25,4.41,EQX
2023-05-24,4.68,EQX
2023-05-23,4.81,EQX
2023-05-22,4.9,EQX
2023-05-19,4.9,EQX
2023-05-18,4.83,EQX
2023-05-17,5.08,EQX
2023-05-16,5.11,EQX
2023-05-15,5.4,EQX
2023-05-12,5.34,EQX
2023-05-11,5.24,EQX
2023-05-10,5.62,EQX
2023-05-09,5.8,EQX
2023-05-08,5.72,EQX
2023-05-05,5.68,EQX
2023-05-04,5.61,EQX
2023-05-03,5.53,EQX
2023-05-02,5.06,EQX
2023-05-01,4.81,EQX
2023-04-28,4.98,EQX
2023-04-27,4.97,EQX
2023-04-26,4.94,EQX
2023-04-25,4.99,EQX
2023-04-24,5.06,EQX
2023-04-21,5.0,EQX
2023-04-20,5.11,EQX
2023-04-19,5.17,EQX
2023-04-18,5.3,EQX
2023-04-17,5.34,EQX
2023-04-14,5.44,EQX
2023-04-13,5.67,EQX
2023-04-12,5.68,EQX
2023-04-11,5.6,EQX
2023-04-10,5.49,EQX
2023-04-06,5.54,EQX
2023-04-05,5.59,EQX
2023-04-04,5.55,EQX
2023-04-03,5.28,EQX
2023-03-31,5.15,EQX
2023-03-30,5.37,EQX
2023-03-29,5.21,EQX
2023-03-28,5.13,EQX
2023-03-27,4.81,EQX
2023-03-24,4.73,EQX
2023-03-23,4.68,EQX
2023-03-22,4.59,EQX
2023-03-21,4.35,EQX
2023-03-20,4.55,EQX
2023-03-17,4.54,EQX
2023-03-16,4.15,EQX
2023-03-15,4.13,EQX
2023-03-14,4.18,EQX
2023-03-13,4.04,EQX
2023-03-10,3.61,EQX
2023-03-09,3.53,EQX
2023-03-08,3.45,EQX
2023-03-07,3.52,EQX
2023-03-06,3.75,EQX
2023-03-03,3.89,EQX
2023-03-02,3.82,EQX
2023-03-01,3.82,EQX
2023-02-28,3.64,EQX
2023-02-27,3.52,EQX
2023-02-24,3.44,EQX
2023-02-23,3.5,EQX
2023-02-22,3.64,EQX
2023-02-21,3.57,EQX
2023-02-17,3.69,EQX
2023-02-16,3.75,EQX
2023-02-15,3.68,EQX
2023-02-14,3.75,EQX
2023-02-13,3.87,EQX
2023-02-10,3.94,EQX
2023-02-09,4.01,EQX
2023-02-08,4.22,EQX
2023-02-07,4.18,EQX
2023-02-06,4.11,EQX
2023-02-03,4.17,EQX
2023-02-02,4.47,EQX
2023-02-01,4.74,EQX
2023-01-31,4.55,EQX
2023-01-30,4.53,EQX
2023-01-27,4.55,EQX
2023-01-26,4.77,EQX
2023-01-25,4.86,EQX
2023-01-24,4.68,EQX
2023-01-23,4.49,EQX
2023-01-20,4.45,EQX
2023-01-19,4.4,EQX
2023-01-18,4.01,EQX
2023-01-17,4.01,EQX
2023-01-13,4.16,EQX
2023-01-12,4.03,EQX
2023-01-11,4.08,EQX
2023-01-10,4.26,EQX
2023-01-09,3.96,EQX
2023-01-06,4.0,EQX
2023-01-05,3.93,EQX
2023-01-04,4.0,EQX
2023-01-03,3.58,EQX
2022-12-30,3.28,EQX
2022-12-29,3.27,EQX
2022-12-28,3.27,EQX
2022-12-27,3.54,EQX
2022-12-23,3.53,EQX
2022-12-22,3.52,EQX
2022-12-21,3.62,EQX
2022-12-20,3.56,EQX
2022-12-19,3.38,EQX
2022-12-16,3.5,EQX
2022-12-15,3.49,EQX
2022-12-14,3.65,EQX
2022-12-13,3.76,EQX
2022-12-12,3.53,EQX
2022-12-09,3.63,EQX
2022-12-08,3.73,EQX
2022-12-07,3.71,EQX
2022-12-06,3.55,EQX
2022-12-05,3.63,EQX
2022-12-02,3.85,EQX
2022-12-01,3.89,EQX
2022-11-30,3.51,EQX
2022-11-29,3.38,EQX
2022-11-28,3.21,EQX
2022-11-25,3.45,EQX
2022-11-23,3.49,EQX
2022-11-22,3.44,EQX
2022-11-21,3.31,EQX
2022-11-18,3.35,EQX
2022-11-17,3.29,EQX
2022-11-16,3.62,EQX
2022-11-15,3.7,EQX
2022-11-14,3.75,EQX
2022-11-11,3.64,EQX
2022-11-10,3.58,EQX
2022-11-09,3.17,EQX
2022-11-08,3.41,EQX
2022-11-07,3.05,EQX
2022-11-04,3.01,EQX
2022-11-03,2.53,EQX
2022-11-02,2.94,EQX
2022-11-01,3.21,EQX
2022-10-31,3.32,EQX
2022-10-28,3.39,EQX
2022-10-27,3.4,EQX
2022-10-26,3.53,EQX
2022-10-25,3.35,EQX
2022-10-24,3.3,EQX
2022-10-21,3.38,EQX
2022-10-20,3.17,EQX
2022-10-19,3.1,EQX
2022-10-18,3.21,EQX
2022-10-17,3.21,EQX
2022-10-14,3.16,EQX
2022-10-13,3.33,EQX
2022-10-12,3.38,EQX
2022-10-11,3.38,EQX
2022-10-10,3.45,EQX
2022-10-07,3.45,EQX
2022-10-06,3.82,EQX
2022-10-05,3.99,EQX
2022-10-04,4.09,EQX
2022-10-03,3.87,EQX
2022-09-30,3.65,EQX
2022-09-29,3.54,EQX
2022-09-28,3.56,EQX
2022-09-27,3.07,EQX
2022-09-26,3.03,EQX
2022-09-23,3.19,EQX
2022-09-22,3.41,EQX
2022-09-21,3.45,EQX
2022-09-20,3.34,EQX
2022-09-19,3.44,EQX
2022-09-16,3.37,EQX
2022-09-15,3.35,EQX
2022-09-14,3.51,EQX
2022-09-13,3.52,EQX
2022-09-12,3.76,EQX
2022-09-09,3.59,EQX
2022-09-08,3.4,EQX
2022-09-07,3.51,EQX
2022-09-06,3.32,EQX
2022-09-02,3.43,EQX
2022-09-01,3.28,EQX
2022-08-31,3.49,EQX
2022-08-30,3.51,EQX
2022-08-29,3.7,EQX
2022-08-26,3.75,EQX
2022-08-25,3.96,EQX
2022-08-24,3.93,EQX
2022-08-23,3.86,EQX
2022-08-22,3.73,EQX
2022-08-19,3.8,EQX
2022-08-18,3.93,EQX
2022-08-17,3.9,EQX
2022-08-16,4.2,EQX
2022-08-15,4.24,EQX
2022-08-12,4.31,EQX
2022-08-11,4.22,EQX
2022-08-10,4.34,EQX
2022-08-09,4.18,EQX
2022-08-08,4.17,EQX
2022-08-05,4.01,EQX
2022-08-04,4.3,EQX
2022-08-03,4.33,EQX
2022-08-02,4.44,EQX
2022-08-01,4.51,EQX
2022-07-29,4.46,EQX
2022-07-28,4.69,EQX
2022-07-27,4.3,EQX
2022-07-26,4.13,EQX
2022-07-25,4.05,EQX
2022-07-22,4.08,EQX
2022-07-21,4.1,EQX
2022-07-20,4.01,EQX
2022-07-19,4.18,EQX
2022-07-18,3.99,EQX
2022-07-15,3.9,EQX
2022-07-14,3.92,EQX
2022-07-13,4.22,EQX
2022-07-12,4.07,EQX
2022-07-11,4.24,EQX
2022-07-08,4.34,EQX
2022-07-07,4.46,EQX
2022-07-06,4.3,EQX
2022-07-05,4.29,EQX
2022-07-01,4.68,EQX
2022-06-30,4.44,EQX
2022-06-29,4.79,EQX
2022-06-28,4.87,EQX
2022-06-27,5.09,EQX
2022-06-24,5.17,EQX
2022-06-23,5.02,EQX
2022-06-22,5.32,EQX
2022-06-21,5.46,EQX
2022-06-17,5.39,EQX
2022-06-16,5.47,EQX
2022-06-15,5.48,EQX
2022-06-14,5.35,EQX
2022-06-13,5.5,EQX
2022-06-10,6.11,EQX
2022-06-09,5.72,EQX
2022-06-08,6.0,EQX
2022-06-07,5.99,EQX
2022-06-06,5.98,EQX
2022-06-03,6.12,EQX
2022-06-02,6.35,EQX
2022-06-01,5.87,EQX
2022-05-31,5.84,EQX
2022-05-27,5.95,EQX
2022-05-26,5.89,EQX
2022-05-25,5.9,EQX
2022-05-24,5.91,EQX
2022-05-23,5.76,EQX
2022-05-20,5.83,EQX
2022-05-19,5.88,EQX
2022-05-18,5.43,EQX
2022-05-17,5.55,EQX
2022-05-16,5.4,EQX
2022-05-13,5.54,EQX
2022-05-12,5.35,EQX
2022-05-11,5.54,EQX
2022-05-10,5.6,EQX
2022-05-09,5.57,EQX
2022-05-06,5.8,EQX
2022-05-05,5.96,EQX
2022-05-04,6.17,EQX
2022-05-03,7.19,EQX
2022-05-02,7.07,EQX
2022-04-29,7.13,EQX
2022-04-28,7.31,EQX
2022-04-27,7.04,EQX
2022-04-26,7.06,EQX
2022-04-25,7.34,EQX
2022-04-22,7.68,EQX
2022-04-21,8.14,EQX
2022-04-20,8.6,EQX
2022-04-19,8.56,EQX
2022-04-18,8.77,EQX
2022-04-14,8.9,EQX
2022-04-13,8.79,EQX
2022-04-12,8.57,EQX
2022-04-11,8.52,EQX
2022-04-08,8.56,EQX
2022-04-07,8.25,EQX
2022-04-06,8.13,EQX
2022-04-05,8.06,EQX
2022-04-04,8.59,EQX
2022-04-01,8.51,EQX
2022-03-31,8.27,EQX
2022-03-30,8.26,EQX
2022-03-29,8.25,EQX
2022-03-28,8.29,EQX
2022-03-25,8.74,EQX
2022-03-24,8.67,EQX
2022-03-23,8.52,EQX
2022-03-22,8.26,EQX
2022-03-21,8.24,EQX
2022-03-18,8.02,EQX
2022-03-17,7.83,EQX
2022-03-16,7.56,EQX
2022-03-15,7.52,EQX
2022-03-14,7.39,EQX
2022-03-11,7.92,EQX
2022-03-10,8.0,EQX
2022-03-09,7.85,EQX
2022-03-08,7.79,EQX
2022-03-07,7.86,EQX
2022-03-04,7.84,EQX
2022-03-03,7.73,EQX
2022-03-02,7.67,EQX
2022-03-01,7.66,EQX
2022-02-28,7.08,EQX
2022-02-25,6.91,EQX
2022-02-24,6.48,EQX
2022-02-23,6.67,EQX
2022-02-22,6.45,EQX
2022-02-18,6.58,EQX
2022-02-17,6.84,EQX
2022-02-16,6.5,EQX
2022-02-15,6.29,EQX
2022-02-14,6.44,EQX
2022-02-11,6.4,EQX
2022-02-10,5.95,EQX
2022-02-09,6.02,EQX
2022-02-08,6.03,EQX
2022-02-07,6.1,EQX
2022-02-04,5.76,EQX
2022-02-03,5.75,EQX
2022-02-02,5.87,EQX
2022-02-01,5.89,EQX
2022-01-31,5.75,EQX
2022-01-28,5.56,EQX
2022-01-27,5.63,EQX
2022-01-26,5.98,EQX
2022-01-25,6.57,EQX
2022-01-24,6.88,EQX
2022-01-21,6.92,EQX
2022-01-20,7.21,EQX
2022-01-19,7.37,EQX
2022-01-18,6.76,EQX
2022-01-14,6.86,EQX
2022-01-13,6.98,EQX
2022-01-12,6.98,EQX
2022-01-11,6.74,EQX
2022-01-10,6.63,EQX
2022-01-07,6.44,EQX
2022-01-06,6.38,EQX
2022-01-05,6.69,EQX
2022-01-04,6.94,EQX
2022-01-03,6.66,EQX
2021-12-31,6.76,EQX
2021-12-30,6.64,EQX
2021-12-29,6.46,EQX
2021-12-28,6.53,EQX
2021-12-27,6.66,EQX
2021-12-23,6.67,EQX
2021-12-22,6.61,EQX
2021-12-21,6.35,EQX
2021-12-20,6.29,EQX
2021-12-17,6.45,EQX
2021-12-16,6.51,EQX
2021-12-15,6.18,EQX
2021-12-14,6.3,EQX
2021-12-13,6.44,EQX
2021-12-10,6.42,EQX
2021-12-09,6.52,EQX
2021-12-08,6.95,EQX
2021-12-07,6.91,EQX
2021-12-06,6.82,EQX
2021-12-03,6.72,EQX
2021-12-02,6.6,EQX
2021-12-01,6.65,EQX
2021-11-30,7.09,EQX
2021-11-29,7.24,EQX
2021-11-26,7.32,EQX
2021-11-24,7.47,EQX
2021-11-23,7.48,EQX
2021-11-22,7.71,EQX
2021-11-19,8.04,EQX
2021-11-18,8.26,EQX
2021-11-17,8.47,EQX
2021-11-16,8.24,EQX
2021-11-15,8.53,EQX
2021-11-12,8.51,EQX
2021-11-11,8.43,EQX
2021-11-10,8.01,EQX
2021-11-09,7.92,EQX
2021-11-08,7.83,EQX
2021-11-05,7.77,EQX
2021-11-04,7.47,EQX
2021-11-03,7.42,EQX
2021-11-02,7.4,EQX
2021-11-01,7.5,EQX
2021-10-29,7.43,EQX
2021-10-28,7.76,EQX
2021-10-27,7.91,EQX
2021-10-26,7.99,EQX
2021-10-25,8.04,EQX
2021-10-22,7.75,EQX
2021-10-21,7.75,EQX
2021-10-20,7.81,EQX
2021-10-19,7.79,EQX
2021-10-18,7.74,EQX
2021-10-15,7.91,EQX
2021-10-14,7.94,EQX
2021-10-13,8.06,EQX
2021-10-12,7.63,EQX
2021-10-11,7.27,EQX
2021-10-08,7.37,EQX
2021-10-07,7.33,EQX
2021-10-06,7.31,EQX
2021-10-05,6.86,EQX
2021-10-04,6.7,EQX
2021-10-01,6.47,EQX
2021-09-30,6.6,EQX
2021-09-29,6.44,EQX
2021-09-28,6.71,EQX
2021-09-27,6.66,EQX
2021-09-24,6.7,EQX
2021-09-23,6.8,EQX
2021-09-22,7.14,EQX
2021-09-21,7.04,EQX
2021-09-20,6.99,EQX
2021-09-17,7.15,EQX
2021-09-16,7.11,EQX
2021-09-15,7.34,EQX
2021-09-14,7.36,EQX
2021-09-13,7.23,EQX
2021-09-10,6.76,EQX
2021-09-09,7.07,EQX
2021-09-08,7.16,EQX
2021-09-07,7.32,EQX
2021-09-03,7.56,EQX
2021-09-02,7.26,EQX
2021-09-01,7.28,EQX
2021-08-31,7.2,EQX
2021-08-30,6.82,EQX
2021-08-27,6.83,EQX
2021-08-26,6.47,EQX
2021-08-25,6.48,EQX
2021-08-24,6.58,EQX
2021-08-23,6.44,EQX
2021-08-20,6.03,EQX
2021-08-19,5.95,EQX
2021-08-18,6.12,EQX
2021-08-17,6.17,EQX
2021-08-16,6.32,EQX
2021-08-13,6.41,EQX
2021-08-12,6.17,EQX
2021-08-11,6.34,EQX
2021-08-10,6.16,EQX
2021-08-09,6.19,EQX
2021-08-06,6.33,EQX
2021-08-05,6.56,EQX
2021-08-04,6.91,EQX
2021-08-03,7.05,EQX
2021-08-02,6.88,EQX
2021-07-30,6.96,EQX
2021-07-29,7.09,EQX
2021-07-28,6.87,EQX
2021-07-27,6.61,EQX
2021-07-26,6.65,EQX
2021-07-23,6.25,EQX
2021-07-22,6.43,EQX
2021-07-21,6.49,EQX
2021-07-20,6.26,EQX
2021-07-19,6.17,EQX
2021-07-16,6.45,EQX
2021-07-15,6.78,EQX
2021-07-14,6.82,EQX
2021-07-13,6.75,EQX
2021-07-12,6.71,EQX
2021-07-09,6.89,EQX
2021-07-08,6.7,EQX
2021-07-07,6.83,EQX
2021-07-06,6.92,EQX
2021-07-02,6.95,EQX
2021-07-01,6.91,EQX
2021-06-30,6.95,EQX
2021-06-29,6.91,EQX
2021-06-28,7.06,EQX
2021-06-25,7.19,EQX
2021-06-24,7.32,EQX
2021-06-23,7.2,EQX
2021-06-22,7.67,EQX
2021-06-21,7.97,EQX
2021-06-18,7.87,EQX
2021-06-17,8.3,EQX
2021-06-16,8.64,EQX
2021-06-15,8.89,EQX
2021-06-14,9.09,EQX
2021-06-11,8.9,EQX
2021-06-10,9.01,EQX
2021-06-09,8.72,EQX
2021-06-08,8.68,EQX
2021-06-07,8.86,EQX
2021-06-04,8.93,EQX
2021-06-03,8.83,EQX
2021-06-02,9.32,EQX
2021-06-01,9.44,EQX
2021-05-28,9.31,EQX
2021-05-27,9.21,EQX
2021-05-26,9.35,EQX
2021-05-25,9.35,EQX
2021-05-24,9.29,EQX
2021-05-21,9.2,EQX
2021-05-20,9.12,EQX
2021-05-19,9.04,EQX
2021-05-18,9.26,EQX
2021-05-17,9.12,EQX
2021-05-14,8.31,EQX
2021-05-13,8.21,EQX
2021-05-12,8.43,EQX
2021-05-11,8.65,EQX
2021-05-10,8.73,EQX
2021-05-07,8.96,EQX
2021-05-06,8.47,EQX
2021-05-05,8.1,EQX
2021-05-04,8.05,EQX
2021-05-03,8.22,EQX
2021-04-30,8.09,EQX
2021-04-29,8.15,EQX
2021-04-28,8.39,EQX
2021-04-27,8.33,EQX
2021-04-26,8.52,EQX
2021-04-23,8.58,EQX
2021-04-22,8.75,EQX
2021-04-21,8.98,EQX
2021-04-20,8.74,EQX
2021-04-19,8.77,EQX
2021-04-16,9.0,EQX
2021-04-15,8.92,EQX
2021-04-14,8.59,EQX
2021-04-13,8.87,EQX
2021-04-12,8.49,EQX
2021-04-09,8.76,EQX
2021-04-08,8.62,EQX
2021-04-07,8.41,EQX
2021-04-06,8.58,EQX
2021-04-05,8.4,EQX
2021-04-01,8.37,EQX
2021-03-31,7.99,EQX
2021-03-30,7.82,EQX
2021-03-29,8.1,EQX
2021-03-26,8.11,EQX
2021-03-25,8.06,EQX
2021-03-24,8.2,EQX
2021-03-23,8.25,EQX
2021-03-22,8.39,EQX
2021-03-19,8.39,EQX
2021-03-18,8.28,EQX
2021-03-17,8.53,EQX
2021-03-16,8.27,EQX
2021-03-15,8.48,EQX
2021-03-12,8.38,EQX
2021-03-11,8.41,EQX
2021-03-10,8.21,EQX
2021-03-09,8.27,EQX
2021-03-08,8.04,EQX
2021-03-05,8.09,EQX
2021-03-04,7.97,EQX
2021-03-03,7.96,EQX
2021-03-02,8.25,EQX
2021-03-01,8.05,EQX
2021-02-26,8.28,EQX
2021-02-25,8.6,EQX
2021-02-24,9.02,EQX
2021-02-23,8.92,EQX
2021-02-22,9.23,EQX
2021-02-19,8.94,EQX
2021-02-18,9.09,EQX
2021-02-17,9.2,EQX
2021-02-16,9.43,EQX
2021-02-12,9.63,EQX
2021-02-11,9.58,EQX
2021-02-10,9.84,EQX
2021-02-09,10.07,EQX
2021-02-08,10.14,EQX
2021-02-05,9.96,EQX
2021-02-04,9.62,EQX
2021-02-03,9.58,EQX
2021-02-02,9.57,EQX
2021-02-01,9.77,EQX
2021-01-29,9.57,EQX
2021-01-28,9.65,EQX
2021-01-27,9.39,EQX
2021-01-26,10.03,EQX
2021-01-25,10.08,EQX
2021-01-22,10.1,EQX
2021-01-21,10.32,EQX
2021-01-20,10.52,EQX
2021-01-19,10.16,EQX
2021-01-15,10.04,EQX
2021-01-14,10.48,EQX
2021-01-13,10.29,EQX
2021-01-12,10.47,EQX
2021-01-11,10.65,EQX
2021-01-08,10.7,EQX
2021-01-07,11.09,EQX
2021-01-06,11.0,EQX
2021-01-05,11.17,EQX
2021-01-04,11.1,EQX
2020-12-31,10.34,EQX
2020-12-30,10.46,EQX
2020-12-29,10.31,EQX
2020-12-28,10.28,EQX
2020-12-24,10.39,EQX
2020-12-23,10.36,EQX
2020-12-22,10.1,EQX
2020-12-21,10.33,EQX
2020-12-18,10.26,EQX
2020-12-17,10.62,EQX
2020-12-16,10.08,EQX
2020-12-15,10.35,EQX
2020-12-14,9.86,EQX
2020-12-11,9.92,EQX
2020-12-10,10.11,EQX
2020-12-09,10.1,EQX
2020-12-08,10.44,EQX
2020-12-07,10.53,EQX
2020-12-04,10.11,EQX
2020-12-03,10.28,EQX
2020-12-02,10.48,EQX
2020-12-01,10.34,EQX
2020-11-30,9.92,EQX
2020-11-27,9.83,EQX
2020-11-25,9.79,EQX
2020-11-24,9.63,EQX
2020-11-23,9.82,EQX
2020-11-20,10.08,EQX
2020-11-19,10.09,EQX
2020-11-18,10.01,EQX
2020-11-17,10.52,EQX
2020-11-16,10.39,EQX
2020-11-13,10.43,EQX
2020-11-12,10.25,EQX
2020-11-11,10.02,EQX
2020-11-10,9.95,EQX
2020-11-09,10.66,EQX
2020-11-06,11.52,EQX
2020-11-05,11.69,EQX
2020-11-04,10.68,EQX
2020-11-03,11.04,EQX
2020-11-02,10.69,EQX
2020-10-30,10.65,EQX
2020-10-29,10.68,EQX
2020-10-28,10.68,EQX
2020-10-27,11.72,EQX
2020-10-26,11.54,EQX
2020-10-23,11.97,EQX
2020-10-22,12.18,EQX
2020-10-21,12.41,EQX
2020-10-20,12.48,EQX
2020-10-19,12.47,EQX
2020-10-16,12.78,EQX
2020-10-15,12.88,EQX
2020-10-14,12.97,EQX
2020-10-13,12.88,EQX
2020-10-12,12.78,EQX
2020-10-09,12.87,EQX
2020-10-08,11.96,EQX
2020-10-07,11.63,EQX
2020-10-06,11.66,EQX
2020-10-05,12.03,EQX
2020-10-02,11.85,EQX
2020-10-01,11.84,EQX
2020-09-30,11.71,EQX
2020-09-29,11.78,EQX
2020-09-28,11.8,EQX
2020-09-25,11.63,EQX
2020-09-24,11.63,EQX
2020-09-23,11.18,EQX
2020-09-22,12.07,EQX
2020-09-21,12.34,EQX
2020-09-18,12.1,EQX
2020-09-17,12.83,EQX
2020-09-16,12.85,EQX
2020-09-15,12.7,EQX
2020-09-14,12.57,EQX
2020-09-11,11.54,EQX
2020-09-10,11.65,EQX
2020-09-09,11.82,EQX
2020-09-08,11.59,EQX
2020-09-04,12.0,EQX
2020-09-03,12.74,EQX
2020-09-02,12.98,EQX
2020-09-01,13.17,EQX
2020-08-31,13.14,EQX
2020-08-28,12.97,EQX
2020-08-27,12.59,EQX
2020-08-26,12.91,EQX
2020-08-25,12.43,EQX
2020-08-24,12.5,EQX
2020-08-21,12.7,EQX
2020-08-20,13.27,EQX
2020-08-19,13.23,EQX
2020-08-18,13.36,EQX
2020-08-17,13.33,EQX
2020-08-14,12.24,EQX
2020-08-13,12.25,EQX
2020-08-12,12.03,EQX
2020-08-11,11.67,EQX
2020-08-10,12.32,EQX
2020-08-07,12.27,EQX
2020-08-06,12.48,EQX
2020-08-05,12.43,EQX
2020-08-04,12.2,EQX
2020-08-03,12.04,EQX
2020-07-31,11.97,EQX
2020-07-30,11.52,EQX
2020-07-29,11.91,EQX
2020-07-28,11.93,EQX
2020-07-27,12.13,EQX
2020-07-24,11.51,EQX
2020-07-23,11.26,EQX
2020-07-22,11.67,EQX
2020-07-21,11.09,EQX
2020-07-20,11.22,EQX
2020-07-17,11.26,EQX
2020-07-16,11.0,EQX
2020-07-15,11.2,EQX
2020-07-14,11.32,EQX
2020-07-13,11.0,EQX
2020-07-10,11.54,EQX
2020-07-09,11.63,EQX
2020-07-08,11.56,EQX
2020-07-07,11.35,EQX
2020-07-06,11.31,EQX
2020-07-02,10.79,EQX
2020-07-01,11.35,EQX
2020-06-30,11.22,EQX
2020-06-29,11.16,EQX
2020-06-26,11.01,EQX
2020-06-25,10.96,EQX
2020-06-24,10.75,EQX
2020-06-23,11.2,EQX
2020-06-22,10.64,EQX
2020-06-19,10.16,EQX
2020-06-18,10.27,EQX
2020-06-17,10.42,EQX
2020-06-16,10.35,EQX
2020-06-15,10.49,EQX
2020-06-12,9.96,EQX
2020-06-11,9.96,EQX
2020-06-10,10.33,EQX
2020-06-09,10.01,EQX
2020-06-08,10.02,EQX
2020-06-05,9.69,EQX
2020-06-04,9.55,EQX
2020-06-03,9.06,EQX
2020-06-02,9.37,EQX
2020-06-01,9.73,EQX
2020-05-29,9.22,EQX
2020-05-28,9.05,EQX
2020-05-27,9.1,EQX
2020-05-26,8.65,EQX
2020-05-22,8.92,EQX
2020-05-21,8.87,EQX
2020-05-20,9.07,EQX
2020-05-19,9.08,EQX
2020-05-18,8.48,EQX
2020-05-15,8.46,EQX
2020-05-14,8.41,EQX
2020-05-13,8.35,EQX
2020-05-12,8.55,EQX
2020-05-11,8.52,EQX
2020-05-08,8.85,EQX
2020-05-07,9.07,EQX
2020-05-06,8.85,EQX
2020-05-05,8.96,EQX
2020-05-04,9.03,EQX
2020-05-01,8.62,EQX
2020-04-30,8.37,EQX
2020-04-29,8.74,EQX
2020-04-28,8.45,EQX
2020-04-27,8.38,EQX
2020-04-24,8.3,EQX
2020-04-23,8.14,EQX
2020-04-22,7.91,EQX
2020-04-21,7.39,EQX
2020-04-20,7.25,EQX
2020-04-17,7.4,EQX
2020-04-16,7.78,EQX
2020-04-15,7.58,EQX
2020-04-14,7.54,EQX
2020-04-13,7.59,EQX
2020-04-09,7.78,EQX
2020-04-08,7.34,EQX
2020-04-07,7.17,EQX
2020-04-06,7.13,EQX
2020-04-03,6.88,EQX
2020-04-02,7.32,EQX
2020-04-01,7.0,EQX
2020-03-31,6.63,EQX
2020-03-30,6.45,EQX
2020-03-27,6.54,EQX
2020-03-26,6.86,EQX
2020-03-25,7.2,EQX
2020-03-24,7.22,EQX
2020-03-23,6.37,EQX
2020-03-20,6.15,EQX
2020-03-19,5.72,EQX
2020-03-18,5.53,EQX
2020-03-17,5.88,EQX
2020-03-16,6.62,EQX
2020-03-13,5.75,EQX
2020-03-12,5.86,EQX
2020-03-11,6.62,EQX
2020-03-10,7.7,EQX
2020-03-09,7.72,EQX
2020-03-06,8.75,EQX
2020-03-05,8.99,EQX
2020-03-04,8.4,EQX
2020-03-03,8.11,EQX
2020-03-02,7.72,EQX
2020-02-28,7.3,EQX
2020-02-27,8.08,EQX
2020-02-26,8.98,EQX
2020-02-25,8.81,EQX
2020-02-24,9.59,EQX
2020-02-21,9.7,EQX
2020-02-20,9.49,EQX
2020-02-19,9.63,EQX
2020-02-18,9.32,EQX
2020-02-14,8.9,EQX
2020-02-13,8.64,EQX
2020-02-12,8.43,EQX
2020-02-11,8.26,EQX
2020-02-10,8.44,EQX
2020-02-07,8.18,EQX
2020-02-06,8.28,EQX
2020-02-05,8.18,EQX
2020-02-04,8.01,EQX
2020-02-03,8.24,EQX
2020-01-31,8.41,EQX
2020-01-30,8.39,EQX
2020-01-29,8.32,EQX
2020-01-28,8.26,EQX
2020-01-27,8.29,EQX
2020-01-24,8.42,EQX
2020-01-23,8.38,EQX
2020-01-22,8.29,EQX
2020-01-21,8.45,EQX
2020-01-17,8.32,EQX
2020-01-16,8.41,EQX
2020-01-15,8.82,EQX
2020-01-14,8.39,EQX
2020-01-13,7.98,EQX
2020-01-10,7.95,EQX
2020-01-09,7.51,EQX
2020-01-08,7.7,EQX
2020-01-07,7.93,EQX
2020-01-06,7.71,EQX
2020-01-03,7.5,EQX
2020-01-02,7.84,EQX
2019-12-31,7.7,EQX
2019-12-30,7.75,EQX
2019-12-27,7.64,EQX
2019-12-26,7.68,EQX
2019-12-24,7.14,EQX
2019-12-23,7.1,EQX
2019-12-20,7.09,EQX
2019-12-19,6.81,EQX
2019-12-18,6.57,EQX
2019-12-17,6.54,EQX
2019-12-16,6.23,EQX
2019-12-13,6.2,EQX
2019-12-12,6.02,EQX
2019-12-11,6.07,EQX
2019-12-10,5.99,EQX
2019-12-09,5.87,EQX
2019-12-06,5.96,EQX
2019-12-05,6.12,EQX
2019-12-04,6.08,EQX
2019-12-03,6.11,EQX
2019-12-02,6.09,EQX
2019-11-29,5.85,EQX
2019-11-27,5.83,EQX
2019-11-26,5.84,EQX
2019-11-25,5.89,EQX
2019-11-22,5.95,EQX
2019-11-21,5.97,EQX
2019-11-20,6.01,EQX
2019-11-19,6.14,EQX
2019-11-18,6.3229,EQX
2019-11-15,6.335,EQX
2019-11-14,6.36,EQX
2019-11-13,6.33,EQX
2019-11-12,6.14,EQX
2019-11-11,6.09,EQX
2019-11-08,6.09,EQX
2019-11-07,6.34,EQX
2019-11-06,6.42,EQX
2019-11-05,6.34,EQX
2019-11-04,6.44,EQX
2019-11-01,6.45,EQX
2019-10-31,6.5,EQX
2019-10-30,6.4,EQX
2019-10-29,6.4,EQX
2019-10-28,6.225,EQX
2019-10-25,6.23,EQX
2019-10-24,6.11,EQX
2019-10-23,6.06,EQX
2019-10-22,6.05,EQX
2019-10-21,6.1,EQX
2019-10-18,6.2164,EQX
2019-10-17,5.92,EQX
2019-10-16,5.71,EQX
2019-10-15,5.52,EQX
2019-10-14,5.55,EQX
2019-10-11,5.625,EQX
2019-10-10,5.689,EQX
2019-10-09,5.64,EQX
2019-10-08,5.77,EQX
2019-10-07,5.47,EQX
2019-10-04,5.45,EQX
2019-10-03,5.3869,EQX
2019-10-02,5.4,EQX
2019-10-01,5.3103,EQX
2019-09-30,5.29,EQX
2019-09-27,5.645,EQX
2019-09-26,5.86,EQX
2019-09-25,5.91,EQX
2019-09-24,6.0,EQX
2019-09-23,5.94,EQX
2019-09-20,5.8,EQX
2019-09-19,5.55,EQX
2019-09-18,5.61,EQX
2019-09-17,5.93,EQX
2019-09-16,5.95,EQX
2019-09-13,5.99,EQX
2019-09-12,6.2,EQX
2019-09-11,6.19,EQX
2019-09-10,5.82,EQX
2019-09-09,5.7005,EQX
2019-09-06,5.7975,EQX
2019-09-05,5.79,EQX
2019-09-04,6.026,EQX
2019-09-03,5.9913,EQX
2019-08-30,6.1,EQX
2019-08-29,6.2125,EQX
2019-08-28,6.4612,EQX
2019-08-27,6.5,EQX
2019-08-26,6.5456,EQX
2019-08-23,6.54,EQX
2019-08-22,6.1151,EQX
2019-08-21,5.954,EQX
2019-08-20,5.97,EQX
2019-08-19,5.525,EQX
2019-08-16,5.65,EQX
2019-08-15,5.7,EQX
2019-08-14,5.57,EQX
2019-08-13,5.6,EQX
2019-08-12,5.65,EQX
2019-08-09,5.5,EQX
2019-08-08,5.4495,EQX
2019-08-07,5.5,EQX
2019-08-06,5.2,EQX
2019-08-05,5.7,EQX
2019-08-02,5.7,EQX
2019-08-01,5.16,EQX
2019-07-31,4.95,EQX
2019-07-30,5.15,EQX
2019-07-29,5.15,EQX
2019-07-26,5.146,EQX
2019-07-25,4.992,EQX
2019-07-24,5.1845,EQX
2019-07-23,5.0725,EQX
2019-07-22,5.0765,EQX
2019-07-19,4.99,EQX
2019-07-18,4.95,EQX
2019-07-17,4.75,EQX
2019-07-16,4.575,EQX
2019-07-15,4.57,EQX
2019-07-12,4.46,EQX
2019-07-11,4.55,EQX
2019-07-10,4.6,EQX
2019-07-09,4.52,EQX
2019-07-08,4.5325,EQX
2019-07-05,4.4855,EQX
2019-07-03,4.611,EQX
2019-07-02,4.75,EQX
2019-07-01,4.5,EQX
2019-06-28,4.5,EQX
2019-06-27,4.5135,EQX
2019-06-26,4.7465,EQX
2019-06-25,4.9495,EQX
2019-06-24,5.25,EQX
2019-06-21,5.1,EQX
2019-06-20,5.35,EQX
2019-06-19,5.0,EQX
2019-06-18,4.75,EQX
2019-06-17,4.8641,EQX
2019-06-14,4.7988,EQX
2019-06-13,4.8,EQX
2019-06-12,4.6,EQX
2019-06-11,4.4684,EQX
2019-06-10,4.55,EQX
2019-06-07,4.567,EQX
2019-06-06,4.475,EQX
2019-06-05,4.385,EQX
2019-06-04,4.471,EQX
2019-06-03,4.5575,EQX
2019-05-31,4.3,EQX
2019-05-30,4.0825,EQX
2019-05-29,3.897,EQX
2019-05-28,3.949,EQX
2019-05-24,4.0,EQX
2019-05-23,4.0617,EQX
2019-05-22,4.15,EQX
2019-05-21,4.15,EQX
2019-05-20,4.15,EQX
2019-05-17,4.15,EQX
2019-05-16,4.1435,EQX
2019-05-15,4.3,EQX
2019-05-14,4.2,EQX
2019-05-13,4.1465,EQX
2019-05-10,3.9805,EQX
2019-05-09,4.028,EQX
2019-05-08,4.05,EQX
2019-05-07,4.219,EQX
2019-05-06,4.0384,EQX
2019-05-03,3.9,EQX
2019-05-02,3.7995,EQX
2019-05-01,4.0495,EQX
2019-04-30,4.055,EQX
2019-04-29,4.0,EQX
2019-04-26,4.1,EQX
2019-04-25,4.0305,EQX
2019-04-24,4.085,EQX
2019-04-23,4.1415,EQX
2019-04-22,4.1795,EQX
2019-04-18,4.285,EQX
2019-04-17,4.3365,EQX
2019-04-16,4.55,EQX
2019-04-15,4.6264,EQX
2019-04-12,4.5575,EQX
2019-04-11,4.66,EQX
2019-04-10,4.7956,EQX
2019-04-09,4.82,EQX
2019-04-08,4.745,EQX
2019-04-05,4.6035,EQX
2019-04-04,4.5565,EQX
2019-04-03,4.6955,EQX
2019-04-02,4.7455,EQX
2019-04-01,4.76,EQX
2019-03-29,4.697,EQX
2019-03-28,4.6686,EQX
2019-03-27,4.565,EQX
2019-03-26,4.8385,EQX
2019-03-25,5.1,EQX
2019-03-22,4.7565,EQX
2019-03-21,4.7675,EQX
2019-03-20,4.7235,EQX
2019-03-19,4.682,EQX
2019-03-18,4.662,EQX
2019-03-15,4.6,EQX
2019-03-14,4.6155,EQX
2019-03-13,4.7286,EQX
2019-03-12,4.65,EQX
2019-03-11,4.5715,EQX
2019-03-08,4.7125,EQX
2019-03-07,4.44,EQX
2019-03-06,4.3185,EQX
2019-03-05,4.3,EQX
2019-03-04,4.3907,EQX
2019-03-01,4.2775,EQX
2019-02-28,4.4285,EQX
2019-02-27,4.544,EQX
2019-02-26,4.35,EQX
2019-02-25,4.4,EQX
2019-02-22,4.287,EQX
2019-02-21,4.2265,EQX
2019-02-20,4.355,EQX
2019-02-19,4.2,EQX
2019-02-15,4.1605,EQX
2019-02-14,4.089,EQX
2019-02-13,4.025,EQX
2019-02-12,4.18,EQX
2019-02-11,4.183,EQX
2019-02-08,4.3,EQX
2019-02-07,4.082,EQX
2019-02-06,4.1,EQX
2019-02-05,4.1,EQX
2019-02-04,4.177,EQX
2019-02-01,4.2,EQX
2019-01-31,4.197,EQX
2019-01-30,4.117,EQX
2019-01-29,4.15,EQX
2019-01-28,4.133,EQX
2019-01-25,3.989,EQX
2019-01-24,3.85,EQX
2019-01-23,4.0,EQX
2019-01-22,3.9,EQX
2019-01-18,3.916,EQX
2019-01-17,3.994,EQX
2019-01-16,4.0615,EQX
2019-01-15,4.0,EQX
2019-01-14,4.0405,EQX
2019-01-11,4.005,EQX
2019-01-10,4.05,EQX
2019-01-09,4.0685,EQX
2019-01-08,3.9865,EQX
2019-01-07,4.0,EQX
2019-01-04,3.935,EQX
2019-01-03,4.25,EQX
2019-01-02,3.675,EQX
2018-12-31,3.73,EQX
2018-12-28,3.7195,EQX
2018-12-27,3.66,EQX
2018-12-26,3.7505,EQX
2018-12-24,3.7505,EQX
2018-12-21,3.545,EQX
2018-12-20,3.716,EQX
2018-12-19,3.6,EQX
2018-12-18,3.65,EQX
2018-12-17,3.74,EQX
2018-12-14,3.53,EQX
2018-12-13,3.425,EQX
2018-12-12,3.45,EQX
2018-12-11,3.3,EQX
2018-12-10,3.4508,EQX
2018-12-07,3.432,EQX
2018-12-06,3.42,EQX
2018-12-04,3.45,EQX
2018-12-03,3.4245,EQX
2018-11-30,3.45,EQX
2018-11-29,3.3605,EQX
2018-11-28,3.5,EQX
2018-11-27,3.3,EQX
2018-11-26,3.45,EQX
2018-11-23,3.5448,EQX
2018-11-21,3.521,EQX
2018-11-20,3.535,EQX
2018-11-19,3.746,EQX
2018-11-16,3.65,EQX
2018-11-15,3.738,EQX
2018-11-14,3.705,EQX
2018-11-13,3.58,EQX
2018-11-12,3.65,EQX
2018-11-09,3.75,EQX
2018-11-08,3.75,EQX
2018-11-07,3.88,EQX
2018-11-06,3.846,EQX
2018-11-05,3.9,EQX
2018-11-02,3.95,EQX
2018-11-01,3.925,EQX
2018-10-31,3.825,EQX
2018-10-30,3.831,EQX
2018-10-29,3.85,EQX
2018-10-26,3.9154,EQX
2018-10-25,3.9,EQX
2018-10-24,3.8505,EQX
2018-10-23,3.9075,EQX
2018-10-22,3.9177,EQX
2018-10-19,3.975,EQX
2018-10-18,3.85,EQX
2018-10-17,3.8995,EQX
2018-10-16,3.9,EQX
2018-10-15,3.9,EQX
2018-10-12,3.8435,EQX
2018-10-11,3.8142,EQX
2018-10-10,3.65,EQX
2018-10-09,3.8,EQX
2018-10-08,3.8495,EQX
2018-10-05,3.8495,EQX
2018-10-04,3.75,EQX
2018-10-03,3.7455,EQX
2018-10-02,3.813,EQX
2018-10-01,3.775,EQX
2018-09-28,3.8175,EQX
2018-09-27,3.6895,EQX
2018-09-26,3.7495,EQX
2018-09-25,3.833,EQX
2018-09-24,3.887,EQX
2018-09-21,3.8,EQX
2018-09-20,3.8,EQX
2018-09-19,4.0045,EQX
2018-09-18,3.9848,EQX
2018-09-17,4.1,EQX
2018-09-14,3.9,EQX
2018-09-13,3.9425,EQX
2018-09-12,3.972,EQX
2018-09-11,3.85,EQX
2018-09-10,4.0,EQX
2018-09-07,4.0,EQX
2018-09-06,3.97,EQX
2018-09-05,3.925,EQX
2018-09-04,4.071,EQX
2018-08-31,4.12,EQX
2018-08-30,4.1,EQX
2018-08-29,4.194,EQX
2018-08-28,4.3086,EQX
2018-08-27,4.3725,EQX
2018-08-24,4.135,EQX
2018-08-23,3.925,EQX
2018-08-22,4.1,EQX
2018-08-21,4.15,EQX
2018-08-20,4.1,EQX
2018-08-17,4.05,EQX
2018-08-16,3.95,EQX
2018-08-15,3.9,EQX
2018-08-14,4.1109,EQX
2018-08-13,4.0,EQX
2018-08-10,4.365,EQX
2018-08-09,4.5,EQX
2018-08-08,4.5045,EQX
2018-08-07,4.568,EQX
2018-08-06,4.5,EQX
2018-08-03,4.275,EQX
2026-09-25,11.69,FSM
2026-09-24,11.5,FSM
2026-09-23,11.66,FSM
2026-09-22,12.21,FSM
2026-09-21,11.76,FSM
2026-09-18,11.95,FSM
2026-09-17,11.92,FSM
2026-09-16,11.49,FSM
2026-09-15,11.64,FSM
2026-09-14,11.63,FSM
2026-09-11,11.99,FSM
2026-09-10,12.05,FSM
2026-09-09,12.33,FSM
2026-09-08,12.16,FSM
2026-09-04,12.31,FSM
2026-09-03,12.66,FSM
2026-09-02,12.26,FSM
2026-09-01,11.75,FSM
2026-08-31,12.08,FSM
2026-08-28,12.26,FSM
2026-08-27,12.81,FSM
2026-08-26,12.41,FSM
2026-08-25,12.45,FSM
2026-08-24,12.19,FSM
2026-08-21,12.07,FSM
2026-08-20,11.9,FSM
2026-08-19,11.63,FSM
2026-08-18,10.45,FSM
2026-08-17,10.77,FSM
2026-08-14,10.67,FSM
2026-08-13,10.49,FSM
2026-08-12,10.84,FSM
2026-08-11,10.83,FSM
2026-08-10,10.73,FSM
2026-08-07,10.39,FSM
2026-08-06,9.56,FSM
2026-08-05,9.6,FSM
2026-08-04,9.05,FSM
2026-08-03,8.67,FSM
2026-07-31,8.43,FSM
2026-07-30,8.77,FSM
2026-07-29,8.37,FSM
2026-07-28,8.42,FSM
2026-07-27,8.56,FSM
2026-07-24,8.55,FSM
2026-07-23,8.42,FSM
2026-07-22,8.61,FSM
2026-07-21,8.47,FSM
2026-07-20,8.03,FSM
2026-07-17,8.16,FSM
2026-07-16,8.23,FSM
2026-07-15,8.48,FSM
2026-07-14,8.51,FSM
2026-07-13,8.37,FSM
2026-07-10,8.52,FSM
2026-07-09,8.57,FSM
2026-07-08,8.13,FSM
2026-07-07,8.42,FSM
2026-07-06,8.68,FSM
2026-07-02,8.72,FSM
2026-07-01,8.35,FSM
2026-06-30,8.45,FSM
2026-06-29,8.37,FSM
2026-06-26,8.51,FSM
2026-06-25,8.41,FSM
2026-06-24,8.33,FSM
2026-06-23,8.6,FSM
2026-06-22,9.05,FSM
2026-06-18,9.26,FSM
2026-06-17,9.43,FSM
2026-06-16,9.69,FSM
2026-06-15,9.45,FSM
2026-06-12,8.93,FSM
2026-06-11,8.61,FSM
2026-06-10,8.09,FSM
2026-06-09,8.59,FSM
2026-06-08,8.77,FSM
2026-06-05,8.69,FSM
2026-06-04,9.45,FSM
2026-06-03,9.42,FSM
2026-06-02,9.82,FSM
2026-06-01,9.88,FSM
2026-05-29,10.06,FSM
2026-05-28,9.81,FSM
2026-05-27,9.52,FSM
2026-05-26,9.78,FSM
2026-05-22,9.35,FSM
2026-05-21,9.42,FSM
2026-05-20,9.43,FSM
2026-05-19,9.13,FSM
2026-05-18,9.49,FSM
2026-05-15,9.55,FSM
2026-05-14,10.33,FSM
2026-05-13,10.69,FSM
2026-05-12,10.82,FSM
2026-05-11,10.88,FSM
2026-05-08,10.76,FSM
2026-05-07,10.46,FSM
2026-05-06,9.84,FSM
2026-05-05,9.24,FSM
2026-05-04,9.22,FSM
2026-05-01,9.48,FSM
2026-04-30,9.65,FSM
2026-04-29,9.33,FSM
2026-04-28,9.6,FSM
2026-04-27,10.07,FSM
2026-04-24,10.27,FSM
2026-04-23,10.12,FSM
2026-04-22,10.35,FSM
2026-04-21,10.08,FSM
2026-04-20,10.65,FSM
2026-04-17,10.86,FSM
2026-04-16,10.43,FSM
2026-04-15,10.44,FSM
2026-04-14,10.75,FSM
2026-04-13,10.44,FSM
2026-04-10,10.48,FSM
2026-04-09,10.44,FSM
2026-04-08,10.56,FSM
2026-04-07,10.38,FSM
2026-04-06,10.27,FSM
2026-04-02,10.27,FSM
2026-04-01,10.43,FSM
2026-03-31,9.93,FSM
2026-03-30,9.36,FSM
2026-03-27,9.51,FSM
2026-03-26,9.15,FSM
2026-03-25,9.52,FSM
2026-03-24,9.21,FSM
2026-03-23,9.08,FSM
2026-03-20,8.57,FSM
2026-03-19,9.0,FSM
2026-03-18,9.64,FSM
2026-03-17,10.3,FSM
2026-03-16,10.3,FSM
2026-03-13,10.29,FSM
2026-03-12,11.04,FSM
2026-03-11,11.34,FSM
2026-03-10,11.74,FSM
2026-03-09,11.63,FSM
2026-03-06,11.52,FSM
2026-03-05,11.74,FSM
2026-03-04,12.38,FSM
2026-03-03,12.26,FSM
2026-03-02,13.56,FSM
2026-02-27,13.66,FSM
2026-02-26,13.62,FSM
2026-02-25,13.22,FSM
2026-02-24,13.58,FSM
2026-02-23,13.34,FSM
2026-02-20,12.27,FSM
2026-02-19,10.9,FSM
2026-02-18,10.44,FSM
2026-02-17,10.35,FSM
2026-02-13,11.05,FSM
2026-02-12,10.39,FSM
2026-02-11,11.41,FSM
2026-02-10,11.09,FSM
2026-02-09,11.02,FSM
2026-02-06,10.38,FSM
2026-02-05,9.75,FSM
2026-02-04,10.57,FSM
2026-02-03,10.26,FSM
2026-02-02,9.8,FSM
2026-01-30,9.78,FSM
2026-01-29,11.49,FSM
2026-01-28,11.87,FSM
2026-01-27,11.57,FSM
2026-01-26,11.48,FSM
2026-01-23,11.65,FSM
2026-01-22,11.4,FSM
2026-01-21,10.81,FSM
2026-01-20,10.8,FSM
2026-01-16,10.42,FSM
2026-01-15,10.27,FSM
2026-01-14,10.3,FSM
2026-01-13,10.37,FSM
2026-01-12,10.48,FSM
2026-01-09,10.26,FSM
2026-01-08,9.96,FSM
2026-01-07,10.05,FSM
2026-01-06,10.42,FSM
2026-01-05,9.97,FSM
2026-01-02,9.54,FSM
2025-12-31,9.81,FSM
2025-12-30,9.95,FSM
2025-12-29,9.93,FSM
2025-12-26,10.34,FSM
2025-12-24,10.12,FSM
2025-12-23,10.18,FSM
2025-12-22,10.17,FSM
2025-12-19,9.85,FSM
2025-12-18,9.6,FSM
2025-12-17,9.76,FSM
2025-12-16,9.53,FSM
2025-12-15,9.58,FSM
2025-12-12,9.78,FSM
2025-12-11,9.78,FSM
2025-12-10,9.54,FSM
2025-12-09,9.5,FSM
2025-12-08,9.22,FSM
2025-12-05,9.26,FSM
2025-12-04,9.3,FSM
2025-12-03,9.55,FSM
2025-12-02,9.73,FSM
2025-12-01,9.92,FSM
2025-11-28,10.12,FSM
2025-11-26,9.76,FSM
2025-11-25,9.31,FSM
2025-11-24,9.07,FSM
2025-11-21,8.23,FSM
2025-11-20,8.07,FSM
2025-11-19,8.51,FSM
2025-11-18,8.31,FSM
2025-11-17,8.24,FSM
2025-11-14,8.35,FSM
2025-11-13,8.4,FSM
2025-11-12,8.63,FSM
2025-11-11,8.4,FSM
2025-11-10,8.42,FSM
2025-11-07,8.19,FSM
2025-11-06,7.98,FSM
2025-11-05,7.88,FSM
2025-11-04,7.84,FSM
2025-11-03,8.22,FSM
2025-10-31,8.27,FSM
2025-10-30,8.26,FSM
2025-10-29,8.03,FSM
2025-10-28,8.12,FSM
2025-10-27,7.94,FSM
2025-10-24,8.16,FSM
2025-10-23,8.21,FSM
2025-10-22,8.1,FSM
2025-10-21,8.01,FSM
2025-10-20,8.9,FSM
2025-10-17,8.7,FSM
2025-10-16,9.51,FSM
2025-10-15,9.64,FSM
2025-10-14,9.17,FSM
2025-10-13,9.08,FSM
2025-10-10,8.85,FSM
2025-10-09,8.95,FSM
2025-10-08,9.38,FSM
2025-10-07,8.78,FSM
2025-10-06,8.97,FSM
2025-10-03,8.93,FSM
2025-10-02,8.89,FSM
2025-10-01,8.89,FSM
2025-09-30,8.96,FSM
2025-09-29,8.68,FSM
2025-09-26,8.67,FSM
2025-09-25,8.56,FSM
2025-09-24,8.42,FSM
2025-09-23,8.53,FSM
2025-09-22,8.51,FSM
2025-09-19,8.16,FSM
2025-09-18,7.94,FSM
2025-09-17,7.9,FSM
2025-09-16,7.93,FSM
2025-09-15,8.21,FSM
2025-09-12,8.35,FSM
2025-09-11,8.43,FSM
2025-09-10,7.88,FSM
2025-09-09,7.74,FSM
2025-09-08,7.84,FSM
2025-09-05,7.67,FSM
2025-09-04,7.62,FSM
2025-09-03,7.78,FSM
2025-09-02,7.78,FSM
2025-08-29,7.7,FSM
2025-08-28,7.45,FSM
2025-08-27,7.58,FSM
2025-08-26,7.54,FSM
2025-08-25,7.49,FSM
2025-08-22,7.55,FSM
2025-08-21,7.35,FSM
2025-08-20,7.09,FSM
2025-08-19,6.93,FSM
2025-08-18,7.2,FSM
2025-08-15,7.3,FSM
2025-08-14,7.26,FSM
2025-08-13,7.21,FSM
2025-08-12,7.02,FSM
2025-08-11,6.74,FSM
2025-08-08,6.59,FSM
2025-08-07,6.22,FSM
2025-08-06,7.07,FSM
2025-08-05,6.94,FSM
2025-08-04,6.71,FSM
2025-08-01,6.39,FSM
2025-07-31,6.45,FSM
2025-07-30,6.52,FSM
2025-07-29,6.77,FSM
2025-07-28,6.68,FSM
2025-07-25,6.82,FSM
2025-07-24,6.89,FSM
2025-07-23,6.97,FSM
2025-07-22,6.98,FSM
2025-07-21,6.71,FSM
2025-07-18,6.29,FSM
2025-07-17,6.42,FSM
2025-07-16,6.48,FSM
2025-07-15,6.61,FSM
2025-07-14,6.58,FSM
2025-07-11,6.91,FSM
2025-07-10,6.66,FSM
2025-07-09,6.55,FSM
2025-07-08,6.26,FSM
2025-07-07,6.78,FSM
2025-07-03,6.61,FSM
2025-07-02,6.63,FSM
2025-07-01,6.67,FSM
2025-06-30,6.54,FSM
2025-06-27,6.36,FSM
2025-06-26,6.63,FSM
2025-06-25,6.48,FSM
2025-06-24,6.47,FSM
2025-06-23,6.61,FSM
2025-06-20,6.65,FSM
2025-06-18,6.75,FSM
2025-06-17,6.9,FSM
2025-06-16,6.84,FSM
2025-06-13,6.88,FSM
2025-06-12,6.88,FSM
2025-06-11,6.88,FSM
2025-06-10,6.87,FSM
2025-06-09,6.97,FSM
2025-06-06,7.13,FSM
2025-06-05,7.4,FSM
2025-06-04,6.74,FSM
2025-06-03,6.68,FSM
2025-06-02,6.56,FSM
2025-05-30,5.85,FSM
2025-05-29,5.8,FSM
2025-05-28,5.97,FSM
2025-05-27,5.84,FSM
2025-05-23,5.84,FSM
2025-05-22,5.8,FSM
2025-05-21,5.86,FSM
2025-05-20,5.67,FSM
2025-05-19,5.54,FSM
2025-05-16,5.39,FSM
2025-05-15,5.44,FSM
2025-05-14,5.4,FSM
2025-05-13,5.54,FSM
2025-05-12,5.55,FSM
2025-05-09,5.69,FSM
2025-05-08,5.36,FSM
2025-05-07,6.16,FSM
2025-05-06,6.26,FSM
2025-05-05,6.04,FSM
2025-05-02,5.93,FSM
2025-05-01,5.95,FSM
2025-04-30,6.25,FSM
2025-04-29,6.07,FSM
2025-04-28,6.17,FSM
2025-04-25,6.06,FSM
2025-04-24,6.13,FSM
2025-04-23,6.09,FSM
2025-04-22,6.16,FSM
2025-04-21,6.31,FSM
2025-04-17,6.37,FSM
2025-04-16,6.5,FSM
2025-04-15,6.46,FSM
2025-04-14,6.54,FSM
2025-04-11,6.48,FSM
2025-04-10,6.23,FSM
2025-04-09,5.75,FSM
2025-04-08,5.19,FSM
2025-04-07,5.38,FSM
2025-04-04,5.37,FSM
2025-04-03,6.09,FSM
2025-04-02,6.24,FSM
2025-04-01,6.13,FSM
2025-03-31,6.1,FSM
2025-03-28,6.12,FSM
2025-03-27,6.24,FSM
2025-03-26,6.1,FSM
2025-03-25,6.11,FSM
2025-03-24,5.94,FSM
2025-03-21,5.86,FSM
2025-03-20,6.08,FSM
2025-03-19,6.0,FSM
2025-03-18,5.95,FSM
2025-03-17,5.75,FSM
2025-03-14,5.66,FSM
2025-03-13,5.42,FSM
2025-03-12,5.34,FSM
2025-03-11,5.08,FSM
2025-03-10,4.74,FSM
2025-03-07,4.91,FSM
2025-03-06,4.63,FSM
2025-03-05,4.45,FSM
2025-03-04,4.28,FSM
2025-03-03,4.29,FSM
2025-02-28,4.32,FSM
2025-02-27,4.33,FSM
2025-02-26,4.62,FSM
2025-02-25,4.37,FSM
2025-02-24,4.46,FSM
2025-02-21,4.42,FSM
2025-02-20,4.83,FSM
2025-02-19,4.61,FSM
2025-02-18,4.73,FSM
2025-02-14,5.15,FSM
2025-02-13,5.38,FSM
2025-02-12,5.36,FSM
2025-02-11,5.25,FSM
2025-02-10,5.39,FSM
2025-02-07,5.16,FSM
2025-02-06,5.32,FSM
2025-02-05,5.29,FSM
2025-02-04,5.21,FSM
2025-02-03,5.15,FSM
2025-01-31,5.07,FSM
2025-01-30,5.05,FSM
2025-01-29,4.67,FSM
2025-01-28,4.51,FSM
2025-01-27,4.32,FSM
2025-01-24,4.47,FSM
2025-01-23,4.44,FSM
2025-01-22,4.33,FSM
2025-01-21,4.3,FSM
2025-01-17,4.25,FSM
2025-01-16,4.3,FSM
2025-01-15,4.47,FSM
2025-01-14,4.56,FSM
2025-01-13,4.24,FSM
2025-01-10,4.39,FSM
2025-01-08,4.51,FSM
2025-01-07,4.48,FSM
2025-01-06,4.41,FSM
2025-01-03,4.49,FSM
2025-01-02,4.58,FSM
2024-12-31,4.29,FSM
2024-12-30,4.21,FSM
2024-12-27,4.32,FSM
2024-12-26,4.41,FSM
2024-12-24,4.36,FSM
2024-12-23,4.35,FSM
2024-12-20,4.32,FSM
2024-12-19,4.32,FSM
2024-12-18,4.33,FSM
2024-12-17,4.6,FSM
2024-12-16,4.64,FSM
2024-12-13,4.71,FSM
2024-12-12,4.9,FSM
2024-12-11,5.11,FSM
2024-12-10,4.97,FSM
2024-12-09,5.06,FSM
2024-12-06,4.72,FSM
2024-12-05,4.9,FSM
2024-12-04,4.94,FSM
2024-12-03,4.97,FSM
2024-12-02,4.54,FSM
2024-11-29,4.78,FSM
2024-11-27,4.81,FSM
2024-11-26,4.84,FSM
2024-11-25,4.82,FSM
2024-11-22,4.97,FSM
2024-11-21,5.0,FSM
2024-11-20,4.85,FSM
2024-11-19,4.83,FSM
2024-11-18,4.86,FSM
2024-11-15,4.68,FSM
2024-11-14,4.7,FSM
2024-11-13,4.54,FSM
2024-11-12,4.59,FSM
2024-11-11,4.5,FSM
2024-11-08,4.78,FSM
2024-11-07,4.79,FSM
2024-11-06,4.68,FSM
2024-11-05,4.76,FSM
2024-11-04,4.8,FSM
2024-11-01,4.9,FSM
2024-10-31,4.97,FSM
2024-10-30,5.11,FSM
2024-10-29,5.28,FSM
2024-10-28,5.12,FSM
2024-10-25,5.08,FSM
2024-10-24,5.2,FSM
2024-10-23,5.29,FSM
2024-10-22,5.46,FSM
2024-10-21,5.28,FSM
2024-10-18,5.15,FSM
2024-10-17,4.66,FSM
2024-10-16,4.64,FSM
2024-10-15,4.67,FSM
2024-10-14,4.69,FSM
2024-10-11,4.75,FSM
2024-10-10,4.7,FSM
2024-10-09,4.5,FSM
2024-10-08,4.5,FSM
2024-10-07,4.45,FSM
2024-10-04,4.88,FSM
2024-10-03,4.83,FSM
2024-10-02,4.82,FSM
2024-10-01,4.78,FSM
2024-09-30,4.63,FSM
2024-09-27,4.81,FSM
2024-09-26,5.07,FSM
2024-09-25,5.0,FSM
2024-09-24,4.98,FSM
2024-09-23,4.68,FSM
2024-09-20,4.91,FSM
2024-09-19,4.85,FSM
2024-09-18,4.8,FSM
2024-09-17,4.97,FSM
2024-09-16,4.99,FSM
2024-09-13,4.94,FSM
2024-09-12,4.72,FSM
2024-09-11,4.35,FSM
2024-09-10,4.28,FSM
2024-09-09,4.2,FSM
2024-09-06,4.16,FSM
2024-09-05,4.3,FSM
2024-09-04,4.24,FSM
2024-09-03,4.24,FSM
2024-08-30,4.59,FSM
2024-08-29,4.63,FSM
2024-08-28,4.6,FSM
2024-08-27,4.78,FSM
2024-08-26,4.81,FSM
2024-08-23,4.85,FSM
2024-08-22,4.8,FSM
2024-08-21,4.93,FSM
2024-08-20,4.87,FSM
2024-08-19,4.79,FSM
2024-08-16,4.58,FSM
2024-08-15,4.5,FSM
2024-08-14,4.42,FSM
2024-08-13,4.46,FSM
2024-08-12,4.39,FSM
2024-08-09,4.34,FSM
2024-08-08,4.14,FSM
2024-08-07,4.16,FSM
2024-08-06,4.28,FSM
2024-08-05,4.17,FSM
2024-08-02,4.4,FSM
2024-08-01,4.62,FSM
2024-07-31,4.83,FSM
2024-07-30,4.68,FSM
2024-07-29,4.65,FSM
2024-07-26,4.66,FSM
2024-07-25,4.64,FSM
2024-07-24,4.9,FSM
2024-07-23,5.07,FSM
2024-07-22,5.04,FSM
2024-07-19,5.02,FSM
2024-07-18,5.04,FSM
2024-07-17,5.2,FSM
2024-07-16,5.43,FSM
2024-07-15,5.27,FSM
2024-07-12,5.33,FSM
2024-07-11,5.4,FSM
2024-07-10,5.28,FSM
2024-07-09,4.94,FSM
2024-07-08,5.03,FSM
2024-07-05,5.02,FSM
2024-07-03,5.05,FSM
2024-07-02,4.95,FSM
2024-07-01,4.84,FSM
2024-06-28,4.89,FSM
2024-06-27,4.88,FSM
2024-06-26,4.88,FSM
2024-06-25,4.91,FSM
2024-06-24,4.93,FSM
2024-06-21,5.04,FSM
2024-06-20,5.09,FSM
2024-06-18,4.99,FSM
2024-06-17,4.87,FSM
2024-06-14,4.89,FSM
2024-06-13,4.88,FSM
2024-06-12,5.01,FSM
2024-06-11,4.96,FSM
2024-06-10,5.07,FSM
2024-06-07,4.97,FSM
2024-06-06,5.29,FSM
2024-06-05,5.07,FSM
2024-06-04,5.91,FSM
2024-06-03,6.2,FSM
2024-05-31,6.24,FSM
2024-05-30,6.23,FSM
2024-05-29,6.19,FSM
2024-05-28,6.26,FSM
2024-05-24,6.08,FSM
2024-05-23,5.79,FSM
2024-05-22,5.71,FSM
2024-05-21,5.83,FSM
2024-05-20,5.92,FSM
2024-05-17,5.92,FSM
2024-05-16,5.43,FSM
2024-05-15,5.35,FSM
2024-05-14,5.25,FSM
2024-05-13,5.08,FSM
2024-05-10,5.21,FSM
2024-05-09,5.18,FSM
2024-05-08,4.81,FSM
2024-05-07,4.94,FSM
2024-05-06,4.85,FSM
2024-05-03,4.59,FSM
2024-05-02,4.68,FSM
2024-05-01,4.69,FSM
2024-04-30,4.54,FSM
2024-04-29,4.69,FSM
2024-04-26,4.77,FSM
2024-04-25,4.78,FSM
2024-04-24,4.64,FSM
2024-04-23,4.66,FSM
2024-04-22,4.49,FSM
2024-04-19,4.65,FSM
2024-04-18,4.51,FSM
2024-04-17,4.57,FSM
2024-04-16,4.54,FSM
2024-04-15,4.58,FSM
2024-04-12,4.61,FSM
2024-04-11,4.77,FSM
2024-04-10,4.74,FSM
2024-04-09,4.8,FSM
2024-04-08,4.68,FSM
2024-04-05,4.71,FSM
2024-04-04,4.53,FSM
2024-04-03,4.57,FSM
2024-04-02,4.02,FSM
2024-04-01,3.83,FSM
2024-03-28,3.73,FSM
2024-03-27,3.62,FSM
2024-03-26,3.47,FSM
2024-03-25,3.48,FSM
2024-03-22,3.39,FSM
2024-03-21,3.43,FSM
2024-03-20,3.51,FSM
2024-03-19,3.28,FSM
2024-03-18,3.35,FSM
2024-03-15,3.44,FSM
2024-03-14,3.37,FSM
2024-03-13,3.44,FSM
2024-03-12,3.39,FSM
2024-03-11,3.4,FSM
2024-03-08,3.24,FSM
2024-03-07,3.24,FSM
2024-03-06,3.06,FSM
2024-03-05,3.01,FSM
2024-03-04,3.03,FSM
2024-03-01,2.91,FSM
2024-02-29,2.71,FSM
2024-02-28,2.64,FSM
2024-02-27,2.7,FSM
2024-02-26,2.72,FSM
2024-02-23,2.74,FSM
2024-02-22,2.72,FSM
2024-02-21,2.79,FSM
2024-02-20,2.8,FSM
2024-02-16,2.84,FSM
2024-02-15,2.88,FSM
2024-02-14,2.77,FSM
2024-02-13,2.74,FSM
2024-02-12,2.94,FSM
2024-02-09,2.9,FSM
2024-02-08,2.98,FSM
2024-02-07,3.03,FSM
2024-02-06,3.12,FSM
2024-02-05,3.07,FSM
2024-02-02,3.15,FSM
2024-02-01,3.19,FSM
2024-01-31,3.03,FSM
2024-01-30,3.1,FSM
2024-01-29,3.13,FSM
2024-01-26,3.07,FSM
2024-01-25,3.09,FSM
2024-01-24,3.06,FSM
2024-01-23,3.11,FSM
2024-01-22,3.08,FSM
2024-01-19,3.02,FSM
2024-01-18,3.13,FSM
2024-01-17,3.54,FSM
2024-01-16,3.67,FSM
2024-01-12,3.8,FSM
2024-01-11,3.63,FSM
2024-01-10,3.7,FSM
2024-01-09,3.57,FSM
2024-01-08,3.64,FSM
2024-01-05,3.65,FSM
2024-01-04,3.68,FSM
2024-01-03,3.62,FSM
2024-01-02,3.73,FSM
2023-12-29,3.86,FSM
2023-12-28,3.89,FSM
2023-12-27,4.0,FSM
2023-12-26,3.98,FSM
2023-12-22,3.96,FSM
2023-12-21,3.97,FSM
2023-12-20,3.86,FSM
2023-12-19,3.99,FSM
2023-12-18,3.86,FSM
2023-12-15,3.94,FSM
2023-12-14,3.94,FSM
2023-12-13,3.85,FSM
2023-12-12,3.54,FSM
2023-12-11,3.67,FSM
2023-12-08,3.64,FSM
2023-12-07,3.74,FSM
2023-12-06,3.74,FSM
2023-12-05,3.79,FSM
2023-12-04,3.92,FSM
2023-12-01,4.04,FSM
2023-11-30,3.9,FSM
2023-11-29,3.95,FSM
2023-11-28,3.94,FSM
2023-11-27,3.77,FSM
2023-11-24,3.69,FSM
2023-11-22,3.65,FSM
2023-11-21,3.65,FSM
2023-11-20,3.54,FSM
2023-11-17,3.56,FSM
2023-11-16,3.52,FSM
2023-11-15,3.38,FSM
2023-11-14,3.37,FSM
2023-11-13,3.04,FSM
2023-11-10,2.99,FSM
2023-11-09,2.99,FSM
2023-11-08,2.94,FSM
2023-11-07,2.89,FSM
2023-11-06,2.91,FSM
2023-11-03,3.02,FSM
2023-11-02,2.84,FSM
2023-11-01,2.8,FSM
2023-10-31,2.81,FSM
2023-10-30,2.88,FSM
2023-10-27,2.89,FSM
2023-10-26,2.83,FSM
2023-10-25,2.88,FSM
2023-10-24,2.94,FSM
2023-10-23,2.98,FSM
2023-10-20,3.04,FSM
2023-10-19,3.05,FSM
2023-10-18,3.06,FSM
2023-10-17,3.03,FSM
2023-10-16,2.95,FSM
2023-10-13,2.94,FSM
2023-10-12,2.78,FSM
2023-10-11,2.89,FSM
2023-10-10,2.83,FSM
2023-10-09,2.84,FSM
2023-10-06,2.81,FSM
2023-10-05,2.74,FSM
2023-10-04,2.64,FSM
2023-10-03,2.67,FSM
2023-10-02,2.64,FSM
2023-09-29,2.72,FSM
2023-09-28,2.73,FSM
2023-09-27,2.67,FSM
2023-09-26,2.69,FSM
2023-09-25,2.81,FSM
2023-09-22,2.85,FSM
2023-09-21,2.88,FSM
2023-09-20,2.93,FSM
2023-09-19,2.94,FSM
2023-09-18,3.0,FSM
2023-09-15,3.02,FSM
2023-09-14,2.93,FSM
2023-09-13,2.88,FSM
2023-09-12,2.8,FSM
2023-09-11,2.8,FSM
2023-09-08,2.78,FSM
2023-09-07,2.78,FSM
2023-09-06,2.83,FSM
2023-09-05,2.88,FSM
2023-09-01,2.99,FSM
2023-08-31,3.1,FSM
2023-08-30,3.14,FSM
2023-08-29,3.15,FSM
2023-08-28,3.06,FSM
2023-08-25,2.98,FSM
2023-08-24,3.03,FSM
2023-08-23,3.02,FSM
2023-08-22,2.91,FSM
2023-08-21,2.92,FSM
2023-08-18,2.86,FSM
2023-08-17,2.85,FSM
2023-08-16,2.84,FSM
2023-08-15,2.93,FSM
2023-08-14,2.99,FSM
2023-08-11,3.0,FSM
2023-08-10,2.91,FSM
2023-08-09,3.28,FSM
2023-08-08,3.3,FSM
2023-08-07,3.29,FSM
2023-08-04,3.29,FSM
2023-08-03,3.27,FSM
2023-08-02,3.31,FSM
2023-08-01,3.4,FSM
2023-07-31,3.55,FSM
2023-07-28,3.46,FSM
2023-07-27,3.44,FSM
2023-07-26,3.66,FSM
2023-07-25,3.65,FSM
2023-07-24,3.57,FSM
2023-07-21,3.65,FSM
2023-07-20,3.71,FSM
2023-07-19,3.84,FSM
2023-07-18,3.85,FSM
2023-07-17,3.69,FSM
2023-07-14,3.61,FSM
2023-07-13,3.52,FSM
2023-07-12,3.47,FSM
2023-07-11,3.14,FSM
2023-07-10,3.18,FSM
2023-07-07,3.14,FSM
2023-07-06,3.09,FSM
2023-07-05,3.2,FSM
2023-07-03,3.29,FSM
2023-06-30,3.24,FSM
2023-06-29,3.2,FSM
2023-06-28,3.12,FSM
2023-06-27,3.12,FSM
2023-06-26,3.16,FSM
2023-06-23,3.06,FSM
2023-06-22,3.07,FSM
2023-06-21,3.11,FSM
2023-06-20,3.13,FSM
2023-06-16,3.32,FSM
2023-06-15,3.28,FSM
2023-06-14,3.32,FSM
2023-06-13,3.38,FSM
2023-06-12,3.46,FSM
2023-06-09,3.49,FSM
2023-06-08,3.55,FSM
2023-06-07,3.48,FSM
2023-06-06,3.55,FSM
2023-06-05,3.52,FSM
2023-06-02,3.48,FSM
2023-06-01,3.51,FSM
2023-05-31,3.31,FSM
2023-05-30,3.25,FSM
2023-05-26,3.25,FSM
2023-05-25,3.24,FSM
2023-05-24,3.26,FSM
2023-05-23,3.42,FSM
2023-05-22,3.43,FSM
2023-05-19,3.42,FSM
2023-05-18,3.39,FSM
2023-05-17,3.52,FSM
2023-05-16,3.59,FSM
2023-05-15,3.5,FSM
2023-05-12,3.48,FSM
2023-05-11,3.46,FSM
2023-05-10,3.56,FSM
2023-05-09,3.78,FSM
2023-05-08,3.89,FSM
2023-05-05,3.93,FSM
2023-05-04,3.92,FSM
2023-05-03,3.83,FSM
2023-05-02,3.83,FSM
2023-05-01,3.74,FSM
2023-04-28,3.73,FSM
2023-04-27,3.73,FSM
2023-04-26,3.7,FSM
2023-04-25,3.72,FSM
2023-04-24,3.72,FSM
2023-04-21,3.69,FSM
2023-04-20,3.79,FSM
2023-04-19,3.8,FSM
2023-04-18,3.87,FSM
2023-04-17,3.84,FSM
2023-04-14,3.98,FSM
2023-04-13,4.11,FSM
2023-04-12,4.04,FSM
2023-04-11,4.02,FSM
2023-04-10,3.94,FSM
2023-04-06,3.99,FSM
2023-04-05,3.98,FSM
2023-04-04,4.05,FSM
2023-04-03,3.9,FSM
2023-03-31,3.82,FSM
2023-03-30,3.81,FSM
2023-03-29,3.69,FSM
2023-03-28,3.74,FSM
2023-03-27,3.57,FSM
2023-03-24,3.54,FSM
2023-03-23,3.52,FSM
2023-03-22,3.37,FSM
2023-03-21,3.31,FSM
2023-03-20,3.55,FSM
2023-03-17,3.45,FSM
2023-03-16,3.22,FSM
2023-03-15,3.41,FSM
2023-03-14,3.53,FSM
2023-03-13,3.5,FSM
2023-03-10,3.18,FSM
2023-03-09,3.1,FSM
2023-03-08,3.16,FSM
2023-03-07,3.18,FSM
2023-03-06,3.34,FSM
2023-03-03,3.44,FSM
2023-03-02,3.35,FSM
2023-03-01,3.33,FSM
2023-02-28,3.23,FSM
2023-02-27,3.21,FSM
2023-02-24,3.19,FSM
2023-02-23,3.23,FSM
2023-02-22,3.27,FSM
2023-02-21,3.27,FSM
2023-02-17,3.4,FSM
2023-02-16,3.42,FSM
2023-02-15,3.4,FSM
2023-02-14,3.51,FSM
2023-02-13,3.44,FSM
2023-02-10,3.51,FSM
2023-02-09,3.52,FSM
2023-02-08,3.59,FSM
2023-02-07,3.62,FSM
2023-02-06,3.61,FSM
2023-02-03,3.71,FSM
2023-02-02,3.9,FSM
2023-02-01,4.0,FSM
2023-01-31,3.85,FSM
2023-01-30,3.83,FSM
2023-01-27,3.94,FSM
2023-01-26,4.19,FSM
2023-01-25,4.14,FSM
2023-01-24,3.84,FSM
2023-01-23,3.8,FSM
2023-01-20,3.79,FSM
2023-01-19,3.73,FSM
2023-01-18,3.49,FSM
2023-01-17,3.54,FSM
2023-01-13,3.68,FSM
2023-01-12,3.66,FSM
2023-01-11,3.63,FSM
2023-01-10,3.69,FSM
2023-01-09,3.62,FSM
2023-01-06,3.64,FSM
2023-01-05,3.49,FSM
2023-01-04,3.92,FSM
2023-01-03,3.78,FSM
2022-12-30,3.75,FSM
2022-12-29,3.77,FSM
2022-12-28,3.8,FSM
2022-12-27,3.96,FSM
2022-12-23,3.84,FSM
2022-12-22,3.82,FSM
2022-12-21,3.88,FSM
2022-12-20,3.85,FSM
2022-12-19,3.62,FSM
2022-12-16,3.72,FSM
2022-12-15,3.69,FSM
2022-12-14,3.85,FSM
2022-12-13,3.89,FSM
2022-12-12,3.81,FSM
2022-12-09,3.81,FSM
2022-12-08,3.88,FSM
2022-12-07,3.91,FSM
2022-12-06,3.79,FSM
2022-12-05,3.7,FSM
2022-12-02,3.9,FSM
2022-12-01,3.82,FSM
2022-11-30,3.73,FSM
2022-11-29,3.58,FSM
2022-11-28,3.46,FSM
2022-11-25,3.63,FSM
2022-11-23,3.69,FSM
2022-11-22,3.63,FSM
2022-11-21,3.38,FSM
2022-11-18,3.45,FSM
2022-11-17,3.44,FSM
2022-11-16,3.48,FSM
2022-11-15,3.52,FSM
2022-11-14,3.55,FSM
2022-11-11,3.5,FSM
2022-11-10,3.47,FSM
2022-11-09,3.02,FSM
2022-11-08,3.19,FSM
2022-11-07,2.96,FSM
2022-11-04,2.95,FSM
2022-11-03,2.61,FSM
2022-11-02,2.66,FSM
2022-11-01,2.86,FSM
2022-10-31,2.78,FSM
2022-10-28,2.82,FSM
2022-10-27,2.86,FSM
2022-10-26,2.92,FSM
2022-10-25,2.82,FSM
2022-10-24,2.79,FSM
2022-10-21,2.84,FSM
2022-10-20,2.64,FSM
2022-10-19,2.58,FSM
2022-10-18,2.72,FSM
2022-10-17,2.67,FSM
2022-10-14,2.59,FSM
2022-10-13,2.77,FSM
2022-10-12,2.79,FSM
2022-10-11,2.74,FSM
2022-10-10,2.75,FSM
2022-10-07,2.75,FSM
2022-10-06,3.06,FSM
2022-10-05,2.77,FSM
2022-10-04,2.75,FSM
2022-10-03,2.72,FSM
2022-09-30,2.52,FSM
2022-09-29,2.39,FSM
2022-09-28,2.35,FSM
2022-09-27,2.11,FSM
2022-09-26,2.09,FSM
2022-09-23,2.15,FSM
2022-09-22,2.3,FSM
2022-09-21,2.35,FSM
2022-09-20,2.33,FSM
2022-09-19,2.41,FSM
2022-09-16,2.35,FSM
2022-09-15,2.32,FSM
2022-09-14,2.42,FSM
2022-09-13,2.43,FSM
2022-09-12,2.6,FSM
2022-09-09,2.48,FSM
2022-09-08,2.41,FSM
2022-09-07,2.36,FSM
2022-09-06,2.24,FSM
2022-09-02,2.28,FSM
2022-09-01,2.19,FSM
2022-08-31,2.3,FSM
2022-08-30,2.33,FSM
2022-08-29,2.41,FSM
2022-08-26,2.43,FSM
2022-08-25,2.61,FSM
2022-08-24,2.57,FSM
2022-08-23,2.5,FSM
2022-08-22,2.42,FSM
2022-08-19,2.44,FSM
2022-08-18,2.53,FSM
2022-08-17,2.53,FSM
2022-08-16,2.69,FSM
2022-08-15,2.68,FSM
2022-08-12,2.7,FSM
2022-08-11,2.62,FSM
2022-08-10,2.92,FSM
2022-08-09,2.89,FSM
2022-08-08,2.95,FSM
2022-08-05,2.85,FSM
2022-08-04,2.88,FSM
2022-08-03,2.7,FSM
2022-08-02,2.79,FSM
2022-08-01,2.84,FSM
2022-07-29,2.85,FSM
2022-07-28,2.8,FSM
2022-07-27,2.64,FSM
2022-07-26,2.53,FSM
2022-07-25,2.51,FSM
2022-07-22,2.54,FSM
2022-07-21,2.6,FSM
2022-07-20,2.59,FSM
2022-07-19,2.71,FSM
2022-07-18,2.68,FSM
2022-07-15,2.64,FSM
2022-07-14,2.63,FSM
2022-07-13,2.74,FSM
2022-07-12,2.56,FSM
2022-07-11,2.62,FSM
2022-07-08,2.73,FSM
2022-07-07,2.74,FSM
2022-07-06,2.62,FSM
2022-07-05,2.66,FSM
2022-07-01,2.93,FSM
2022-06-30,2.84,FSM
2022-06-29,2.97,FSM
2022-06-28,3.04,FSM
2022-06-27,3.21,FSM
2022-06-24,3.14,FSM
2022-06-23,3.0,FSM
2022-06-22,3.12,FSM
2022-06-21,3.22,FSM
2022-06-17,3.07,FSM
2022-06-16,3.2,FSM
2022-06-15,3.2,FSM
2022-06-14,3.08,FSM
2022-06-13,3.22,FSM
2022-06-10,3.65,FSM
2022-06-09,3.4,FSM
2022-06-08,3.58,FSM
2022-06-07,3.53,FSM
2022-06-06,3.49,FSM
2022-06-03,3.52,FSM
2022-06-02,3.68,FSM
2022-06-01,3.4,FSM
2022-05-31,3.27,FSM
2022-05-27,3.48,FSM
2022-05-26,3.45,FSM
2022-05-25,3.42,FSM
2022-05-24,3.42,FSM
2022-05-23,3.38,FSM
2022-05-20,3.38,FSM
2022-05-19,3.4,FSM
2022-05-18,3.08,FSM
2022-05-17,3.21,FSM
2022-05-16,3.08,FSM
2022-05-13,3.04,FSM
2022-05-12,2.73,FSM
2022-05-11,2.9,FSM
2022-05-10,2.92,FSM
2022-05-09,2.99,FSM
2022-05-06,3.27,FSM
2022-05-05,3.35,FSM
2022-05-04,3.66,FSM
2022-05-03,3.57,FSM
2022-05-02,3.41,FSM
2022-04-29,3.48,FSM
2022-04-28,3.56,FSM
2022-04-27,3.37,FSM
2022-04-26,3.46,FSM
2022-04-25,3.63,FSM
2022-04-22,3.79,FSM
2022-04-21,4.0,FSM
2022-04-20,4.24,FSM
2022-04-19,4.22,FSM
2022-04-18,4.35,FSM
2022-04-14,4.45,FSM
2022-04-13,4.4,FSM
2022-04-12,4.23,FSM
2022-04-11,4.12,FSM
2022-04-08,4.09,FSM
2022-04-07,3.9,FSM
2022-04-06,3.8,FSM
2022-04-05,3.81,FSM
2022-04-04,3.99,FSM
2022-04-01,3.96,FSM
2022-03-31,3.81,FSM
2022-03-30,3.84,FSM
2022-03-29,3.83,FSM
2022-03-28,3.7,FSM
2022-03-25,3.84,FSM
2022-03-24,3.9,FSM
2022-03-23,4.17,FSM
2022-03-22,4.13,FSM
2022-03-21,4.22,FSM
2022-03-18,4.18,FSM
2022-03-17,4.19,FSM
2022-03-16,4.2,FSM
2022-03-15,4.15,FSM
2022-03-14,4.0,FSM
2022-03-11,4.27,FSM
2022-03-10,4.38,FSM
2022-03-09,4.29,FSM
2022-03-08,4.35,FSM
2022-03-07,4.16,FSM
2022-03-04,4.07,FSM
2022-03-03,4.03,FSM
2022-03-02,3.99,FSM
2022-03-01,4.09,FSM
2022-02-28,3.7,FSM
2022-02-25,3.69,FSM
2022-02-24,3.7,FSM
2022-02-23,3.76,FSM
2022-02-22,3.54,FSM
2022-02-18,3.63,FSM
2022-02-17,3.8,FSM
2022-02-16,3.73,FSM
2022-02-15,3.66,FSM
2022-02-14,3.66,FSM
2022-02-11,3.59,FSM
2022-02-10,3.36,FSM
2022-02-09,3.48,FSM
2022-02-08,3.52,FSM
2022-02-07,3.5,FSM
2022-02-04,3.24,FSM
2022-02-03,3.3,FSM
2022-02-02,3.42,FSM
2022-02-01,3.52,FSM
2022-01-31,3.42,FSM
2022-01-28,3.24,FSM
2022-01-27,3.28,FSM
2022-01-26,3.46,FSM
2022-01-25,3.57,FSM
2022-01-24,3.51,FSM
2022-01-21,3.67,FSM
2022-01-20,3.9,FSM
2022-01-19,4.0,FSM
2022-01-18,3.64,FSM
2022-01-14,3.66,FSM
2022-01-13,3.74,FSM
2022-01-12,3.83,FSM
2022-01-11,3.76,FSM
2022-01-10,3.63,FSM
2022-01-07,3.6,FSM
2022-01-06,3.55,FSM
2022-01-05,3.74,FSM
2022-01-04,3.91,FSM
2022-01-03,3.92,FSM
2021-12-31,3.9,FSM
2021-12-30,3.9,FSM
2021-12-29,3.82,FSM
2021-12-28,3.96,FSM
2021-12-27,3.99,FSM
2021-12-23,3.99,FSM
2021-12-22,3.95,FSM
2021-12-21,3.85,FSM
2021-12-20,3.79,FSM
2021-12-17,3.22,FSM
2021-12-16,3.26,FSM
2021-12-15,3.06,FSM
2021-12-14,3.08,FSM
2021-12-13,3.2,FSM
2021-12-10,3.24,FSM
2021-12-09,3.28,FSM
2021-12-08,3.46,FSM
2021-12-07,3.44,FSM
2021-12-06,3.4,FSM
2021-12-03,3.28,FSM
2021-12-02,3.26,FSM
2021-12-01,3.25,FSM
2021-11-30,3.48,FSM
2021-11-29,3.48,FSM
2021-11-26,3.52,FSM
2021-11-24,3.64,FSM
2021-11-23,3.66,FSM
2021-11-22,3.84,FSM
2021-11-19,3.83,FSM
2021-11-18,3.96,FSM
2021-11-17,4.05,FSM
2021-11-16,3.89,FSM
2021-11-15,4.0,FSM
2021-11-12,3.87,FSM
2021-11-11,4.94,FSM
2021-11-10,5.25,FSM
2021-11-09,5.2,FSM
2021-11-08,5.18,FSM
2021-11-05,5.09,FSM
2021-11-04,4.86,FSM
2021-11-03,4.94,FSM
2021-11-02,4.92,FSM
2021-11-01,5.0,FSM
2021-10-29,4.86,FSM
2021-10-28,5.14,FSM
2021-10-27,5.1,FSM
2021-10-26,5.09,FSM
2021-10-25,5.08,FSM
2021-10-22,4.91,FSM
2021-10-21,4.8,FSM
2021-10-20,4.81,FSM
2021-10-19,4.6,FSM
2021-10-18,4.48,FSM
2021-10-15,4.6,FSM
2021-10-14,4.64,FSM
2021-10-13,4.51,FSM
2021-10-12,4.27,FSM
2021-10-11,4.14,FSM
2021-10-08,4.15,FSM
2021-10-07,4.1,FSM
2021-10-06,4.03,FSM
2021-10-05,3.93,FSM
2021-10-04,3.94,FSM
2021-10-01,3.93,FSM
2021-09-30,3.93,FSM
2021-09-29,3.84,FSM
2021-09-28,4.07,FSM
2021-09-27,4.09,FSM
2021-09-24,4.03,FSM
2021-09-23,4.07,FSM
2021-09-22,4.17,FSM
2021-09-21,4.15,FSM
2021-09-20,4.12,FSM
2021-09-17,4.22,FSM
2021-09-16,4.24,FSM
2021-09-15,4.53,FSM
2021-09-14,4.54,FSM
2021-09-13,4.57,FSM
2021-09-10,4.2,FSM
2021-09-09,4.22,FSM
2021-09-08,4.33,FSM
2021-09-07,4.39,FSM
2021-09-03,4.57,FSM
2021-09-02,4.4,FSM
2021-09-01,4.39,FSM
2021-08-31,4.39,FSM
2021-08-30,4.32,FSM
2021-08-27,4.39,FSM
2021-08-26,4.13,FSM
2021-08-25,4.17,FSM
2021-08-24,4.21,FSM
2021-08-23,4.13,FSM
2021-08-20,3.83,FSM
2021-08-19,3.86,FSM
2021-08-18,4.01,FSM
2021-08-17,4.1,FSM
2021-08-16,4.2,FSM
2021-08-13,4.38,FSM
2021-08-12,4.2,FSM
2021-08-11,4.44,FSM
2021-08-10,4.24,FSM
2021-08-09,4.24,FSM
2021-08-06,4.46,FSM
2021-08-05,4.53,FSM
2021-08-04,4.57,FSM
2021-08-03,4.71,FSM
2021-08-02,4.71,FSM
2021-07-30,4.71,FSM
2021-07-29,4.76,FSM
2021-07-28,4.7,FSM
2021-07-27,4.46,FSM
2021-07-26,4.52,FSM
2021-07-23,4.35,FSM
2021-07-22,4.44,FSM
2021-07-21,4.42,FSM
2021-07-20,4.33,FSM
2021-07-19,4.59,FSM
2021-07-16,4.83,FSM
2021-07-15,5.14,FSM
2021-07-14,5.2,FSM
2021-07-13,5.12,FSM
2021-07-12,5.1,FSM
2021-07-09,5.31,FSM
2021-07-08,5.13,FSM
2021-07-07,5.35,FSM
2021-07-06,5.42,FSM
2021-07-02,5.48,FSM
2021-07-01,5.49,FSM
2021-06-30,5.55,FSM
2021-06-29,5.39,FSM
2021-06-28,5.53,FSM
2021-06-25,5.61,FSM
2021-06-24,5.69,FSM
2021-06-23,5.68,FSM
2021-06-22,5.74,FSM
2021-06-21,5.84,FSM
2021-06-18,5.84,FSM
2021-06-17,5.99,FSM
2021-06-16,6.35,FSM
2021-06-15,6.46,FSM
2021-06-14,6.58,FSM
2021-06-11,6.6,FSM
2021-06-10,6.82,FSM
2021-06-09,6.68,FSM
2021-06-08,6.64,FSM
2021-06-07,6.84,FSM
2021-06-04,6.83,FSM
2021-06-03,6.66,FSM
2021-06-02,7.13,FSM
2021-06-01,7.03,FSM
2021-05-28,6.95,FSM
2021-05-27,6.84,FSM
2021-05-26,6.82,FSM
2021-05-25,6.83,FSM
2021-05-24,6.69,FSM
2021-05-21,6.65,FSM
2021-05-20,6.72,FSM
2021-05-19,6.58,FSM
2021-05-18,6.75,FSM
2021-05-17,6.7,FSM
2021-05-14,6.32,FSM
2021-05-13,6.08,FSM
2021-05-12,6.27,FSM
2021-05-11,6.52,FSM
2021-05-10,6.26,FSM
2021-05-07,6.45,FSM
2021-05-06,6.44,FSM
2021-05-05,6.21,FSM
2021-05-04,6.17,FSM
2021-05-03,6.39,FSM
2021-04-30,6.03,FSM
2021-04-29,6.06,FSM
2021-04-28,6.14,FSM
2021-04-27,6.11,FSM
2021-04-26,6.38,FSM
2021-04-23,7.71,FSM
2021-04-22,7.67,FSM
2021-04-21,7.96,FSM
2021-04-20,7.56,FSM
2021-04-19,7.53,FSM
2021-04-16,7.7,FSM
2021-04-15,7.73,FSM
2021-04-14,7.21,FSM
2021-04-13,7.44,FSM
2021-04-12,7.16,FSM
2021-04-09,7.33,FSM
2021-04-08,7.47,FSM
2021-04-07,6.95,FSM
2021-04-06,7.1,FSM
2021-04-05,6.72,FSM
2021-04-01,6.75,FSM
2021-03-31,6.47,FSM
2021-03-30,6.01,FSM
2021-03-29,6.29,FSM
2021-03-26,6.68,FSM
2021-03-25,6.56,FSM
2021-03-24,6.53,FSM
2021-03-23,6.68,FSM
2021-03-22,7.06,FSM
2021-03-19,7.26,FSM
2021-03-18,7.29,FSM
2021-03-17,7.51,FSM
2021-03-16,7.29,FSM
2021-03-15,7.49,FSM
2021-03-12,7.2,FSM
2021-03-11,7.22,FSM
2021-03-10,6.87,FSM
2021-03-09,6.91,FSM
2021-03-08,6.54,FSM
2021-03-05,6.68,FSM
2021-03-04,6.75,FSM
2021-03-03,7.06,FSM
2021-03-02,7.4,FSM
2021-03-01,7.18,FSM
2021-02-26,7.53,FSM
2021-02-25,7.96,FSM
2021-02-24,8.39,FSM
2021-02-23,8.1,FSM
2021-02-22,8.07,FSM
2021-02-19,7.3,FSM
2021-02-18,7.36,FSM
2021-02-17,7.6,FSM
2021-02-16,7.63,FSM
2021-02-12,7.65,FSM
2021-02-11,7.47,FSM
2021-02-10,7.57,FSM
2021-02-09,7.64,FSM
2021-02-08,7.74,FSM
2021-02-05,7.6,FSM
2021-02-04,7.35,FSM
2021-02-03,7.49,FSM
2021-02-02,7.69,FSM
2021-02-01,9.13,FSM
2021-01-29,7.78,FSM
2021-01-28,7.62,FSM
2021-01-27,6.7,FSM
2021-01-26,7.07,FSM
2021-01-25,6.88,FSM
2021-01-22,7.16,FSM
2021-01-21,7.34,FSM
2021-01-20,7.68,FSM
2021-01-19,7.43,FSM
2021-01-15,7.55,FSM
2021-01-14,8.24,FSM
2021-01-13,8.28,FSM
2021-01-12,8.58,FSM
2021-01-11,8.53,FSM
2021-01-08,8.65,FSM
2021-01-07,9.33,FSM
2021-01-06,9.39,FSM
2021-01-05,9.54,FSM
2021-01-04,9.23,FSM
2020-12-31,8.24,FSM
2020-12-30,8.25,FSM
2020-12-29,7.64,FSM
2020-12-28,7.65,FSM
2020-12-24,7.55,FSM
2020-12-23,7.48,FSM
2020-12-22,7.33,FSM
2020-12-21,7.76,FSM
2020-12-18,7.34,FSM
2020-12-17,7.48,FSM
2020-12-16,6.99,FSM
2020-12-15,6.68,FSM
2020-12-14,6.26,FSM
2020-12-11,6.51,FSM
2020-12-10,6.67,FSM
2020-12-09,6.61,FSM
2020-12-08,6.84,FSM
2020-12-07,6.83,FSM
2020-12-04,6.64,FSM
2020-12-03,6.69,FSM
2020-12-02,6.82,FSM
2020-12-01,6.74,FSM
2020-11-30,6.33,FSM
2020-11-27,6.28,FSM
2020-11-25,6.23,FSM
2020-11-24,6.07,FSM
2020-11-23,6.15,FSM
2020-11-20,6.43,FSM
2020-11-19,6.32,FSM
2020-11-18,6.37,FSM
2020-11-17,6.63,FSM
2020-11-16,6.84,FSM
2020-11-13,7.12,FSM
2020-11-12,7.41,FSM
2020-11-11,7.18,FSM
2020-11-10,7.24,FSM
2020-11-09,7.51,FSM
2020-11-06,8.05,FSM
2020-11-05,7.78,FSM
2020-11-04,6.81,FSM
2020-11-03,7.14,FSM
2020-11-02,6.91,FSM
2020-10-30,6.62,FSM
2020-10-29,6.53,FSM
2020-10-28,6.37,FSM
2020-10-27,7.23,FSM
2020-10-26,7.02,FSM
2020-10-23,7.16,FSM
2020-10-22,7.04,FSM
2020-10-21,7.37,FSM
2020-10-20,7.01,FSM
2020-10-19,6.76,FSM
2020-10-16,6.88,FSM
2020-10-15,7.12,FSM
2020-10-14,7.2,FSM
2020-10-13,6.85,FSM
2020-10-12,6.94,FSM
2020-10-09,7.0,FSM
2020-10-08,6.42,FSM
2020-10-07,6.25,FSM
2020-10-06,6.17,FSM
2020-10-05,6.57,FSM
2020-10-02,6.37,FSM
2020-10-01,6.5,FSM
2020-09-30,6.36,FSM
2020-09-29,6.48,FSM
2020-09-28,6.35,FSM
2020-09-25,6.24,FSM
2020-09-24,6.38,FSM
2020-09-23,6.11,FSM
2020-09-22,7.02,FSM
2020-09-21,7.03,FSM
2020-09-18,7.6,FSM
2020-09-17,7.79,FSM
2020-09-16,7.77,FSM
2020-09-15,7.58,FSM
2020-09-14,7.5,FSM
2020-09-11,6.92,FSM
2020-09-10,7.14,FSM
2020-09-09,7.08,FSM
2020-09-08,6.73,FSM
2020-09-04,6.93,FSM
2020-09-03,7.02,FSM
2020-09-02,7.04,FSM
2020-09-01,7.2,FSM
2020-08-31,7.27,FSM
2020-08-28,7.11,FSM
2020-08-27,6.55,FSM
2020-08-26,6.6,FSM
2020-08-25,6.29,FSM
2020-08-24,6.13,FSM
2020-08-21,6.27,FSM
2020-08-20,6.54,FSM
2020-08-19,6.37,FSM
2020-08-18,6.52,FSM
2020-08-17,6.66,FSM
2020-08-14,6.38,FSM
2020-08-13,6.39,FSM
2020-08-12,6.06,FSM
2020-08-11,5.97,FSM
2020-08-10,6.72,FSM
2020-08-07,6.66,FSM
2020-08-06,6.93,FSM
2020-08-05,7.05,FSM
2020-08-04,7.0,FSM
2020-08-03,6.65,FSM
2020-07-31,6.72,FSM
2020-07-30,6.49,FSM
2020-07-29,6.9,FSM
2020-07-28,7.0,FSM
2020-07-27,7.24,FSM
2020-07-24,6.53,FSM
2020-07-23,6.41,FSM
2020-07-22,6.74,FSM
2020-07-21,6.37,FSM
2020-07-20,5.85,FSM
2020-07-17,5.2,FSM
2020-07-16,5.01,FSM
2020-07-15,5.16,FSM
2020-07-14,5.12,FSM
2020-07-13,4.94,FSM
2020-07-10,5.03,FSM
2020-07-09,5.07,FSM
2020-07-08,5.05,FSM
2020-07-07,4.89,FSM
2020-07-06,4.84,FSM
2020-07-02,4.89,FSM
2020-07-01,4.93,FSM
2020-06-30,4.93,FSM
2020-06-29,4.76,FSM
2020-06-26,4.75,FSM
2020-06-25,4.81,FSM
2020-06-24,4.7,FSM
2020-06-23,4.95,FSM
2020-06-22,4.63,FSM
2020-06-19,4.24,FSM
2020-06-18,4.21,FSM
2020-06-17,4.37,FSM
2020-06-16,4.39,FSM
2020-06-15,4.58,FSM
2020-06-12,4.41,FSM
2020-06-11,4.39,FSM
2020-06-10,4.79,FSM
2020-06-09,4.56,FSM
2020-06-08,4.57,FSM
2020-06-05,4.51,FSM
2020-06-04,4.58,FSM
2020-06-03,4.31,FSM
2020-06-02,4.63,FSM
2020-06-01,4.8,FSM
2020-05-29,4.49,FSM
2020-05-28,4.17,FSM
2020-05-27,4.19,FSM
2020-05-26,3.97,FSM
2020-05-22,4.2,FSM
2020-05-21,4.26,FSM
2020-05-20,4.33,FSM
2020-05-19,4.2,FSM
2020-05-18,4.26,FSM
2020-05-15,3.96,FSM
2020-05-14,3.36,FSM
2020-05-13,3.22,FSM
2020-05-12,3.28,FSM
2020-05-11,3.22,FSM
2020-05-08,3.28,FSM
2020-05-07,3.25,FSM
2020-05-06,3.05,FSM
2020-05-05,3.13,FSM
2020-05-04,3.1,FSM
2020-05-01,3.13,FSM
2020-04-30,3.0,FSM
2020-04-29,3.18,FSM
2020-04-28,2.88,FSM
2020-04-27,2.74,FSM
2020-04-24,2.71,FSM
2020-04-23,2.64,FSM
2020-04-22,2.49,FSM
2020-04-21,2.38,FSM
2020-04-20,2.41,FSM
2020-04-17,2.36,FSM
2020-04-16,2.54,FSM
2020-04-15,2.48,FSM
2020-04-14,2.67,FSM
2020-04-13,2.68,FSM
2020-04-09,2.42,FSM
2020-04-08,2.21,FSM
2020-04-07,2.26,FSM
2020-04-06,2.27,FSM
2020-04-03,2.03,FSM
2020-04-02,2.14,FSM
2020-04-01,2.17,FSM
2020-03-31,2.31,FSM
2020-03-30,2.25,FSM
2020-03-27,2.41,FSM
2020-03-26,2.67,FSM
2020-03-25,2.75,FSM
2020-03-24,2.83,FSM
2020-03-23,2.32,FSM
2020-03-20,2.26,FSM
2020-03-19,2.51,FSM
2020-03-18,2.21,FSM
2020-03-17,2.27,FSM
2020-03-16,2.08,FSM
2020-03-13,1.8,FSM
2020-03-12,2.06,FSM
2020-03-11,2.66,FSM
2020-03-10,2.99,FSM
2020-03-09,2.96,FSM
2020-03-06,3.32,FSM
2020-03-05,3.4,FSM
2020-03-04,3.25,FSM
2020-03-03,3.26,FSM
2020-03-02,3.05,FSM
2020-02-28,2.95,FSM
2020-02-27,3.32,FSM
2020-02-26,3.67,FSM
2020-02-25,3.75,FSM
2020-02-24,3.97,FSM
2020-02-21,3.94,FSM
2020-02-20,3.75,FSM
2020-02-19,3.77,FSM
2020-02-18,3.69,FSM
2020-02-14,3.51,FSM
2020-02-13,3.66,FSM
2020-02-12,3.72,FSM
2020-02-11,3.75,FSM
2020-02-10,3.73,FSM
2020-02-07,3.74,FSM
2020-02-06,3.82,FSM
2020-02-05,3.82,FSM
2020-02-04,3.79,FSM
2020-02-03,3.79,FSM
2020-01-31,3.92,FSM
2020-01-30,3.82,FSM
2020-01-29,3.9,FSM
2020-01-28,3.92,FSM
2020-01-27,4.0,FSM
2020-01-24,4.11,FSM
2020-01-23,3.91,FSM
2020-01-22,4.03,FSM
2020-01-21,4.0,FSM
2020-01-17,3.87,FSM
2020-01-16,3.91,FSM
2020-01-15,3.87,FSM
2020-01-14,3.76,FSM
2020-01-13,3.67,FSM
2020-01-10,3.8,FSM
2020-01-09,3.72,FSM
2020-01-08,3.79,FSM
2020-01-07,4.12,FSM
2020-01-06,4.1,FSM
2020-01-03,4.03,FSM
2020-01-02,4.05,FSM
2019-12-31,4.08,FSM
2019-12-30,4.09,FSM
2019-12-27,3.96,FSM
2019-12-26,4.02,FSM
2019-12-24,3.95,FSM
2019-12-23,3.67,FSM
2019-12-20,3.36,FSM
2019-12-19,3.41,FSM
2019-12-18,3.49,FSM
2019-12-17,3.48,FSM
2019-12-16,3.55,FSM
2019-12-13,3.62,FSM
2019-12-12,3.47,FSM
2019-12-11,3.46,FSM
2019-12-10,3.31,FSM
2019-12-09,3.21,FSM
2019-12-06,3.19,FSM
2019-12-05,3.4,FSM
2019-12-04,3.4,FSM
2019-12-03,3.46,FSM
2019-12-02,3.31,FSM
2019-11-29,3.29,FSM
2019-11-27,3.1,FSM
2019-11-26,3.16,FSM
2019-11-25,3.02,FSM
2019-11-22,3.02,FSM
2019-11-21,3.03,FSM
2019-11-20,3.16,FSM
2019-11-19,3.17,FSM
2019-11-18,3.13,FSM
2019-11-15,3.05,FSM
2019-11-14,3.21,FSM
2019-11-13,3.16,FSM
2019-11-12,3.16,FSM
2019-11-11,3.04,FSM
2019-11-08,3.08,FSM
2019-11-07,3.12,FSM
2019-11-06,3.07,FSM
2019-11-05,2.97,FSM
2019-11-04,3.21,FSM
2019-11-01,3.23,FSM
2019-10-31,3.19,FSM
2019-10-30,3.07,FSM
2019-10-29,3.1,FSM
2019-10-28,3.09,FSM
2019-10-25,3.18,FSM
2019-10-24,3.18,FSM
2019-10-23,3.1,FSM
2019-10-22,3.04,FSM
2019-10-21,3.02,FSM
2019-10-18,3.13,FSM
2019-10-17,3.14,FSM
2019-10-16,3.08,FSM
2019-10-15,3.02,FSM
2019-10-14,3.11,FSM
2019-10-11,3.08,FSM
2019-10-10,3.2,FSM
2019-10-09,3.19,FSM
2019-10-08,3.3,FSM
2019-10-07,3.18,FSM
2019-10-04,3.23,FSM
2019-10-03,3.18,FSM
2019-10-02,3.11,FSM
2019-10-01,3.11,FSM
2019-09-30,3.09,FSM
2019-09-27,3.27,FSM
2019-09-26,3.31,FSM
2019-09-25,3.47,FSM
2019-09-24,3.67,FSM
2019-09-23,3.66,FSM
2019-09-20,3.49,FSM
2019-09-19,3.45,FSM
2019-09-18,3.39,FSM
2019-09-17,3.54,FSM
2019-09-16,3.44,FSM
2019-09-13,3.4,FSM
2019-09-12,3.46,FSM
2019-09-11,3.5,FSM
2019-09-10,3.69,FSM
2019-09-09,3.64,FSM
2019-09-06,3.69,FSM
2019-09-05,3.79,FSM
2019-09-04,4.24,FSM
2019-09-03,4.33,FSM
2019-08-30,4.14,FSM
2019-08-29,4.09,FSM
2019-08-28,4.27,FSM
2019-08-27,4.23,FSM
2019-08-26,3.98,FSM
2019-08-23,3.92,FSM
2019-08-22,3.75,FSM
2019-08-21,3.72,FSM
2019-08-20,3.81,FSM
2019-08-19,3.62,FSM
2019-08-16,3.67,FSM
2019-08-15,3.85,FSM
2019-08-14,3.77,FSM
2019-08-13,3.94,FSM
2019-08-12,4.04,FSM
2019-08-09,4.29,FSM
2019-08-08,4.3,FSM
2019-08-07,4.31,FSM
2019-08-06,4.23,FSM
2019-08-05,4.19,FSM
2019-08-02,3.95,FSM
2019-08-01,4.04,FSM
2019-07-31,3.76,FSM
2019-07-30,3.98,FSM
2019-07-29,3.95,FSM
2019-07-26,3.91,FSM
2019-07-25,3.91,FSM
2019-07-24,4.02,FSM
2019-07-23,3.83,FSM
2019-07-22,3.87,FSM
2019-07-19,3.74,FSM
2019-07-18,3.76,FSM
2019-07-17,3.62,FSM
2019-07-16,3.18,FSM
2019-07-15,2.78,FSM
2019-07-12,2.8,FSM
2019-07-11,2.77,FSM
2019-07-10,2.89,FSM
2019-07-09,2.84,FSM
2019-07-08,2.82,FSM
2019-07-05,2.85,FSM
2019-07-03,2.89,FSM
2019-07-02,2.93,FSM
2019-07-01,2.79,FSM
2019-06-28,2.85,FSM
2019-06-27,2.89,FSM
2019-06-26,2.96,FSM
2019-06-25,2.95,FSM
2019-06-24,2.99,FSM
2019-06-21,2.94,FSM
2019-06-20,2.93,FSM
2019-06-19,2.71,FSM
2019-06-18,2.63,FSM
2019-06-17,2.51,FSM
2019-06-14,2.5,FSM
2019-06-13,2.53,FSM
2019-06-12,2.47,FSM
2019-06-11,2.44,FSM
2019-06-10,2.45,FSM
2019-06-07,2.59,FSM
2019-06-06,2.61,FSM
2019-06-05,2.6,FSM
2019-06-04,2.69,FSM
2019-06-03,2.7,FSM
2019-05-31,2.59,FSM
2019-05-30,2.43,FSM
2019-05-29,2.4,FSM
2019-05-28,2.44,FSM
2019-05-24,2.52,FSM
2019-05-23,2.49,FSM
2019-05-22,2.51,FSM
2019-05-21,2.57,FSM
2019-05-20,2.65,FSM
2019-05-17,2.64,FSM
2019-05-16,2.6,FSM
2019-05-15,2.62,FSM
2019-05-14,2.87,FSM
2019-05-13,2.93,FSM
2019-05-10,2.86,FSM
2019-05-09,2.85,FSM
2019-05-08,2.91,FSM
2019-05-07,3.05,FSM
2019-05-06,3.05,FSM
2019-05-03,3.01,FSM
2019-05-02,2.95,FSM
2019-05-01,2.99,FSM
2019-04-30,3.07,FSM
2019-04-29,3.04,FSM
2019-04-26,3.17,FSM
2019-04-25,3.11,FSM
2019-04-24,3.11,FSM
2019-04-23,3.07,FSM
2019-04-22,3.04,FSM
2019-04-18,3.05,FSM
2019-04-17,3.18,FSM
2019-04-16,3.21,FSM
2019-04-15,3.31,FSM
2019-04-12,3.36,FSM
2019-04-11,3.4,FSM
2019-04-10,3.49,FSM
2019-04-09,3.5,FSM
2019-04-08,3.47,FSM
2019-04-05,3.37,FSM
2019-04-04,3.44,FSM
2019-04-03,3.21,FSM
2019-04-02,3.2,FSM
2019-04-01,3.26,FSM
2019-03-29,3.35,FSM
2019-03-28,3.42,FSM
2019-03-27,3.59,FSM
2019-03-26,3.65,FSM
2019-03-25,3.63,FSM
2019-03-22,3.66,FSM
2019-03-21,3.68,FSM
2019-03-20,3.71,FSM
2019-03-19,3.69,FSM
2019-03-18,3.71,FSM
2019-03-15,3.8,FSM
2019-03-14,3.64,FSM
2019-03-13,3.61,FSM
2019-03-12,3.58,FSM
2019-03-11,3.45,FSM
2019-03-08,3.52,FSM
2019-03-07,3.35,FSM
2019-03-06,3.37,FSM
2019-03-05,3.55,FSM
2019-03-04,3.65,FSM
2019-03-01,3.68,FSM
2019-02-28,3.74,FSM
2019-02-27,3.78,FSM
2019-02-26,3.83,FSM
2019-02-25,3.86,FSM
2019-02-22,3.83,FSM
2019-02-21,3.7,FSM
2019-02-20,3.81,FSM
2019-02-19,4.12,FSM
2019-02-15,4.01,FSM
2019-02-14,3.93,FSM
2019-02-13,3.77,FSM
2019-02-12,3.8,FSM
2019-02-11,3.83,FSM
2019-02-08,3.9,FSM
2019-02-07,3.83,FSM
2019-02-06,3.94,FSM
2019-02-05,3.97,FSM
2019-02-04,3.94,FSM
2019-02-01,3.97,FSM
2019-01-31,4.03,FSM
2019-01-30,3.9,FSM
2019-01-29,3.75,FSM
2019-01-28,3.6,FSM
2019-01-25,3.6,FSM
2019-01-24,3.47,FSM
2019-01-23,3.45,FSM
2019-01-22,3.45,FSM
2019-01-18,3.34,FSM
2019-01-17,3.51,FSM
2019-01-16,3.53,FSM
2019-01-15,3.52,FSM
2019-01-14,3.67,FSM
2019-01-11,3.71,FSM
2019-01-10,3.74,FSM
2019-01-09,3.92,FSM
2019-01-08,3.85,FSM
2019-01-07,3.7,FSM
2019-01-04,3.78,FSM
2019-01-03,3.79,FSM
2019-01-02,3.68,FSM
2018-12-31,3.64,FSM
2018-12-28,3.58,FSM
2018-12-27,3.67,FSM
2018-12-26,3.65,FSM
2018-12-24,3.64,FSM
2018-12-21,3.55,FSM
2018-12-20,3.62,FSM
2018-12-19,3.26,FSM
2018-12-18,3.48,FSM
2018-12-17,3.33,FSM
2018-12-14,3.31,FSM
2018-12-13,3.37,FSM
2018-12-12,3.28,FSM
2018-12-11,3.26,FSM
2018-12-10,3.23,FSM
2018-12-07,3.31,FSM
2018-12-06,3.2,FSM
2018-12-04,3.26,FSM
2018-12-03,3.27,FSM
2018-11-30,3.21,FSM
2018-11-29,3.23,FSM
2018-11-28,3.28,FSM
2018-11-27,3.19,FSM
2018-11-26,3.28,FSM
2018-11-23,3.39,FSM
2018-11-21,3.52,FSM
2018-11-20,3.42,FSM
2018-11-19,3.42,FSM
2018-11-16,3.44,FSM
2018-11-15,3.43,FSM
2018-11-14,3.42,FSM
2018-11-13,3.26,FSM
2018-11-12,3.35,FSM
2018-11-09,3.56,FSM
2018-11-08,3.69,FSM
2018-11-07,3.75,FSM
2018-11-06,3.75,FSM
2018-11-05,3.83,FSM
2018-11-02,3.91,FSM
2018-11-01,3.89,FSM
2018-10-31,3.79,FSM
2018-10-30,3.82,FSM
2018-10-29,3.76,FSM
2018-10-26,3.84,FSM
2018-10-25,3.79,FSM
2018-10-24,3.99,FSM
2018-10-23,4.05,FSM
2018-10-22,4.13,FSM
2018-10-19,4.09,FSM
2018-10-18,4.15,FSM
2018-10-17,4.06,FSM
2018-10-16,4.07,FSM
2018-10-15,4.13,FSM
2018-10-12,4.11,FSM
2018-10-11,4.15,FSM
2018-10-10,4.26,FSM
2018-10-09,4.22,FSM
2018-10-08,4.43,FSM
2018-10-05,4.29,FSM
2018-10-04,4.3,FSM
2018-10-03,4.26,FSM
2018-10-02,4.36,FSM
2018-10-01,4.31,FSM
2018-09-28,4.37,FSM
2018-09-27,4.3,FSM
2018-09-26,4.26,FSM
2018-09-25,4.39,FSM
2018-09-24,4.37,FSM
2018-09-21,4.37,FSM
2018-09-20,4.51,FSM
2018-09-19,4.48,FSM
2018-09-18,4.32,FSM
2018-09-17,4.4,FSM
2018-09-14,4.21,FSM
2018-09-13,4.29,FSM
2018-09-12,4.39,FSM
2018-09-11,4.2,FSM
2018-09-10,4.2,FSM
2018-09-07,4.28,FSM
2018-09-06,4.33,FSM
2018-09-05,4.36,FSM
2018-09-04,4.4,FSM
2018-08-31,4.58,FSM
2018-08-30,4.58,FSM
2018-08-29,4.63,FSM
2018-08-28,4.56,FSM
2018-08-27,4.66,FSM
2018-08-24,4.67,FSM
2018-08-23,4.52,FSM
2018-08-22,4.68,FSM
2018-08-21,4.63,FSM
2018-08-20,4.53,FSM
2018-08-17,4.53,FSM
2018-08-16,4.37,FSM
2018-08-15,4.38,FSM
2018-08-14,4.65,FSM
2018-08-13,4.57,FSM
2018-08-10,4.77,FSM
2018-08-09,4.72,FSM
2018-08-08,4.95,FSM
2018-08-07,5.0,FSM
2018-08-06,5.34,FSM
2018-08-03,5.34,FSM
2018-08-02,5.36,FSM
2018-08-01,5.38,FSM
2018-07-31,5.47,FSM
2018-07-30,5.43,FSM
2018-07-27,5.45,FSM
2018-07-26,5.51,FSM
2018-07-25,5.66,FSM
2018-07-24,5.53,FSM
2018-07-23,5.45,FSM
2018-07-20,5.5,FSM
2018-07-19,5.44,FSM
2018-07-18,5.46,FSM
2018-07-17,5.42,FSM
2018-07-16,5.43,FSM
2018-07-13,5.53,FSM
2018-07-12,5.48,FSM
2018-07-11,5.47,FSM
2018-07-10,5.69,FSM
2018-07-09,5.9,FSM
2018-07-06,5.86,FSM
2018-07-05,5.81,FSM
2018-07-03,5.84,FSM
2018-07-02,5.74,FSM
2018-06-29,5.68,FSM
2018-06-28,5.6,FSM
2018-06-27,5.7,FSM
2018-06-26,5.65,FSM
2018-06-25,5.72,FSM
2018-06-22,5.71,FSM
2018-06-21,5.56,FSM
2018-06-20,5.55,FSM
2018-06-19,5.57,FSM
2018-06-18,5.62,FSM
2018-06-15,5.6,FSM
2018-06-14,5.71,FSM
2018-06-13,5.54,FSM
2018-06-12,5.5,FSM
2018-06-11,5.49,FSM
2018-06-08,5.51,FSM
2018-06-07,5.58,FSM
2018-06-06,5.57,FSM
2018-06-05,5.54,FSM
2018-06-04,5.52,FSM
2018-06-01,5.54,FSM
2018-05-31,5.53,FSM
2018-05-30,5.59,FSM
2018-05-29,5.53,FSM
2018-05-25,5.55,FSM
2018-05-24,5.62,FSM
2018-05-23,5.58,FSM
2018-05-22,5.56,FSM
2018-05-21,5.47,FSM
2018-05-18,5.5,FSM
2018-05-17,5.54,FSM
2018-05-16,5.55,FSM
2018-05-15,5.52,FSM
2018-05-14,5.66,FSM
2018-05-11,5.7,FSM
2018-05-10,5.66,FSM
2018-05-09,5.69,FSM
2018-05-08,5.71,FSM
2018-05-07,5.66,FSM
2018-05-04,5.73,FSM
2018-05-03,5.78,FSM
2018-05-02,5.72,FSM
2018-05-01,5.65,FSM
2018-04-30,5.69,FSM
2018-04-27,5.74,FSM
2018-04-26,5.74,FSM
2018-04-25,5.66,FSM
2018-04-24,5.73,FSM
2018-04-23,5.69,FSM
2018-04-20,5.93,FSM
2018-04-19,5.94,FSM
2018-04-18,5.88,FSM
2018-04-17,5.78,FSM
2018-04-16,5.63,FSM
2018-04-13,5.61,FSM
2018-04-12,5.51,FSM
2018-04-11,5.52,FSM
2018-04-10,5.47,FSM
2018-04-09,5.43,FSM
2018-04-06,5.19,FSM
2018-04-05,5.26,FSM
2018-04-04,5.26,FSM
2018-04-03,5.17,FSM
2018-04-02,5.22,FSM
2018-03-29,5.21,FSM
2018-03-28,5.15,FSM
2018-03-27,5.3,FSM
2018-03-26,5.22,FSM
2018-03-23,5.15,FSM
2018-03-22,4.98,FSM
2018-03-21,5.03,FSM
2018-03-20,4.72,FSM
2018-03-19,4.71,FSM
2018-03-16,4.72,FSM
2018-03-15,4.62,FSM
2018-03-14,4.71,FSM
2018-03-13,4.83,FSM
2018-03-12,4.78,FSM
2018-03-09,4.71,FSM
2018-03-08,4.71,FSM
2018-03-07,4.69,FSM
2018-03-06,4.8,FSM
2018-03-05,4.63,FSM
2018-03-02,4.65,FSM
2018-03-01,4.66,FSM
2018-02-28,4.51,FSM
2018-02-27,4.5,FSM
2018-02-26,4.68,FSM
2018-02-23,4.62,FSM
2018-02-22,4.6,FSM
2018-02-21,4.58,FSM
2018-02-20,4.47,FSM
2018-02-16,4.6,FSM
2018-02-15,4.75,FSM
2018-02-14,4.83,FSM
2018-02-13,4.52,FSM
2018-02-12,4.59,FSM
2018-02-09,4.28,FSM
2018-02-08,4.46,FSM
2018-02-07,4.45,FSM
2018-02-06,4.5,FSM
2018-02-05,4.64,FSM
2018-02-02,4.56,FSM
2018-02-01,4.72,FSM
2018-01-31,4.8,FSM
2018-01-30,4.68,FSM
2018-01-29,4.72,FSM
2018-01-26,4.84,FSM
2018-01-25,4.89,FSM
2018-01-24,5.1,FSM
2018-01-23,4.93,FSM
2018-01-22,4.88,FSM
2018-01-19,4.88,FSM
2018-01-18,4.83,FSM
2018-01-17,4.96,FSM
2018-01-16,5.11,FSM
2018-01-12,5.27,FSM
2018-01-11,5.17,FSM
2018-01-10,5.13,FSM
2018-01-09,5.03,FSM
2018-01-08,5.07,FSM
2018-01-05,5.09,FSM
2018-01-04,5.14,FSM
2018-01-03,5.1,FSM
2018-01-02,5.33,FSM
2017-12-29,5.22,FSM
2017-12-28,5.23,FSM
2017-12-27,5.22,FSM
2017-12-26,5.28,FSM
2017-12-22,5.24,FSM
2017-12-21,5.16,FSM
2017-12-20,5.21,FSM
2017-12-19,5.04,FSM
2017-12-18,4.91,FSM
2017-12-15,4.79,FSM
2017-12-14,4.83,FSM
2017-12-13,4.87,FSM
2017-12-12,4.58,FSM
2017-12-11,4.52,FSM
2017-12-08,4.26,FSM
2017-12-07,4.19,FSM
2017-12-06,4.34,FSM
2017-12-05,4.25,FSM
2017-12-04,4.27,FSM
2017-12-01,4.21,FSM
2017-11-30,4.2,FSM
2017-11-29,4.2,FSM
2017-11-28,4.32,FSM
2017-11-27,4.28,FSM
2017-11-24,4.27,FSM
2017-11-22,4.42,FSM
2017-11-21,4.29,FSM
2017-11-20,4.34,FSM
2017-11-17,4.27,FSM
2017-11-16,4.13,FSM
2017-11-15,4.1,FSM
2017-11-14,4.05,FSM
2017-11-13,4.16,FSM
2017-11-10,4.08,FSM
2017-11-09,4.33,FSM
2017-11-08,4.29,FSM
2017-11-07,4.28,FSM
2017-11-06,4.33,FSM
2017-11-03,4.19,FSM
2017-11-02,4.29,FSM
2017-11-01,4.28,FSM
2017-10-31,4.22,FSM
2017-10-30,4.34,FSM
2017-10-27,4.31,FSM
2017-10-26,4.26,FSM
2017-10-25,4.44,FSM
2017-10-24,4.55,FSM
2017-10-23,4.61,FSM
2017-10-20,4.36,FSM
2017-10-19,4.38,FSM
2017-10-18,4.41,FSM
2017-10-17,4.47,FSM
2017-10-16,4.44,FSM
2017-10-13,4.65,FSM
2017-10-12,4.65,FSM
2017-10-11,4.72,FSM
2017-10-10,4.73,FSM
2017-10-09,4.86,FSM
2017-10-06,4.65,FSM
2017-10-05,4.56,FSM
2017-10-04,4.58,FSM
2017-10-03,4.45,FSM
2017-10-02,4.46,FSM
2017-09-29,4.38,FSM
2017-09-28,4.44,FSM
2017-09-27,4.36,FSM
2017-09-26,4.55,FSM
2017-09-25,4.73,FSM
2017-09-22,4.68,FSM
2017-09-21,4.62,FSM
2017-09-20,4.67,FSM
2017-09-19,4.71,FSM
2017-09-18,4.6,FSM
2017-09-15,4.75,FSM
2017-09-14,4.84,FSM
2017-09-13,4.81,FSM
2017-09-12,4.96,FSM
2017-09-11,4.81,FSM
2017-09-08,5.07,FSM
2017-09-07,5.18,FSM
2017-09-06,4.97,FSM
2017-09-05,5.01,FSM
2017-09-01,4.89,FSM
2017-08-31,4.83,FSM
2017-08-30,4.65,FSM
2017-08-29,4.76,FSM
2017-08-28,4.8,FSM
2017-08-25,4.55,FSM
2017-08-24,4.52,FSM
2017-08-23,4.46,FSM
2017-08-22,4.44,FSM
2017-08-21,4.5,FSM
2017-08-18,4.42,FSM
2017-08-17,4.46,FSM
2017-08-16,4.5,FSM
2017-08-15,4.35,FSM
2017-08-14,4.49,FSM
2017-08-11,4.47,FSM
2017-08-10,4.53,FSM
2017-08-09,4.44,FSM
2017-08-08,4.35,FSM
2017-08-07,4.37,FSM
2017-08-04,4.38,FSM
2017-08-03,4.46,FSM
2017-08-02,4.7,FSM
2017-08-01,4.9,FSM
2017-07-31,4.99,FSM
2017-07-28,5.07,FSM
2017-07-27,4.93,FSM
2017-07-26,4.96,FSM
2017-07-25,4.82,FSM
2017-07-24,4.9,FSM
2017-07-21,4.9,FSM
2017-07-20,4.87,FSM
2017-07-19,4.86,FSM
2017-07-18,4.85,FSM
2017-07-17,4.87,FSM
2017-07-14,4.77,FSM
2017-07-13,4.69,FSM
2017-07-12,4.75,FSM
2017-07-11,4.73,FSM
2017-07-10,4.67,FSM
2017-07-07,4.47,FSM
2017-07-06,4.59,FSM
2017-07-05,4.69,FSM
2017-07-03,4.65,FSM
2017-06-30,4.89,FSM
2017-06-29,4.89,FSM
2017-06-28,5.08,FSM
2017-06-27,5.01,FSM
2017-06-26,5.05,FSM
2017-06-23,5.11,FSM
2017-06-22,4.76,FSM
2017-06-21,4.7,FSM
2017-06-20,4.63,FSM
2017-06-19,4.66,FSM
2017-06-16,4.71,FSM
2017-06-15,4.72,FSM
2017-06-14,4.83,FSM
2017-06-13,5.02,FSM
2017-06-12,4.96,FSM
2017-06-09,4.86,FSM
2017-06-08,5.0,FSM
2017-06-07,5.18,FSM
2017-06-06,5.13,FSM
2017-06-05,4.85,FSM
2017-06-02,4.67,FSM
2017-06-01,4.72,FSM
2017-05-31,4.71,FSM
2017-05-30,4.71,FSM
2017-05-26,4.71,FSM
2017-05-25,4.74,FSM
2017-05-24,4.37,FSM
2017-05-23,4.63,FSM
2017-05-22,4.67,FSM
2017-05-19,4.53,FSM
2017-05-18,4.54,FSM
2017-05-17,4.72,FSM
2017-05-16,4.53,FSM
2017-05-15,4.55,FSM
2017-05-12,4.43,FSM
2017-05-11,4.43,FSM
2017-05-10,4.32,FSM
2017-05-09,4.21,FSM
2017-05-08,4.25,FSM
2017-05-05,4.25,FSM
2017-05-04,4.16,FSM
2017-05-03,4.37,FSM
2017-05-02,4.42,FSM
2017-05-01,4.45,FSM
2017-04-28,4.61,FSM
2017-04-27,4.47,FSM
2017-04-26,4.61,FSM
2017-04-25,4.62,FSM
2017-04-24,4.82,FSM
2017-04-21,5.0,FSM
2017-04-20,5.02,FSM
2017-04-19,4.94,FSM
2017-04-18,5.15,FSM
2017-04-17,5.15,FSM
2017-04-13,5.23,FSM
2017-04-12,5.41,FSM
2017-04-11,5.35,FSM
2017-04-10,5.29,FSM
2017-04-07,5.31,FSM
2017-04-06,5.44,FSM
2017-04-05,5.37,FSM
2017-04-04,5.35,FSM
2017-04-03,5.22,FSM
2017-03-31,5.2,FSM
2017-03-30,4.9,FSM
2017-03-29,4.96,FSM
2017-03-28,4.93,FSM
2017-03-27,5.11,FSM
2017-03-24,5.02,FSM
2017-03-23,5.05,FSM
2017-03-22,5.08,FSM
2017-03-21,5.23,FSM
2017-03-20,5.18,FSM
2017-03-17,5.14,FSM
2017-03-16,5.45,FSM
2017-03-15,5.54,FSM
2017-03-14,5.08,FSM
2017-03-13,5.35,FSM
2017-03-10,5.19,FSM
2017-03-09,4.89,FSM
2017-03-08,4.87,FSM
2017-03-07,5.02,FSM
2017-03-06,4.99,FSM
2017-03-03,5.3,FSM
2017-03-02,5.15,FSM
2017-03-01,5.77,FSM
2017-02-28,5.64,FSM
2017-02-27,5.4,FSM
2017-02-24,6.12,FSM
2017-02-23,6.45,FSM
2017-02-22,6.28,FSM
2017-02-21,6.39,FSM
2017-02-17,6.35,FSM
2017-02-16,6.44,FSM
2017-02-15,6.38,FSM
2017-02-14,6.45,FSM
2017-02-13,6.48,FSM
2017-02-10,6.66,FSM
2017-02-09,6.36,FSM
2017-02-08,6.58,FSM
2017-02-07,6.65,FSM
2017-02-06,6.68,FSM
2017-02-03,6.3,FSM
2017-02-02,6.28,FSM
2017-02-01,6.26,FSM
2017-01-31,6.24,FSM
2017-01-30,6.08,FSM
2017-01-27,6.16,FSM
2017-01-26,6.01,FSM
2017-01-25,6.21,FSM
2017-01-24,6.15,FSM
2017-01-23,6.85,FSM
2017-01-20,6.67,FSM
2017-01-19,6.47,FSM
2017-01-18,6.5,FSM
2017-01-17,6.82,FSM
2017-01-13,6.47,FSM
2017-01-12,6.35,FSM
2017-01-11,6.45,FSM
2017-01-10,6.54,FSM
2017-01-09,6.44,FSM
2017-01-06,6.3,FSM
2017-01-05,6.71,FSM
2017-01-04,6.15,FSM
2017-01-03,6.12,FSM
2016-12-30,5.65,FSM
2016-12-29,6.15,FSM
2016-12-28,5.56,FSM
2016-12-27,5.46,FSM
2016-12-23,5.1,FSM
2016-12-22,5.02,FSM
2016-12-21,5.13,FSM
2016-12-20,5.24,FSM
2016-12-19,5.31,FSM
2016-12-16,5.18,FSM
2016-12-15,5.28,FSM
2016-12-14,5.59,FSM
2016-12-13,5.99,FSM
2016-12-12,5.83,FSM
2016-12-09,5.66,FSM
2016-12-08,6.16,FSM
2016-12-07,6.28,FSM
2016-12-06,6.34,FSM
2016-12-05,6.6,FSM
2016-12-02,6.54,FSM
2016-12-01,6.1,FSM
2026-09-25,19.7,IAG
2026-09-24,19.36,IAG
2026-09-23,19.89,IAG
2026-09-22,20.89,IAG
2026-09-21,20.13,IAG
2026-09-18,20.35,IAG
2026-09-17,20.16,IAG
2026-09-16,19.48,IAG
2026-09-15,19.64,IAG
2026-09-14,19.79,IAG
2026-09-11,20.26,IAG
2026-09-10,20.09,IAG
2026-09-09,20.54,IAG
2026-09-08,20.11,IAG
2026-09-04,20.48,IAG
2026-09-03,20.94,IAG
2026-09-02,20.2,IAG
2026-09-01,19.29,IAG
2026-08-31,20.45,IAG
2026-08-28,20.59,IAG
2026-08-27,21.54,IAG
2026-08-26,21.54,IAG
2026-08-25,22.17,IAG
2026-08-24,21.8,IAG
2026-08-21,21.14,IAG
2026-08-20,20.5,IAG
2026-08-19,19.72,IAG
2026-08-18,18.19,IAG
2026-08-17,19.05,IAG
2026-08-14,18.3,IAG
2026-08-13,17.75,IAG
2026-08-12,18.07,IAG
2026-08-11,18.16,IAG
2026-08-10,18.43,IAG
2026-08-07,18.32,IAG
2026-08-06,16.03,IAG
2026-08-05,15.89,IAG
2026-08-04,14.8,IAG
2026-08-03,14.75,IAG
2026-07-31,14.19,IAG
2026-07-30,14.56,IAG
2026-07-29,13.93,IAG
2026-07-28,14.26,IAG
2026-07-27,14.71,IAG
2026-07-24,14.66,IAG
2026-07-23,14.73,IAG
2026-07-22,15.15,IAG
2026-07-21,14.96,IAG
2026-07-20,13.96,IAG
2026-07-17,14.14,IAG
2026-07-16,14.2,IAG
2026-07-15,14.99,IAG
2026-07-14,14.99,IAG
2026-07-13,14.82,IAG
2026-07-10,15.32,IAG
2026-07-09,15.47,IAG
2026-07-08,15.03,IAG
2026-07-07,15.88,IAG
2026-07-06,16.56,IAG
2026-07-02,16.56,IAG
2026-07-01,15.77,IAG
2026-06-30,15.77,IAG
2026-06-29,15.94,IAG
2026-06-26,15.87,IAG
2026-06-25,15.83,IAG
2026-06-24,15.23,IAG
2026-06-23,16.18,IAG
2026-06-22,16.91,IAG
2026-06-18,16.88,IAG
2026-06-17,17.58,IAG
2026-06-16,18.09,IAG
2026-06-15,17.93,IAG
2026-06-12,16.65,IAG
2026-06-11,16.14,IAG
2026-06-10,14.84,IAG
2026-06-09,15.44,IAG
2026-06-08,15.6,IAG
2026-06-05,15.42,IAG
2026-06-04,17.19,IAG
2026-06-03,16.83,IAG
2026-06-02,17.49,IAG
2026-06-01,17.37,IAG
2026-05-29,17.88,IAG
2026-05-28,17.36,IAG
2026-05-27,16.58,IAG
2026-05-26,17.3,IAG
2026-05-22,16.52,IAG
2026-05-21,16.78,IAG
2026-05-20,16.62,IAG
2026-05-19,16.18,IAG
2026-05-18,16.98,IAG
2026-05-15,16.98,IAG
2026-05-14,18.47,IAG
2026-05-13,18.79,IAG
2026-05-12,19.04,IAG
2026-05-11,18.99,IAG
2026-05-08,18.7,IAG
2026-05-07,18.34,IAG
2026-05-06,18.5,IAG
2026-05-05,16.31,IAG
2026-05-04,16.31,IAG
2026-05-01,16.59,IAG
2026-04-30,16.87,IAG
2026-04-29,16.36,IAG
2026-04-28,16.49,IAG
2026-04-27,17.12,IAG
2026-04-24,17.23,IAG
2026-04-23,17.11,IAG
2026-04-22,17.33,IAG
2026-04-21,16.83,IAG
2026-04-20,18.51,IAG
2026-04-17,19.25,IAG
2026-04-16,18.9,IAG
2026-04-15,19.46,IAG
2026-04-14,20.62,IAG
2026-04-13,20.2,IAG
2026-04-10,20.02,IAG
2026-04-09,19.78,IAG
2026-04-08,19.67,IAG
2026-04-07,19.32,IAG
2026-04-06,18.97,IAG
2026-04-02,19.09,IAG
2026-04-01,19.68,IAG
2026-03-31,18.82,IAG
2026-03-30,17.5,IAG
2026-03-27,17.74,IAG
2026-03-26,16.91,IAG
2026-03-25,17.74,IAG
2026-03-24,17.02,IAG
2026-03-23,16.87,IAG
2026-03-20,16.07,IAG
2026-03-19,16.89,IAG
2026-03-18,17.89,IAG
2026-03-17,19.4,IAG
2026-03-16,19.64,IAG
2026-03-13,19.83,IAG
2026-03-12,21.38,IAG
2026-03-11,21.81,IAG
2026-03-10,22.21,IAG
2026-03-09,21.85,IAG
2026-03-06,21.76,IAG
2026-03-05,21.63,IAG
2026-03-04,22.82,IAG
2026-03-03,22.43,IAG
2026-03-02,24.25,IAG
2026-02-27,24.57,IAG
2026-02-26,23.82,IAG
2026-02-25,22.99,IAG
2026-02-24,22.94,IAG
2026-02-23,22.76,IAG
2026-02-20,22.2,IAG
2026-02-19,22.37,IAG
2026-02-18,21.27,IAG
2026-02-17,20.81,IAG
2026-02-13,21.63,IAG
2026-02-12,20.16,IAG
2026-02-11,22.49,IAG
2026-02-10,21.58,IAG
2026-02-09,21.28,IAG
2026-02-06,19.12,IAG
2026-02-05,17.98,IAG
2026-02-04,19.2,IAG
2026-02-03,19.56,IAG
2026-02-02,18.19,IAG
2026-01-30,18.18,IAG
2026-01-29,20.88,IAG
2026-01-28,22.03,IAG
2026-01-27,21.33,IAG
2026-01-26,21.0,IAG
2026-01-23,20.95,IAG
2026-01-22,20.04,IAG
2026-01-21,19.26,IAG
2026-01-20,19.83,IAG
2026-01-16,17.17,IAG
2026-01-15,17.57,IAG
2026-01-14,17.81,IAG
2026-01-13,17.42,IAG
2026-01-12,17.8,IAG
2026-01-09,17.21,IAG
2026-01-08,17.04,IAG
2026-01-07,16.98,IAG
2026-01-06,16.83,IAG
2026-01-05,16.32,IAG
2026-01-02,16.22,IAG
2025-12-31,16.49,IAG
2025-12-30,16.75,IAG
2025-12-29,16.48,IAG
2025-12-26,17.61,IAG
2025-12-24,17.32,IAG
2025-12-23,17.71,IAG
2025-12-22,17.55,IAG
2025-12-19,16.79,IAG
2025-12-18,16.12,IAG
2025-12-17,16.07,IAG
2025-12-16,15.89,IAG
2025-12-15,15.78,IAG
2025-12-12,15.84,IAG
2025-12-11,15.93,IAG
2025-12-10,15.46,IAG
2025-12-09,15.18,IAG
2025-12-08,14.82,IAG
2025-12-05,15.27,IAG
2025-12-04,15.16,IAG
2025-12-03,15.03,IAG
2025-12-02,14.98,IAG
2025-12-01,15.38,IAG
2025-11-28,15.54,IAG
2025-11-26,15.31,IAG
2025-11-25,14.54,IAG
2025-11-24,13.95,IAG
2025-11-21,12.88,IAG
2025-11-20,12.78,IAG
2025-11-19,13.67,IAG
2025-11-18,13.68,IAG
2025-11-17,13.49,IAG
2025-11-14,13.73,IAG
2025-11-13,13.78,IAG
2025-11-12,14.42,IAG
2025-11-11,13.67,IAG
2025-11-10,13.3,IAG
2025-11-07,12.68,IAG
2025-11-06,12.04,IAG
2025-11-05,11.92,IAG
2025-11-04,10.96,IAG
2025-11-03,11.53,IAG
2025-10-31,11.58,IAG
2025-10-30,11.66,IAG
2025-10-29,11.49,IAG
2025-10-28,11.59,IAG
2025-10-27,11.52,IAG
2025-10-24,11.88,IAG
2025-10-23,12.04,IAG
2025-10-22,12.05,IAG
2025-10-21,12.19,IAG
2025-10-20,13.67,IAG
2025-10-17,13.36,IAG
2025-10-16,14.64,IAG
2025-10-15,14.26,IAG
2025-10-14,13.6,IAG
2025-10-13,13.55,IAG
2025-10-10,12.7,IAG
2025-10-09,12.59,IAG
2025-10-08,13.39,IAG
2025-10-07,13.04,IAG
2025-10-06,13.72,IAG
2025-10-03,13.28,IAG
2025-10-02,13.29,IAG
2025-10-01,13.05,IAG
2025-09-30,12.93,IAG
2025-09-29,12.83,IAG
2025-09-26,12.42,IAG
2025-09-25,11.82,IAG
2025-09-24,11.7,IAG
2025-09-23,12.01,IAG
2025-09-22,11.97,IAG
2025-09-19,11.34,IAG
2025-09-18,11.01,IAG
2025-09-17,11.03,IAG
2025-09-16,11.01,IAG
2025-09-15,11.41,IAG
2025-09-12,11.16,IAG
2025-09-11,11.05,IAG
2025-09-10,10.91,IAG
2025-09-09,10.02,IAG
2025-09-08,10.08,IAG
2025-09-05,9.91,IAG
2025-09-04,9.46,IAG
2025-09-03,9.51,IAG
2025-09-02,9.43,IAG
2025-08-29,9.31,IAG
2025-08-28,8.95,IAG
2025-08-27,9.16,IAG
2025-08-26,9.08,IAG
2025-08-25,8.83,IAG
2025-08-22,8.77,IAG
2025-08-21,8.46,IAG
2025-08-20,8.18,IAG
2025-08-19,7.96,IAG
2025-08-18,8.27,IAG
2025-08-15,8.14,IAG
2025-08-14,8.0,IAG
2025-08-13,8.07,IAG
2025-08-12,8.05,IAG
2025-08-11,7.55,IAG
2025-08-08,7.5,IAG
2025-08-07,7.72,IAG
2025-08-06,7.87,IAG
2025-08-05,7.48,IAG
2025-08-04,7.25,IAG
2025-08-01,6.86,IAG
2025-07-31,6.76,IAG
2025-07-30,6.74,IAG
2025-07-29,6.97,IAG
2025-07-28,6.92,IAG
2025-07-25,7.03,IAG
2025-07-24,7.05,IAG
2025-07-23,7.28,IAG
2025-07-22,7.46,IAG
2025-07-21,7.19,IAG
2025-07-18,6.9,IAG
2025-07-17,7.02,IAG
2025-07-16,7.15,IAG
2025-07-15,7.02,IAG
2025-07-14,7.05,IAG
2025-07-11,7.05,IAG
2025-07-10,6.95,IAG
2025-07-09,6.94,IAG
2025-07-08,6.89,IAG
2025-07-07,7.5,IAG
2025-07-03,7.48,IAG
2025-07-02,7.43,IAG
2025-07-01,7.28,IAG
2025-06-30,7.28,IAG
2025-06-27,7.08,IAG
2025-06-26,7.38,IAG
2025-06-25,7.32,IAG
2025-06-24,7.25,IAG
2025-06-23,7.63,IAG
2025-06-20,7.25,IAG
2025-06-18,7.27,IAG
2025-06-17,7.54,IAG
2025-06-16,7.48,IAG
2025-06-13,7.63,IAG
2025-06-12,7.54,IAG
2025-06-11,7.31,IAG
2025-06-10,7.24,IAG
2025-06-09,7.43,IAG
2025-06-06,7.44,IAG
2025-06-05,7.68,IAG
2025-06-04,7.43,IAG
2025-06-03,7.52,IAG
2025-06-02,7.47,IAG
2025-05-30,6.86,IAG
2025-05-29,6.78,IAG
2025-05-28,6.84,IAG
2025-05-27,7.05,IAG
2025-05-23,6.73,IAG
2025-05-22,6.57,IAG
2025-05-21,6.66,IAG
2025-05-20,6.61,IAG
2025-05-19,6.4,IAG
2025-05-16,6.3,IAG
2025-05-15,6.26,IAG
2025-05-14,6.12,IAG
2025-05-13,6.33,IAG
2025-05-12,6.29,IAG
2025-05-09,7.01,IAG
2025-05-08,6.85,IAG
2025-05-07,6.95,IAG
2025-05-06,7.36,IAG
2025-05-05,6.96,IAG
2025-05-02,6.72,IAG
2025-05-01,6.79,IAG
2025-04-30,7.08,IAG
2025-04-29,7.04,IAG
2025-04-28,7.19,IAG
2025-04-25,7.03,IAG
2025-04-24,7.19,IAG
2025-04-23,7.22,IAG
2025-04-22,7.64,IAG
2025-04-21,7.78,IAG
2025-04-17,7.83,IAG
2025-04-16,8.09,IAG
2025-04-15,7.44,IAG
2025-04-14,7.29,IAG
2025-04-11,7.22,IAG
2025-04-10,6.88,IAG
2025-04-09,6.51,IAG
2025-04-08,5.81,IAG
2025-04-07,5.67,IAG
2025-04-04,5.63,IAG
2025-04-03,6.53,IAG
2025-04-02,6.47,IAG
2025-04-01,6.32,IAG
2025-03-31,6.25,IAG
2025-03-28,6.29,IAG
2025-03-27,6.43,IAG
2025-03-26,6.11,IAG
2025-03-25,6.04,IAG
2025-03-24,5.94,IAG
2025-03-21,6.04,IAG
2025-03-20,6.2,IAG
2025-03-19,6.12,IAG
2025-03-18,5.98,IAG
2025-03-17,6.07,IAG
2025-03-14,5.89,IAG
2025-03-13,5.77,IAG
2025-03-12,5.71,IAG
2025-03-11,5.55,IAG
2025-03-10,5.11,IAG
2025-03-07,5.5,IAG
2025-03-06,5.49,IAG
2025-03-05,5.67,IAG
2025-03-04,5.55,IAG
2025-03-03,5.54,IAG
2025-02-28,5.52,IAG
2025-02-27,5.44,IAG
2025-02-26,5.83,IAG
2025-02-25,5.57,IAG
2025-02-24,5.78,IAG
2025-02-21,5.72,IAG
2025-02-20,6.31,IAG
2025-02-19,6.22,IAG
2025-02-18,6.37,IAG
2025-02-14,6.33,IAG
2025-02-13,6.54,IAG
2025-02-12,6.61,IAG
2025-02-11,6.38,IAG
2025-02-10,6.45,IAG
2025-02-07,6.41,IAG
2025-02-06,6.46,IAG
2025-02-05,6.48,IAG
2025-02-04,6.37,IAG
2025-02-03,6.44,IAG
2025-01-31,6.24,IAG
2025-01-30,6.29,IAG
2025-01-29,6.0,IAG
2025-01-28,6.0,IAG
2025-01-27,5.72,IAG
2025-01-24,6.04,IAG
2025-01-23,5.8,IAG
2025-01-22,5.69,IAG
2025-01-21,5.77,IAG
2025-01-17,5.58,IAG
2025-01-16,5.45,IAG
2025-01-15,5.34,IAG
2025-01-14,5.56,IAG
2025-01-13,5.47,IAG
2025-01-10,5.67,IAG
2025-01-08,5.65,IAG
2025-01-07,5.48,IAG
2025-01-06,5.39,IAG
2025-01-03,5.51,IAG
2025-01-02,5.58,IAG
2024-12-31,5.16,IAG
2024-12-30,5.06,IAG
2024-12-27,5.16,IAG
2024-12-26,5.2,IAG
2024-12-24,5.15,IAG
2024-12-23,5.18,IAG
2024-12-20,5.2,IAG
2024-12-19,5.09,IAG
2024-12-18,5.08,IAG
2024-12-17,5.31,IAG
2024-12-16,5.31,IAG
2024-12-13,5.34,IAG
2024-12-12,5.56,IAG
2024-12-11,5.92,IAG
2024-12-10,5.63,IAG
2024-12-09,5.54,IAG
2024-12-06,5.35,IAG
2024-12-05,5.59,IAG
2024-12-04,5.67,IAG
2024-12-03,5.72,IAG
2024-12-02,5.43,IAG
2024-11-29,5.5,IAG
2024-11-27,5.39,IAG
2024-11-26,5.37,IAG
2024-11-25,5.33,IAG
2024-11-22,5.7,IAG
2024-11-21,5.7,IAG
2024-11-20,5.57,IAG
2024-11-19,5.54,IAG
2024-11-18,5.3,IAG
2024-11-15,4.94,IAG
2024-11-14,4.98,IAG
2024-11-13,4.98,IAG
2024-11-12,5.03,IAG
2024-11-11,5.22,IAG
2024-11-08,5.69,IAG
2024-11-07,5.32,IAG
2024-11-06,5.18,IAG
2024-11-05,5.33,IAG
2024-11-04,5.29,IAG
2024-11-01,5.4,IAG
2024-10-31,5.54,IAG
2024-10-30,5.69,IAG
2024-10-29,5.77,IAG
2024-10-28,5.65,IAG
2024-10-25,5.77,IAG
2024-10-24,5.99,IAG
2024-10-23,5.93,IAG
2024-10-22,6.11,IAG
2024-10-21,6.15,IAG
2024-10-18,5.97,IAG
2024-10-17,5.11,IAG
2024-10-16,5.08,IAG
2024-10-15,4.92,IAG
2024-10-14,4.77,IAG
2024-10-11,4.83,IAG
2024-10-10,4.85,IAG
2024-10-09,4.55,IAG
2024-10-08,4.58,IAG
2024-10-07,4.54,IAG
2024-10-04,5.04,IAG
2024-10-03,5.14,IAG
2024-10-02,5.32,IAG
2024-10-01,5.34,IAG
2024-09-30,5.23,IAG
2024-09-27,5.28,IAG
2024-09-26,5.52,IAG
2024-09-25,5.5,IAG
2024-09-24,5.47,IAG
2024-09-23,5.39,IAG
2024-09-20,5.48,IAG
2024-09-19,5.31,IAG
2024-09-18,5.29,IAG
2024-09-17,5.4,IAG
2024-09-16,5.46,IAG
2024-09-13,5.42,IAG
2024-09-12,5.35,IAG
2024-09-11,4.94,IAG
2024-09-10,4.86,IAG
2024-09-09,4.81,IAG
2024-09-06,4.81,IAG
2024-09-05,5.02,IAG
2024-09-04,4.81,IAG
2024-09-03,4.86,IAG
2024-08-30,4.94,IAG
2024-08-29,5.02,IAG
2024-08-28,4.94,IAG
2024-08-27,5.16,IAG
2024-08-26,5.15,IAG
2024-08-23,5.21,IAG
2024-08-22,5.17,IAG
2024-08-21,5.27,IAG
2024-08-20,5.17,IAG
2024-08-19,5.12,IAG
2024-08-16,5.08,IAG
2024-08-15,4.9,IAG
2024-08-14,4.87,IAG
2024-08-13,4.87,IAG
2024-08-12,4.72,IAG
2024-08-09,4.28,IAG
2024-08-08,3.68,IAG
2024-08-07,3.58,IAG
2024-08-06,3.76,IAG
2024-08-05,3.71,IAG
2024-08-02,3.86,IAG
2024-08-01,4.08,IAG
2024-07-31,4.12,IAG
2024-07-30,4.03,IAG
2024-07-29,3.95,IAG
2024-07-26,3.92,IAG
2024-07-25,3.92,IAG
2024-07-24,4.0,IAG
2024-07-23,4.08,IAG
2024-07-22,4.08,IAG
2024-07-19,4.01,IAG
2024-07-18,4.05,IAG
2024-07-17,4.13,IAG
2024-07-16,4.25,IAG
2024-07-15,4.12,IAG
2024-07-12,4.21,IAG
2024-07-11,4.23,IAG
2024-07-10,4.19,IAG
2024-07-09,4.07,IAG
2024-07-08,4.07,IAG
2024-07-05,3.99,IAG
2024-07-03,3.81,IAG
2024-07-02,3.68,IAG
2024-07-01,3.66,IAG
2024-06-28,3.75,IAG
2024-06-27,3.74,IAG
2024-06-26,3.72,IAG
2024-06-25,3.69,IAG
2024-06-24,3.72,IAG
2024-06-21,3.7,IAG
2024-06-20,3.83,IAG
2024-06-18,3.75,IAG
2024-06-17,3.6,IAG
2024-06-14,3.62,IAG
2024-06-13,3.55,IAG
2024-06-12,3.64,IAG
2024-06-11,3.61,IAG
2024-06-10,3.66,IAG
2024-06-07,3.58,IAG
2024-06-06,3.98,IAG
2024-06-05,3.83,IAG
2024-06-04,3.71,IAG
2024-06-03,3.85,IAG
2024-05-31,3.95,IAG
2024-05-30,4.02,IAG
2024-05-29,3.99,IAG
2024-05-28,4.09,IAG
2024-05-24,4.0,IAG
2024-05-23,3.87,IAG
2024-05-22,4.01,IAG
2024-05-21,4.49,IAG
2024-05-20,4.53,IAG
2024-05-17,4.52,IAG
2024-05-16,4.4,IAG
2024-05-15,4.48,IAG
2024-05-14,4.44,IAG
2024-05-13,4.21,IAG
2024-05-10,4.3,IAG
2024-05-09,3.85,IAG
2024-05-08,3.78,IAG
2024-05-07,3.79,IAG
2024-05-06,3.74,IAG
2024-05-03,3.59,IAG
2024-05-02,3.66,IAG
2024-05-01,3.62,IAG
2024-04-30,3.56,IAG
2024-04-29,3.8,IAG
2024-04-26,3.78,IAG
2024-04-25,3.71,IAG
2024-04-24,3.6,IAG
2024-04-23,3.71,IAG
2024-04-22,3.49,IAG
2024-04-19,3.66,IAG
2024-04-18,3.64,IAG
2024-04-17,3.66,IAG
2024-04-16,3.54,IAG
2024-04-15,3.57,IAG
2024-04-12,3.61,IAG
2024-04-11,3.76,IAG
2024-04-10,3.62,IAG
2024-04-09,3.66,IAG
2024-04-08,3.6,IAG
2024-04-05,3.72,IAG
2024-04-04,3.6,IAG
2024-04-03,3.65,IAG
2024-04-02,3.62,IAG
2024-04-01,3.65,IAG
2024-03-28,3.33,IAG
2024-03-27,3.19,IAG
2024-03-26,3.09,IAG
2024-03-25,3.09,IAG
2024-03-22,2.98,IAG
2024-03-21,3.01,IAG
2024-03-20,3.08,IAG
2024-03-19,2.95,IAG
2024-03-18,3.0,IAG
2024-03-15,3.08,IAG
2024-03-14,3.07,IAG
2024-03-13,3.13,IAG
2024-03-12,3.09,IAG
2024-03-11,3.2,IAG
2024-03-08,3.14,IAG
2024-03-07,3.08,IAG
2024-03-06,3.0,IAG
2024-03-05,2.83,IAG
2024-03-04,2.84,IAG
2024-03-01,2.74,IAG
2024-02-29,2.6,IAG
2024-02-28,2.57,IAG
2024-02-27,2.71,IAG
2024-02-26,2.71,IAG
2024-02-23,2.63,IAG
2024-02-22,2.58,IAG
2024-02-21,2.55,IAG
2024-02-20,2.57,IAG
2024-02-16,2.57,IAG
2024-02-15,2.53,IAG
2024-02-14,2.42,IAG
2024-02-13,2.34,IAG
2024-02-12,2.55,IAG
2024-02-09,2.45,IAG
2024-02-08,2.46,IAG
2024-02-07,2.47,IAG
2024-02-06,2.49,IAG
2024-02-05,2.41,IAG
2024-02-02,2.47,IAG
2024-02-01,2.58,IAG
2024-01-31,2.38,IAG
2024-01-30,2.41,IAG
2024-01-29,2.46,IAG
2024-01-26,2.42,IAG
2024-01-25,2.51,IAG
2024-01-24,2.5,IAG
2024-01-23,2.64,IAG
2024-01-22,2.3,IAG
2024-01-19,2.32,IAG
2024-01-18,2.34,IAG
2024-01-17,2.47,IAG
2024-01-16,2.5,IAG
2024-01-12,2.61,IAG
2024-01-11,2.36,IAG
2024-01-10,2.39,IAG
2024-01-09,2.36,IAG
2024-01-08,2.37,IAG
2024-01-05,2.36,IAG
2024-01-04,2.4,IAG
2024-01-03,2.39,IAG
2024-01-02,2.44,IAG
2023-12-29,2.53,IAG
2023-12-28,2.55,IAG
2023-12-27,2.64,IAG
2023-12-26,2.63,IAG
2023-12-22,2.64,IAG
2023-12-21,2.65,IAG
2023-12-20,2.61,IAG
2023-12-19,2.68,IAG
2023-12-18,2.55,IAG
2023-12-15,2.44,IAG
2023-12-14,2.44,IAG
2023-12-13,2.38,IAG
2023-12-12,2.12,IAG
2023-12-11,2.21,IAG
2023-12-08,2.26,IAG
2023-12-07,2.34,IAG
2023-12-06,2.38,IAG
2023-12-05,2.38,IAG
2023-12-04,2.52,IAG
2023-12-01,2.64,IAG
2023-11-30,2.54,IAG
2023-11-29,2.58,IAG
2023-11-28,2.56,IAG
2023-11-27,2.46,IAG
2023-11-24,2.44,IAG
2023-11-22,2.42,IAG
2023-11-21,2.42,IAG
2023-11-20,2.33,IAG
2023-11-17,2.33,IAG
2023-11-16,2.36,IAG
2023-11-15,2.29,IAG
2023-11-14,2.29,IAG
2023-11-13,2.18,IAG
2023-11-10,2.28,IAG
2023-11-09,2.3,IAG
2023-11-08,2.32,IAG
2023-11-07,2.42,IAG
2023-11-06,2.51,IAG
2023-11-03,2.6,IAG
2023-11-02,2.54,IAG
2023-11-01,2.53,IAG
2023-10-31,2.54,IAG
2023-10-30,2.58,IAG
2023-10-27,2.58,IAG
2023-10-26,2.48,IAG
2023-10-25,2.42,IAG
2023-10-24,2.44,IAG
2023-10-23,2.38,IAG
2023-10-20,2.41,IAG
2023-10-19,2.39,IAG
2023-10-18,2.34,IAG
2023-10-17,2.35,IAG
2023-10-16,2.29,IAG
2023-10-13,2.31,IAG
2023-10-12,2.16,IAG
2023-10-11,2.22,IAG
2023-10-10,2.19,IAG
2023-10-09,2.17,IAG
2023-10-06,2.13,IAG
2023-10-05,2.08,IAG
2023-10-04,2.07,IAG
2023-10-03,2.15,IAG
2023-10-02,2.02,IAG
2023-09-29,2.15,IAG
2023-09-28,2.12,IAG
2023-09-27,2.07,IAG
2023-09-26,2.08,IAG
2023-09-25,2.17,IAG
2023-09-22,2.26,IAG
2023-09-21,2.3,IAG
2023-09-20,2.43,IAG
2023-09-19,2.47,IAG
2023-09-18,2.54,IAG
2023-09-15,2.56,IAG
2023-09-14,2.39,IAG
2023-09-13,2.27,IAG
2023-09-12,2.3,IAG
2023-09-11,2.23,IAG
2023-09-08,2.19,IAG
2023-09-07,2.24,IAG
2023-09-06,2.3,IAG
2023-09-05,2.33,IAG
2023-09-01,2.43,IAG
2023-08-31,2.46,IAG
2023-08-30,2.47,IAG
2023-08-29,2.46,IAG
2023-08-28,2.39,IAG
2023-08-25,2.25,IAG
2023-08-24,2.3,IAG
2023-08-23,2.32,IAG
2023-08-22,2.18,IAG
2023-08-21,2.16,IAG
2023-08-18,2.12,IAG
2023-08-17,2.17,IAG
2023-08-16,2.17,IAG
2023-08-15,2.24,IAG
2023-08-14,2.31,IAG
2023-08-11,2.31,IAG
2023-08-10,2.37,IAG
2023-08-09,2.39,IAG
2023-08-08,2.41,IAG
2023-08-07,2.43,IAG
2023-08-04,2.48,IAG
2023-08-03,2.47,IAG
2023-08-02,2.51,IAG
2023-08-01,2.6,IAG
2023-07-31,2.72,IAG
2023-07-28,2.61,IAG
2023-07-27,2.59,IAG
2023-07-26,2.78,IAG
2023-07-25,2.84,IAG
2023-07-24,2.8,IAG
2023-07-21,2.82,IAG
2023-07-20,2.83,IAG
2023-07-19,2.91,IAG
2023-07-18,2.93,IAG
2023-07-17,2.89,IAG
2023-07-14,2.89,IAG
2023-07-13,2.9,IAG
2023-07-12,2.91,IAG
2023-07-11,2.69,IAG
2023-07-10,2.7,IAG
2023-07-07,2.62,IAG
2023-07-06,2.57,IAG
2023-07-05,2.64,IAG
2023-07-03,2.71,IAG
2023-06-30,2.63,IAG
2023-06-29,2.59,IAG
2023-06-28,2.5,IAG
2023-06-27,2.53,IAG
2023-06-26,2.6,IAG
2023-06-23,2.58,IAG
2023-06-22,2.57,IAG
2023-06-21,2.63,IAG
2023-06-20,2.67,IAG
2023-06-16,2.91,IAG
2023-06-15,2.87,IAG
2023-06-14,2.85,IAG
2023-06-13,2.84,IAG
2023-06-12,2.9,IAG
2023-06-09,2.93,IAG
2023-06-08,2.99,IAG
2023-06-07,2.9,IAG
2023-06-06,3.01,IAG
2023-06-05,2.93,IAG
2023-06-02,2.84,IAG
2023-06-01,2.88,IAG
2023-05-31,2.7,IAG
2023-05-30,2.65,IAG
2023-05-26,2.69,IAG
2023-05-25,2.65,IAG
2023-05-24,2.8,IAG
2023-05-23,2.87,IAG
2023-05-22,2.75,IAG
2023-05-19,2.77,IAG
2023-05-18,2.73,IAG
2023-05-17,2.76,IAG
2023-05-16,2.92,IAG
2023-05-15,3.21,IAG
2023-05-12,3.24,IAG
2023-05-11,3.16,IAG
2023-05-10,3.3,IAG
2023-05-09,3.28,IAG
2023-05-08,3.24,IAG
2023-05-05,3.24,IAG
2023-05-04,3.21,IAG
2023-05-03,3.09,IAG
2023-05-02,3.06,IAG
2023-05-01,2.93,IAG
2023-04-28,2.85,IAG
2023-04-27,2.87,IAG
2023-04-26,2.87,IAG
2023-04-25,2.86,IAG
2023-04-24,2.86,IAG
2023-04-21,2.86,IAG
2023-04-20,2.94,IAG
2023-04-19,2.95,IAG
2023-04-18,3.02,IAG
2023-04-17,3.05,IAG
2023-04-14,3.1,IAG
2023-04-13,3.17,IAG
2023-04-12,3.1,IAG
2023-04-11,3.03,IAG
2023-04-10,2.91,IAG
2023-04-06,2.93,IAG
2023-04-05,2.93,IAG
2023-04-04,2.91,IAG
2023-04-03,2.83,IAG
2023-03-31,2.71,IAG
2023-03-30,2.77,IAG
2023-03-29,2.7,IAG
2023-03-28,2.71,IAG
2023-03-27,2.62,IAG
2023-03-24,2.57,IAG
2023-03-23,2.54,IAG
2023-03-22,2.5,IAG
2023-03-21,2.42,IAG
2023-03-20,2.54,IAG
2023-03-17,2.49,IAG
2023-03-16,2.36,IAG
2023-03-15,2.35,IAG
2023-03-14,2.36,IAG
2023-03-13,2.35,IAG
2023-03-10,2.13,IAG
2023-03-09,2.08,IAG
2023-03-08,2.11,IAG
2023-03-07,2.14,IAG
2023-03-06,2.28,IAG
2023-03-03,2.36,IAG
2023-03-02,2.31,IAG
2023-03-01,2.33,IAG
2023-02-28,2.27,IAG
2023-02-27,2.25,IAG
2023-02-24,2.24,IAG
2023-02-23,2.24,IAG
2023-02-22,2.25,IAG
2023-02-21,2.33,IAG
2023-02-17,2.46,IAG
2023-02-16,2.47,IAG
2023-02-15,2.47,IAG
2023-02-14,2.56,IAG
2023-02-13,2.55,IAG
2023-02-10,2.61,IAG
2023-02-09,2.6,IAG
2023-02-08,2.7,IAG
2023-02-07,2.67,IAG
2023-02-06,2.62,IAG
2023-02-03,2.66,IAG
2023-02-02,2.77,IAG
2023-02-01,2.87,IAG
2023-01-31,2.81,IAG
2023-01-30,2.83,IAG
2023-01-27,2.82,IAG
2023-01-26,2.89,IAG
2023-01-25,2.87,IAG
2023-01-24,2.82,IAG
2023-01-23,2.69,IAG
2023-01-20,2.72,IAG
2023-01-19,2.65,IAG
2023-01-18,2.65,IAG
2023-01-17,2.71,IAG
2023-01-13,2.77,IAG
2023-01-12,2.69,IAG
2023-01-11,2.61,IAG
2023-01-10,2.7,IAG
2023-01-09,2.61,IAG
2023-01-06,2.65,IAG
2023-01-05,2.71,IAG
2023-01-04,2.69,IAG
2023-01-03,2.52,IAG
2022-12-30,2.58,IAG
2022-12-29,2.57,IAG
2022-12-28,2.49,IAG
2022-12-27,2.58,IAG
2022-12-23,2.46,IAG
2022-12-22,2.44,IAG
2022-12-21,2.35,IAG
2022-12-20,2.28,IAG
2022-12-19,1.82,IAG
2022-12-16,1.91,IAG
2022-12-15,1.9,IAG
2022-12-14,2.03,IAG
2022-12-13,2.03,IAG
2022-12-12,1.97,IAG
2022-12-09,2.04,IAG
2022-12-08,2.09,IAG
2022-12-07,2.13,IAG
2022-12-06,2.07,IAG
2022-12-05,2.1,IAG
2022-12-02,2.21,IAG
2022-12-01,2.2,IAG
2022-11-30,2.05,IAG
2022-11-29,1.94,IAG
2022-11-28,1.88,IAG
2022-11-25,2.01,IAG
2022-11-23,1.98,IAG
2022-11-22,1.98,IAG
2022-11-21,1.84,IAG
2022-11-18,1.78,IAG
2022-11-17,1.79,IAG
2022-11-16,1.8,IAG
2022-11-15,1.83,IAG
2022-11-14,1.82,IAG
2022-11-11,1.85,IAG
2022-11-10,1.82,IAG
2022-11-09,1.72,IAG
2022-11-08,1.69,IAG
2022-11-07,1.6,IAG
2022-11-04,1.5,IAG
2022-11-03,1.36,IAG
2022-11-02,1.36,IAG
2022-11-01,1.49,IAG
2022-10-31,1.46,IAG
2022-10-28,1.44,IAG
2022-10-27,1.44,IAG
2022-10-26,1.51,IAG
2022-10-25,1.42,IAG
2022-10-24,1.35,IAG
2022-10-21,1.38,IAG
2022-10-20,1.26,IAG
2022-10-19,1.26,IAG
2022-10-18,1.27,IAG
2022-10-17,1.06,IAG
2022-10-14,1.05,IAG
2022-10-13,1.1,IAG
2022-10-12,1.09,IAG
2022-10-11,1.08,IAG
2022-10-10,1.07,IAG
2022-10-07,1.11,IAG
2022-10-06,1.14,IAG
2022-10-05,1.16,IAG
2022-10-04,1.26,IAG
2022-10-03,1.19,IAG
2022-09-30,1.07,IAG
2022-09-29,1.05,IAG
2022-09-28,1.07,IAG
2022-09-27,0.976,IAG
2022-09-26,0.9913,IAG
2022-09-23,1.01,IAG
2022-09-22,1.13,IAG
2022-09-21,1.16,IAG
2022-09-20,1.13,IAG
2022-09-19,1.21,IAG
2022-09-16,1.19,IAG
2022-09-15,1.2,IAG
2022-09-14,1.28,IAG
2022-09-13,1.28,IAG
2022-09-12,1.37,IAG
2022-09-09,1.33,IAG
2022-09-08,1.26,IAG
2022-09-07,1.26,IAG
2022-09-06,1.17,IAG
2022-09-02,1.16,IAG
2022-09-01,1.12,IAG
2022-08-31,1.19,IAG
2022-08-30,1.22,IAG
2022-08-29,1.29,IAG
2022-08-26,1.27,IAG
2022-08-25,1.38,IAG
2022-08-24,1.37,IAG
2022-08-23,1.31,IAG
2022-08-22,1.25,IAG
2022-08-19,1.27,IAG
2022-08-18,1.36,IAG
2022-08-17,1.33,IAG
2022-08-16,1.4,IAG
2022-08-15,1.41,IAG
2022-08-12,1.46,IAG
2022-08-11,1.44,IAG
2022-08-10,1.4,IAG
2022-08-09,1.35,IAG
2022-08-08,1.35,IAG
2022-08-05,1.3,IAG
2022-08-04,1.49,IAG
2022-08-03,1.58,IAG
2022-08-02,1.66,IAG
2022-08-01,1.67,IAG
2022-07-29,1.66,IAG
2022-07-28,1.59,IAG
2022-07-27,1.44,IAG
2022-07-26,1.4,IAG
2022-07-25,1.36,IAG
2022-07-22,1.43,IAG
2022-07-21,1.46,IAG
2022-07-20,1.4,IAG
2022-07-19,1.44,IAG
2022-07-18,1.41,IAG
2022-07-15,1.4,IAG
2022-07-14,1.38,IAG
2022-07-13,1.46,IAG
2022-07-12,1.42,IAG
2022-07-11,1.44,IAG
2022-07-08,1.48,IAG
2022-07-07,1.48,IAG
2022-07-06,1.44,IAG
2022-07-05,1.46,IAG
2022-07-01,1.63,IAG
2022-06-30,1.61,IAG
2022-06-29,1.72,IAG
2022-06-28,1.8,IAG
2022-06-27,1.89,IAG
2022-06-24,1.88,IAG
2022-06-23,1.83,IAG
2022-06-22,1.89,IAG
2022-06-21,2.0,IAG
2022-06-17,1.99,IAG
2022-06-16,2.05,IAG
2022-06-15,2.01,IAG
2022-06-14,1.98,IAG
2022-06-13,2.05,IAG
2022-06-10,2.32,IAG
2022-06-09,2.16,IAG
2022-06-08,2.25,IAG
2022-06-07,2.22,IAG
2022-06-06,2.18,IAG
2022-06-03,2.3,IAG
2022-06-02,2.4,IAG
2022-06-01,2.22,IAG
2022-05-31,2.2,IAG
2022-05-27,2.26,IAG
2022-05-26,2.3,IAG
2022-05-25,2.29,IAG
2022-05-24,2.31,IAG
2022-05-23,2.24,IAG
2022-05-20,2.22,IAG
2022-05-19,2.28,IAG
2022-05-18,2.08,IAG
2022-05-17,2.1,IAG
2022-05-16,2.18,IAG
2022-05-13,2.18,IAG
2022-05-12,2.05,IAG
2022-05-11,2.11,IAG
2022-05-10,2.09,IAG
2022-05-09,2.09,IAG
2022-05-06,2.11,IAG
2022-05-05,2.08,IAG
2022-05-04,2.14,IAG
2022-05-03,2.79,IAG
2022-05-02,2.78,IAG
2022-04-29,2.82,IAG
2022-04-28,2.9,IAG
2022-04-27,2.8,IAG
2022-04-26,2.83,IAG
2022-04-25,2.96,IAG
2022-04-22,3.12,IAG
2022-04-21,3.19,IAG
2022-04-20,3.3,IAG
2022-04-19,3.32,IAG
2022-04-18,3.41,IAG
2022-04-14,3.71,IAG
2022-04-13,3.7,IAG
2022-04-12,3.62,IAG
2022-04-11,3.56,IAG
2022-04-08,3.52,IAG
2022-04-07,3.46,IAG
2022-04-06,3.43,IAG
2022-04-05,3.47,IAG
2022-04-04,3.62,IAG
2022-04-01,3.64,IAG
2022-03-31,3.48,IAG
2022-03-30,3.48,IAG
2022-03-29,3.43,IAG
2022-03-28,3.4,IAG
2022-03-25,3.5,IAG
2022-03-24,3.46,IAG
2022-03-23,3.46,IAG
2022-03-22,3.38,IAG
2022-03-21,3.38,IAG
2022-03-18,3.29,IAG
2022-03-17,3.38,IAG
2022-03-16,3.16,IAG
2022-03-15,3.17,IAG
2022-03-14,3.15,IAG
2022-03-11,3.39,IAG
2022-03-10,3.47,IAG
2022-03-09,3.42,IAG
2022-03-08,3.41,IAG
2022-03-07,3.36,IAG
2022-03-04,3.33,IAG
2022-03-03,3.25,IAG
2022-03-02,3.22,IAG
2022-03-01,3.19,IAG
2022-02-28,2.91,IAG
2022-02-25,3.07,IAG
2022-02-24,3.03,IAG
2022-02-23,3.14,IAG
2022-02-22,3.09,IAG
2022-02-18,3.17,IAG
2022-02-17,3.24,IAG
2022-02-16,3.11,IAG
2022-02-15,2.97,IAG
2022-02-14,2.95,IAG
2022-02-11,2.88,IAG
2022-02-10,2.64,IAG
2022-02-09,2.69,IAG
2022-02-08,2.75,IAG
2022-02-07,2.69,IAG
2022-02-04,2.53,IAG
2022-02-03,2.55,IAG
2022-02-02,2.52,IAG
2022-02-01,2.53,IAG
2022-01-31,2.42,IAG
2022-01-28,2.47,IAG
2022-01-27,2.45,IAG
2022-01-26,2.46,IAG
2022-01-25,2.55,IAG
2022-01-24,2.51,IAG
2022-01-21,2.58,IAG
2022-01-20,2.7,IAG
2022-01-19,2.79,IAG
2022-01-18,2.56,IAG
2022-01-14,2.62,IAG
2022-01-13,2.69,IAG
2022-01-12,2.88,IAG
2022-01-11,2.95,IAG
2022-01-10,2.86,IAG
2022-01-07,2.79,IAG
2022-01-06,2.86,IAG
2022-01-05,2.94,IAG
2022-01-04,3.06,IAG
2022-01-03,3.03,IAG
2021-12-31,3.13,IAG
2021-12-30,3.13,IAG
2021-12-29,3.09,IAG
2021-12-28,3.15,IAG
2021-12-27,3.12,IAG
2021-12-23,3.15,IAG
2021-12-22,3.08,IAG
2021-12-21,2.96,IAG
2021-12-20,2.97,IAG
2021-12-17,2.94,IAG
2021-12-16,2.92,IAG
2021-12-15,2.81,IAG
2021-12-14,2.85,IAG
2021-12-13,2.92,IAG
2021-12-10,2.91,IAG
2021-12-09,2.95,IAG
2021-12-08,3.09,IAG
2021-12-07,3.01,IAG
2021-12-06,2.94,IAG
2021-12-03,2.87,IAG
2021-12-02,2.89,IAG
2021-12-01,2.98,IAG
2021-11-30,3.09,IAG
2021-11-29,3.12,IAG
2021-11-26,3.09,IAG
2021-11-24,3.2,IAG
2021-11-23,3.21,IAG
2021-11-22,3.18,IAG
2021-11-19,3.16,IAG
2021-11-18,3.29,IAG
2021-11-17,3.38,IAG
2021-11-16,3.36,IAG
2021-11-15,3.43,IAG
2021-11-12,3.32,IAG
2021-11-11,3.3,IAG
2021-11-10,3.17,IAG
2021-11-09,3.07,IAG
2021-11-08,3.08,IAG
2021-11-05,3.03,IAG
2021-11-04,2.85,IAG
2021-11-03,2.82,IAG
2021-11-02,2.78,IAG
2021-11-01,2.82,IAG
2021-10-29,2.77,IAG
2021-10-28,2.93,IAG
2021-10-27,2.99,IAG
2021-10-26,3.02,IAG
2021-10-25,2.97,IAG
2021-10-22,2.86,IAG
2021-10-21,2.84,IAG
2021-10-20,2.88,IAG
2021-10-19,2.87,IAG
2021-10-18,2.79,IAG
2021-10-15,2.74,IAG
2021-10-14,2.72,IAG
2021-10-13,2.67,IAG
2021-10-12,2.59,IAG
2021-10-11,2.46,IAG
2021-10-08,2.47,IAG
2021-10-07,2.44,IAG
2021-10-06,2.38,IAG
2021-10-05,2.28,IAG
2021-10-04,2.32,IAG
2021-10-01,2.26,IAG
2021-09-30,2.26,IAG
2021-09-29,2.22,IAG
2021-09-28,2.34,IAG
2021-09-27,2.23,IAG
2021-09-24,2.2,IAG
2021-09-23,2.19,IAG
2021-09-22,2.24,IAG
2021-09-21,2.21,IAG
2021-09-20,2.23,IAG
2021-09-17,2.33,IAG
2021-09-16,2.32,IAG
2021-09-15,2.43,IAG
2021-09-14,2.37,IAG
2021-09-13,2.35,IAG
2021-09-10,2.16,IAG
2021-09-09,2.24,IAG
2021-09-08,2.27,IAG
2021-09-07,2.31,IAG
2021-09-03,2.4,IAG
2021-09-02,2.31,IAG
2021-09-01,2.29,IAG
2021-08-31,2.38,IAG
2021-08-30,2.31,IAG
2021-08-27,2.4,IAG
2021-08-26,2.3,IAG
2021-08-25,2.33,IAG
2021-08-24,2.36,IAG
2021-08-23,2.36,IAG
2021-08-20,2.19,IAG
2021-08-19,2.21,IAG
2021-08-18,2.33,IAG
2021-08-17,2.36,IAG
2021-08-16,2.42,IAG
2021-08-13,2.46,IAG
2021-08-12,2.35,IAG
2021-08-11,2.43,IAG
2021-08-10,2.37,IAG
2021-08-09,2.41,IAG
2021-08-06,2.5,IAG
2021-08-05,2.55,IAG
2021-08-04,2.66,IAG
2021-08-03,2.77,IAG
2021-08-02,2.71,IAG
2021-07-30,2.74,IAG
2021-07-29,2.73,IAG
2021-07-28,2.68,IAG
2021-07-27,2.61,IAG
2021-07-26,2.6,IAG
2021-07-23,2.47,IAG
2021-07-22,2.52,IAG
2021-07-21,2.81,IAG
2021-07-20,2.71,IAG
2021-07-19,2.7,IAG
2021-07-16,2.79,IAG
2021-07-15,2.96,IAG
2021-07-14,2.94,IAG
2021-07-13,2.88,IAG
2021-07-12,2.87,IAG
2021-07-09,2.94,IAG
2021-07-08,2.85,IAG
2021-07-07,2.95,IAG
2021-07-06,2.97,IAG
2021-07-02,3.01,IAG
2021-07-01,2.96,IAG
2021-06-30,2.95,IAG
2021-06-29,2.9,IAG
2021-06-28,2.93,IAG
2021-06-25,3.02,IAG
2021-06-24,3.07,IAG
2021-06-23,3.08,IAG
2021-06-22,3.1,IAG
2021-06-21,3.22,IAG
2021-06-18,3.17,IAG
2021-06-17,3.3,IAG
2021-06-16,3.56,IAG
2021-06-15,3.67,IAG
2021-06-14,3.66,IAG
2021-06-11,3.69,IAG
2021-06-10,3.79,IAG
2021-06-09,3.68,IAG
2021-06-08,3.66,IAG
2021-06-07,3.7,IAG
2021-06-04,3.7,IAG
2021-06-03,3.65,IAG
2021-06-02,3.83,IAG
2021-06-01,3.71,IAG
2021-05-28,3.62,IAG
2021-05-27,3.61,IAG
2021-05-26,3.62,IAG
2021-05-25,3.61,IAG
2021-05-24,3.63,IAG
2021-05-21,3.62,IAG
2021-05-20,3.59,IAG
2021-05-19,3.53,IAG
2021-05-18,3.57,IAG
2021-05-17,3.59,IAG
2021-05-14,3.35,IAG
2021-05-13,3.24,IAG
2021-05-12,3.24,IAG
2021-05-11,3.35,IAG
2021-05-10,3.27,IAG
2021-05-07,3.31,IAG
2021-05-06,3.26,IAG
2021-05-05,3.15,IAG
2021-05-04,3.02,IAG
2021-05-03,3.31,IAG
2021-04-30,3.13,IAG
2021-04-29,3.19,IAG
2021-04-28,3.26,IAG
2021-04-27,3.22,IAG
2021-04-26,3.33,IAG
2021-04-23,3.34,IAG
2021-04-22,3.38,IAG
2021-04-21,3.46,IAG
2021-04-20,3.33,IAG
2021-04-19,3.33,IAG
2021-04-16,3.36,IAG
2021-04-15,3.37,IAG
2021-04-14,3.21,IAG
2021-04-13,3.27,IAG
2021-04-12,3.17,IAG
2021-04-09,3.28,IAG
2021-04-08,3.29,IAG
2021-04-07,3.18,IAG
2021-04-06,3.22,IAG
2021-04-05,3.18,IAG
2021-04-01,3.14,IAG
2021-03-31,2.98,IAG
2021-03-30,2.88,IAG
2021-03-29,3.04,IAG
2021-03-26,3.07,IAG
2021-03-25,3.01,IAG
2021-03-24,3.05,IAG
2021-03-23,3.11,IAG
2021-03-22,3.25,IAG
2021-03-19,3.26,IAG
2021-03-18,3.23,IAG
2021-03-17,3.37,IAG
2021-03-16,3.29,IAG
2021-03-15,3.29,IAG
2021-03-12,3.23,IAG
2021-03-11,3.19,IAG
2021-03-10,3.13,IAG
2021-03-09,3.12,IAG
2021-03-08,3.07,IAG
2021-03-05,3.07,IAG
2021-03-04,2.98,IAG
2021-03-03,2.98,IAG
2021-03-02,3.01,IAG
2021-03-01,2.89,IAG
2021-02-26,2.97,IAG
2021-02-25,3.07,IAG
2021-02-24,3.23,IAG
2021-02-23,3.2,IAG
2021-02-22,3.3,IAG
2021-02-19,3.16,IAG
2021-02-18,3.18,IAG
2021-02-17,3.34,IAG
2021-02-16,3.35,IAG
2021-02-12,3.51,IAG
2021-02-11,3.53,IAG
2021-02-10,3.6,IAG
2021-02-09,3.57,IAG
2021-02-08,3.58,IAG
2021-02-05,3.52,IAG
2021-02-04,3.45,IAG
2021-02-03,3.52,IAG
2021-02-02,3.45,IAG
2021-02-01,3.5,IAG
2021-01-29,3.38,IAG
2021-01-28,3.4,IAG
2021-01-27,3.31,IAG
2021-01-26,3.42,IAG
2021-01-25,3.4,IAG
2021-01-22,3.46,IAG
2021-01-21,3.44,IAG
2021-01-20,3.49,IAG
2021-01-19,3.35,IAG
2021-01-15,3.28,IAG
2021-01-14,3.4,IAG
2021-01-13,3.4,IAG
2021-01-12,3.41,IAG
2021-01-11,3.39,IAG
2021-01-08,3.49,IAG
2021-01-07,3.71,IAG
2021-01-06,3.72,IAG
2021-01-05,3.77,IAG
2021-01-04,3.93,IAG
2020-12-31,3.67,IAG
2020-12-30,3.7,IAG
2020-12-29,3.57,IAG
2020-12-28,3.54,IAG
2020-12-24,3.54,IAG
2020-12-23,3.56,IAG
2020-12-22,3.48,IAG
2020-12-21,3.69,IAG
2020-12-18,3.7,IAG
2020-12-17,3.84,IAG
2020-12-16,3.63,IAG
2020-12-15,3.61,IAG
2020-12-14,3.46,IAG
2020-12-11,3.54,IAG
2020-12-10,3.57,IAG
2020-12-09,3.56,IAG
2020-12-08,3.65,IAG
2020-12-07,3.7,IAG
2020-12-04,3.51,IAG
2020-12-03,3.54,IAG
2020-12-02,3.58,IAG
2020-12-01,3.56,IAG
2020-11-30,3.37,IAG
2020-11-27,3.34,IAG
2020-11-25,3.33,IAG
2020-11-24,3.27,IAG
2020-11-23,3.28,IAG
2020-11-20,3.41,IAG
2020-11-19,3.37,IAG
2020-11-18,3.36,IAG
2020-11-17,3.42,IAG
2020-11-16,3.49,IAG
2020-11-13,3.53,IAG
2020-11-12,3.51,IAG
2020-11-11,3.43,IAG
2020-11-10,3.45,IAG
2020-11-09,3.6,IAG
2020-11-06,3.84,IAG
2020-11-05,3.95,IAG
2020-11-04,3.58,IAG
2020-11-03,3.72,IAG
2020-11-02,3.71,IAG
2020-10-30,3.67,IAG
2020-10-29,3.6,IAG
2020-10-28,3.56,IAG
2020-10-27,3.97,IAG
2020-10-26,3.89,IAG
2020-10-23,3.94,IAG
2020-10-22,3.94,IAG
2020-10-21,3.96,IAG
2020-10-20,3.86,IAG
2020-10-19,3.83,IAG
2020-10-16,3.92,IAG
2020-10-15,4.02,IAG
2020-10-14,4.1,IAG
2020-10-13,4.07,IAG
2020-10-12,4.16,IAG
2020-10-09,4.08,IAG
2020-10-08,3.92,IAG
2020-10-07,3.7,IAG
2020-10-06,3.72,IAG
2020-10-05,3.93,IAG
2020-10-02,3.89,IAG
2020-10-01,3.9,IAG
2020-09-30,3.83,IAG
2020-09-29,3.86,IAG
2020-09-28,3.79,IAG
2020-09-25,3.8,IAG
2020-09-24,3.84,IAG
2020-09-23,3.61,IAG
2020-09-22,3.84,IAG
2020-09-21,3.93,IAG
2020-09-18,4.08,IAG
2020-09-17,4.22,IAG
2020-09-16,4.26,IAG
2020-09-15,4.25,IAG
2020-09-14,4.3,IAG
2020-09-11,4.05,IAG
2020-09-10,4.1,IAG
2020-09-09,4.13,IAG
2020-09-08,4.0,IAG
2020-09-04,4.12,IAG
2020-09-03,4.24,IAG
2020-09-02,4.2,IAG
2020-09-01,4.17,IAG
2020-08-31,4.29,IAG
2020-08-28,4.28,IAG
2020-08-27,4.11,IAG
2020-08-26,4.25,IAG
2020-08-25,4.12,IAG
2020-08-24,4.12,IAG
2020-08-21,4.19,IAG
2020-08-20,4.28,IAG
2020-08-19,4.24,IAG
2020-08-18,4.43,IAG
2020-08-17,4.49,IAG
2020-08-14,4.22,IAG
2020-08-13,4.23,IAG
2020-08-12,3.99,IAG
2020-08-11,4.03,IAG
2020-08-10,4.42,IAG
2020-08-07,4.59,IAG
2020-08-06,4.87,IAG
2020-08-05,5.2,IAG
2020-08-04,5.12,IAG
2020-08-03,4.92,IAG
2020-07-31,4.98,IAG
2020-07-30,4.84,IAG
2020-07-29,5.02,IAG
2020-07-28,5.07,IAG
2020-07-27,5.02,IAG
2020-07-24,4.9,IAG
2020-07-23,4.7,IAG
2020-07-22,4.9,IAG
2020-07-21,4.77,IAG
2020-07-20,4.59,IAG
2020-07-17,4.48,IAG
2020-07-16,4.35,IAG
2020-07-15,4.43,IAG
2020-07-14,4.47,IAG
2020-07-13,4.28,IAG
2020-07-10,4.49,IAG
2020-07-09,4.58,IAG
2020-07-08,4.55,IAG
2020-07-07,4.34,IAG
2020-07-06,4.18,IAG
2020-07-02,4.0,IAG
2020-07-01,3.93,IAG
2020-06-30,3.95,IAG
2020-06-29,3.66,IAG
2020-06-26,3.59,IAG
2020-06-25,3.53,IAG
2020-06-24,3.51,IAG
2020-06-23,3.57,IAG
2020-06-22,3.48,IAG
2020-06-19,3.3,IAG
2020-06-18,3.19,IAG
2020-06-17,3.33,IAG
2020-06-16,3.38,IAG
2020-06-15,3.5,IAG
2020-06-12,3.45,IAG
2020-06-11,3.53,IAG
2020-06-10,3.75,IAG
2020-06-09,3.56,IAG
2020-06-08,3.59,IAG
2020-06-05,3.6,IAG
2020-06-04,3.61,IAG
2020-06-03,3.54,IAG
2020-06-02,3.7,IAG
2020-06-01,3.83,IAG
2020-05-29,3.74,IAG
2020-05-28,3.73,IAG
2020-05-27,3.71,IAG
2020-05-26,3.55,IAG
2020-05-22,3.76,IAG
2020-05-21,3.75,IAG
2020-05-20,3.89,IAG
2020-05-19,3.79,IAG
2020-05-18,3.76,IAG
2020-05-15,3.88,IAG
2020-05-14,3.8,IAG
2020-05-13,3.58,IAG
2020-05-12,3.62,IAG
2020-05-11,3.58,IAG
2020-05-08,3.72,IAG
2020-05-07,3.6,IAG
2020-05-06,3.61,IAG
2020-05-05,3.66,IAG
2020-05-04,3.69,IAG
2020-05-01,3.63,IAG
2020-04-30,3.51,IAG
2020-04-29,3.61,IAG
2020-04-28,3.57,IAG
2020-04-27,3.57,IAG
2020-04-24,3.56,IAG
2020-04-23,3.49,IAG
2020-04-22,3.38,IAG
2020-04-21,3.13,IAG
2020-04-20,3.16,IAG
2020-04-17,3.1,IAG
2020-04-16,3.11,IAG
2020-04-15,3.09,IAG
2020-04-14,3.06,IAG
2020-04-13,3.11,IAG
2020-04-09,2.8,IAG
2020-04-08,2.56,IAG
2020-04-07,2.58,IAG
2020-04-06,2.61,IAG
2020-04-03,2.49,IAG
2020-04-02,2.52,IAG
2020-04-01,2.47,IAG
2020-03-31,2.28,IAG
2020-03-30,2.24,IAG
2020-03-27,2.38,IAG
2020-03-26,2.56,IAG
2020-03-25,2.42,IAG
2020-03-24,2.33,IAG
2020-03-23,2.22,IAG
2020-03-20,2.0,IAG
2020-03-19,2.17,IAG
2020-03-18,2.12,IAG
2020-03-17,2.58,IAG
2020-03-16,2.13,IAG
2020-03-13,1.88,IAG
2020-03-12,2.04,IAG
2020-03-11,2.52,IAG
2020-03-10,2.75,IAG
2020-03-09,2.8,IAG
2020-03-06,3.0,IAG
2020-03-05,3.09,IAG
2020-03-04,2.91,IAG
2020-03-03,2.92,IAG
2020-03-02,2.8,IAG
2020-02-28,2.84,IAG
2020-02-27,2.99,IAG
2020-02-26,3.31,IAG
2020-02-25,3.46,IAG
2020-02-24,3.64,IAG
2020-02-21,3.13,IAG
2020-02-20,2.92,IAG
2020-02-19,3.15,IAG
2020-02-18,3.09,IAG
2020-02-14,2.97,IAG
2020-02-13,2.99,IAG
2020-02-12,3.04,IAG
2020-02-11,3.08,IAG
2020-02-10,3.03,IAG
2020-02-07,2.89,IAG
2020-02-06,2.92,IAG
2020-02-05,2.81,IAG
2020-02-04,2.82,IAG
2020-02-03,2.88,IAG
2020-01-31,2.96,IAG
2020-01-30,2.99,IAG
2020-01-29,3.0,IAG
2020-01-28,2.85,IAG
2020-01-27,2.96,IAG
2020-01-24,3.01,IAG
2020-01-23,2.95,IAG
2020-01-22,3.01,IAG
2020-01-21,3.07,IAG
2020-01-17,3.01,IAG
2020-01-16,3.15,IAG
2020-01-15,3.37,IAG
2020-01-14,3.35,IAG
2020-01-13,3.29,IAG
2020-01-10,3.43,IAG
2020-01-09,3.37,IAG
2020-01-08,3.47,IAG
2020-01-07,3.68,IAG
2020-01-06,3.65,IAG
2020-01-03,3.64,IAG
2020-01-02,3.73,IAG
2019-12-31,3.73,IAG
2019-12-30,3.73,IAG
2019-12-27,3.63,IAG
2019-12-26,3.69,IAG
2019-12-24,3.59,IAG
2019-12-23,3.44,IAG
2019-12-20,3.26,IAG
2019-12-19,3.34,IAG
2019-12-18,3.33,IAG
2019-12-17,3.36,IAG
2019-12-16,3.39,IAG
2019-12-13,3.41,IAG
2019-12-12,3.41,IAG
2019-12-11,3.48,IAG
2019-12-10,3.41,IAG
2019-12-09,3.44,IAG
2019-12-06,3.48,IAG
2019-12-05,3.57,IAG
2019-12-04,3.6,IAG
2019-12-03,3.68,IAG
2019-12-02,3.58,IAG
2019-11-29,3.62,IAG
2019-11-27,3.56,IAG
2019-11-26,3.55,IAG
2019-11-25,3.44,IAG
2019-11-22,3.51,IAG
2019-11-21,3.6,IAG
2019-11-20,3.69,IAG
2019-11-19,3.61,IAG
2019-11-18,3.63,IAG
2019-11-15,3.54,IAG
2019-11-14,3.62,IAG
2019-11-13,3.54,IAG
2019-11-12,3.49,IAG
2019-11-11,3.35,IAG
2019-11-08,3.35,IAG
2019-11-07,3.4,IAG
2019-11-06,3.67,IAG
2019-11-05,3.72,IAG
2019-11-04,3.71,IAG
2019-11-01,3.82,IAG
2019-10-31,3.74,IAG
2019-10-30,3.58,IAG
2019-10-29,3.6,IAG
2019-10-28,3.51,IAG
2019-10-25,3.53,IAG
2019-10-24,3.5,IAG
2019-10-23,3.37,IAG
2019-10-22,3.4,IAG
2019-10-21,3.4,IAG
2019-10-18,3.54,IAG
2019-10-17,3.53,IAG
2019-10-16,3.46,IAG
2019-10-15,3.39,IAG
2019-10-14,3.52,IAG
2019-10-11,3.51,IAG
2019-10-10,3.6,IAG
2019-10-09,3.63,IAG
2019-10-08,3.75,IAG
2019-10-07,3.59,IAG
2019-10-04,3.66,IAG
2019-10-03,3.53,IAG
2019-10-02,3.57,IAG
2019-10-01,3.5,IAG
2019-09-30,3.41,IAG
2019-09-27,3.65,IAG
2019-09-26,3.73,IAG
2019-09-25,3.86,IAG
2019-09-24,4.07,IAG
2019-09-23,3.96,IAG
2019-09-20,3.76,IAG
2019-09-19,3.59,IAG
2019-09-18,3.44,IAG
2019-09-17,3.48,IAG
2019-09-16,3.37,IAG
2019-09-13,3.25,IAG
2019-09-12,3.33,IAG
2019-09-11,3.41,IAG
2019-09-10,3.4,IAG
2019-09-09,3.41,IAG
2019-09-06,3.53,IAG
2019-09-05,3.69,IAG
2019-09-04,3.92,IAG
2019-09-03,3.81,IAG
2019-08-30,3.72,IAG
2019-08-29,3.8,IAG
2019-08-28,3.93,IAG
2019-08-27,3.92,IAG
2019-08-26,3.64,IAG
2019-08-23,3.66,IAG
2019-08-22,3.35,IAG
2019-08-21,3.43,IAG
2019-08-20,3.5,IAG
2019-08-19,3.28,IAG
2019-08-16,3.31,IAG
2019-08-15,3.4,IAG
2019-08-14,3.33,IAG
2019-08-13,3.33,IAG
2019-08-12,3.39,IAG
2019-08-09,3.47,IAG
2019-08-08,3.47,IAG
2019-08-07,4.02,IAG
2019-08-06,3.9,IAG
2019-08-05,3.93,IAG
2019-08-02,3.73,IAG
2019-08-01,3.86,IAG
2019-07-31,3.63,IAG
2019-07-30,3.77,IAG
2019-07-29,3.71,IAG
2019-07-26,3.68,IAG
2019-07-25,3.68,IAG
2019-07-24,3.82,IAG
2019-07-23,3.74,IAG
2019-07-22,3.76,IAG
2019-07-19,3.78,IAG
2019-07-18,3.87,IAG
2019-07-17,3.71,IAG
2019-07-16,3.54,IAG
2019-07-15,3.5,IAG
2019-07-12,3.55,IAG
2019-07-11,3.51,IAG
2019-07-10,3.48,IAG
2019-07-09,3.4,IAG
2019-07-08,3.3,IAG
2019-07-05,3.35,IAG
2019-07-03,3.43,IAG
2019-07-02,3.35,IAG
2019-07-01,3.18,IAG
2019-06-28,3.38,IAG
2019-06-27,3.34,IAG
2019-06-26,3.36,IAG
2019-06-25,3.34,IAG
2019-06-24,3.44,IAG
2019-06-21,3.27,IAG
2019-06-20,3.24,IAG
2019-06-19,3.01,IAG
2019-06-18,2.96,IAG
2019-06-17,2.94,IAG
2019-06-14,2.87,IAG
2019-06-13,2.88,IAG
2019-06-12,2.77,IAG
2019-06-11,2.74,IAG
2019-06-10,2.67,IAG
2019-06-07,2.72,IAG
2019-06-06,2.79,IAG
2019-06-05,2.77,IAG
2019-06-04,2.73,IAG
2019-06-03,2.74,IAG
2019-05-31,2.51,IAG
2019-05-30,2.39,IAG
2019-05-29,2.3,IAG
2019-05-28,2.38,IAG
2019-05-24,2.42,IAG
2019-05-23,2.48,IAG
2019-05-22,2.44,IAG
2019-05-21,2.55,IAG
2019-05-20,2.56,IAG
2019-05-17,2.59,IAG
2019-05-16,2.6,IAG
2019-05-15,2.39,IAG
2019-05-14,2.36,IAG
2019-05-13,2.46,IAG
2019-05-10,2.38,IAG
2019-05-09,2.47,IAG
2019-05-08,2.38,IAG
2019-05-07,2.53,IAG
2019-05-06,2.91,IAG
2019-05-03,2.93,IAG
2019-05-02,2.91,IAG
2019-05-01,2.96,IAG
2019-04-30,3.03,IAG
2019-04-29,3.07,IAG
2019-04-26,3.14,IAG
2019-04-25,2.98,IAG
2019-04-24,3.06,IAG
2019-04-23,2.96,IAG
2019-04-22,2.96,IAG
2019-04-18,3.05,IAG
2019-04-17,3.13,IAG
2019-04-16,3.12,IAG
2019-04-15,3.25,IAG
2019-04-12,3.34,IAG
2019-04-11,3.37,IAG
2019-04-10,3.46,IAG
2019-04-09,3.52,IAG
2019-04-08,3.48,IAG
2019-04-05,3.44,IAG
2019-04-04,3.44,IAG
2019-04-03,3.33,IAG
2019-04-02,3.4,IAG
2019-04-01,3.39,IAG
2019-03-29,3.47,IAG
2019-03-28,3.49,IAG
2019-03-27,3.61,IAG
2019-03-26,3.71,IAG
2019-03-25,3.72,IAG
2019-03-22,3.57,IAG
2019-03-21,3.54,IAG
2019-03-20,3.54,IAG
2019-03-19,3.52,IAG
2019-03-18,3.51,IAG
2019-03-15,3.57,IAG
2019-03-14,3.47,IAG
2019-03-13,3.69,IAG
2019-03-12,3.64,IAG
2019-03-11,3.46,IAG
2019-03-08,3.63,IAG
2019-03-07,3.27,IAG
2019-03-06,3.21,IAG
2019-03-05,3.32,IAG
2019-03-04,3.31,IAG
2019-03-01,3.16,IAG
2019-02-28,3.34,IAG
2019-02-27,3.37,IAG
2019-02-26,3.51,IAG
2019-02-25,3.57,IAG
2019-02-22,3.6,IAG
2019-02-21,3.52,IAG
2019-02-20,3.73,IAG
2019-02-19,3.79,IAG
2019-02-15,3.62,IAG
2019-02-14,3.47,IAG
2019-02-13,3.41,IAG
2019-02-12,3.43,IAG
2019-02-11,3.5,IAG
2019-02-08,3.49,IAG
2019-02-07,3.49,IAG
2019-02-06,3.62,IAG
2019-02-05,3.72,IAG
2019-02-04,3.69,IAG
2019-02-01,3.75,IAG
2019-01-31,3.76,IAG
2019-01-30,3.6,IAG
2019-01-29,3.57,IAG
2019-01-28,3.37,IAG
2019-01-25,3.09,IAG
2019-01-24,2.89,IAG
2019-01-23,2.86,IAG
2019-01-22,2.88,IAG
2019-01-18,2.83,IAG
2019-01-17,3.01,IAG
2019-01-16,3.21,IAG
2019-01-15,3.58,IAG
2019-01-14,3.66,IAG
2019-01-11,3.64,IAG
2019-01-10,3.7,IAG
2019-01-09,3.83,IAG
2019-01-08,3.83,IAG
2019-01-07,3.78,IAG
2019-01-04,3.82,IAG
2019-01-03,3.9,IAG
2019-01-02,3.69,IAG
2018-12-31,3.68,IAG
2018-12-28,3.59,IAG
2018-12-27,3.63,IAG
2018-12-26,3.66,IAG
2018-12-24,3.73,IAG
2018-12-21,3.6,IAG
2018-12-20,3.73,IAG
2018-12-19,3.38,IAG
2018-12-18,3.67,IAG
2018-12-17,3.58,IAG
2018-12-14,3.38,IAG
2018-12-13,3.37,IAG
2018-12-12,3.46,IAG
2018-12-11,3.26,IAG
2018-12-10,3.27,IAG
2018-12-07,3.29,IAG
2018-12-06,3.2,IAG
2018-12-04,3.16,IAG
2018-12-03,3.19,IAG
2018-11-30,3.05,IAG
2018-11-29,3.07,IAG
2018-11-28,3.18,IAG
2018-11-27,3.04,IAG
2018-11-26,3.16,IAG
2018-11-23,3.21,IAG
2018-11-21,3.34,IAG
2018-11-20,3.14,IAG
2018-11-19,3.18,IAG
2018-11-16,3.21,IAG
2018-11-15,3.08,IAG
2018-11-14,2.84,IAG
2018-11-13,2.94,IAG
2018-11-12,3.01,IAG
2018-11-09,3.13,IAG
2018-11-08,3.27,IAG
2018-11-07,3.33,IAG
2018-11-06,3.63,IAG
2018-11-05,3.72,IAG
2018-11-02,3.68,IAG
2018-11-01,3.63,IAG
2018-10-31,3.42,IAG
2018-10-30,3.53,IAG
2018-10-29,3.55,IAG
2018-10-26,3.67,IAG
2018-10-25,3.63,IAG
2018-10-24,3.83,IAG
2018-10-23,3.91,IAG
2018-10-22,3.84,IAG
2018-10-19,3.98,IAG
2018-10-18,3.96,IAG
2018-10-17,3.97,IAG
2018-10-16,3.89,IAG
2018-10-15,3.94,IAG
2018-10-12,3.93,IAG
2018-10-11,3.95,IAG
2018-10-10,3.74,IAG
2018-10-09,3.68,IAG
2018-10-08,3.83,IAG
2018-10-05,3.75,IAG
2018-10-04,3.77,IAG
2018-10-03,3.76,IAG
2018-10-02,3.87,IAG
2018-10-01,3.72,IAG
2018-09-28,3.68,IAG
2018-09-27,3.66,IAG
2018-09-26,3.83,IAG
2018-09-25,3.93,IAG
2018-09-24,3.88,IAG
2018-09-21,3.9,IAG
2018-09-20,3.92,IAG
2018-09-19,3.91,IAG
2018-09-18,3.77,IAG
2018-09-17,3.87,IAG
2018-09-14,3.63,IAG
2018-09-13,3.7,IAG
2018-09-12,3.75,IAG
2018-09-11,3.7,IAG
2018-09-10,3.67,IAG
2018-09-07,3.81,IAG
2018-09-06,3.8,IAG
2018-09-05,3.8,IAG
2018-09-04,3.92,IAG
2018-08-31,4.08,IAG
2018-08-30,4.13,IAG
2018-08-29,4.15,IAG
2018-08-28,4.12,IAG
2018-08-27,4.27,IAG
2018-08-24,4.23,IAG
2018-08-23,3.94,IAG
2018-08-22,4.23,IAG
2018-08-21,4.14,IAG
2018-08-20,4.15,IAG
2018-08-17,4.13,IAG
2018-08-16,4.02,IAG
2018-08-15,4.2,IAG
2018-08-14,4.59,IAG
2018-08-13,4.74,IAG
2018-08-10,4.93,IAG
2018-08-09,5.02,IAG
2018-08-08,5.21,IAG
2018-08-07,5.27,IAG
2018-08-06,5.45,IAG
2018-08-03,5.56,IAG
2018-08-02,5.54,IAG
2018-08-01,5.46,IAG
2018-07-31,5.5,IAG
2018-07-30,5.58,IAG
2018-07-27,5.61,IAG
2018-07-26,5.51,IAG
2018-07-25,5.58,IAG
2018-07-24,5.73,IAG
2018-07-23,5.7,IAG
2018-07-20,5.89,IAG
2018-07-19,5.86,IAG
2018-07-18,5.88,IAG
2018-07-17,5.86,IAG
2018-07-16,5.83,IAG
2018-07-13,5.77,IAG
2018-07-12,5.86,IAG
2018-07-11,5.9,IAG
2018-07-10,6.04,IAG
2018-07-09,5.98,IAG
2018-07-06,6.08,IAG
2018-07-05,6.05,IAG
2018-07-03,6.03,IAG
2018-07-02,5.77,IAG
2018-06-29,5.81,IAG
2018-06-28,5.7,IAG
2018-06-27,5.62,IAG
2018-06-26,5.74,IAG
2018-06-25,5.65,IAG
2018-06-22,5.73,IAG
2018-06-21,5.68,IAG
2018-06-20,5.76,IAG
2018-06-19,5.82,IAG
2018-06-18,5.87,IAG
2018-06-15,5.85,IAG
2018-06-14,5.96,IAG
2018-06-13,5.95,IAG
2018-06-12,5.9,IAG
2018-06-11,5.84,IAG
2018-06-08,5.78,IAG
2018-06-07,5.8,IAG
2018-06-06,5.92,IAG
2018-06-05,6.14,IAG
2018-06-04,6.16,IAG
2018-06-01,6.18,IAG
2018-05-31,6.24,IAG
2018-05-30,6.29,IAG
2018-05-29,6.19,IAG
2018-05-25,6.24,IAG
2018-05-24,6.31,IAG
2018-05-23,6.09,IAG
2018-05-22,5.95,IAG
2018-05-21,6.02,IAG
2018-05-18,6.01,IAG
2018-05-17,5.92,IAG
2018-05-16,5.99,IAG
2018-05-15,5.98,IAG
2018-05-14,6.13,IAG
2018-05-11,6.1,IAG
2018-05-10,6.21,IAG
2018-05-09,6.13,IAG
2018-05-08,6.15,IAG
2018-05-07,5.69,IAG
2018-05-04,5.64,IAG
2018-05-03,5.62,IAG
2018-05-02,5.6,IAG
2018-05-01,5.51,IAG
2018-04-30,5.46,IAG
2018-04-27,5.55,IAG
2018-04-26,5.45,IAG
2018-04-25,5.38,IAG
2018-04-24,5.45,IAG
2018-04-23,5.4,IAG
2018-04-20,5.54,IAG
2018-04-19,5.58,IAG
2018-04-18,5.56,IAG
2018-04-17,5.56,IAG
2018-04-16,5.59,IAG
2018-04-13,5.58,IAG
2018-04-12,5.31,IAG
2018-04-11,5.43,IAG
2018-04-10,5.19,IAG
2018-04-09,5.13,IAG
2018-04-06,5.09,IAG
2018-04-05,5.15,IAG
2018-04-04,5.08,IAG
2018-04-03,5.13,IAG
2018-04-02,5.25,IAG
2018-03-29,5.19,IAG
2018-03-28,5.16,IAG
2018-03-27,5.3,IAG
2018-03-26,5.36,IAG
2018-03-23,5.24,IAG
2018-03-22,5.16,IAG
2018-03-21,5.27,IAG
2018-03-20,5.12,IAG
2018-03-19,5.01,IAG
2018-03-16,4.9,IAG
2018-03-15,4.9,IAG
2018-03-14,4.91,IAG
2018-03-13,4.93,IAG
2018-03-12,5.02,IAG
2018-03-09,5.08,IAG
2018-03-08,5.18,IAG
2018-03-07,5.14,IAG
2018-03-06,5.35,IAG
2018-03-05,5.31,IAG
2018-03-02,5.3,IAG
2018-03-01,5.3,IAG
2018-02-28,5.26,IAG
2018-02-27,5.27,IAG
2018-02-26,5.43,IAG
2018-02-23,5.43,IAG
2018-02-22,5.34,IAG
2018-02-21,5.86,IAG
2018-02-20,5.79,IAG
2018-02-16,5.88,IAG
2018-02-15,6.17,IAG
2018-02-14,6.14,IAG
2018-02-13,5.61,IAG
2018-02-12,5.54,IAG
2018-02-09,5.26,IAG
2018-02-08,5.38,IAG
2018-02-07,5.31,IAG
2018-02-06,5.41,IAG
2018-02-05,5.57,IAG
2018-02-02,5.6,IAG
2018-02-01,5.93,IAG
2018-01-31,5.88,IAG
2018-01-30,5.79,IAG
2018-01-29,5.82,IAG
2018-01-26,6.18,IAG
2018-01-25,6.03,IAG
2018-01-24,6.36,IAG
2018-01-23,6.32,IAG
2018-01-22,6.17,IAG
2018-01-19,6.16,IAG
2018-01-18,6.15,IAG
2018-01-17,6.16,IAG
2018-01-16,6.11,IAG
2018-01-12,6.08,IAG
2018-01-11,5.79,IAG
2018-01-10,5.78,IAG
2018-01-09,5.82,IAG
2018-01-08,5.85,IAG
2018-01-05,5.98,IAG
2018-01-04,6.1,IAG
2018-01-03,6.04,IAG
2018-01-02,6.12,IAG
2017-12-29,5.83,IAG
2017-12-28,5.83,IAG
2017-12-27,5.82,IAG
2017-12-26,5.89,IAG
2017-12-22,5.86,IAG
2017-12-21,5.77,IAG
2017-12-20,5.76,IAG
2017-12-19,5.59,IAG
2017-12-18,5.59,IAG
2017-12-15,5.5,IAG
2017-12-14,5.49,IAG
2017-12-13,5.48,IAG
2017-12-12,5.26,IAG
2017-12-11,5.23,IAG
2017-12-08,5.05,IAG
2017-12-07,5.08,IAG
2017-12-06,5.07,IAG
2017-12-05,5.23,IAG
2017-12-04,5.27,IAG
2017-12-01,5.37,IAG
2017-11-30,5.43,IAG
2017-11-29,5.45,IAG
2017-11-28,5.64,IAG
2017-11-27,5.66,IAG
2017-11-24,5.55,IAG
2017-11-22,5.62,IAG
2017-11-21,5.6,IAG
2017-11-20,5.67,IAG
2017-11-17,5.75,IAG
2017-11-16,5.77,IAG
2017-11-15,5.83,IAG
2017-11-14,5.78,IAG
2017-11-13,5.74,IAG
2017-11-10,5.91,IAG
2017-11-09,6.03,IAG
2017-11-08,6.15,IAG
2017-11-07,5.75,IAG
2017-11-06,5.75,IAG
2017-11-03,5.61,IAG
2017-11-02,5.6,IAG
2017-11-01,5.53,IAG
2017-10-31,5.49,IAG
2017-10-30,5.61,IAG
2017-10-27,5.57,IAG
2017-10-26,5.43,IAG
2017-10-25,5.52,IAG
2017-10-24,5.59,IAG
2017-10-23,5.73,IAG
2017-10-20,5.74,IAG
2017-10-19,5.77,IAG
2017-10-18,5.7,IAG
2017-10-17,5.66,IAG
2017-10-16,5.99,IAG
2017-10-13,6.15,IAG
2017-10-12,6.2,IAG
2017-10-11,6.25,IAG
2017-10-10,6.18,IAG
2017-10-09,6.37,IAG
2017-10-06,6.13,IAG
2017-10-05,6.0,IAG
2017-10-04,6.22,IAG
2017-10-03,6.23,IAG
2017-10-02,6.18,IAG
2017-09-29,6.1,IAG
2017-09-28,6.66,IAG
2017-09-27,6.38,IAG
2017-09-26,6.38,IAG
2017-09-25,6.49,IAG
2017-09-22,6.31,IAG
2017-09-21,6.25,IAG
2017-09-20,6.21,IAG
2017-09-19,6.36,IAG
2017-09-18,6.33,IAG
2017-09-15,6.57,IAG
2017-09-14,6.66,IAG
2017-09-13,6.66,IAG
2017-09-12,6.88,IAG
2017-09-11,6.84,IAG
2017-09-08,7.03,IAG
2017-09-07,7.21,IAG
2017-09-06,6.91,IAG
2017-09-05,6.93,IAG
2017-09-01,6.71,IAG
2017-08-31,6.64,IAG
2017-08-30,6.45,IAG
2017-08-29,6.41,IAG
2017-08-28,6.33,IAG
2017-08-25,6.12,IAG
2017-08-24,6.19,IAG
2017-08-23,5.96,IAG
2017-08-22,5.76,IAG
2017-08-21,5.87,IAG
2017-08-18,5.7,IAG
2017-08-17,5.67,IAG
2017-08-16,5.64,IAG
2017-08-15,5.37,IAG
2017-08-14,5.42,IAG
2017-08-11,5.45,IAG
2017-08-10,5.22,IAG
2017-08-09,5.28,IAG
2017-08-08,5.28,IAG
2017-08-07,5.22,IAG
2017-08-04,5.22,IAG
2017-08-03,5.44,IAG
2017-08-02,5.48,IAG
2017-08-01,5.52,IAG
2017-07-31,5.4,IAG
2017-07-28,5.42,IAG
2017-07-27,5.11,IAG
2017-07-26,5.25,IAG
2017-07-25,5.01,IAG
2017-07-24,5.0,IAG
2017-07-21,5.18,IAG
2017-07-20,5.17,IAG
2017-07-19,5.16,IAG
2017-07-18,5.19,IAG
2017-07-17,5.18,IAG
2017-07-14,5.09,IAG
2017-07-13,5.01,IAG
2017-07-12,5.11,IAG
2017-07-11,5.04,IAG
2017-07-10,5.05,IAG
2017-07-07,4.92,IAG
2017-07-06,5.08,IAG
2017-07-05,5.15,IAG
2017-07-03,4.99,IAG
2017-06-30,5.16,IAG
2017-06-29,5.12,IAG
2017-06-28,5.22,IAG
2017-06-27,5.14,IAG
2017-06-26,5.23,IAG
2017-06-23,5.33,IAG
2017-06-22,5.23,IAG
2017-06-21,5.08,IAG
2017-06-20,5.04,IAG
2017-06-19,4.97,IAG
2017-06-16,5.05,IAG
2017-06-15,5.08,IAG
2017-06-14,5.0,IAG
2017-06-13,5.43,IAG
2017-06-12,5.2,IAG
2017-06-09,5.07,IAG
2017-06-08,5.06,IAG
2017-06-07,4.98,IAG
2017-06-06,5.06,IAG
2017-06-05,4.51,IAG
2017-06-02,4.5,IAG
2017-06-01,4.37,IAG
2017-05-31,4.47,IAG
2017-05-30,4.28,IAG
2017-05-26,4.34,IAG
2017-05-25,4.36,IAG
2017-05-24,4.37,IAG
2017-05-23,4.29,IAG
2017-05-22,4.48,IAG
2017-05-19,4.46,IAG
2017-05-18,4.4,IAG
2017-05-17,4.54,IAG
2017-05-16,4.4,IAG
2017-05-15,4.28,IAG
2017-05-12,4.2,IAG
2017-05-11,4.21,IAG
2017-05-10,4.08,IAG
2017-05-09,3.72,IAG
2017-05-08,3.76,IAG
2017-05-05,3.76,IAG
2017-05-04,3.61,IAG
2017-05-03,3.78,IAG
2017-05-02,3.86,IAG
2017-05-01,3.94,IAG
2017-04-28,4.14,IAG
2017-04-27,4.01,IAG
2017-04-26,4.04,IAG
2017-04-25,4.0,IAG
2017-04-24,4.27,IAG
2017-04-21,4.34,IAG
2017-04-20,4.35,IAG
2017-04-19,4.26,IAG
2017-04-18,4.48,IAG
2017-04-17,4.42,IAG
2017-04-13,4.44,IAG
2017-04-12,4.55,IAG
2017-04-11,4.39,IAG
2017-04-10,4.2,IAG
2017-04-07,4.2,IAG
2017-04-06,4.21,IAG
2017-04-05,4.28,IAG
2017-04-04,4.21,IAG
2017-04-03,4.16,IAG
2017-03-31,4.0,IAG
2017-03-30,3.93,IAG
2017-03-29,3.98,IAG
2017-03-28,3.84,IAG
2017-03-27,3.96,IAG
2017-03-24,3.89,IAG
2017-03-23,3.86,IAG
2017-03-22,3.91,IAG
2017-03-21,3.97,IAG
2017-03-20,3.91,IAG
2017-03-17,3.88,IAG
2017-03-16,3.88,IAG
2017-03-15,3.88,IAG
2017-03-14,3.39,IAG
2017-03-13,3.6,IAG
2017-03-10,3.66,IAG
2017-03-09,3.44,IAG
2017-03-08,3.48,IAG
2017-03-07,3.58,IAG
2017-03-06,3.59,IAG
2017-03-03,3.81,IAG
2017-03-02,3.63,IAG
2017-03-01,3.89,IAG
2017-02-28,3.94,IAG
2017-02-27,3.93,IAG
2017-02-24,4.33,IAG
2017-02-23,4.32,IAG
2017-02-22,4.41,IAG
2017-02-21,4.46,IAG
2017-02-17,4.54,IAG
2017-02-16,4.69,IAG
2017-02-15,4.67,IAG
2017-02-14,4.74,IAG
2017-02-13,4.74,IAG
2017-02-10,4.83,IAG
2017-02-09,4.88,IAG
2017-02-08,5.12,IAG
2017-02-07,4.94,IAG
2017-02-06,4.97,IAG
2017-02-03,4.73,IAG
2017-02-02,4.68,IAG
2017-02-01,4.6,IAG
2017-01-31,4.62,IAG
2017-01-30,4.51,IAG
2017-01-27,4.47,IAG
2017-01-26,4.39,IAG
2017-01-25,4.54,IAG
2017-01-24,4.61,IAG
2017-01-23,4.62,IAG
2017-01-20,4.45,IAG
2017-01-19,4.42,IAG
2017-01-18,4.43,IAG
2017-01-17,4.59,IAG
2017-01-13,4.44,IAG
2017-01-12,4.46,IAG
2017-01-11,4.5,IAG
2017-01-10,4.58,IAG
2017-01-09,4.53,IAG
2017-01-06,4.44,IAG
2017-01-05,4.68,IAG
2017-01-04,4.21,IAG
2017-01-03,4.14,IAG
2016-12-30,3.85,IAG
2016-12-29,4.02,IAG
2016-12-28,3.66,IAG
2016-12-27,3.55,IAG
2016-12-23,3.37,IAG
2016-12-22,3.25,IAG
2016-12-21,3.33,IAG
2016-12-20,3.4,IAG
2016-12-19,3.34,IAG
2016-12-16,3.32,IAG
2016-12-15,3.21,IAG
2016-12-14,3.56,IAG
2016-12-13,3.94,IAG
2016-12-12,3.86,IAG
2016-12-09,3.73,IAG
2016-12-08,3.95,IAG
2016-12-07,3.91,IAG
2016-12-06,3.86,IAG
2016-12-05,3.92,IAG
2016-12-02,3.86,IAG
2016-12-01,3.68,IAG
2026-09-25,25.05,KGC
2026-09-24,24.42,KGC
2026-09-23,27.62,KGC
2026-09-22,28.7,KGC
2026-09-21,27.79,KGC
2026-09-18,28.08,KGC
2026-09-17,28.49,KGC
2026-09-16,27.82,KGC
2026-09-15,28.04,KGC
2026-09-14,28.18,KGC
2026-09-11,29.13,KGC
2026-09-10,28.93,KGC
2026-09-09,30.23,KGC
2026-09-08,30.15,KGC
2026-09-04,30.87,KGC
2026-09-03,31.59,KGC
2026-09-02,30.26,KGC
2026-09-01,29.43,KGC
2026-08-31,30.68,KGC
2026-08-28,31.27,KGC
2026-08-27,32.51,KGC
2026-08-26,32.32,KGC
2026-08-25,33.48,KGC
2026-08-24,32.98,KGC
2026-08-21,32.76,KGC
2026-08-20,31.43,KGC
2026-08-19,29.9,KGC
2026-08-18,27.12,KGC
2026-08-17,27.72,KGC
2026-08-14,27.31,KGC
2026-08-13,26.85,KGC
2026-08-12,27.48,KGC
2026-08-11,27.24,KGC
2026-08-10,27.4,KGC
2026-08-07,27.64,KGC
2026-08-06,25.62,KGC
2026-08-05,25.7,KGC
2026-08-04,23.6,KGC
2026-08-03,23.43,KGC
2026-07-31,23.1,KGC
2026-07-30,23.62,KGC
2026-07-29,23.21,KGC
2026-07-28,23.51,KGC
2026-07-27,23.92,KGC
2026-07-24,23.85,KGC
2026-07-23,23.67,KGC
2026-07-22,24.24,KGC
2026-07-21,23.41,KGC
2026-07-20,22.53,KGC
2026-07-17,22.57,KGC
2026-07-16,22.92,KGC
2026-07-15,23.66,KGC
2026-07-14,23.91,KGC
2026-07-13,23.48,KGC
2026-07-10,24.14,KGC
2026-07-09,24.2,KGC
2026-07-08,23.06,KGC
2026-07-07,23.88,KGC
2026-07-06,24.72,KGC
2026-07-02,24.71,KGC
2026-07-01,23.47,KGC
2026-06-30,23.62,KGC
2026-06-29,23.78,KGC
2026-06-26,24.26,KGC
2026-06-25,24.04,KGC
2026-06-24,23.7,KGC
2026-06-23,25.01,KGC
2026-06-22,26.3,KGC
2026-06-18,26.67,KGC
2026-06-17,27.28,KGC
2026-06-16,27.99,KGC
2026-06-15,27.34,KGC
2026-06-12,25.58,KGC
2026-06-11,24.86,KGC
2026-06-10,23.66,KGC
2026-06-09,25.27,KGC
2026-06-08,25.86,KGC
2026-06-05,26.22,KGC
2026-06-04,28.6,KGC
2026-06-03,28.17,KGC
2026-06-02,28.99,KGC
2026-06-01,29.14,KGC
2026-05-29,30.18,KGC
2026-05-28,29.29,KGC
2026-05-27,28.51,KGC
2026-05-26,29.49,KGC
2026-05-22,28.29,KGC
2026-05-21,28.68,KGC
2026-05-20,28.62,KGC
2026-05-19,27.44,KGC
2026-05-18,28.51,KGC
2026-05-15,28.38,KGC
2026-05-14,30.89,KGC
2026-05-13,31.27,KGC
2026-05-12,31.73,KGC
2026-05-11,31.81,KGC
2026-05-08,31.51,KGC
2026-05-07,30.42,KGC
2026-05-06,30.78,KGC
2026-05-05,28.81,KGC
2026-05-04,28.89,KGC
2026-05-01,29.55,KGC
2026-04-30,30.24,KGC
2026-04-29,29.86,KGC
2026-04-28,30.52,KGC
2026-04-27,32.14,KGC
2026-04-24,32.79,KGC
2026-04-23,32.12,KGC
2026-04-22,32.59,KGC
2026-04-21,32.06,KGC
2026-04-20,34.7,KGC
2026-04-17,34.94,KGC
2026-04-16,33.87,KGC
2026-04-15,33.39,KGC
2026-04-14,34.01,KGC
2026-04-13,33.58,KGC
2026-04-10,33.77,KGC
2026-04-09,32.84,KGC
2026-04-08,33.09,KGC
2026-04-07,31.62,KGC
2026-04-06,31.36,KGC
2026-04-02,31.51,KGC
2026-04-01,32.02,KGC
2026-03-31,30.52,KGC
2026-03-30,28.6,KGC
2026-03-27,28.74,KGC
2026-03-26,27.89,KGC
2026-03-25,29.02,KGC
2026-03-24,27.92,KGC
2026-03-23,27.81,KGC
2026-03-20,26.54,KGC
2026-03-19,27.42,KGC
2026-03-18,28.95,KGC
2026-03-17,31.0,KGC
2026-03-16,31.05,KGC
2026-03-13,30.57,KGC
2026-03-12,32.52,KGC
2026-03-11,32.56,KGC
2026-03-10,32.79,KGC
2026-03-09,32.52,KGC
2026-03-06,32.55,KGC
2026-03-05,32.74,KGC
2026-03-04,33.97,KGC
2026-03-03,33.8,KGC
2026-03-02,36.79,KGC
2026-02-27,36.99,KGC
2026-02-26,36.76,KGC
2026-02-25,36.04,KGC
2026-02-24,36.06,KGC
2026-02-23,35.53,KGC
2026-02-20,33.45,KGC
2026-02-19,33.45,KGC
2026-02-18,34.56,KGC
2026-02-17,33.56,KGC
2026-02-13,34.4,KGC
2026-02-12,32.36,KGC
2026-02-11,34.82,KGC
2026-02-10,34.31,KGC
2026-02-09,33.93,KGC
2026-02-06,32.09,KGC
2026-02-05,31.25,KGC
2026-02-04,32.98,KGC
2026-02-03,33.3,KGC
2026-02-02,31.58,KGC
2026-01-30,31.56,KGC
2026-01-29,36.6,KGC
2026-01-28,38.07,KGC
2026-01-27,37.87,KGC
2026-01-26,37.87,KGC
2026-01-23,37.16,KGC
2026-01-22,36.64,KGC
2026-01-21,35.32,KGC
2026-01-20,36.56,KGC
2026-01-16,33.66,KGC
2026-01-15,33.25,KGC
2026-01-14,33.29,KGC
2026-01-13,33.37,KGC
2026-01-12,32.94,KGC
2026-01-09,31.24,KGC
2026-01-08,30.9,KGC
2026-01-07,30.54,KGC
2026-01-06,30.39,KGC
2026-01-05,29.12,KGC
2026-01-02,28.3,KGC
2025-12-31,28.16,KGC
2025-12-30,28.61,KGC
2025-12-29,28.21,KGC
2025-12-26,29.7,KGC
2025-12-24,29.27,KGC
2025-12-23,29.45,KGC
2025-12-22,29.35,KGC
2025-12-19,28.59,KGC
2025-12-18,27.99,KGC
2025-12-17,27.94,KGC
2025-12-16,27.81,KGC
2025-12-15,28.16,KGC
2025-12-12,27.92,KGC
2025-12-11,28.55,KGC
2025-12-10,27.26,KGC
2025-12-09,26.91,KGC
2025-12-08,26.46,KGC
2025-12-05,27.28,KGC
2025-12-04,27.34,KGC
2025-12-03,27.13,KGC
2025-12-02,27.49,KGC
2025-12-01,28.34,KGC
2025-11-28,28.11,KGC
2025-11-26,27.44,KGC
2025-11-25,26.09,KGC
2025-11-24,25.97,KGC
2025-11-21,24.39,KGC
2025-11-20,24.22,KGC
2025-11-19,25.56,KGC
2025-11-18,25.36,KGC
2025-11-17,24.94,KGC
2025-11-14,25.44,KGC
2025-11-13,25.51,KGC
2025-11-12,26.03,KGC
2025-11-11,25.35,KGC
2025-11-10,25.44,KGC
2025-11-07,24.33,KGC
2025-11-06,23.77,KGC
2025-11-05,24.07,KGC
2025-11-04,22.47,KGC
2025-11-03,23.4,KGC
2025-10-31,23.24,KGC
2025-10-30,23.84,KGC
2025-10-29,23.11,KGC
2025-10-28,23.07,KGC
2025-10-27,22.78,KGC
2025-10-24,23.94,KGC
2025-10-23,23.92,KGC
2025-10-22,23.56,KGC
2025-10-21,23.07,KGC
2025-10-20,25.93,KGC
2025-10-17,25.1,KGC
2025-10-16,27.58,KGC
2025-10-15,26.9,KGC
2025-10-14,25.44,KGC
2025-10-13,25.51,KGC
2025-10-10,24.26,KGC
2025-10-09,24.28,KGC
2025-10-08,25.31,KGC
2025-10-07,25.26,KGC
2025-10-06,25.35,KGC
2025-10-03,25.03,KGC
2025-10-02,24.95,KGC
2025-10-01,25.45,KGC
2025-09-30,24.85,KGC
2025-09-29,24.37,KGC
2025-09-26,24.11,KGC
2025-09-25,23.64,KGC
2025-09-24,23.31,KGC
2025-09-23,24.48,KGC
2025-09-22,24.23,KGC
2025-09-19,23.49,KGC
2025-09-18,22.26,KGC
2025-09-17,22.46,KGC
2025-09-16,22.74,KGC
2025-09-15,23.26,KGC
2025-09-12,23.28,KGC
2025-09-11,23.26,KGC
2025-09-10,22.94,KGC
2025-09-09,22.37,KGC
2025-09-08,22.53,KGC
2025-09-05,22.11,KGC
2025-09-04,21.49,KGC
2025-09-03,21.82,KGC
2025-09-02,21.46,KGC
2025-08-29,20.9,KGC
2025-08-28,20.22,KGC
2025-08-27,20.21,KGC
2025-08-26,20.23,KGC
2025-08-25,19.72,KGC
2025-08-22,19.6,KGC
2025-08-21,19.51,KGC
2025-08-20,19.08,KGC
2025-08-19,18.7,KGC
2025-08-18,19.38,KGC
2025-08-15,19.33,KGC
2025-08-14,18.89,KGC
2025-08-13,19.05,KGC
2025-08-12,19.33,KGC
2025-08-11,19.11,KGC
2025-08-08,18.98,KGC
2025-08-07,18.77,KGC
2025-08-06,18.71,KGC
2025-08-05,18.16,KGC
2025-08-04,17.26,KGC
2025-08-01,16.21,KGC
2025-07-31,16.0,KGC
2025-07-30,15.42,KGC
2025-07-29,16.01,KGC
2025-07-28,15.71,KGC
2025-07-25,16.09,KGC
2025-07-24,15.84,KGC
2025-07-23,16.17,KGC
2025-07-22,16.4,KGC
2025-07-21,15.92,KGC
2025-07-18,15.33,KGC
2025-07-17,15.43,KGC
2025-07-16,15.56,KGC
2025-07-15,15.41,KGC
2025-07-14,15.59,KGC
2025-07-11,15.55,KGC
2025-07-10,15.34,KGC
2025-07-09,15.32,KGC
2025-07-08,15.19,KGC
2025-07-07,16.05,KGC
2025-07-03,15.86,KGC
2025-07-02,15.57,KGC
2025-07-01,15.53,KGC
2025-06-30,15.53,KGC
2025-06-27,14.87,KGC
2025-06-26,15.85,KGC
2025-06-25,15.31,KGC
2025-06-24,15.31,KGC
2025-06-23,15.7,KGC
2025-06-20,15.48,KGC
2025-06-18,15.52,KGC
2025-06-17,15.61,KGC
2025-06-16,15.58,KGC
2025-06-13,15.79,KGC
2025-06-12,15.53,KGC
2025-06-11,15.26,KGC
2025-06-10,14.81,KGC
2025-06-09,15.08,KGC
2025-06-06,15.09,KGC
2025-06-05,15.46,KGC
2025-06-04,15.47,KGC
2025-06-03,15.52,KGC
2025-06-02,15.71,KGC
2025-05-30,14.75,KGC
2025-05-29,14.65,KGC
2025-05-28,14.79,KGC
2025-05-27,14.51,KGC
2025-05-23,14.71,KGC
2025-05-22,14.48,KGC
2025-05-21,14.64,KGC
2025-05-20,14.37,KGC
2025-05-19,13.96,KGC
2025-05-16,13.71,KGC
2025-05-15,13.75,KGC
2025-05-14,13.49,KGC
2025-05-13,13.76,KGC
2025-05-12,13.7,KGC
2025-05-09,15.06,KGC
2025-05-08,14.77,KGC
2025-05-07,15.61,KGC
2025-05-06,15.2,KGC
2025-05-05,14.51,KGC
2025-05-02,14.07,KGC
2025-05-01,14.21,KGC
2025-04-30,14.76,KGC
2025-04-29,14.59,KGC
2025-04-28,14.78,KGC
2025-04-25,14.49,KGC
2025-04-24,14.67,KGC
2025-04-23,14.35,KGC
2025-04-22,14.73,KGC
2025-04-21,14.93,KGC
2025-04-17,14.8,KGC
2025-04-16,15.03,KGC
2025-04-15,14.65,KGC
2025-04-14,14.5,KGC
2025-04-11,14.38,KGC
2025-04-10,13.69,KGC
2025-04-09,13.02,KGC
2025-04-08,11.96,KGC
2025-04-07,11.98,KGC
2025-04-04,11.79,KGC
2025-04-03,12.69,KGC
2025-04-02,12.85,KGC
2025-04-01,12.6,KGC
2025-03-31,12.61,KGC
2025-03-28,12.49,KGC
2025-03-27,12.51,KGC
2025-03-26,12.2,KGC
2025-03-25,12.3,KGC
2025-03-24,12.2,KGC
2025-03-21,12.16,KGC
2025-03-20,12.32,KGC
2025-03-19,12.2,KGC
2025-03-18,12.02,KGC
2025-03-17,12.02,KGC
2025-03-14,11.63,KGC
2025-03-13,11.4,KGC
2025-03-12,11.13,KGC
2025-03-11,11.17,KGC
2025-03-10,10.56,KGC
2025-03-07,11.15,KGC
2025-03-06,11.14,KGC
2025-03-05,11.44,KGC
2025-03-04,11.13,KGC
2025-03-03,10.74,KGC
2025-02-28,10.72,KGC
2025-02-27,10.62,KGC
2025-02-26,11.08,KGC
2025-02-25,10.8,KGC
2025-02-24,11.05,KGC
2025-02-21,10.97,KGC
2025-02-20,11.54,KGC
2025-02-19,11.34,KGC
2025-02-18,11.29,KGC
2025-02-14,11.27,KGC
2025-02-13,11.41,KGC
2025-02-12,12.15,KGC
2025-02-11,12.06,KGC
2025-02-10,12.12,KGC
2025-02-07,11.87,KGC
2025-02-06,11.91,KGC
2025-02-05,11.88,KGC
2025-02-04,11.47,KGC
2025-02-03,11.45,KGC
2025-01-31,11.28,KGC
2025-01-30,11.49,KGC
2025-01-29,11.12,KGC
2025-01-28,10.87,KGC
2025-01-27,10.62,KGC
2025-01-24,10.69,KGC
2025-01-23,10.51,KGC
2025-01-22,10.64,KGC
2025-01-21,10.64,KGC
2025-01-17,10.31,KGC
2025-01-16,10.23,KGC
2025-01-15,10.66,KGC
2025-01-14,10.6,KGC
2025-01-13,10.06,KGC
2025-01-10,10.44,KGC
2025-01-08,10.38,KGC
2025-01-07,9.9,KGC
2025-01-06,9.69,KGC
2025-01-03,9.78,KGC
2025-01-02,9.88,KGC
2024-12-31,9.27,KGC
2024-12-30,9.17,KGC
2024-12-27,9.31,KGC
2024-12-26,9.38,KGC
2024-12-24,9.43,KGC
2024-12-23,9.33,KGC
2024-12-20,9.25,KGC
2024-12-19,9.07,KGC
2024-12-18,9.03,KGC
2024-12-17,9.57,KGC
2024-12-16,9.76,KGC
2024-12-13,9.77,KGC
2024-12-12,10.05,KGC
2024-12-11,10.56,KGC
2024-12-10,10.08,KGC
2024-12-09,9.92,KGC
2024-12-06,9.75,KGC
2024-12-05,9.9,KGC
2024-12-04,9.94,KGC
2024-12-03,9.92,KGC
2024-12-02,9.53,KGC
2024-11-29,9.71,KGC
2024-11-27,9.8,KGC
2024-11-26,9.98,KGC
2024-11-25,9.81,KGC
2024-11-22,10.22,KGC
2024-11-21,10.08,KGC
2024-11-20,9.97,KGC
2024-11-19,10.0,KGC
2024-11-18,9.75,KGC
2024-11-15,9.25,KGC
2024-11-14,9.39,KGC
2024-11-13,9.29,KGC
2024-11-12,9.5,KGC
2024-11-11,9.45,KGC
2024-11-08,10.47,KGC
2024-11-07,10.69,KGC
2024-11-06,9.85,KGC
2024-11-05,10.03,KGC
2024-11-04,9.97,KGC
2024-11-01,9.98,KGC
2024-10-31,10.08,KGC
2024-10-30,10.48,KGC
2024-10-29,10.7,KGC
2024-10-28,10.44,KGC
2024-10-25,10.53,KGC
2024-10-24,10.75,KGC
2024-10-23,10.71,KGC
2024-10-22,10.7,KGC
2024-10-21,10.54,KGC
2024-10-18,10.61,KGC
2024-10-17,10.15,KGC
2024-10-16,10.03,KGC
2024-10-15,9.93,KGC
2024-10-14,9.86,KGC
2024-10-11,9.82,KGC
2024-10-10,9.85,KGC
2024-10-09,9.42,KGC
2024-10-08,9.43,KGC
2024-10-07,9.33,KGC
2024-10-04,9.42,KGC
2024-10-03,9.53,KGC
2024-10-02,9.77,KGC
2024-10-01,9.53,KGC
2024-09-30,9.36,KGC
2024-09-27,9.46,KGC
2024-09-26,9.8,KGC
2024-09-25,9.74,KGC
2024-09-24,9.75,KGC
2024-09-23,9.61,KGC
2024-09-20,9.56,KGC
2024-09-19,9.34,KGC
2024-09-18,9.21,KGC
2024-09-17,9.39,KGC
2024-09-16,9.48,KGC
2024-09-13,9.84,KGC
2024-09-12,9.78,KGC
2024-09-11,9.15,KGC
2024-09-10,9.02,KGC
2024-09-09,8.52,KGC
2024-09-06,8.33,KGC
2024-09-05,8.69,KGC
2024-09-04,8.57,KGC
2024-09-03,8.6,KGC
2024-08-30,9.04,KGC
2024-08-29,9.01,KGC
2024-08-28,8.79,KGC
2024-08-27,8.95,KGC
2024-08-26,9.06,KGC
2024-08-23,9.15,KGC
2024-08-22,9.04,KGC
2024-08-21,9.31,KGC
2024-08-20,9.4,KGC
2024-08-19,9.36,KGC
2024-08-16,9.17,KGC
2024-08-15,8.91,KGC
2024-08-14,9.0,KGC
2024-08-13,8.99,KGC
2024-08-12,8.92,KGC
2024-08-09,8.48,KGC
2024-08-08,8.43,KGC
2024-08-07,8.12,KGC
2024-08-06,8.59,KGC
2024-08-05,8.4,KGC
2024-08-02,8.75,KGC
2024-08-01,9.15,KGC
2024-07-31,9.06,KGC
2024-07-30,8.74,KGC
2024-07-29,8.76,KGC
2024-07-26,8.61,KGC
2024-07-25,8.54,KGC
2024-07-24,8.85,KGC
2024-07-23,9.03,KGC
2024-07-22,8.91,KGC
2024-07-19,8.82,KGC
2024-07-18,8.91,KGC
2024-07-17,9.05,KGC
2024-07-16,9.32,KGC
2024-07-15,9.12,KGC
2024-07-12,9.21,KGC
2024-07-11,9.18,KGC
2024-07-10,8.95,KGC
2024-07-09,8.59,KGC
2024-07-08,8.58,KGC
2024-07-05,8.47,KGC
2024-07-03,8.29,KGC
2024-07-02,8.02,KGC
2024-07-01,8.24,KGC
2024-06-28,8.32,KGC
2024-06-27,8.32,KGC
2024-06-26,7.87,KGC
2024-06-25,7.62,KGC
2024-06-24,7.64,KGC
2024-06-21,7.62,KGC
2024-06-20,7.69,KGC
2024-06-18,7.51,KGC
2024-06-17,7.39,KGC
2024-06-14,7.41,KGC
2024-06-13,7.38,KGC
2024-06-12,7.48,KGC
2024-06-11,7.5,KGC
2024-06-10,7.53,KGC
2024-06-07,7.4,KGC
2024-06-06,7.99,KGC
2024-06-05,7.88,KGC
2024-06-04,7.67,KGC
2024-06-03,8.09,KGC
2024-05-31,8.13,KGC
2024-05-30,8.12,KGC
2024-05-29,7.97,KGC
2024-05-28,8.18,KGC
2024-05-24,8.07,KGC
2024-05-23,7.88,KGC
2024-05-22,7.93,KGC
2024-05-21,8.22,KGC
2024-05-20,8.16,KGC
2024-05-17,8.0,KGC
2024-05-16,7.84,KGC
2024-05-15,7.85,KGC
2024-05-14,7.8,KGC
2024-05-13,7.59,KGC
2024-05-10,7.59,KGC
2024-05-09,7.53,KGC
2024-05-08,7.1,KGC
2024-05-07,6.77,KGC
2024-05-06,6.75,KGC
2024-05-03,6.59,KGC
2024-05-02,6.55,KGC
2024-05-01,6.5,KGC
2024-04-30,6.45,KGC
2024-04-29,6.84,KGC
2024-04-26,6.74,KGC
2024-04-25,6.73,KGC
2024-04-24,6.6,KGC
2024-04-23,6.56,KGC
2024-04-22,6.47,KGC
2024-04-19,6.77,KGC
2024-04-18,6.51,KGC
2024-04-17,6.42,KGC
2024-04-16,6.31,KGC
2024-04-15,6.41,KGC
2024-04-12,6.38,KGC
2024-04-11,6.48,KGC
2024-04-10,6.38,KGC
2024-04-09,6.46,KGC
2024-04-08,6.4,KGC
2024-04-05,6.4,KGC
2024-04-04,6.28,KGC
2024-04-03,6.41,KGC
2024-04-02,6.27,KGC
2024-04-01,6.16,KGC
2024-03-28,6.13,KGC
2024-03-27,5.88,KGC
2024-03-26,5.7,KGC
2024-03-25,5.69,KGC
2024-03-22,5.65,KGC
2024-03-21,5.72,KGC
2024-03-20,5.79,KGC
2024-03-19,5.52,KGC
2024-03-18,5.66,KGC
2024-03-15,5.67,KGC
2024-03-14,5.63,KGC
2024-03-13,5.71,KGC
2024-03-12,5.48,KGC
2024-03-11,5.58,KGC
2024-03-08,5.37,KGC
2024-03-07,5.42,KGC
2024-03-06,5.33,KGC
2024-03-05,5.19,KGC
2024-03-04,5.37,KGC
2024-03-01,5.08,KGC
2024-02-29,4.9,KGC
2024-02-28,4.78,KGC
2024-02-27,4.86,KGC
2024-02-26,4.92,KGC
2024-02-23,4.98,KGC
2024-02-22,4.93,KGC
2024-02-21,4.96,KGC
2024-02-20,5.07,KGC
2024-02-16,5.07,KGC
2024-02-15,5.13,KGC
2024-02-14,4.99,KGC
2024-02-13,4.96,KGC
2024-02-12,5.21,KGC
2024-02-09,5.16,KGC
2024-02-08,5.32,KGC
2024-02-07,5.39,KGC
2024-02-06,5.43,KGC
2024-02-05,5.4,KGC
2024-02-02,5.5,KGC
2024-02-01,5.75,KGC
2024-01-31,5.51,KGC
2024-01-30,5.52,KGC
2024-01-29,5.56,KGC
2024-01-26,5.54,KGC
2024-01-25,5.56,KGC
2024-01-24,5.42,KGC
2024-01-23,5.56,KGC
2024-01-22,5.44,KGC
2024-01-19,5.4,KGC
2024-01-18,5.44,KGC
2024-01-17,5.43,KGC
2024-01-16,5.63,KGC
2024-01-12,5.89,KGC
2024-01-11,5.63,KGC
2024-01-10,5.63,KGC
2024-01-09,5.6,KGC
2024-01-08,5.69,KGC
2024-01-05,5.71,KGC
2024-01-04,5.76,KGC
2024-01-03,5.72,KGC
2024-01-02,5.92,KGC
2023-12-29,6.05,KGC
2023-12-28,6.08,KGC
2023-12-27,6.22,KGC
2023-12-26,6.18,KGC
2023-12-22,6.16,KGC
2023-12-21,6.11,KGC
2023-12-20,6.01,KGC
2023-12-19,6.18,KGC
2023-12-18,6.04,KGC
2023-12-15,6.03,KGC
2023-12-14,6.12,KGC
2023-12-13,5.99,KGC
2023-12-12,5.61,KGC
2023-12-11,5.72,KGC
2023-12-08,5.75,KGC
2023-12-07,5.83,KGC
2023-12-06,5.89,KGC
2023-12-05,5.79,KGC
2023-12-04,5.88,KGC
2023-12-01,5.94,KGC
2023-11-30,5.89,KGC
2023-11-29,5.83,KGC
2023-11-28,5.89,KGC
2023-11-27,5.71,KGC
2023-11-24,5.58,KGC
2023-11-22,5.55,KGC
2023-11-21,5.43,KGC
2023-11-20,5.32,KGC
2023-11-17,5.32,KGC
2023-11-16,5.43,KGC
2023-11-15,5.32,KGC
2023-11-14,5.3,KGC
2023-11-13,5.15,KGC
2023-11-10,5.18,KGC
2023-11-09,5.4,KGC
2023-11-08,5.23,KGC
2023-11-07,5.36,KGC
2023-11-06,5.48,KGC
2023-11-03,5.55,KGC
2023-11-02,5.3,KGC
2023-11-01,5.27,KGC
2023-10-31,5.21,KGC
2023-10-30,5.27,KGC
2023-10-27,5.31,KGC
2023-10-26,5.22,KGC
2023-10-25,5.31,KGC
2023-10-24,5.39,KGC
2023-10-23,5.36,KGC
2023-10-20,5.34,KGC
2023-10-19,5.37,KGC
2023-10-18,5.31,KGC
2023-10-17,5.31,KGC
2023-10-16,5.15,KGC
2023-10-13,5.12,KGC
2023-10-12,4.87,KGC
2023-10-11,4.94,KGC
2023-10-10,4.81,KGC
2023-10-09,4.73,KGC
2023-10-06,4.6,KGC
2023-10-05,4.47,KGC
2023-10-04,4.41,KGC
2023-10-03,4.45,KGC
2023-10-02,4.36,KGC
2023-09-29,4.56,KGC
2023-09-28,4.59,KGC
2023-09-27,4.57,KGC
2023-09-26,4.72,KGC
2023-09-25,4.89,KGC
2023-09-22,4.98,KGC
2023-09-21,5.0,KGC
2023-09-20,5.23,KGC
2023-09-19,5.18,KGC
2023-09-18,5.25,KGC
2023-09-15,5.18,KGC
2023-09-14,5.02,KGC
2023-09-13,4.92,KGC
2023-09-12,4.91,KGC
2023-09-11,4.8,KGC
2023-09-08,4.77,KGC
2023-09-07,4.75,KGC
2023-09-06,4.83,KGC
2023-09-05,4.86,KGC
2023-09-01,5.03,KGC
2023-08-31,5.07,KGC
2023-08-30,5.12,KGC
2023-08-29,5.09,KGC
2023-08-28,4.99,KGC
2023-08-25,4.81,KGC
2023-08-24,4.91,KGC
2023-08-23,4.91,KGC
2023-08-22,4.76,KGC
2023-08-21,4.71,KGC
2023-08-18,4.62,KGC
2023-08-17,4.68,KGC
2023-08-16,4.71,KGC
2023-08-15,4.81,KGC
2023-08-14,4.98,KGC
2023-08-11,5.08,KGC
2023-08-10,5.06,KGC
2023-08-09,5.03,KGC
2023-08-08,5.02,KGC
2023-08-07,4.88,KGC
2023-08-04,4.95,KGC
2023-08-03,4.71,KGC
2023-08-02,4.57,KGC
2023-08-01,4.77,KGC
2023-07-31,4.98,KGC
2023-07-28,4.86,KGC
2023-07-27,4.77,KGC
2023-07-26,4.94,KGC
2023-07-25,5.01,KGC
2023-07-24,4.97,KGC
2023-07-21,5.03,KGC
2023-07-20,5.03,KGC
2023-07-19,5.15,KGC
2023-07-18,5.18,KGC
2023-07-17,5.08,KGC
2023-07-14,5.06,KGC
2023-07-13,5.12,KGC
2023-07-12,5.07,KGC
2023-07-11,4.82,KGC
2023-07-10,4.81,KGC
2023-07-07,4.59,KGC
2023-07-06,4.55,KGC
2023-07-05,4.75,KGC
2023-07-03,4.82,KGC
2023-06-30,4.77,KGC
2023-06-29,4.78,KGC
2023-06-28,4.61,KGC
2023-06-27,4.63,KGC
2023-06-26,4.65,KGC
2023-06-23,4.61,KGC
2023-06-22,4.62,KGC
2023-06-21,4.66,KGC
2023-06-20,4.64,KGC
2023-06-16,4.88,KGC
2023-06-15,4.87,KGC
2023-06-14,4.85,KGC
2023-06-13,4.86,KGC
2023-06-12,4.84,KGC
2023-06-09,4.85,KGC
2023-06-08,4.82,KGC
2023-06-07,4.7,KGC
2023-06-06,4.84,KGC
2023-06-05,4.85,KGC
2023-06-02,4.85,KGC
2023-06-01,4.89,KGC
2023-05-31,4.71,KGC
2023-05-30,4.66,KGC
2023-05-26,4.74,KGC
2023-05-25,4.67,KGC
2023-05-24,4.88,KGC
2023-05-23,5.05,KGC
2023-05-22,5.12,KGC
2023-05-19,5.15,KGC
2023-05-18,5.11,KGC
2023-05-17,5.27,KGC
2023-05-16,5.27,KGC
2023-05-15,5.41,KGC
2023-05-12,5.3,KGC
2023-05-11,5.33,KGC
2023-05-10,5.55,KGC
2023-05-09,5.32,KGC
2023-05-08,5.31,KGC
2023-05-05,5.32,KGC
2023-05-04,5.34,KGC
2023-05-03,5.28,KGC
2023-05-02,5.24,KGC
2023-05-01,5.02,KGC
2023-04-28,5.05,KGC
2023-04-27,5.07,KGC
2023-04-26,5.0,KGC
2023-04-25,5.02,KGC
2023-04-24,5.02,KGC
2023-04-21,4.96,KGC
2023-04-20,5.08,KGC
2023-04-19,5.05,KGC
2023-04-18,5.18,KGC
2023-04-17,5.16,KGC
2023-04-14,5.34,KGC
2023-04-13,5.32,KGC
2023-04-12,5.16,KGC
2023-04-11,5.14,KGC
2023-04-10,4.98,KGC
2023-04-06,5.04,KGC
2023-04-05,5.05,KGC
2023-04-04,5.07,KGC
2023-04-03,4.76,KGC
2023-03-31,4.71,KGC
2023-03-30,4.75,KGC
2023-03-29,4.72,KGC
2023-03-28,4.59,KGC
2023-03-27,4.42,KGC
2023-03-24,4.36,KGC
2023-03-23,4.27,KGC
2023-03-22,4.19,KGC
2023-03-21,4.15,KGC
2023-03-20,4.27,KGC
2023-03-17,4.13,KGC
2023-03-16,3.83,KGC
2023-03-15,3.82,KGC
2023-03-14,3.82,KGC
2023-03-13,3.79,KGC
2023-03-10,3.5,KGC
2023-03-09,3.42,KGC
2023-03-08,3.46,KGC
2023-03-07,3.49,KGC
2023-03-06,3.67,KGC
2023-03-03,3.75,KGC
2023-03-02,3.73,KGC
2023-03-01,3.75,KGC
2023-02-28,3.66,KGC
2023-02-27,3.63,KGC
2023-02-24,3.62,KGC
2023-02-23,3.67,KGC
2023-02-22,3.7,KGC
2023-02-21,3.79,KGC
2023-02-17,3.86,KGC
2023-02-16,3.93,KGC
2023-02-15,3.93,KGC
2023-02-14,4.15,KGC
2023-02-13,4.18,KGC
2023-02-10,4.19,KGC
2023-02-09,4.25,KGC
2023-02-08,4.33,KGC
2023-02-07,4.38,KGC
2023-02-06,4.35,KGC
2023-02-03,4.38,KGC
2023-02-02,4.6,KGC
2023-02-01,4.74,KGC
2023-01-31,4.64,KGC
2023-01-30,4.63,KGC
2023-01-27,4.79,KGC
2023-01-26,4.85,KGC
2023-01-25,4.88,KGC
2023-01-24,4.82,KGC
2023-01-23,4.74,KGC
2023-01-20,4.72,KGC
2023-01-19,4.69,KGC
2023-01-18,4.56,KGC
2023-01-17,4.61,KGC
2023-01-13,4.74,KGC
2023-01-12,4.66,KGC
2023-01-11,4.56,KGC
2023-01-10,4.61,KGC
2023-01-09,4.52,KGC
2023-01-06,4.57,KGC
2023-01-05,4.44,KGC
2023-01-04,4.53,KGC
2023-01-03,4.27,KGC
2022-12-30,4.09,KGC
2022-12-29,4.14,KGC
2022-12-28,4.1,KGC
2022-12-27,4.24,KGC
2022-12-23,4.17,KGC
2022-12-22,4.15,KGC
2022-12-21,4.22,KGC
2022-12-20,4.19,KGC
2022-12-19,4.03,KGC
2022-12-16,4.09,KGC
2022-12-15,4.07,KGC
2022-12-14,4.27,KGC
2022-12-13,4.34,KGC
2022-12-12,4.25,KGC
2022-12-09,4.21,KGC
2022-12-08,4.26,KGC
2022-12-07,4.24,KGC
2022-12-06,4.15,KGC
2022-12-05,4.21,KGC
2022-12-02,4.34,KGC
2022-12-01,4.38,KGC
2022-11-30,4.13,KGC
2022-11-29,4.02,KGC
2022-11-28,3.95,KGC
2022-11-25,4.12,KGC
2022-11-23,4.18,KGC
2022-11-22,4.22,KGC
2022-11-21,4.05,KGC
2022-11-18,4.1,KGC
2022-11-17,4.08,KGC
2022-11-16,4.13,KGC
2022-11-15,4.17,KGC
2022-11-14,4.22,KGC
2022-11-11,4.31,KGC
2022-11-10,4.23,KGC
2022-11-09,4.07,KGC
2022-11-08,4.18,KGC
2022-11-07,3.89,KGC
2022-11-04,3.86,KGC
2022-11-03,3.38,KGC
2022-11-02,3.51,KGC
2022-11-01,3.73,KGC
2022-10-31,3.63,KGC
2022-10-28,3.66,KGC
2022-10-27,3.68,KGC
2022-10-26,3.72,KGC
2022-10-25,3.61,KGC
2022-10-24,3.54,KGC
2022-10-21,3.58,KGC
2022-10-20,3.41,KGC
2022-10-19,3.34,KGC
2022-10-18,3.43,KGC
2022-10-17,3.42,KGC
2022-10-14,3.35,KGC
2022-10-13,3.55,KGC
2022-10-12,3.64,KGC
2022-10-11,3.65,KGC
2022-10-10,3.67,KGC
2022-10-07,3.74,KGC
2022-10-06,3.9,KGC
2022-10-05,3.93,KGC
2022-10-04,4.01,KGC
2022-10-03,3.95,KGC
2022-09-30,3.76,KGC
2022-09-29,3.59,KGC
2022-09-28,3.52,KGC
2022-09-27,3.28,KGC
2022-09-26,3.25,KGC
2022-09-23,3.31,KGC
2022-09-22,3.55,KGC
2022-09-21,3.54,KGC
2022-09-20,3.51,KGC
2022-09-19,3.64,KGC
2022-09-16,3.29,KGC
2022-09-15,3.3,KGC
2022-09-14,3.38,KGC
2022-09-13,3.4,KGC
2022-09-12,3.56,KGC
2022-09-09,3.55,KGC
2022-09-08,3.45,KGC
2022-09-07,3.42,KGC
2022-09-06,3.29,KGC
2022-09-02,3.28,KGC
2022-09-01,3.11,KGC
2022-08-31,3.28,KGC
2022-08-30,3.3,KGC
2022-08-29,3.39,KGC
2022-08-26,3.42,KGC
2022-08-25,3.67,KGC
2022-08-24,3.64,KGC
2022-08-23,3.53,KGC
2022-08-22,3.48,KGC
2022-08-19,3.52,KGC
2022-08-18,3.49,KGC
2022-08-17,3.39,KGC
2022-08-16,3.54,KGC
2022-08-15,3.53,KGC
2022-08-12,3.6,KGC
2022-08-11,3.52,KGC
2022-08-10,3.51,KGC
2022-08-09,3.45,KGC
2022-08-08,3.47,KGC
2022-08-05,3.35,KGC
2022-08-04,3.48,KGC
2022-08-03,3.34,KGC
2022-08-02,3.43,KGC
2022-08-01,3.45,KGC
2022-07-29,3.41,KGC
2022-07-28,3.37,KGC
2022-07-27,3.23,KGC
2022-07-26,3.11,KGC
2022-07-25,3.13,KGC
2022-07-22,3.25,KGC
2022-07-21,3.25,KGC
2022-07-20,3.22,KGC
2022-07-19,3.28,KGC
2022-07-18,3.21,KGC
2022-07-15,3.09,KGC
2022-07-14,3.13,KGC
2022-07-13,3.35,KGC
2022-07-12,3.26,KGC
2022-07-11,3.33,KGC
2022-07-08,3.35,KGC
2022-07-07,3.39,KGC
2022-07-06,3.34,KGC
2022-07-05,3.35,KGC
2022-07-01,3.7,KGC
2022-06-30,3.58,KGC
2022-06-29,3.75,KGC
2022-06-28,3.81,KGC
2022-06-27,4.1,KGC
2022-06-24,4.0,KGC
2022-06-23,3.97,KGC
2022-06-22,4.18,KGC
2022-06-21,4.2,KGC
2022-06-17,4.1,KGC
2022-06-16,4.14,KGC
2022-06-15,4.13,KGC
2022-06-14,4.08,KGC
2022-06-13,4.24,KGC
2022-06-10,4.53,KGC
2022-06-09,4.32,KGC
2022-06-08,4.5,KGC
2022-06-07,4.51,KGC
2022-06-06,4.48,KGC
2022-06-03,4.55,KGC
2022-06-02,4.69,KGC
2022-06-01,4.43,KGC
2022-05-31,4.5,KGC
2022-05-27,4.55,KGC
2022-05-26,4.59,KGC
2022-05-25,4.58,KGC
2022-05-24,4.62,KGC
2022-05-23,4.51,KGC
2022-05-20,4.5,KGC
2022-05-19,4.51,KGC
2022-05-18,4.3,KGC
2022-05-17,4.37,KGC
2022-05-16,4.28,KGC
2022-05-13,4.16,KGC
2022-05-12,4.06,KGC
2022-05-11,4.32,KGC
2022-05-10,4.57,KGC
2022-05-09,4.59,KGC
2022-05-06,4.92,KGC
2022-05-05,5.0,KGC
2022-05-04,5.18,KGC
2022-05-03,5.05,KGC
2022-05-02,4.98,KGC
2022-04-29,5.08,KGC
2022-04-28,5.13,KGC
2022-04-27,5.05,KGC
2022-04-26,5.08,KGC
2022-04-25,5.32,KGC
2022-04-22,5.49,KGC
2022-04-21,5.72,KGC
2022-04-20,6.0,KGC
2022-04-19,6.05,KGC
2022-04-18,6.09,KGC
2022-04-14,6.14,KGC
2022-04-13,6.14,KGC
2022-04-12,6.13,KGC
2022-04-11,6.11,KGC
2022-04-08,6.21,KGC
2022-04-07,5.95,KGC
2022-04-06,5.86,KGC
2022-04-05,5.86,KGC
2022-04-04,6.02,KGC
2022-04-01,6.02,KGC
2022-03-31,5.88,KGC
2022-03-30,5.92,KGC
2022-03-29,5.76,KGC
2022-03-28,5.59,KGC
2022-03-25,5.73,KGC
2022-03-24,5.66,KGC
2022-03-23,5.68,KGC
2022-03-22,5.66,KGC
2022-03-21,5.71,KGC
2022-03-18,5.58,KGC
2022-03-17,5.68,KGC
2022-03-16,5.52,KGC
2022-03-15,5.39,KGC
2022-03-14,5.3,KGC
2022-03-11,5.63,KGC
2022-03-10,5.69,KGC
2022-03-09,5.61,KGC
2022-03-08,5.6,KGC
2022-03-07,5.5,KGC
2022-03-04,5.48,KGC
2022-03-03,5.29,KGC
2022-03-02,5.45,KGC
2022-03-01,5.19,KGC
2022-02-28,5.01,KGC
2022-02-25,5.53,KGC
2022-02-24,5.32,KGC
2022-02-23,5.5,KGC
2022-02-22,5.51,KGC
2022-02-18,5.82,KGC
2022-02-17,5.81,KGC
2022-02-16,5.86,KGC
2022-02-15,5.72,KGC
2022-02-14,5.74,KGC
2022-02-11,5.71,KGC
2022-02-10,5.45,KGC
2022-02-09,5.65,KGC
2022-02-08,5.67,KGC
2022-02-07,5.54,KGC
2022-02-04,5.4,KGC
2022-02-03,5.38,KGC
2022-02-02,5.49,KGC
2022-02-01,5.47,KGC
2022-01-31,5.4,KGC
2022-01-28,5.25,KGC
2022-01-27,5.31,KGC
2022-01-26,5.46,KGC
2022-01-25,5.65,KGC
2022-01-24,5.62,KGC
2022-01-21,5.65,KGC
2022-01-20,5.81,KGC
2022-01-19,5.91,KGC
2022-01-18,5.48,KGC
2022-01-14,5.59,KGC
2022-01-13,5.67,KGC
2022-01-12,5.78,KGC
2022-01-11,5.68,KGC
2022-01-10,5.55,KGC
2022-01-07,5.45,KGC
2022-01-06,5.36,KGC
2022-01-05,5.6,KGC
2022-01-04,5.69,KGC
2022-01-03,5.66,KGC
2021-12-31,5.81,KGC
2021-12-30,5.75,KGC
2021-12-29,5.63,KGC
2021-12-28,5.6,KGC
2021-12-27,5.55,KGC
2021-12-23,5.57,KGC
2021-12-22,5.59,KGC
2021-12-21,5.56,KGC
2021-12-20,5.57,KGC
2021-12-17,5.55,KGC
2021-12-16,5.41,KGC
2021-12-15,5.04,KGC
2021-12-14,5.08,KGC
2021-12-13,5.2,KGC
2021-12-10,5.33,KGC
2021-12-09,5.27,KGC
2021-12-08,5.89,KGC
2021-12-07,5.94,KGC
2021-12-06,5.94,KGC
2021-12-03,5.84,KGC
2021-12-02,5.8,KGC
2021-12-01,5.82,KGC
2021-11-30,5.95,KGC
2021-11-29,6.06,KGC
2021-11-26,6.13,KGC
2021-11-24,6.23,KGC
2021-11-23,6.35,KGC
2021-11-22,6.56,KGC
2021-11-19,6.67,KGC
2021-11-18,6.82,KGC
2021-11-17,6.96,KGC
2021-11-16,6.86,KGC
2021-11-15,7.02,KGC
2021-11-12,6.94,KGC
2021-11-11,6.79,KGC
2021-11-10,6.46,KGC
2021-11-09,6.24,KGC
2021-11-08,6.27,KGC
2021-11-05,6.21,KGC
2021-11-04,6.01,KGC
2021-11-03,6.03,KGC
2021-11-02,5.97,KGC
2021-11-01,5.97,KGC
2021-10-29,6.01,KGC
2021-10-28,6.26,KGC
2021-10-27,6.4,KGC
2021-10-26,6.43,KGC
2021-10-25,6.45,KGC
2021-10-22,6.32,KGC
2021-10-21,6.28,KGC
2021-10-20,6.27,KGC
2021-10-19,6.11,KGC
2021-10-18,6.05,KGC
2021-10-15,6.11,KGC
2021-10-14,6.16,KGC
2021-10-13,6.01,KGC
2021-10-12,5.72,KGC
2021-10-11,5.67,KGC
2021-10-08,5.67,KGC
2021-10-07,5.64,KGC
2021-10-06,5.61,KGC
2021-10-05,5.46,KGC
2021-10-04,5.46,KGC
2021-10-01,5.32,KGC
2021-09-30,5.36,KGC
2021-09-29,5.24,KGC
2021-09-28,5.3,KGC
2021-09-27,5.28,KGC
2021-09-24,5.28,KGC
2021-09-23,5.32,KGC
2021-09-22,5.45,KGC
2021-09-21,5.49,KGC
2021-09-20,5.44,KGC
2021-09-17,5.48,KGC
2021-09-16,5.58,KGC
2021-09-15,5.87,KGC
2021-09-14,5.83,KGC
2021-09-13,5.81,KGC
2021-09-10,5.71,KGC
2021-09-09,5.86,KGC
2021-09-08,5.92,KGC
2021-09-07,5.97,KGC
2021-09-03,6.19,KGC
2021-09-02,6.04,KGC
2021-09-01,5.99,KGC
2021-08-31,6.02,KGC
2021-08-30,5.94,KGC
2021-08-27,6.05,KGC
2021-08-26,5.84,KGC
2021-08-25,5.85,KGC
2021-08-24,5.96,KGC
2021-08-23,5.93,KGC
2021-08-20,5.71,KGC
2021-08-19,5.67,KGC
2021-08-18,5.79,KGC
2021-08-17,5.96,KGC
2021-08-16,6.0,KGC
2021-08-13,6.08,KGC
2021-08-12,5.93,KGC
2021-08-11,6.02,KGC
2021-08-10,5.9,KGC
2021-08-09,6.03,KGC
2021-08-06,6.19,KGC
2021-08-05,6.35,KGC
2021-08-04,6.49,KGC
2021-08-03,6.52,KGC
2021-08-02,6.5,KGC
2021-07-30,6.56,KGC
2021-07-29,6.54,KGC
2021-07-28,6.27,KGC
2021-07-27,6.15,KGC
2021-07-26,6.18,KGC
2021-07-23,6.12,KGC
2021-07-22,6.11,KGC
2021-07-21,6.15,KGC
2021-07-20,6.08,KGC
2021-07-19,6.09,KGC
2021-07-16,6.2,KGC
2021-07-15,6.46,KGC
2021-07-14,6.38,KGC
2021-07-13,6.28,KGC
2021-07-12,6.19,KGC
2021-07-09,6.3,KGC
2021-07-08,6.2,KGC
2021-07-07,6.46,KGC
2021-07-06,6.49,KGC
2021-07-02,6.44,KGC
2021-07-01,6.36,KGC
2021-06-30,6.35,KGC
2021-06-29,6.28,KGC
2021-06-28,6.32,KGC
2021-06-25,6.38,KGC
2021-06-24,6.46,KGC
2021-06-23,6.36,KGC
2021-06-22,6.36,KGC
2021-06-21,6.5,KGC
2021-06-18,6.42,KGC
2021-06-17,6.68,KGC
2021-06-16,7.11,KGC
2021-06-15,7.66,KGC
2021-06-14,7.76,KGC
2021-06-11,7.81,KGC
2021-06-10,7.96,KGC
2021-06-09,7.77,KGC
2021-06-08,7.79,KGC
2021-06-07,7.99,KGC
2021-06-04,7.98,KGC
2021-06-03,7.89,KGC
2021-06-02,8.17,KGC
2021-06-01,8.13,KGC
2021-05-28,8.1,KGC
2021-05-27,7.97,KGC
2021-05-26,8.1,KGC
2021-05-25,8.07,KGC
2021-05-24,8.04,KGC
2021-05-21,8.04,KGC
2021-05-20,8.12,KGC
2021-05-19,8.01,KGC
2021-05-18,8.22,KGC
2021-05-17,8.26,KGC
2021-05-14,7.78,KGC
2021-05-13,7.5,KGC
2021-05-12,7.32,KGC
2021-05-11,7.66,KGC
2021-05-10,7.74,KGC
2021-05-07,7.74,KGC
2021-05-06,7.59,KGC
2021-05-05,7.3,KGC
2021-05-04,7.25,KGC
2021-05-03,7.37,KGC
2021-04-30,7.04,KGC
2021-04-29,7.11,KGC
2021-04-28,7.24,KGC
2021-04-27,7.16,KGC
2021-04-26,7.35,KGC
2021-04-23,7.35,KGC
2021-04-22,7.54,KGC
2021-04-21,7.72,KGC
2021-04-20,7.59,KGC
2021-04-19,7.45,KGC
2021-04-16,7.5,KGC
2021-04-15,7.46,KGC
2021-04-14,7.16,KGC
2021-04-13,7.34,KGC
2021-04-12,7.23,KGC
2021-04-09,7.41,KGC
2021-04-08,7.46,KGC
2021-04-07,7.17,KGC
2021-04-06,7.25,KGC
2021-04-05,7.04,KGC
2021-04-01,7.02,KGC
2021-03-31,6.67,KGC
2021-03-30,6.44,KGC
2021-03-29,6.72,KGC
2021-03-26,6.72,KGC
2021-03-25,6.57,KGC
2021-03-24,6.63,KGC
2021-03-23,6.72,KGC
2021-03-22,6.94,KGC
2021-03-19,6.92,KGC
2021-03-18,6.84,KGC
2021-03-17,7.06,KGC
2021-03-16,6.88,KGC
2021-03-15,6.88,KGC
2021-03-12,6.73,KGC
2021-03-11,6.81,KGC
2021-03-10,6.65,KGC
2021-03-09,6.63,KGC
2021-03-08,6.44,KGC
2021-03-05,6.55,KGC
2021-03-04,6.45,KGC
2021-03-03,6.38,KGC
2021-03-02,6.44,KGC
2021-03-01,6.19,KGC
2021-02-26,6.23,KGC
2021-02-25,6.58,KGC
2021-02-24,6.81,KGC
2021-02-23,6.72,KGC
2021-02-22,6.93,KGC
2021-02-19,6.54,KGC
2021-02-18,6.7,KGC
2021-02-17,6.85,KGC
2021-02-16,7.07,KGC
2021-02-12,7.38,KGC
2021-02-11,7.28,KGC
2021-02-10,7.31,KGC
2021-02-09,7.34,KGC
2021-02-08,7.39,KGC
2021-02-05,7.24,KGC
2021-02-04,6.98,KGC
2021-02-03,7.15,KGC
2021-02-02,7.03,KGC
2021-02-01,7.19,KGC
2021-01-29,6.98,KGC
2021-01-28,6.98,KGC
2021-01-27,6.76,KGC
2021-01-26,7.05,KGC
2021-01-25,7.04,KGC
2021-01-22,7.01,KGC
2021-01-21,7.13,KGC
2021-01-20,7.19,KGC
2021-01-19,6.99,KGC
2021-01-15,6.96,KGC
2021-01-14,7.19,KGC
2021-01-13,7.18,KGC
2021-01-12,7.25,KGC
2021-01-11,7.21,KGC
2021-01-08,7.38,KGC
2021-01-07,7.83,KGC
2021-01-06,8.01,KGC
2021-01-05,7.89,KGC
2021-01-04,7.98,KGC
2020-12-31,7.34,KGC
2020-12-30,7.56,KGC
2020-12-29,7.33,KGC
2020-12-28,7.28,KGC
2020-12-24,7.39,KGC
2020-12-23,7.38,KGC
2020-12-22,7.2,KGC
2020-12-21,7.49,KGC
2020-12-18,7.63,KGC
2020-12-17,7.52,KGC
2020-12-16,7.27,KGC
2020-12-15,7.13,KGC
2020-12-14,6.9,KGC
2020-12-11,7.2,KGC
2020-12-10,7.31,KGC
2020-12-09,7.31,KGC
2020-12-08,7.55,KGC
2020-12-07,7.73,KGC
2020-12-04,7.2,KGC
2020-12-03,7.3,KGC
2020-12-02,7.35,KGC
2020-12-01,7.46,KGC
2020-11-30,7.14,KGC
2020-11-27,7.11,KGC
2020-11-25,7.12,KGC
2020-11-24,6.98,KGC
2020-11-23,7.17,KGC
2020-11-20,7.52,KGC
2020-11-19,7.52,KGC
2020-11-18,7.53,KGC
2020-11-17,7.77,KGC
2020-11-16,7.89,KGC
2020-11-13,8.02,KGC
2020-11-12,7.94,KGC
2020-11-11,7.66,KGC
2020-11-10,7.74,KGC
2020-11-09,8.06,KGC
2020-11-06,8.74,KGC
2020-11-05,8.84,KGC
2020-11-04,8.11,KGC
2020-11-03,8.22,KGC
2020-11-02,8.2,KGC
2020-10-30,7.97,KGC
2020-10-29,7.85,KGC
2020-10-28,7.82,KGC
2020-10-27,8.75,KGC
2020-10-26,8.51,KGC
2020-10-23,8.61,KGC
2020-10-22,8.78,KGC
2020-10-21,9.12,KGC
2020-10-20,8.98,KGC
2020-10-19,8.89,KGC
2020-10-16,9.11,KGC
2020-10-15,9.2,KGC
2020-10-14,9.35,KGC
2020-10-13,9.08,KGC
2020-10-12,9.15,KGC
2020-10-09,9.1,KGC
2020-10-08,8.62,KGC
2020-10-07,8.43,KGC
2020-10-06,8.65,KGC
2020-10-05,9.14,KGC
2020-10-02,8.89,KGC
2020-10-01,9.05,KGC
2020-09-30,8.82,KGC
2020-09-29,8.94,KGC
2020-09-28,8.87,KGC
2020-09-25,8.75,KGC
2020-09-24,8.84,KGC
2020-09-23,8.22,KGC
2020-09-22,9.21,KGC
2020-09-21,9.23,KGC
2020-09-18,10.0,KGC
2020-09-17,9.35,KGC
2020-09-16,9.33,KGC
2020-09-15,9.3,KGC
2020-09-14,9.26,KGC
2020-09-11,8.8,KGC
2020-09-10,8.91,KGC
2020-09-09,9.17,KGC
2020-09-08,8.54,KGC
2020-09-04,8.63,KGC
2020-09-03,8.72,KGC
2020-09-02,8.83,KGC
2020-09-01,8.76,KGC
2020-08-31,8.88,KGC
2020-08-28,8.89,KGC
2020-08-27,8.46,KGC
2020-08-26,8.72,KGC
2020-08-25,8.55,KGC
2020-08-24,8.5,KGC
2020-08-21,8.65,KGC
2020-08-20,8.92,KGC
2020-08-19,8.85,KGC
2020-08-18,9.21,KGC
2020-08-17,9.3,KGC
2020-08-14,8.71,KGC
2020-08-13,8.81,KGC
2020-08-12,8.52,KGC
2020-08-11,8.54,KGC
2020-08-10,9.32,KGC
2020-08-07,9.41,KGC
2020-08-06,9.76,KGC
2020-08-05,9.87,KGC
2020-08-04,9.66,KGC
2020-08-03,9.28,KGC
2020-07-31,9.37,KGC
2020-07-30,8.69,KGC
2020-07-29,8.82,KGC
2020-07-28,8.78,KGC
2020-07-27,8.71,KGC
2020-07-24,8.42,KGC
2020-07-23,8.26,KGC
2020-07-22,8.48,KGC
2020-07-21,8.41,KGC
2020-07-20,8.19,KGC
2020-07-17,7.88,KGC
2020-07-16,7.58,KGC
2020-07-15,7.66,KGC
2020-07-14,7.73,KGC
2020-07-13,7.34,KGC
2020-07-10,7.63,KGC
2020-07-09,7.67,KGC
2020-07-08,7.59,KGC
2020-07-07,7.43,KGC
2020-07-06,7.27,KGC
2020-07-02,7.17,KGC
2020-07-01,7.2,KGC
2020-06-30,7.22,KGC
2020-06-29,7.02,KGC
2020-06-26,6.88,KGC
2020-06-25,6.69,KGC
2020-06-24,6.71,KGC
2020-06-23,6.84,KGC
2020-06-22,6.79,KGC
2020-06-19,6.4,KGC
2020-06-18,6.22,KGC
2020-06-17,6.3,KGC
2020-06-16,6.27,KGC
2020-06-15,6.5,KGC
2020-06-12,6.19,KGC
2020-06-11,6.23,KGC
2020-06-10,6.64,KGC
2020-06-09,6.24,KGC
2020-06-08,6.24,KGC
2020-06-05,6.22,KGC
2020-06-04,6.32,KGC
2020-06-03,6.16,KGC
2020-06-02,6.37,KGC
2020-06-01,6.77,KGC
2020-05-29,6.55,KGC
2020-05-28,6.57,KGC
2020-05-27,6.63,KGC
2020-05-26,6.65,KGC
2020-05-22,7.05,KGC
2020-05-21,7.15,KGC
2020-05-20,7.34,KGC
2020-05-19,7.56,KGC
2020-05-18,7.05,KGC
2020-05-15,7.44,KGC
2020-05-14,7.2,KGC
2020-05-13,6.89,KGC
2020-05-12,6.93,KGC
2020-05-11,6.9,KGC
2020-05-08,7.02,KGC
2020-05-07,7.1,KGC
2020-05-06,6.77,KGC
2020-05-05,6.99,KGC
2020-05-04,6.85,KGC
2020-05-01,6.84,KGC
2020-04-30,6.61,KGC
2020-04-29,7.0,KGC
2020-04-28,6.9,KGC
2020-04-27,6.96,KGC
2020-04-24,7.09,KGC
2020-04-23,6.87,KGC
2020-04-22,6.7,KGC
2020-04-21,6.2,KGC
2020-04-20,6.17,KGC
2020-04-17,6.06,KGC
2020-04-16,6.14,KGC
2020-04-15,5.98,KGC
2020-04-14,6.14,KGC
2020-04-13,6.25,KGC
2020-04-09,5.62,KGC
2020-04-08,5.09,KGC
2020-04-07,5.01,KGC
2020-04-06,5.09,KGC
2020-04-03,4.86,KGC
2020-04-02,4.84,KGC
2020-04-01,4.42,KGC
2020-03-31,3.98,KGC
2020-03-30,4.08,KGC
2020-03-27,4.22,KGC
2020-03-26,4.65,KGC
2020-03-25,4.66,KGC
2020-03-24,4.55,KGC
2020-03-23,3.95,KGC
2020-03-20,3.61,KGC
2020-03-19,3.94,KGC
2020-03-18,4.06,KGC
2020-03-17,4.76,KGC
2020-03-16,4.0,KGC
2020-03-13,3.47,KGC
2020-03-12,4.07,KGC
2020-03-11,4.81,KGC
2020-03-10,5.21,KGC
2020-03-09,5.18,KGC
2020-03-06,5.57,KGC
2020-03-05,5.73,KGC
2020-03-04,5.53,KGC
2020-03-03,5.51,KGC
2020-03-02,5.29,KGC
2020-02-28,5.02,KGC
2020-02-27,5.34,KGC
2020-02-26,5.76,KGC
2020-02-25,5.7,KGC
2020-02-24,5.94,KGC
2020-02-21,5.96,KGC
2020-02-20,5.59,KGC
2020-02-19,5.57,KGC
2020-02-18,5.32,KGC
2020-02-14,5.05,KGC
2020-02-13,5.14,KGC
2020-02-12,5.0,KGC
2020-02-11,4.99,KGC
2020-02-10,5.0,KGC
2020-02-07,4.93,KGC
2020-02-06,5.09,KGC
2020-02-05,4.99,KGC
2020-02-04,4.92,KGC
2020-02-03,5.01,KGC
2020-01-31,5.07,KGC
2020-01-30,5.0,KGC
2020-01-29,5.0,KGC
2020-01-28,4.8,KGC
2020-01-27,4.91,KGC
2020-01-24,4.92,KGC
2020-01-23,4.75,KGC
2020-01-22,4.71,KGC
2020-01-21,4.68,KGC
2020-01-17,4.5,KGC
2020-01-16,4.59,KGC
2020-01-15,4.63,KGC
2020-01-14,4.47,KGC
2020-01-13,4.35,KGC
2020-01-10,4.53,KGC
2020-01-09,4.46,KGC
2020-01-08,4.52,KGC
2020-01-07,4.76,KGC
2020-01-06,4.65,KGC
2020-01-03,4.71,KGC
2020-01-02,4.76,KGC
2019-12-31,4.74,KGC
2019-12-30,4.76,KGC
2019-12-27,4.62,KGC
2019-12-26,4.67,KGC
2019-12-24,4.62,KGC
2019-12-23,4.45,KGC
2019-12-20,4.26,KGC
2019-12-19,4.31,KGC
2019-12-18,4.29,KGC
2019-12-17,4.21,KGC
2019-12-16,4.28,KGC
2019-12-13,4.34,KGC
2019-12-12,4.36,KGC
2019-12-11,4.42,KGC
2019-12-10,4.27,KGC
2019-12-09,4.25,KGC
2019-12-06,4.27,KGC
2019-12-05,4.44,KGC
2019-12-04,4.37,KGC
2019-12-03,4.55,KGC
2019-12-02,4.37,KGC
2019-11-29,4.33,KGC
2019-11-27,4.24,KGC
2019-11-26,4.29,KGC
2019-11-25,4.19,KGC
2019-11-22,4.25,KGC
2019-11-21,4.3,KGC
2019-11-20,4.39,KGC
2019-11-19,4.27,KGC
2019-11-18,4.27,KGC
2019-11-15,4.21,KGC
2019-11-14,4.27,KGC
2019-11-13,4.27,KGC
2019-11-12,4.29,KGC
2019-11-11,4.13,KGC
2019-11-08,4.17,KGC
2019-11-07,4.24,KGC
2019-11-06,4.81,KGC
2019-11-05,4.78,KGC
2019-11-04,4.78,KGC
2019-11-01,4.84,KGC
2019-10-31,4.85,KGC
2019-10-30,4.8,KGC
2019-10-29,4.77,KGC
2019-10-28,4.7,KGC
2019-10-25,4.82,KGC
2019-10-24,4.74,KGC
2019-10-23,4.61,KGC
2019-10-22,4.6,KGC
2019-10-21,4.53,KGC
2019-10-18,4.66,KGC
2019-10-17,4.69,KGC
2019-10-16,4.63,KGC
2019-10-15,4.51,KGC
2019-10-14,4.66,KGC
2019-10-11,4.6,KGC
2019-10-10,4.75,KGC
2019-10-09,4.8,KGC
2019-10-08,4.88,KGC
2019-10-07,4.81,KGC
2019-10-04,4.87,KGC
2019-10-03,4.79,KGC
2019-10-02,4.85,KGC
2019-10-01,4.73,KGC
2019-09-30,4.6,KGC
2019-09-27,4.8,KGC
2019-09-26,5.09,KGC
2019-09-25,5.15,KGC
2019-09-24,5.43,KGC
2019-09-23,5.34,KGC
2019-09-20,5.18,KGC
2019-09-19,5.04,KGC
2019-09-18,5.02,KGC
2019-09-17,5.18,KGC
2019-09-16,4.92,KGC
2019-09-13,4.72,KGC
2019-09-12,4.73,KGC
2019-09-11,4.83,KGC
2019-09-10,4.8,KGC
2019-09-09,4.81,KGC
2019-09-06,4.95,KGC
2019-09-05,5.08,KGC
2019-09-04,5.26,KGC
2019-09-03,5.19,KGC
2019-08-30,4.97,KGC
2019-08-29,4.99,KGC
2019-08-28,5.15,KGC
2019-08-27,5.15,KGC
2019-08-26,4.99,KGC
2019-08-23,5.03,KGC
2019-08-22,4.68,KGC
2019-08-21,4.7,KGC
2019-08-20,4.77,KGC
2019-08-19,4.69,KGC
2019-08-16,4.78,KGC
2019-08-15,4.91,KGC
2019-08-14,4.84,KGC
2019-08-13,4.86,KGC
2019-08-12,4.97,KGC
2019-08-09,5.05,KGC
2019-08-08,5.14,KGC
2019-08-07,5.06,KGC
2019-08-06,4.83,KGC
2019-08-05,4.78,KGC
2019-08-02,4.57,KGC
2019-08-01,4.47,KGC
2019-07-31,4.02,KGC
2019-07-30,4.27,KGC
2019-07-29,4.26,KGC
2019-07-26,4.24,KGC
2019-07-25,4.17,KGC
2019-07-24,4.26,KGC
2019-07-23,4.2,KGC
2019-07-22,4.24,KGC
2019-07-19,4.31,KGC
2019-07-18,4.31,KGC
2019-07-17,4.15,KGC
2019-07-16,4.01,KGC
2019-07-15,4.03,KGC
2019-07-12,4.05,KGC
2019-07-11,4.02,KGC
2019-07-10,4.12,KGC
2019-07-09,3.92,KGC
2019-07-08,3.83,KGC
2019-07-05,3.83,KGC
2019-07-03,3.89,KGC
2019-07-02,3.82,KGC
2019-07-01,3.65,KGC
2019-06-28,3.88,KGC
2019-06-27,3.86,KGC
2019-06-26,3.84,KGC
2019-06-25,3.9,KGC
2019-06-24,3.95,KGC
2019-06-21,3.79,KGC
2019-06-20,3.82,KGC
2019-06-19,3.65,KGC
2019-06-18,3.6,KGC
2019-06-17,3.5,KGC
2019-06-14,3.54,KGC
2019-06-13,3.57,KGC
2019-06-12,3.49,KGC
2019-06-11,3.44,KGC
2019-06-10,3.43,KGC
2019-06-07,3.46,KGC
2019-06-06,3.51,KGC
2019-06-05,3.5,KGC
2019-06-04,3.55,KGC
2019-06-03,3.56,KGC
2019-05-31,3.27,KGC
2019-05-30,3.19,KGC
2019-05-29,3.19,KGC
2019-05-28,3.21,KGC
2019-05-24,3.14,KGC
2019-05-23,3.12,KGC
2019-05-22,3.1,KGC
2019-05-21,3.14,KGC
2019-05-20,3.16,KGC
2019-05-17,3.16,KGC
2019-05-16,3.13,KGC
2019-05-15,3.17,KGC
2019-05-14,3.13,KGC
2019-05-13,3.16,KGC
2019-05-10,3.05,KGC
2019-05-09,3.08,KGC
2019-05-08,3.11,KGC
2019-05-07,3.06,KGC
2019-05-06,3.07,KGC
2019-05-03,3.07,KGC
2019-05-02,3.05,KGC
2019-05-01,3.06,KGC
2019-04-30,3.18,KGC
2019-04-29,3.2,KGC
2019-04-26,3.29,KGC
2019-04-25,3.19,KGC
2019-04-24,3.24,KGC
2019-04-23,3.15,KGC
2019-04-22,3.17,KGC
2019-04-18,3.23,KGC
2019-04-17,3.36,KGC
2019-04-16,3.46,KGC
2019-04-15,3.5,KGC
2019-04-12,3.47,KGC
2019-04-11,3.47,KGC
2019-04-10,3.52,KGC
2019-04-09,3.6,KGC
2019-04-08,3.55,KGC
2019-04-05,3.5,KGC
2019-04-04,3.47,KGC
2019-04-03,3.39,KGC
2019-04-02,3.36,KGC
2019-04-01,3.34,KGC
2019-03-29,3.44,KGC
2019-03-28,3.43,KGC
2019-03-27,3.54,KGC
2019-03-26,3.61,KGC
2019-03-25,3.62,KGC
2019-03-22,3.48,KGC
2019-03-21,3.46,KGC
2019-03-20,3.43,KGC
2019-03-19,3.32,KGC
2019-03-18,3.31,KGC
2019-03-15,3.38,KGC
2019-03-14,3.36,KGC
2019-03-13,3.45,KGC
2019-03-12,3.46,KGC
2019-03-11,3.34,KGC
2019-03-08,3.36,KGC
2019-03-07,3.14,KGC
2019-03-06,3.17,KGC
2019-03-05,3.25,KGC
2019-03-04,3.24,KGC
2019-03-01,3.21,KGC
2019-02-28,3.33,KGC
2019-02-27,3.37,KGC
2019-02-26,3.46,KGC
2019-02-25,3.53,KGC
2019-02-22,3.63,KGC
2019-02-21,3.65,KGC
2019-02-20,3.8,KGC
2019-02-19,3.77,KGC
2019-02-15,3.49,KGC
2019-02-14,3.26,KGC
2019-02-13,3.21,KGC
2019-02-12,3.22,KGC
2019-02-11,3.33,KGC
2019-02-08,3.4,KGC
2019-02-07,3.33,KGC
2019-02-06,3.38,KGC
2019-02-05,3.44,KGC
2019-02-04,3.34,KGC
2019-02-01,3.37,KGC
2019-01-31,3.36,KGC
2019-01-30,3.33,KGC
2019-01-29,3.26,KGC
2019-01-28,3.24,KGC
2019-01-25,3.23,KGC
2019-01-24,3.14,KGC
2019-01-23,3.12,KGC
2019-01-22,3.14,KGC
2019-01-18,3.1,KGC
2019-01-17,3.16,KGC
2019-01-16,3.13,KGC
2019-01-15,3.1,KGC
2019-01-14,3.16,KGC
2019-01-11,3.19,KGC
2019-01-10,3.16,KGC
2019-01-09,3.22,KGC
2019-01-08,3.22,KGC
2019-01-07,3.18,KGC
2019-01-04,3.24,KGC
2019-01-03,3.23,KGC
2019-01-02,3.24,KGC
2018-12-31,3.24,KGC
2018-12-28,3.18,KGC
2018-12-27,3.24,KGC
2018-12-26,3.14,KGC
2018-12-24,3.3,KGC
2018-12-21,3.12,KGC
2018-12-20,3.14,KGC
2018-12-19,2.87,KGC
2018-12-18,3.08,KGC
2018-12-17,3.01,KGC
2018-12-14,2.88,KGC
2018-12-13,2.9,KGC
2018-12-12,2.89,KGC
2018-12-11,2.84,KGC
2018-12-10,2.86,KGC
2018-12-07,2.85,KGC
2018-12-06,2.82,KGC
2018-12-04,2.8,KGC
2018-12-03,2.83,KGC
2018-11-30,2.71,KGC
2018-11-29,2.73,KGC
2018-11-28,2.71,KGC
2018-11-27,2.58,KGC
2018-11-26,2.65,KGC
2018-11-23,2.71,KGC
2018-11-21,2.69,KGC
2018-11-20,2.61,KGC
2018-11-19,2.58,KGC
2018-11-16,2.56,KGC
2018-11-15,2.47,KGC
2018-11-14,2.46,KGC
2018-11-13,2.43,KGC
2018-11-12,2.52,KGC
2018-11-09,2.59,KGC
2018-11-08,2.66,KGC
2018-11-07,2.67,KGC
2018-11-06,2.7,KGC
2018-11-05,2.74,KGC
2018-11-02,2.75,KGC
2018-11-01,2.76,KGC
2018-10-31,2.59,KGC
2018-10-30,2.68,KGC
2018-10-29,2.63,KGC
2018-10-26,2.64,KGC
2018-10-25,2.6,KGC
2018-10-24,2.76,KGC
2018-10-23,2.82,KGC
2018-10-22,2.82,KGC
2018-10-19,2.93,KGC
2018-10-18,2.85,KGC
2018-10-17,2.86,KGC
2018-10-16,2.89,KGC
2018-10-15,2.9,KGC
2018-10-12,2.88,KGC
2018-10-11,2.96,KGC
2018-10-10,2.83,KGC
2018-10-09,2.74,KGC
2018-10-08,2.79,KGC
2018-10-05,2.76,KGC
2018-10-04,2.75,KGC
2018-10-03,2.78,KGC
2018-10-02,2.81,KGC
2018-10-01,2.75,KGC
2018-09-28,2.7,KGC
2018-09-27,2.73,KGC
2018-09-26,2.83,KGC
2018-09-25,2.97,KGC
2018-09-24,2.94,KGC
2018-09-21,2.95,KGC
2018-09-20,3.01,KGC
2018-09-19,3.03,KGC
2018-09-18,3.01,KGC
2018-09-17,3.01,KGC
2018-09-14,2.89,KGC
2018-09-13,2.88,KGC
2018-09-12,2.82,KGC
2018-09-11,2.73,KGC
2018-09-10,2.74,KGC
2018-09-07,2.83,KGC
2018-09-06,2.8,KGC
2018-09-05,2.8,KGC
2018-09-04,2.83,KGC
2018-08-31,3.0,KGC
2018-08-30,2.99,KGC
2018-08-29,3.03,KGC
2018-08-28,2.97,KGC
2018-08-27,3.02,KGC
2018-08-24,2.99,KGC
2018-08-23,2.89,KGC
2018-08-22,2.91,KGC
2018-08-21,2.87,KGC
2018-08-20,2.87,KGC
2018-08-17,2.89,KGC
2018-08-16,2.81,KGC
2018-08-15,2.86,KGC
2018-08-14,3.08,KGC
2018-08-13,3.11,KGC
2018-08-10,3.15,KGC
2018-08-09,3.24,KGC
2018-08-08,3.3,KGC
2018-08-07,3.32,KGC
2018-08-06,3.41,KGC
2018-08-03,3.43,KGC
2018-08-02,3.42,KGC
2018-08-01,3.57,KGC
2018-07-31,3.6,KGC
2018-07-30,3.6,KGC
2018-07-27,3.59,KGC
2018-07-26,3.59,KGC
2018-07-25,3.68,KGC
2018-07-24,3.67,KGC
2018-07-23,3.64,KGC
2018-07-20,3.69,KGC
2018-07-19,3.64,KGC
2018-07-18,3.71,KGC
2018-07-17,3.76,KGC
2018-07-16,3.73,KGC
2018-07-13,3.77,KGC
2018-07-12,3.79,KGC
2018-07-11,3.78,KGC
2018-07-10,3.89,KGC
2018-07-09,3.88,KGC
2018-07-06,3.93,KGC
2018-07-05,3.87,KGC
2018-07-03,3.84,KGC
2018-07-02,3.72,KGC
2018-06-29,3.76,KGC
2018-06-28,3.67,KGC
2018-06-27,3.67,KGC
2018-06-26,3.74,KGC
2018-06-25,3.67,KGC
2018-06-22,3.72,KGC
2018-06-21,3.69,KGC
2018-06-20,3.7,KGC
2018-06-19,3.73,KGC
2018-06-18,3.73,KGC
2018-06-15,3.72,KGC
2018-06-14,3.79,KGC
2018-06-13,3.72,KGC
2018-06-12,3.71,KGC
2018-06-11,3.64,KGC
2018-06-08,3.58,KGC
2018-06-07,3.55,KGC
2018-06-06,3.58,KGC
2018-06-05,3.57,KGC
2018-06-04,3.55,KGC
2018-06-01,3.58,KGC
2018-05-31,3.6,KGC
2018-05-30,3.63,KGC
2018-05-29,3.57,KGC
2018-05-25,3.6,KGC
2018-05-24,3.64,KGC
2018-05-23,3.6,KGC
2018-05-22,3.59,KGC
2018-05-21,3.62,KGC
2018-05-18,3.59,KGC
2018-05-17,3.56,KGC
2018-05-16,3.56,KGC
2018-05-15,3.64,KGC
2018-05-14,3.72,KGC
2018-05-11,3.74,KGC
2018-05-10,3.74,KGC
2018-05-09,3.67,KGC
2018-05-08,4.12,KGC
2018-05-07,4.03,KGC
2018-05-04,4.03,KGC
2018-05-03,4.01,KGC
2018-05-02,3.94,KGC
2018-05-01,3.94,KGC
2018-04-30,3.88,KGC
2018-04-27,3.96,KGC
2018-04-26,3.91,KGC
2018-04-25,3.9,KGC
2018-04-24,3.91,KGC
2018-04-23,3.87,KGC
2018-04-20,3.87,KGC
2018-04-19,3.86,KGC
2018-04-18,3.9,KGC
2018-04-17,3.87,KGC
2018-04-16,3.84,KGC
2018-04-13,3.82,KGC
2018-04-12,3.8,KGC
2018-04-11,3.78,KGC
2018-04-10,3.67,KGC
2018-04-09,3.62,KGC
2018-04-06,3.96,KGC
2018-04-05,3.96,KGC
2018-04-04,3.94,KGC
2018-04-03,3.96,KGC
2018-04-02,3.97,KGC
2018-03-29,3.95,KGC
2018-03-28,3.88,KGC
2018-03-27,3.96,KGC
2018-03-26,3.99,KGC
2018-03-23,3.84,KGC
2018-03-22,3.63,KGC
2018-03-21,3.7,KGC
2018-03-20,3.6,KGC
2018-03-19,3.66,KGC
2018-03-16,3.62,KGC
2018-03-15,3.65,KGC
2018-03-14,3.65,KGC
2018-03-13,3.59,KGC
2018-03-12,3.59,KGC
2018-03-09,3.57,KGC
2018-03-08,3.62,KGC
2018-03-07,3.63,KGC
2018-03-06,3.72,KGC
2018-03-05,3.62,KGC
2018-03-02,3.64,KGC
2018-03-01,3.66,KGC
2018-02-28,3.58,KGC
2018-02-27,3.57,KGC
2018-02-26,3.61,KGC
2018-02-23,3.59,KGC
2018-02-22,3.63,KGC
2018-02-21,3.71,KGC
2018-02-20,3.79,KGC
2018-02-16,3.94,KGC
2018-02-15,3.98,KGC
2018-02-14,4.27,KGC
2018-02-13,3.93,KGC
2018-02-12,4.0,KGC
2018-02-09,3.88,KGC
2018-02-08,3.95,KGC
2018-02-07,3.95,KGC
2018-02-06,3.99,KGC
2018-02-05,4.09,KGC
2018-02-02,4.1,KGC
2018-02-01,4.34,KGC
2018-01-31,4.33,KGC
2018-01-30,4.26,KGC
2018-01-29,4.32,KGC
2018-01-26,4.5,KGC
2018-01-25,4.46,KGC
2018-01-24,4.61,KGC
2018-01-23,4.54,KGC
2018-01-22,4.32,KGC
2018-01-19,4.2,KGC
2018-01-18,4.25,KGC
2018-01-17,4.37,KGC
2018-01-16,4.46,KGC
2018-01-12,4.34,KGC
2018-01-11,4.16,KGC
2018-01-10,4.13,KGC
2018-01-09,4.15,KGC
2018-01-08,4.34,KGC
2018-01-05,4.45,KGC
2018-01-04,4.51,KGC
2018-01-03,4.46,KGC
2018-01-02,4.48,KGC
2017-12-29,4.32,KGC
2017-12-28,4.3,KGC
2017-12-27,4.29,KGC
2017-12-26,4.32,KGC
2017-12-22,4.25,KGC
2017-12-21,4.24,KGC
2017-12-20,4.23,KGC
2017-12-19,4.11,KGC
2017-12-18,4.11,KGC
2017-12-15,4.04,KGC
2017-12-14,4.06,KGC
2017-12-13,4.05,KGC
2017-12-12,3.8,KGC
2017-12-11,3.82,KGC
2017-12-08,3.88,KGC
2017-12-07,3.88,KGC
2017-12-06,3.9,KGC
2017-12-05,3.93,KGC
2017-12-04,4.03,KGC
2017-12-01,4.09,KGC
2017-11-30,4.16,KGC
2017-11-29,4.18,KGC
2017-11-28,4.31,KGC
2017-11-27,4.3,KGC
2017-11-24,4.22,KGC
2017-11-22,4.32,KGC
2017-11-21,4.28,KGC
2017-11-20,4.24,KGC
2017-11-17,4.33,KGC
2017-11-16,4.28,KGC
2017-11-15,4.38,KGC
2017-11-14,4.29,KGC
2017-11-13,4.32,KGC
2017-11-10,4.3,KGC
2017-11-09,4.37,KGC
2017-11-08,4.18,KGC
2017-11-07,4.11,KGC
2017-11-06,4.0,KGC
2017-11-03,3.97,KGC
2017-11-02,3.97,KGC
2017-11-01,3.96,KGC
2017-10-31,3.95,KGC
2017-10-30,4.0,KGC
2017-10-27,3.95,KGC
2017-10-26,3.87,KGC
2017-10-25,3.94,KGC
2017-10-24,4.03,KGC
2017-10-23,4.12,KGC
2017-10-20,4.16,KGC
2017-10-19,4.3,KGC
2017-10-18,4.25,KGC
2017-10-17,4.29,KGC
2017-10-16,4.28,KGC
2017-10-13,4.43,KGC
2017-10-12,4.45,KGC
2017-10-11,4.39,KGC
2017-10-10,4.3,KGC
2017-10-09,4.29,KGC
2017-10-06,4.28,KGC
2017-10-05,4.24,KGC
2017-10-04,4.32,KGC
2017-10-03,4.28,KGC
2017-10-02,4.19,KGC
2017-09-29,4.24,KGC
2017-09-28,4.27,KGC
2017-09-27,4.2,KGC
2017-09-26,4.28,KGC
2017-09-25,4.36,KGC
2017-09-22,4.25,KGC
2017-09-21,4.23,KGC
2017-09-20,4.33,KGC
2017-09-19,4.52,KGC
2017-09-18,4.53,KGC
2017-09-15,4.82,KGC
2017-09-14,4.8,KGC
2017-09-13,4.7,KGC
2017-09-12,4.72,KGC
2017-09-11,4.67,KGC
2017-09-08,4.83,KGC
2017-09-07,4.89,KGC
2017-09-06,4.68,KGC
2017-09-05,4.69,KGC
2017-09-01,4.49,KGC
2017-08-31,4.56,KGC
2017-08-30,4.37,KGC
2017-08-29,4.41,KGC
2017-08-28,4.4,KGC
2017-08-25,4.25,KGC
2017-08-24,4.24,KGC
2017-08-23,4.24,KGC
2017-08-22,4.18,KGC
2017-08-21,4.28,KGC
2017-08-18,4.25,KGC
2017-08-17,4.37,KGC
2017-08-16,4.38,KGC
2017-08-15,4.17,KGC
2017-08-14,4.17,KGC
2017-08-11,4.18,KGC
2017-08-10,4.25,KGC
2017-08-09,4.19,KGC
2017-08-08,4.13,KGC
2017-08-07,4.13,KGC
2017-08-04,4.18,KGC
2017-08-03,4.32,KGC
2017-08-02,4.12,KGC
2017-08-01,4.12,KGC
2017-07-31,4.12,KGC
2017-07-28,4.21,KGC
2017-07-27,4.12,KGC
2017-07-26,4.27,KGC
2017-07-25,4.11,KGC
2017-07-24,4.12,KGC
2017-07-21,4.22,KGC
2017-07-20,4.15,KGC
2017-07-19,4.13,KGC
2017-07-18,4.06,KGC
2017-07-17,3.99,KGC
2017-07-14,3.9,KGC
2017-07-13,3.81,KGC
2017-07-12,3.9,KGC
2017-07-11,3.99,KGC
2017-07-10,4.01,KGC
2017-07-07,3.84,KGC
2017-07-06,3.91,KGC
2017-07-05,3.96,KGC
2017-07-03,3.97,KGC
2017-06-30,4.07,KGC
2017-06-29,4.0,KGC
2017-06-28,4.11,KGC
2017-06-27,4.12,KGC
2017-06-26,4.24,KGC
2017-06-23,4.24,KGC
2017-06-22,4.12,KGC
2017-06-21,4.03,KGC
2017-06-20,3.96,KGC
2017-06-19,4.04,KGC
2017-06-16,4.09,KGC
2017-06-15,4.09,KGC
2017-06-14,4.13,KGC
2017-06-13,4.27,KGC
2017-06-12,4.3,KGC
2017-06-09,4.33,KGC
2017-06-08,4.45,KGC
2017-06-07,4.64,KGC
2017-06-06,4.63,KGC
2017-06-05,4.24,KGC
2017-06-02,4.31,KGC
2017-06-01,4.31,KGC
2017-05-31,4.31,KGC
2017-05-30,4.24,KGC
2017-05-26,4.22,KGC
2017-05-25,4.2,KGC
2017-05-24,4.24,KGC
2017-05-23,4.17,KGC
2017-05-22,4.23,KGC
2017-05-19,4.25,KGC
2017-05-18,4.21,KGC
2017-05-17,4.28,KGC
2017-05-16,4.2,KGC
2017-05-15,4.17,KGC
2017-05-12,4.14,KGC
2017-05-11,4.1,KGC
2017-05-10,3.9,KGC
2017-05-09,3.75,KGC
2017-05-08,3.81,KGC
2017-05-05,3.77,KGC
2017-05-04,3.6,KGC
2017-05-03,3.7,KGC
2017-05-02,3.36,KGC
2017-05-01,3.4,KGC
2017-04-28,3.49,KGC
2017-04-27,3.42,KGC
2017-04-26,3.52,KGC
2017-04-25,3.51,KGC
2017-04-24,3.76,KGC
2017-04-21,3.86,KGC
2017-04-20,3.78,KGC
2017-04-19,3.72,KGC
2017-04-18,3.85,KGC
2017-04-17,3.85,KGC
2017-04-13,3.8,KGC
2017-04-12,3.85,KGC
2017-04-11,3.72,KGC
2017-04-10,3.59,KGC
2017-04-07,3.58,KGC
2017-04-06,3.57,KGC
2017-04-05,3.6,KGC
2017-04-04,3.58,KGC
2017-04-03,3.56,KGC
2017-03-31,3.51,KGC
2017-03-30,3.48,KGC
2017-03-29,3.47,KGC
2017-03-28,3.4,KGC
2017-03-27,3.48,KGC
2017-03-24,3.39,KGC
2017-03-23,3.43,KGC
2017-03-22,3.49,KGC
2017-03-21,3.48,KGC
2017-03-20,3.47,KGC
2017-03-17,3.4,KGC
2017-03-16,3.44,KGC
2017-03-15,3.47,KGC
2017-03-14,3.19,KGC
2017-03-13,3.25,KGC
2017-03-10,3.28,KGC
2017-03-09,3.18,KGC
2017-03-08,3.25,KGC
2017-03-07,3.26,KGC
2017-03-06,3.31,KGC
2017-03-03,3.37,KGC
2017-03-02,3.33,KGC
2017-03-01,3.49,KGC
2017-02-28,3.54,KGC
2017-02-27,3.59,KGC
2017-02-24,3.81,KGC
2017-02-23,3.71,KGC
2017-02-22,3.76,KGC
2017-02-21,3.83,KGC
2017-02-17,3.88,KGC
2017-02-16,3.93,KGC
2017-02-15,3.95,KGC
2017-02-14,3.93,KGC
2017-02-13,3.98,KGC
2017-02-10,4.09,KGC
2017-02-09,4.1,KGC
2017-02-08,4.19,KGC
2017-02-07,4.05,KGC
2017-02-06,4.11,KGC
2017-02-03,3.92,KGC
2017-02-02,3.92,KGC
2017-02-01,3.88,KGC
2017-01-31,3.9,KGC
2017-01-30,3.69,KGC
2017-01-27,3.61,KGC
2017-01-26,3.59,KGC
2017-01-25,3.71,KGC
2017-01-24,3.84,KGC
2017-01-23,3.75,KGC
2017-01-20,3.59,KGC
2017-01-19,3.52,KGC
2017-01-18,3.56,KGC
2017-01-17,3.63,KGC
2017-01-13,3.36,KGC
2017-01-12,3.31,KGC
2017-01-11,3.37,KGC
2017-01-10,3.39,KGC
2017-01-09,3.34,KGC
2017-01-06,3.35,KGC
2017-01-05,3.46,KGC
2017-01-04,3.29,KGC
2017-01-03,3.29,KGC
2016-12-30,3.11,KGC
2016-12-29,3.27,KGC
2016-12-28,3.11,KGC
2016-12-27,3.04,KGC
2016-12-23,2.94,KGC
2016-12-22,2.91,KGC
2016-12-21,2.98,KGC
2016-12-20,3.03,KGC
2016-12-19,3.01,KGC
2016-12-16,3.03,KGC
2016-12-15,3.13,KGC
2016-12-14,3.21,KGC
2016-12-13,3.4,KGC
2016-12-12,3.31,KGC
2016-12-09,3.21,KGC
2016-12-08,3.36,KGC
2016-12-07,3.4,KGC
2016-12-06,3.39,KGC
2016-12-05,3.41,KGC
2016-12-02,3.47,KGC
2016-12-01,3.31,KGC
2026-09-25,1.75,NFGC
2026-09-24,1.74,NFGC
2026-09-23,1.8,NFGC
2026-09-22,1.86,NFGC
2026-09-21,1.76,NFGC
2026-09-18,1.84,NFGC
2026-09-17,1.83,NFGC
2026-09-16,1.73,NFGC
2026-09-15,1.64,NFGC
2026-09-14,1.65,NFGC
2026-09-11,1.69,NFGC
2026-09-10,1.69,NFGC
2026-09-09,1.73,NFGC
2026-09-08,1.79,NFGC
2026-09-04,1.81,NFGC
2026-09-03,1.89,NFGC
2026-09-02,1.85,NFGC
2026-09-01,1.74,NFGC
2026-08-31,1.89,NFGC
2026-08-28,1.91,NFGC
2026-08-27,1.95,NFGC
2026-08-26,1.9,NFGC
2026-08-25,2.04,NFGC
2026-08-24,1.9,NFGC
2026-08-21,1.84,NFGC
2026-08-20,1.75,NFGC
2026-08-19,1.78,NFGC
2026-08-18,1.64,NFGC
2026-08-17,1.66,NFGC
2026-08-14,1.69,NFGC
2026-08-13,1.65,NFGC
2026-08-12,1.65,NFGC
2026-08-11,1.66,NFGC
2026-08-10,1.7,NFGC
2026-08-07,1.67,NFGC
2026-08-06,1.58,NFGC
2026-08-05,1.54,NFGC
2026-08-04,1.44,NFGC
2026-08-03,1.45,NFGC
2026-07-31,1.36,NFGC
2026-07-30,1.43,NFGC
2026-07-29,1.37,NFGC
2026-07-28,1.41,NFGC
2026-07-27,1.45,NFGC
2026-07-24,1.39,NFGC
2026-07-23,1.44,NFGC
2026-07-22,1.47,NFGC
2026-07-21,1.42,NFGC
2026-07-20,1.39,NFGC
2026-07-17,1.38,NFGC
2026-07-16,1.37,NFGC
2026-07-15,1.48,NFGC
2026-07-14,1.46,NFGC
2026-07-13,1.43,NFGC
2026-07-10,1.5,NFGC
2026-07-09,1.52,NFGC
2026-07-08,1.5,NFGC
2026-07-07,1.53,NFGC
2026-07-06,1.66,NFGC
2026-07-02,1.66,NFGC
2026-07-01,1.59,NFGC
2026-06-30,1.54,NFGC
2026-06-29,1.52,NFGC
2026-06-26,1.54,NFGC
2026-06-25,1.51,NFGC
2026-06-24,1.47,NFGC
2026-06-23,1.54,NFGC
2026-06-22,1.62,NFGC
2026-06-18,1.62,NFGC
2026-06-17,1.61,NFGC
2026-06-16,1.7,NFGC
2026-06-15,1.64,NFGC
2026-06-12,1.58,NFGC
2026-06-11,1.54,NFGC
2026-06-10,1.47,NFGC
2026-06-09,1.55,NFGC
2026-06-08,1.6,NFGC
2026-06-05,1.62,NFGC
2026-06-04,1.87,NFGC
2026-06-03,1.91,NFGC
2026-06-02,2.05,NFGC
2026-06-01,1.99,NFGC
2026-05-29,2.08,NFGC
2026-05-28,2.0,NFGC
2026-05-27,1.89,NFGC
2026-05-26,1.94,NFGC
2026-05-22,1.89,NFGC
2026-05-21,1.93,NFGC
2026-05-20,1.97,NFGC
2026-05-19,1.91,NFGC
2026-05-18,1.98,NFGC
2026-05-15,2.02,NFGC
2026-05-14,2.19,NFGC
2026-05-13,2.25,NFGC
2026-05-12,2.16,NFGC
2026-05-11,2.22,NFGC
2026-05-08,2.18,NFGC
2026-05-07,2.11,NFGC
2026-05-06,2.13,NFGC
2026-05-05,2.01,NFGC
2026-05-04,2.07,NFGC
2026-05-01,2.1,NFGC
2026-04-30,2.0,NFGC
2026-04-29,1.98,NFGC
2026-04-28,1.95,NFGC
2026-04-27,2.04,NFGC
2026-04-24,2.07,NFGC
2026-04-23,2.14,NFGC
2026-04-22,2.2,NFGC
2026-04-21,2.18,NFGC
2026-04-20,2.31,NFGC
2026-04-17,2.16,NFGC
2026-04-16,2.09,NFGC
2026-04-15,2.06,NFGC
2026-04-14,2.15,NFGC
2026-04-13,2.08,NFGC
2026-04-10,2.04,NFGC
2026-04-09,2.09,NFGC
2026-04-08,2.0,NFGC
2026-04-07,1.93,NFGC
2026-04-06,1.92,NFGC
2026-04-02,1.92,NFGC
2026-04-01,2.02,NFGC
2026-03-31,1.94,NFGC
2026-03-30,1.74,NFGC
2026-03-27,1.78,NFGC
2026-03-26,1.68,NFGC
2026-03-25,1.82,NFGC
2026-03-24,1.82,NFGC
2026-03-23,1.77,NFGC
2026-03-20,1.79,NFGC
2026-03-19,1.81,NFGC
2026-03-18,1.96,NFGC
2026-03-17,2.15,NFGC
2026-03-16,2.21,NFGC
2026-03-13,2.29,NFGC
2026-03-12,2.42,NFGC
2026-03-11,2.51,NFGC
2026-03-10,2.6,NFGC
2026-03-09,2.52,NFGC
2026-03-06,2.56,NFGC
2026-03-05,2.5,NFGC
2026-03-04,2.6,NFGC
2026-03-03,2.64,NFGC
2026-03-02,2.91,NFGC
2026-02-27,2.81,NFGC
2026-02-26,2.98,NFGC
2026-02-25,2.88,NFGC
2026-02-24,2.83,NFGC
2026-02-23,2.76,NFGC
2026-02-20,2.68,NFGC
2026-02-19,2.73,NFGC
2026-02-18,2.66,NFGC
2026-02-17,2.59,NFGC
2026-02-13,2.7,NFGC
2026-02-12,2.69,NFGC
2026-02-11,2.98,NFGC
2026-02-10,2.97,NFGC
2026-02-09,2.96,NFGC
2026-02-06,2.81,NFGC
2026-02-05,2.62,NFGC
2026-02-04,2.9,NFGC
2026-02-03,2.87,NFGC
2026-02-02,2.78,NFGC
2026-01-30,2.76,NFGC
2026-01-29,3.13,NFGC
2026-01-28,3.34,NFGC
2026-01-27,3.35,NFGC
2026-01-26,3.33,NFGC
2026-01-23,3.44,NFGC
2026-01-22,3.48,NFGC
2026-01-21,3.08,NFGC
2026-01-20,3.13,NFGC
2026-01-16,2.94,NFGC
2026-01-15,3.0,NFGC
2026-01-14,3.03,NFGC
2026-01-13,2.96,NFGC
2026-01-12,3.18,NFGC
2026-01-09,3.0,NFGC
2026-01-08,3.02,NFGC
2026-01-07,3.1,NFGC
2026-01-06,3.08,NFGC
2026-01-05,3.08,NFGC
2026-01-02,3.03,NFGC
2025-12-31,2.97,NFGC
2025-12-30,3.09,NFGC
2025-12-29,2.95,NFGC
2025-12-26,3.24,NFGC
2025-12-24,3.24,NFGC
2025-12-23,3.12,NFGC
2025-12-22,3.18,NFGC
2025-12-19,2.77,NFGC
2025-12-18,2.62,NFGC
2025-12-17,2.72,NFGC
2025-12-16,2.72,NFGC
2025-12-15,2.77,NFGC
2025-12-12,2.89,NFGC
2025-12-11,2.83,NFGC
2025-12-10,2.86,NFGC
2025-12-09,2.83,NFGC
2025-12-08,2.77,NFGC
2025-12-05,3.1,NFGC
2025-12-04,3.0,NFGC
2025-12-03,2.98,NFGC
2025-12-02,2.82,NFGC
2025-12-01,2.85,NFGC
2025-11-28,2.41,NFGC
2025-11-26,2.28,NFGC
2025-11-25,2.23,NFGC
2025-11-24,2.2,NFGC
2025-11-21,2.11,NFGC
2025-11-20,2.07,NFGC
2025-11-19,2.26,NFGC
2025-11-18,2.21,NFGC
2025-11-17,2.07,NFGC
2025-11-14,2.06,NFGC
2025-11-13,2.05,NFGC
2025-11-12,2.15,NFGC
2025-11-11,2.04,NFGC
2025-11-10,2.03,NFGC
2025-11-07,1.94,NFGC
2025-11-06,1.93,NFGC
2025-11-05,1.91,NFGC
2025-11-04,1.89,NFGC
2025-11-03,2.03,NFGC
2025-10-31,2.07,NFGC
2025-10-30,2.08,NFGC
2025-10-29,1.93,NFGC
2025-10-28,1.9,NFGC
2025-10-27,1.91,NFGC
2025-10-24,1.97,NFGC
2025-10-23,1.97,NFGC
2025-10-22,2.1,NFGC
2025-10-21,2.11,NFGC
2025-10-20,2.44,NFGC
2025-10-17,2.42,NFGC
2025-10-16,2.63,NFGC
2025-10-15,2.76,NFGC
2025-10-14,2.55,NFGC
2025-10-13,2.6,NFGC
2025-10-10,2.45,NFGC
2025-10-09,2.52,NFGC
2025-10-08,2.6,NFGC
2025-10-07,2.47,NFGC
2025-10-06,2.41,NFGC
2025-10-03,2.3,NFGC
2025-10-02,2.34,NFGC
2025-10-01,2.42,NFGC
2025-09-30,2.37,NFGC
2025-09-29,2.48,NFGC
2025-09-26,2.46,NFGC
2025-09-25,2.14,NFGC
2025-09-24,2.1,NFGC
2025-09-23,2.16,NFGC
2025-09-22,2.16,NFGC
2025-09-19,2.12,NFGC
2025-09-18,2.02,NFGC
2025-09-17,2.03,NFGC
2025-09-16,2.05,NFGC
2025-09-15,2.08,NFGC
2025-09-12,2.09,NFGC
2025-09-11,2.13,NFGC
2025-09-10,2.14,NFGC
2025-09-09,2.04,NFGC
2025-09-08,1.91,NFGC
2025-09-05,1.8,NFGC
2025-09-04,1.89,NFGC
2025-09-03,2.01,NFGC
2025-09-02,2.0,NFGC
2025-08-29,1.95,NFGC
2025-08-28,1.75,NFGC
2025-08-27,1.69,NFGC
2025-08-26,1.67,NFGC
2025-08-25,1.7,NFGC
2025-08-22,1.63,NFGC
2025-08-21,1.59,NFGC
2025-08-20,1.54,NFGC
2025-08-19,1.5,NFGC
2025-08-18,1.6,NFGC
2025-08-15,1.58,NFGC
2025-08-14,1.58,NFGC
2025-08-13,1.59,NFGC
2025-08-12,1.58,NFGC
2025-08-11,1.56,NFGC
2025-08-08,1.58,NFGC
2025-08-07,1.6,NFGC
2025-08-06,1.65,NFGC
2025-08-05,1.6,NFGC
2025-08-04,1.61,NFGC
2025-08-01,1.5,NFGC
2025-07-31,1.52,NFGC
2025-07-30,1.58,NFGC
2025-07-29,1.63,NFGC
2025-07-28,1.67,NFGC
2025-07-25,1.74,NFGC
2025-07-24,1.76,NFGC
2025-07-23,1.8,NFGC
2025-07-22,1.74,NFGC
2025-07-21,1.65,NFGC
2025-07-18,1.57,NFGC
2025-07-17,1.58,NFGC
2025-07-16,1.57,NFGC
2025-07-15,1.56,NFGC
2025-07-14,1.6,NFGC
2025-07-11,1.54,NFGC
2025-07-10,1.4,NFGC
2025-07-09,1.34,NFGC
2025-07-08,1.38,NFGC
2025-07-07,1.45,NFGC
2025-07-03,1.44,NFGC
2025-07-02,1.43,NFGC
2025-07-01,1.42,NFGC
2025-06-30,1.42,NFGC
2025-06-27,1.41,NFGC
2025-06-26,1.5,NFGC
2025-06-25,1.45,NFGC
2025-06-24,1.47,NFGC
2025-06-23,1.56,NFGC
2025-06-20,1.5,NFGC
2025-06-18,1.43,NFGC
2025-06-17,1.44,NFGC
2025-06-16,1.48,NFGC
2025-06-13,1.52,NFGC
2025-06-12,1.54,NFGC
2025-06-11,1.48,NFGC
2025-06-10,1.48,NFGC
2025-06-09,1.52,NFGC
2025-06-06,1.49,NFGC
2025-06-05,1.49,NFGC
2025-06-04,1.52,NFGC
2025-06-03,1.54,NFGC
2025-06-02,1.65,NFGC
2025-05-30,1.6,NFGC
2025-05-29,1.53,NFGC
2025-05-28,1.46,NFGC
2025-05-27,1.3,NFGC
2025-05-23,1.36,NFGC
2025-05-22,1.31,NFGC
2025-05-21,1.22,NFGC
2025-05-20,1.25,NFGC
2025-05-19,1.31,NFGC
2025-05-16,1.31,NFGC
2025-05-15,1.19,NFGC
2025-05-14,1.12,NFGC
2025-05-13,1.17,NFGC
2025-05-12,1.21,NFGC
2025-05-09,1.29,NFGC
2025-05-08,1.26,NFGC
2025-05-07,1.2,NFGC
2025-05-06,1.19,NFGC
2025-05-05,1.18,NFGC
2025-05-02,1.14,NFGC
2025-05-01,1.14,NFGC
2025-04-30,1.09,NFGC
2025-04-29,1.1,NFGC
2025-04-28,1.17,NFGC
2025-04-25,1.12,NFGC
2025-04-24,1.15,NFGC
2025-04-23,1.11,NFGC
2025-04-22,1.17,NFGC
2025-04-21,1.22,NFGC
2025-04-17,1.18,NFGC
2025-04-16,1.27,NFGC
2025-04-15,1.18,NFGC
2025-04-14,1.13,NFGC
2025-04-11,1.14,NFGC
2025-04-10,1.14,NFGC
2025-04-09,1.09,NFGC
2025-04-08,0.9715,NFGC
2025-04-07,0.97,NFGC
2025-04-04,0.9991,NFGC
2025-04-03,1.07,NFGC
2025-04-02,1.04,NFGC
2025-04-01,1.1,NFGC
2025-03-31,1.2,NFGC
2025-03-28,1.19,NFGC
2025-03-27,1.15,NFGC
2025-03-26,1.04,NFGC
2025-03-25,1.12,NFGC
2025-03-24,1.59,NFGC
2025-03-21,1.69,NFGC
2025-03-20,1.73,NFGC
2025-03-19,1.76,NFGC
2025-03-18,1.81,NFGC
2025-03-17,1.83,NFGC
2025-03-14,1.83,NFGC
2025-03-13,1.83,NFGC
2025-03-12,1.75,NFGC
2025-03-11,1.75,NFGC
2025-03-10,1.65,NFGC
2025-03-07,1.74,NFGC
2025-03-06,1.81,NFGC
2025-03-05,1.77,NFGC
2025-03-04,1.68,NFGC
2025-03-03,1.73,NFGC
2025-02-28,1.86,NFGC
2025-02-27,1.83,NFGC
2025-02-26,1.93,NFGC
2025-02-25,1.84,NFGC
2025-02-24,1.79,NFGC
2025-02-21,1.81,NFGC
2025-02-20,1.9,NFGC
2025-02-19,1.8,NFGC
2025-02-18,1.83,NFGC
2025-02-14,1.73,NFGC
2025-02-13,1.85,NFGC
2025-02-12,1.87,NFGC
2025-02-11,1.87,NFGC
2025-02-10,1.82,NFGC
2025-02-07,1.73,NFGC
2025-02-06,1.69,NFGC
2025-02-05,1.8,NFGC
2025-02-04,1.75,NFGC
2025-02-03,1.66,NFGC
2025-01-31,1.69,NFGC
2025-01-30,1.76,NFGC
2025-01-29,1.63,NFGC
2025-01-28,1.7,NFGC
2025-01-27,1.72,NFGC
2025-01-24,1.79,NFGC
2025-01-23,1.73,NFGC
2025-01-22,1.77,NFGC
2025-01-21,1.77,NFGC
2025-01-17,1.71,NFGC
2025-01-16,1.73,NFGC
2025-01-15,1.72,NFGC
2025-01-14,1.78,NFGC
2025-01-13,1.78,NFGC
2025-01-10,1.86,NFGC
2025-01-08,1.89,NFGC
2025-01-07,1.82,NFGC
2025-01-06,1.82,NFGC
2025-01-03,1.87,NFGC
2025-01-02,1.93,NFGC
2024-12-31,1.82,NFGC
2024-12-30,1.68,NFGC
2024-12-27,1.75,NFGC
2024-12-26,1.69,NFGC
2024-12-24,1.61,NFGC
2024-12-23,1.6,NFGC
2024-12-20,1.63,NFGC
2024-12-19,1.56,NFGC
2024-12-18,1.54,NFGC
2024-12-17,1.58,NFGC
2024-12-16,1.61,NFGC
2024-12-13,1.62,NFGC
2024-12-12,1.67,NFGC
2024-12-11,1.77,NFGC
2024-12-10,1.72,NFGC
2024-12-09,1.74,NFGC
2024-12-06,1.64,NFGC
2024-12-05,1.7,NFGC
2024-12-04,1.75,NFGC
2024-12-03,1.76,NFGC
2024-12-02,1.75,NFGC
2024-11-29,1.81,NFGC
2024-11-27,1.77,NFGC
2024-11-26,1.66,NFGC
2024-11-25,1.65,NFGC
2024-11-22,1.64,NFGC
2024-11-21,1.62,NFGC
2024-11-20,1.65,NFGC
2024-11-19,1.78,NFGC
2024-11-18,1.85,NFGC
2024-11-15,1.86,NFGC
2024-11-14,1.89,NFGC
2024-11-13,1.86,NFGC
2024-11-12,1.97,NFGC
2024-11-11,2.07,NFGC
2024-11-08,2.2,NFGC
2024-11-07,2.37,NFGC
2024-11-06,2.12,NFGC
2024-11-05,2.23,NFGC
2024-11-04,2.25,NFGC
2024-11-01,2.24,NFGC
2024-10-31,2.25,NFGC
2024-10-30,2.28,NFGC
2024-10-29,2.34,NFGC
2024-10-28,2.25,NFGC
2024-10-25,2.41,NFGC
2024-10-24,2.49,NFGC
2024-10-23,2.53,NFGC
2024-10-22,2.61,NFGC
2024-10-21,2.72,NFGC
2024-10-18,2.74,NFGC
2024-10-17,2.61,NFGC
2024-10-16,2.5,NFGC
2024-10-15,2.49,NFGC
2024-10-14,2.44,NFGC
2024-10-11,2.41,NFGC
2024-10-10,2.42,NFGC
2024-10-09,2.36,NFGC
2024-10-08,2.4,NFGC
2024-10-07,2.45,NFGC
2024-10-04,2.51,NFGC
2024-10-03,2.58,NFGC
2024-10-02,2.56,NFGC
2024-10-01,2.64,NFGC
2024-09-30,2.53,NFGC
2024-09-27,2.6,NFGC
2024-09-26,2.77,NFGC
2024-09-25,2.7,NFGC
2024-09-24,2.77,NFGC
2024-09-23,2.53,NFGC
2024-09-20,2.59,NFGC
2024-09-19,2.56,NFGC
2024-09-18,2.67,NFGC
2024-09-17,2.75,NFGC
2024-09-16,2.76,NFGC
2024-09-13,2.83,NFGC
2024-09-12,2.68,NFGC
2024-09-11,2.59,NFGC
2024-09-10,2.55,NFGC
2024-09-09,2.43,NFGC
2024-09-06,2.47,NFGC
2024-09-05,2.59,NFGC
2024-09-04,2.57,NFGC
2024-09-03,2.57,NFGC
2024-08-30,2.68,NFGC
2024-08-29,2.73,NFGC
2024-08-28,2.69,NFGC
2024-08-27,2.78,NFGC
2024-08-26,2.93,NFGC
2024-08-23,2.99,NFGC
2024-08-22,2.93,NFGC
2024-08-21,3.07,NFGC
2024-08-20,2.99,NFGC
2024-08-19,2.99,NFGC
2024-08-16,2.77,NFGC
2024-08-15,2.59,NFGC
2024-08-14,2.54,NFGC
2024-08-13,2.66,NFGC
2024-08-12,2.59,NFGC
2024-08-09,2.4,NFGC
2024-08-08,2.45,NFGC
2024-08-07,2.39,NFGC
2024-08-06,2.43,NFGC
2024-08-05,2.41,NFGC
2024-08-02,2.53,NFGC
2024-08-01,2.66,NFGC
2024-07-31,2.72,NFGC
2024-07-30,2.67,NFGC
2024-07-29,2.62,NFGC
2024-07-26,2.68,NFGC
2024-07-25,2.66,NFGC
2024-07-24,2.74,NFGC
2024-07-23,2.77,NFGC
2024-07-22,2.86,NFGC
2024-07-19,2.85,NFGC
2024-07-18,3.0,NFGC
2024-07-17,3.2,NFGC
2024-07-16,3.46,NFGC
2024-07-15,3.47,NFGC
2024-07-12,3.27,NFGC
2024-07-11,3.13,NFGC
2024-07-10,3.04,NFGC
2024-07-09,2.76,NFGC
2024-07-08,2.8,NFGC
2024-07-05,2.9,NFGC
2024-07-03,2.74,NFGC
2024-07-02,2.75,NFGC
2024-07-01,2.82,NFGC
2024-06-28,2.82,NFGC
2024-06-27,2.89,NFGC
2024-06-26,2.92,NFGC
2024-06-25,2.82,NFGC
2024-06-24,3.0,NFGC
2024-06-21,3.09,NFGC
2024-06-20,3.15,NFGC
2024-06-18,3.14,NFGC
2024-06-17,3.16,NFGC
2024-06-14,3.14,NFGC
2024-06-13,3.19,NFGC
2024-06-12,3.32,NFGC
2024-06-11,3.33,NFGC
2024-06-10,3.25,NFGC
2024-06-07,3.2,NFGC
2024-06-06,3.5,NFGC
2024-06-05,3.44,NFGC
2024-06-04,3.38,NFGC
2024-06-03,3.5,NFGC
2024-05-31,3.48,NFGC
2024-05-30,3.52,NFGC
2024-05-29,3.56,NFGC
2024-05-28,3.67,NFGC
2024-05-24,3.61,NFGC
2024-05-23,3.6,NFGC
2024-05-22,3.68,NFGC
2024-05-21,3.86,NFGC
2024-05-20,4.03,NFGC
2024-05-17,3.78,NFGC
2024-05-16,3.57,NFGC
2024-05-15,3.55,NFGC
2024-05-14,3.49,NFGC
2024-05-13,3.44,NFGC
2024-05-10,3.57,NFGC
2024-05-09,3.6,NFGC
2024-05-08,3.59,NFGC
2024-05-07,3.64,NFGC
2024-05-06,3.59,NFGC
2024-05-03,3.51,NFGC
2024-05-02,3.53,NFGC
2024-05-01,3.56,NFGC
2024-04-30,3.56,NFGC
2024-04-29,3.73,NFGC
2024-04-26,3.75,NFGC
2024-04-25,3.71,NFGC
2024-04-24,3.66,NFGC
2024-04-23,3.8,NFGC
2024-04-22,3.61,NFGC
2024-04-19,3.68,NFGC
2024-04-18,3.68,NFGC
2024-04-17,3.63,NFGC
2024-04-16,3.63,NFGC
2024-04-15,3.76,NFGC
2024-04-12,3.88,NFGC
2024-04-11,3.87,NFGC
2024-04-10,3.86,NFGC
2024-04-09,3.9,NFGC
2024-04-08,3.98,NFGC
2024-04-05,3.9,NFGC
2024-04-04,3.63,NFGC
2024-04-03,3.74,NFGC
2024-04-02,3.67,NFGC
2024-04-01,3.65,NFGC
2024-03-28,3.7,NFGC
2024-03-27,3.52,NFGC
2024-03-26,3.36,NFGC
2024-03-25,3.32,NFGC
2024-03-22,3.43,NFGC
2024-03-21,3.5,NFGC
2024-03-20,3.55,NFGC
2024-03-19,3.47,NFGC
2024-03-18,3.56,NFGC
2024-03-15,3.64,NFGC
2024-03-14,3.71,NFGC
2024-03-13,3.77,NFGC
2024-03-12,3.59,NFGC
2024-03-11,3.59,NFGC
2024-03-08,3.52,NFGC
2024-03-07,3.47,NFGC
2024-03-06,3.44,NFGC
2024-03-05,3.38,NFGC
2024-03-04,3.36,NFGC
2024-03-01,3.21,NFGC
2024-02-29,3.07,NFGC
2024-02-28,3.05,NFGC
2024-02-27,3.09,NFGC
2024-02-26,3.12,NFGC
2024-02-23,3.17,NFGC
2024-02-22,3.12,NFGC
2024-02-21,3.23,NFGC
2024-02-20,3.29,NFGC
2024-02-16,3.4,NFGC
2024-02-15,3.37,NFGC
2024-02-14,3.25,NFGC
2024-02-13,3.24,NFGC
2024-02-12,3.34,NFGC
2024-02-09,3.22,NFGC
2024-02-08,3.25,NFGC
2024-02-07,3.32,NFGC
2024-02-06,3.31,NFGC
2024-02-05,3.22,NFGC
2024-02-02,3.26,NFGC
2024-02-01,3.42,NFGC
2024-01-31,3.22,NFGC
2024-01-30,3.2,NFGC
2024-01-29,3.19,NFGC
2024-01-26,3.12,NFGC
2024-01-25,3.08,NFGC
2024-01-24,3.07,NFGC
2024-01-23,3.15,NFGC
2024-01-22,3.06,NFGC
2024-01-19,3.11,NFGC
2024-01-18,3.12,NFGC
2024-01-17,3.14,NFGC
2024-01-16,3.22,NFGC
2024-01-12,3.31,NFGC
2024-01-11,3.3,NFGC
2024-01-10,3.38,NFGC
2024-01-09,3.38,NFGC
2024-01-08,3.45,NFGC
2024-01-05,3.52,NFGC
2024-01-04,3.56,NFGC
2024-01-03,3.38,NFGC
2024-01-02,3.41,NFGC
2023-12-29,3.5,NFGC
2023-12-28,3.52,NFGC
2023-12-27,3.58,NFGC
2023-12-26,3.54,NFGC
2023-12-22,3.5,NFGC
2023-12-21,3.48,NFGC
2023-12-20,3.5,NFGC
2023-12-19,3.64,NFGC
2023-12-18,3.5,NFGC
2023-12-15,3.55,NFGC
2023-12-14,3.57,NFGC
2023-12-13,3.59,NFGC
2023-12-12,3.35,NFGC
2023-12-11,3.52,NFGC
2023-12-08,3.52,NFGC
2023-12-07,3.55,NFGC
2023-12-06,3.55,NFGC
2023-12-05,3.59,NFGC
2023-12-04,3.74,NFGC
2023-12-01,3.8,NFGC
2023-11-30,3.74,NFGC
2023-11-29,3.78,NFGC
2023-11-28,3.89,NFGC
2023-11-27,3.65,NFGC
2023-11-24,3.68,NFGC
2023-11-22,3.62,NFGC
2023-11-21,3.67,NFGC
2023-11-20,3.6,NFGC
2023-11-17,3.59,NFGC
2023-11-16,3.64,NFGC
2023-11-15,3.51,NFGC
2023-11-14,3.61,NFGC
2023-11-13,3.45,NFGC
2023-11-10,3.49,NFGC
2023-11-09,3.6,NFGC
2023-11-08,3.65,NFGC
2023-11-07,3.7,NFGC
2023-11-06,3.74,NFGC
2023-11-03,3.81,NFGC
2023-11-02,3.71,NFGC
2023-11-01,3.71,NFGC
2023-10-31,3.76,NFGC
2023-10-30,4.31,NFGC
2023-10-27,4.27,NFGC
2023-10-26,4.12,NFGC
2023-10-25,4.26,NFGC
2023-10-24,4.41,NFGC
2023-10-23,4.35,NFGC
2023-10-20,4.32,NFGC
2023-10-19,4.25,NFGC
2023-10-18,4.24,NFGC
2023-10-17,4.26,NFGC
2023-10-16,4.22,NFGC
2023-10-13,4.2,NFGC
2023-10-12,3.98,NFGC
2023-10-11,4.07,NFGC
2023-10-10,4.06,NFGC
2023-10-09,4.1,NFGC
2023-10-06,4.07,NFGC
2023-10-05,3.86,NFGC
2023-10-04,3.8,NFGC
2023-10-03,3.88,NFGC
2023-10-02,3.9,NFGC
2023-09-29,4.17,NFGC
2023-09-28,4.18,NFGC
2023-09-27,4.09,NFGC
2023-09-26,4.17,NFGC
2023-09-25,4.23,NFGC
2023-09-22,4.2,NFGC
2023-09-21,4.3,NFGC
2023-09-20,4.38,NFGC
2023-09-19,4.4,NFGC
2023-09-18,4.47,NFGC
2023-09-15,4.4,NFGC
2023-09-14,4.44,NFGC
2023-09-13,4.3,NFGC
2023-09-12,4.16,NFGC
2023-09-11,4.19,NFGC
2023-09-08,4.18,NFGC
2023-09-07,4.16,NFGC
2023-09-06,4.15,NFGC
2023-09-05,4.31,NFGC
2023-09-01,4.32,NFGC
2023-08-31,4.39,NFGC
2023-08-30,4.39,NFGC
2023-08-29,4.52,NFGC
2023-08-28,4.55,NFGC
2023-08-25,4.3,NFGC
2023-08-24,4.47,NFGC
2023-08-23,4.56,NFGC
2023-08-22,4.48,NFGC
2023-08-21,4.46,NFGC
2023-08-18,4.43,NFGC
2023-08-17,4.45,NFGC
2023-08-16,4.38,NFGC
2023-08-15,4.43,NFGC
2023-08-14,4.47,NFGC
2023-08-11,4.4,NFGC
2023-08-10,4.3,NFGC
2023-08-09,4.31,NFGC
2023-08-08,4.33,NFGC
2023-08-07,4.31,NFGC
2023-08-04,4.31,NFGC
2023-08-03,4.44,NFGC
2023-08-02,4.44,NFGC
2023-08-01,4.49,NFGC
2023-07-31,4.79,NFGC
2023-07-28,4.55,NFGC
2023-07-27,4.47,NFGC
2023-07-26,4.66,NFGC
2023-07-25,4.7,NFGC
2023-07-24,4.77,NFGC
2023-07-21,4.81,NFGC
2023-07-20,4.96,NFGC
2023-07-19,5.02,NFGC
2023-07-18,5.01,NFGC
2023-07-17,4.98,NFGC
2023-07-14,5.03,NFGC
2023-07-13,5.17,NFGC
2023-07-12,5.25,NFGC
2023-07-11,5.07,NFGC
2023-07-10,4.95,NFGC
2023-07-07,4.92,NFGC
2023-07-06,4.82,NFGC
2023-07-05,5.0,NFGC
2023-07-03,5.07,NFGC
2023-06-30,4.95,NFGC
2023-06-29,4.74,NFGC
2023-06-28,4.69,NFGC
2023-06-27,4.71,NFGC
2023-06-26,4.76,NFGC
2023-06-23,4.74,NFGC
2023-06-22,4.7,NFGC
2023-06-21,4.7,NFGC
2023-06-20,4.68,NFGC
2023-06-16,4.86,NFGC
2023-06-15,4.93,NFGC
2023-06-14,4.71,NFGC
2023-06-13,4.67,NFGC
2023-06-12,4.64,NFGC
2023-06-09,4.67,NFGC
2023-06-08,4.78,NFGC
2023-06-07,4.75,NFGC
2023-06-06,4.92,NFGC
2023-06-05,4.96,NFGC
2023-06-02,4.44,NFGC
2023-06-01,4.53,NFGC
2023-05-31,4.46,NFGC
2023-05-30,4.24,NFGC
2023-05-26,4.15,NFGC
2023-05-25,4.19,NFGC
2023-05-24,4.29,NFGC
2023-05-23,4.43,NFGC
2023-05-22,4.48,NFGC
2023-05-19,4.39,NFGC
2023-05-18,4.23,NFGC
2023-05-17,4.45,NFGC
2023-05-16,4.35,NFGC
2023-05-15,4.52,NFGC
2023-05-12,4.61,NFGC
2023-05-11,4.71,NFGC
2023-05-10,4.83,NFGC
2023-05-09,4.87,NFGC
2023-05-08,4.93,NFGC
2023-05-05,5.05,NFGC
2023-05-04,5.14,NFGC
2023-05-03,4.84,NFGC
2023-05-02,4.83,NFGC
2023-05-01,4.58,NFGC
2023-04-28,4.57,NFGC
2023-04-27,4.63,NFGC
2023-04-26,4.6,NFGC
2023-04-25,4.57,NFGC
2023-04-24,4.6,NFGC
2023-04-21,4.7,NFGC
2023-04-20,4.85,NFGC
2023-04-19,4.94,NFGC
2023-04-18,5.16,NFGC
2023-04-17,5.19,NFGC
2023-04-14,5.26,NFGC
2023-04-13,5.41,NFGC
2023-04-12,5.56,NFGC
2023-04-11,5.42,NFGC
2023-04-10,5.11,NFGC
2023-04-06,5.26,NFGC
2023-04-05,5.19,NFGC
2023-04-04,5.42,NFGC
2023-04-03,5.14,NFGC
2023-03-31,5.0,NFGC
2023-03-30,5.12,NFGC
2023-03-29,5.06,NFGC
2023-03-28,5.07,NFGC
2023-03-27,4.7,NFGC
2023-03-24,4.64,NFGC
2023-03-23,4.77,NFGC
2023-03-22,4.72,NFGC
2023-03-21,4.62,NFGC
2023-03-20,4.76,NFGC
2023-03-17,4.33,NFGC
2023-03-16,4.12,NFGC
2023-03-15,4.31,NFGC
2023-03-14,4.11,NFGC
2023-03-13,3.98,NFGC
2023-03-10,3.52,NFGC
2023-03-09,3.54,NFGC
2023-03-08,3.46,NFGC
2023-03-07,3.49,NFGC
2023-03-06,3.62,NFGC
2023-03-03,3.74,NFGC
2023-03-02,3.68,NFGC
2023-03-01,3.85,NFGC
2023-02-28,3.42,NFGC
2023-02-27,3.42,NFGC
2023-02-24,3.34,NFGC
2023-02-23,3.35,NFGC
2023-02-22,3.31,NFGC
2023-02-21,3.49,NFGC
2023-02-17,3.59,NFGC
2023-02-16,3.58,NFGC
2023-02-15,3.55,NFGC
2023-02-14,3.64,NFGC
2023-02-13,3.62,NFGC
2023-02-10,3.7,NFGC
2023-02-09,3.64,NFGC
2023-02-08,3.815,NFGC
2023-02-07,3.87,NFGC
2023-02-06,3.825,NFGC
2023-02-03,3.83,NFGC
2023-02-02,3.9,NFGC
2023-02-01,4.05,NFGC
2023-01-31,3.87,NFGC
2023-01-30,3.84,NFGC
2023-01-27,3.95,NFGC
2023-01-26,3.93,NFGC
2023-01-25,4.1,NFGC
2023-01-24,4.01,NFGC
2023-01-23,3.73,NFGC
2023-01-20,3.72,NFGC
2023-01-19,3.77,NFGC
2023-01-18,3.66,NFGC
2023-01-17,3.84,NFGC
2023-01-13,3.92,NFGC
2023-01-12,4.07,NFGC
2023-01-11,3.85,NFGC
2023-01-10,3.985,NFGC
2023-01-09,4.07,NFGC
2023-01-06,4.08,NFGC
2023-01-05,4.01,NFGC
2023-01-04,4.18,NFGC
2023-01-03,4.14,NFGC
2022-12-30,4.04,NFGC
2022-12-29,3.91,NFGC
2022-12-28,3.95,NFGC
2022-12-27,4.09,NFGC
2022-12-23,3.94,NFGC
2022-12-22,3.77,NFGC
2022-12-21,3.88,NFGC
2022-12-20,3.78,NFGC
2022-12-19,3.78,NFGC
2022-12-16,3.92,NFGC
2022-12-15,3.95,NFGC
2022-12-14,4.01,NFGC
2022-12-13,4.04,NFGC
2022-12-12,4.055,NFGC
2022-12-09,4.05,NFGC
2022-12-08,4.09,NFGC
2022-12-07,4.52,NFGC
2022-12-06,4.56,NFGC
2022-12-05,4.79,NFGC
2022-12-02,4.84,NFGC
2022-12-01,4.59,NFGC
2022-11-30,4.42,NFGC
2022-11-29,4.48,NFGC
2022-11-28,4.23,NFGC
2022-11-25,3.65,NFGC
2022-11-23,3.78,NFGC
2022-11-22,3.74,NFGC
2022-11-21,3.56,NFGC
2022-11-18,3.6,NFGC
2022-11-17,3.59,NFGC
2022-11-16,3.68,NFGC
2022-11-15,3.6199,NFGC
2022-11-14,3.71,NFGC
2022-11-11,3.8,NFGC
2022-11-10,3.81,NFGC
2022-11-09,3.46,NFGC
2022-11-08,3.69,NFGC
2022-11-07,3.69,NFGC
2022-11-04,3.68,NFGC
2022-11-03,3.5,NFGC
2022-11-02,3.4,NFGC
2022-11-01,3.66,NFGC
2022-10-31,3.595,NFGC
2022-10-28,3.48,NFGC
2022-10-27,3.4,NFGC
2022-10-26,3.47,NFGC
2022-10-25,3.48,NFGC
2022-10-24,3.47,NFGC
2022-10-21,3.57,NFGC
2022-10-20,3.59,NFGC
2022-10-19,3.57,NFGC
2022-10-18,3.77,NFGC
2022-10-17,3.72,NFGC
2022-10-14,3.56,NFGC
2022-10-13,3.67,NFGC
2022-10-12,3.78,NFGC
2022-10-11,3.7,NFGC
2022-10-10,3.58,NFGC
2022-10-07,3.74,NFGC
2022-10-06,3.8,NFGC
2022-10-05,3.83,NFGC
2022-10-04,3.82,NFGC
2022-10-03,3.83,NFGC
2022-09-30,3.53,NFGC
2022-09-29,3.38,NFGC
2022-09-28,3.37,NFGC
2022-09-27,3.22,NFGC
2022-09-26,3.13,NFGC
2022-09-23,3.32,NFGC
2022-09-22,3.69,NFGC
2022-09-21,3.69,NFGC
2022-09-20,3.76,NFGC
2022-09-19,3.76,NFGC
2022-09-16,3.73,NFGC
2022-09-15,3.67,NFGC
2022-09-14,3.86,NFGC
2022-09-13,3.58,NFGC
2022-09-12,3.54,NFGC
2022-09-09,3.53,NFGC
2022-09-08,3.28,NFGC
2022-09-07,3.46,NFGC
2022-09-06,3.25,NFGC
2022-09-02,3.49,NFGC
2022-09-01,3.48,NFGC
2022-08-31,3.61,NFGC
2022-08-30,3.69,NFGC
2022-08-29,3.7819,NFGC
2022-08-26,3.97,NFGC
2022-08-25,4.05,NFGC
2022-08-24,4.05,NFGC
2022-08-23,4.07,NFGC
2022-08-22,3.98,NFGC
2022-08-19,4.09,NFGC
2022-08-18,4.19,NFGC
2022-08-17,4.18,NFGC
2022-08-16,4.31,NFGC
2022-08-15,4.33,NFGC
2022-08-12,4.34,NFGC
2022-08-11,4.09,NFGC
2022-08-10,4.14,NFGC
2022-08-09,4.0,NFGC
2022-08-08,4.37,NFGC
2022-08-05,4.26,NFGC
2022-08-04,4.2,NFGC
2022-08-03,3.93,NFGC
2022-08-02,4.1,NFGC
2022-08-01,4.34,NFGC
2022-07-29,4.32,NFGC
2022-07-28,4.16,NFGC
2022-07-27,3.7478,NFGC
2022-07-26,3.77,NFGC
2022-07-25,3.87,NFGC
2022-07-22,4.0,NFGC
2022-07-21,4.2,NFGC
2022-07-20,3.9,NFGC
2022-07-19,4.035,NFGC
2022-07-18,3.85,NFGC
2022-07-15,4.0,NFGC
2022-07-14,4.05,NFGC
2022-07-13,4.13,NFGC
2022-07-12,4.01,NFGC
2022-07-11,4.32,NFGC
2022-07-08,4.49,NFGC
2022-07-07,4.29,NFGC
2022-07-06,4.34,NFGC
2022-07-05,4.27,NFGC
2022-07-01,4.72,NFGC
2022-06-30,4.72,NFGC
2022-06-29,4.66,NFGC
2022-06-28,4.73,NFGC
2022-06-27,4.87,NFGC
2022-06-24,4.86,NFGC
2022-06-23,4.77,NFGC
2022-06-22,5.25,NFGC
2022-06-21,5.31,NFGC
2022-06-17,5.31,NFGC
2022-06-16,5.44,NFGC
2022-06-15,5.32,NFGC
2022-06-14,5.22,NFGC
2022-06-13,5.38,NFGC
2022-06-10,5.66,NFGC
2022-06-09,5.44,NFGC
2022-06-08,5.71,NFGC
2022-06-07,5.86,NFGC
2022-06-06,5.67,NFGC
2022-06-03,5.72,NFGC
2022-06-02,5.94,NFGC
2022-06-01,5.55,NFGC
2022-05-31,5.64,NFGC
2022-05-27,5.68,NFGC
2022-05-26,5.66,NFGC
2022-05-25,5.78,NFGC
2022-05-24,5.92,NFGC
2022-05-23,6.06,NFGC
2022-05-20,5.9,NFGC
2022-05-19,6.16,NFGC
2022-05-18,5.67,NFGC
2022-05-17,5.49,NFGC
2022-05-16,5.38,NFGC
2022-05-13,5.48,NFGC
2022-05-12,5.25,NFGC
2022-05-11,5.45,NFGC
2022-05-10,5.67,NFGC
2022-05-09,6.01,NFGC
2022-05-06,6.51,NFGC
2022-05-05,6.72,NFGC
2022-05-04,7.15,NFGC
2022-05-03,6.38,NFGC
2022-05-02,6.29,NFGC
2022-04-29,6.54,NFGC
2022-04-28,6.84,NFGC
2022-04-27,6.26,NFGC
2022-04-26,6.49,NFGC
2022-04-25,6.49,NFGC
2022-04-22,6.68,NFGC
2022-04-21,7.07,NFGC
2022-04-20,7.41,NFGC
2022-04-19,7.49,NFGC
2022-04-18,6.96,NFGC
2022-04-14,7.05,NFGC
2022-04-13,7.08,NFGC
2022-04-12,6.55,NFGC
2022-04-11,6.1,NFGC
2022-04-08,6.08,NFGC
2022-04-07,6.04,NFGC
2022-04-06,5.84,NFGC
2022-04-05,6.05,NFGC
2022-04-04,6.17,NFGC
2022-04-01,6.38,NFGC
2022-03-31,6.12,NFGC
2022-03-30,6.17,NFGC
2022-03-29,6.09,NFGC
2022-03-28,6.18,NFGC
2022-03-25,6.27,NFGC
2022-03-24,6.19,NFGC
2022-03-23,5.98,NFGC
2022-03-22,5.94,NFGC
2022-03-21,5.95,NFGC
2022-03-18,6.01,NFGC
2022-03-17,6.18,NFGC
2022-03-16,6.0,NFGC
2022-03-15,5.74,NFGC
2022-03-14,5.76,NFGC
2022-03-11,6.15,NFGC
2022-03-10,6.29,NFGC
2022-03-09,6.2,NFGC
2022-03-08,6.33,NFGC
2022-03-07,6.23,NFGC
2022-03-04,6.19,NFGC
2022-03-03,6.27,NFGC
2022-03-02,6.19,NFGC
2022-03-01,6.26,NFGC
2022-02-28,6.16,NFGC
2022-02-25,6.33,NFGC
2022-02-24,6.27,NFGC
2022-02-23,6.71,NFGC
2022-02-22,6.06,NFGC
2022-02-18,6.32,NFGC
2022-02-17,6.285,NFGC
2022-02-16,6.44,NFGC
2022-02-15,6.26,NFGC
2022-02-14,6.33,NFGC
2022-02-11,6.32,NFGC
2022-02-10,6.13,NFGC
2022-02-09,6.32,NFGC
2022-02-08,6.23,NFGC
2022-02-07,6.42,NFGC
2022-02-04,5.97,NFGC
2022-02-03,5.91,NFGC
2022-02-02,6.11,NFGC
2022-02-01,6.21,NFGC
2022-01-31,6.11,NFGC
2022-01-28,6.0,NFGC
2022-01-27,5.95,NFGC
2022-01-26,6.19,NFGC
2022-01-25,6.43,NFGC
2022-01-24,6.2,NFGC
2022-01-21,6.34,NFGC
2022-01-20,6.65,NFGC
2022-01-19,6.6,NFGC
2022-01-18,6.01,NFGC
2022-01-14,6.22,NFGC
2022-01-13,6.45,NFGC
2022-01-12,6.72,NFGC
2022-01-11,6.61,NFGC
2022-01-10,6.77,NFGC
2022-01-07,6.56,NFGC
2022-01-06,6.46,NFGC
2022-01-05,6.78,NFGC
2022-01-04,7.46,NFGC
2022-01-03,7.09,NFGC
2021-12-31,7.09,NFGC
2021-12-30,6.89,NFGC
2021-12-29,6.65,NFGC
2021-12-28,6.77,NFGC
2021-12-27,6.935,NFGC
2021-12-23,6.74,NFGC
2021-12-22,6.57,NFGC
2021-12-21,6.07,NFGC
2021-12-20,6.06,NFGC
2021-12-17,6.23,NFGC
2021-12-16,6.21,NFGC
2021-12-15,5.36,NFGC
2021-12-14,5.52,NFGC
2021-12-13,5.76,NFGC
2021-12-10,5.7,NFGC
2021-12-09,5.86,NFGC
2021-12-08,5.8,NFGC
2021-12-07,5.88,NFGC
2021-12-06,5.65,NFGC
2021-12-03,5.4,NFGC
2021-12-02,5.45,NFGC
2021-12-01,5.55,NFGC
2021-11-30,5.7,NFGC
2021-11-29,5.75,NFGC
2021-11-26,5.87,NFGC
2021-11-24,5.98,NFGC
2021-11-23,5.79,NFGC
2021-11-22,5.95,NFGC
2021-11-19,6.15,NFGC
2021-11-18,6.39,NFGC
2021-11-17,6.64,NFGC
2021-11-16,6.74,NFGC
2021-11-15,6.89,NFGC
2021-11-12,6.78,NFGC
2021-11-11,6.17,NFGC
2021-11-10,5.69,NFGC
2021-11-09,5.78,NFGC
2021-11-08,5.92,NFGC
2021-11-05,6.49,NFGC
2021-11-04,7.46,NFGC
2021-11-03,7.74,NFGC
2021-11-02,7.789,NFGC
2021-11-01,7.94,NFGC
2021-10-29,7.83,NFGC
2021-10-28,8.1662,NFGC
2021-10-27,8.196,NFGC
2021-10-26,8.46,NFGC
2021-10-25,8.63,NFGC
2021-10-22,8.09,NFGC
2021-10-21,7.99,NFGC
2021-10-20,7.94,NFGC
2021-10-19,7.6,NFGC
2021-10-18,7.25,NFGC
2021-10-15,7.12,NFGC
2021-10-14,7.3,NFGC
2021-10-13,7.22,NFGC
2021-10-12,6.48,NFGC
2021-10-11,6.29,NFGC
2021-10-08,6.29,NFGC
2021-10-07,6.28,NFGC
2021-10-06,6.33,NFGC
2021-10-05,6.4,NFGC
2021-10-04,6.54,NFGC
2021-10-01,6.25,NFGC
2021-09-30,6.1392,NFGC
2021-09-29,6.09,NFGC
2021-09-28,6.3796,NFGC
2021-09-27,6.79,NFGC
2021-09-24,6.885,NFGC
2021-09-23,6.07,NFGC
2021-09-22,5.68,NFGC
2021-09-21,5.46,NFGC
2021-09-20,5.31,NFGC
2021-09-17,5.6751,NFGC
2021-09-16,5.95,NFGC
2021-09-15,6.27,NFGC
2021-09-14,6.1747,NFGC
2021-09-13,6.35,NFGC
2021-09-10,6.65,NFGC
2021-09-09,6.73,NFGC
2021-09-08,6.8691,NFGC
2021-09-07,7.04,NFGC
2021-09-03,7.2,NFGC
2021-09-02,7.0464,NFGC
2021-09-01,7.03,NFGC
2021-08-31,6.8642,NFGC
2021-08-30,6.74,NFGC
2021-08-27,6.8,NFGC
2021-08-26,6.5396,NFGC
2021-08-25,6.7582,NFGC
2021-08-24,7.15,NFGC
2021-08-23,6.84,NFGC
2021-08-20,6.7095,NFGC
2021-08-19,6.7782,NFGC
2021-08-18,7.0466,NFGC
2021-08-17,8.05,NFGC
2021-08-16,8.28,NFGC
2021-08-13,8.13,NFGC
2021-08-12,7.51,NFGC
2021-08-11,7.29,NFGC
2021-08-10,7.05,NFGC
2021-08-09,6.6958,NFGC
2021-08-06,7.11,NFGC
2021-08-05,7.34,NFGC
2021-08-04,7.38,NFGC
2021-08-03,7.65,NFGC
2021-08-02,8.1,NFGC
2021-07-30,8.1,NFGC
2021-07-29,8.1,NFGC
2021-07-28,7.8402,NFGC
2021-07-27,7.4713,NFGC
2021-07-26,7.87,NFGC
2021-07-23,7.9072,NFGC
2021-07-22,8.08,NFGC
2021-07-21,8.45,NFGC
2021-07-20,7.8,NFGC
2021-07-19,7.42,NFGC
2021-07-16,7.5122,NFGC
2021-07-15,8.13,NFGC
2021-07-14,8.5742,NFGC
2021-07-13,9.0,NFGC
2021-07-12,8.9511,NFGC
2021-07-09,9.3352,NFGC
2021-07-08,8.8,NFGC
2021-07-07,9.17,NFGC
2021-07-06,9.65,NFGC
2021-07-02,9.86,NFGC
2021-07-01,10.03,NFGC
2021-06-30,10.03,NFGC
2021-06-29,9.2153,NFGC
2021-06-28,9.3704,NFGC
2021-06-25,9.8163,NFGC
2021-06-24,10.14,NFGC
2021-06-23,10.0116,NFGC
2021-06-22,9.41,NFGC
2021-06-21,10.0129,NFGC
2021-06-18,9.06,NFGC
2021-06-17,8.6525,NFGC
2021-06-16,8.47,NFGC
2021-06-15,9.6357,NFGC
2021-06-14,10.3963,NFGC
2021-06-11,10.19,NFGC
2021-06-10,10.78,NFGC
2021-06-09,10.5614,NFGC
2021-06-08,10.56,NFGC
2021-06-07,10.7514,NFGC
2021-06-04,10.7692,NFGC
2021-06-03,10.4,NFGC
2021-06-02,9.7358,NFGC
2021-06-01,10.277,NFGC
2021-05-28,9.418,NFGC
2021-05-27,9.229,NFGC
2021-05-26,9.74,NFGC
2021-05-25,10.0582,NFGC
2021-05-24,9.65,NFGC
2021-05-21,9.65,NFGC
2021-05-20,7.57,NFGC
2021-05-19,7.5565,NFGC
2021-05-18,7.467,NFGC
2021-05-17,7.47,NFGC
2021-05-14,7.021,NFGC
2021-05-13,7.4,NFGC
2021-05-12,7.6929,NFGC
2021-05-11,7.8899,NFGC
2021-05-10,7.63,NFGC
2021-05-07,6.9542,NFGC
2021-05-06,6.5723,NFGC
2021-05-05,6.3934,NFGC
2021-05-04,6.82,NFGC
2021-05-03,5.76,NFGC
2021-04-30,5.49,NFGC
2021-04-29,5.58,NFGC
2021-04-28,5.5339,NFGC
2021-04-27,5.1,NFGC
2021-04-26,4.99,NFGC
2021-04-23,4.8762,NFGC
2021-04-22,4.6313,NFGC
2021-04-21,4.81,NFGC
2021-04-20,4.8635,NFGC
2021-04-19,4.1967,NFGC
2021-04-16,4.2722,NFGC
2021-04-15,3.9722,NFGC
2021-04-14,3.785,NFGC
2021-04-13,3.88,NFGC
2021-04-12,4.0704,NFGC
2021-04-09,4.05,NFGC
2021-04-08,3.9769,NFGC
2021-04-07,3.6416,NFGC
2021-04-06,3.6756,NFGC
2021-04-05,3.52,NFGC
2021-04-01,3.3805,NFGC
2021-03-31,3.39,NFGC
2021-03-30,3.32,NFGC
2021-03-29,3.66,NFGC
2021-03-26,3.65,NFGC
2021-03-25,3.61,NFGC
2021-03-24,3.8322,NFGC
2021-03-23,3.8822,NFGC
2021-03-22,3.9796,NFGC
2021-03-19,3.7,NFGC
2021-03-18,3.7205,NFGC
2021-03-17,3.6268,NFGC
2021-03-16,3.4435,NFGC
2021-03-15,3.1384,NFGC
2021-03-12,3.2,NFGC
2021-03-11,3.16,NFGC
2021-03-10,3.22,NFGC
2021-03-09,3.1796,NFGC
2021-03-08,3.2053,NFGC
2021-03-05,3.1134,NFGC
2021-03-04,2.93,NFGC
2021-03-03,2.87,NFGC
2021-03-02,2.9911,NFGC
2021-03-01,2.91,NFGC
2021-02-26,2.7,NFGC
2021-02-25,3.0,NFGC
2021-02-24,3.04,NFGC
2021-02-23,2.75,NFGC
2021-02-22,2.7,NFGC
2021-02-19,2.545,NFGC
2021-02-18,2.52,NFGC
2021-02-17,2.6042,NFGC
2021-02-16,2.6981,NFGC
2021-02-12,2.72,NFGC
2021-02-11,2.7,NFGC
2021-02-10,2.73,NFGC
2021-02-09,2.74,NFGC
2021-02-08,2.75,NFGC
2021-02-05,2.75,NFGC
2021-02-04,2.66,NFGC
2021-02-03,2.6527,NFGC
2021-02-02,2.6247,NFGC
2021-02-01,2.61,NFGC
2021-01-29,2.6268,NFGC
2021-01-28,2.69,NFGC
2021-01-27,2.5111,NFGC
2021-01-26,2.8045,NFGC
2021-01-25,2.9,NFGC
2021-01-22,3.0352,NFGC
2021-01-21,2.9349,NFGC
2021-01-20,2.99,NFGC
2021-01-19,2.9,NFGC
2021-01-15,3.08,NFGC
2021-01-14,3.2033,NFGC
2021-01-13,3.02,NFGC
2021-01-12,3.2,NFGC
2021-01-11,3.3282,NFGC
2021-01-08,3.2176,NFGC
2021-01-07,3.4432,NFGC
2021-01-06,3.4012,NFGC
2021-01-05,3.1806,NFGC
2021-01-04,3.2775,NFGC
2020-12-31,3.24,NFGC
2020-12-30,3.25,NFGC
2020-12-29,3.3,NFGC
2020-12-28,3.4,NFGC
2020-12-24,3.34,NFGC
2020-12-23,3.33,NFGC
2020-12-22,3.3653,NFGC
2020-12-21,3.3784,NFGC
2020-12-18,3.5043,NFGC
2020-12-17,3.4287,NFGC
2020-12-16,3.3834,NFGC
2020-12-15,3.38,NFGC
2020-12-14,3.08,NFGC
2020-12-11,3.1,NFGC
2020-12-10,3.05,NFGC
2020-12-09,2.79,NFGC
2020-12-08,2.8935,NFGC
2020-12-07,2.9938,NFGC
2020-12-04,3.1,NFGC
2020-12-03,3.13,NFGC
2020-12-02,3.13,NFGC
2020-12-01,3.15,NFGC
2020-11-30,3.05,NFGC
2020-11-27,3.0919,NFGC
2020-11-25,3.13,NFGC
2020-11-24,3.0035,NFGC
2020-11-23,3.1239,NFGC
2020-11-20,3.33,NFGC
2020-11-19,3.33,NFGC
2020-11-18,2.91,NFGC
2020-11-17,3.09,NFGC
2020-11-16,3.3691,NFGC
2020-11-13,3.4461,NFGC
2020-11-12,3.3718,NFGC
2020-11-11,3.28,NFGC
2020-11-10,3.29,NFGC
2020-11-09,3.34,NFGC
2020-11-06,3.2904,NFGC
2020-11-05,3.33,NFGC
2020-11-04,3.147,NFGC
2020-11-03,3.1494,NFGC
2020-11-02,3.0881,NFGC
2020-10-30,3.3293,NFGC
2020-10-29,2.74,NFGC
2020-10-28,2.3956,NFGC
2020-10-27,2.555,NFGC
2020-10-26,2.2266,NFGC
2020-10-23,2.2,NFGC
2020-10-22,2.22,NFGC
2020-10-21,2.1763,NFGC
2020-10-20,2.3395,NFGC
2020-10-19,2.4728,NFGC
2020-10-16,2.49,NFGC
2020-10-15,2.6,NFGC
2020-10-14,2.7501,NFGC
2020-10-13,2.4978,NFGC
2020-10-12,2.55,NFGC
2020-10-09,2.3,NFGC
2020-10-08,2.2605,NFGC
2020-10-07,2.23,NFGC
2020-10-06,2.12,NFGC
2020-10-05,2.2281,NFGC
2020-10-02,1.927,NFGC
2020-10-01,1.653,NFGC
2020-09-30,1.6932,NFGC
2020-09-29,1.603,NFGC
2020-09-28,1.6106,NFGC
2020-09-25,1.47,NFGC
2020-09-24,1.53,NFGC
2020-09-23,1.4919,NFGC
2020-09-22,1.5949,NFGC
2020-09-21,1.64,NFGC
2020-09-18,1.7317,NFGC
2020-09-17,1.8,NFGC
2020-09-16,1.812,NFGC
2020-09-15,1.6909,NFGC
2026-09-25,28.13,OGC
2026-09-24,28.0,OGC
2026-09-23,27.95,OGC
2026-09-22,29.07,OGC
2026-09-21,27.95,OGC
2026-09-18,28.44,OGC
2026-09-17,28.87,OGC
2026-09-16,28.4,OGC
2026-09-15,28.88,OGC
2026-09-14,29.38,OGC
2026-09-11,30.19,OGC
2026-09-10,30.01,OGC
2026-09-09,31.09,OGC
2026-09-08,30.26,OGC
2026-09-04,30.61,OGC
2026-09-03,30.75,OGC
2026-09-02,29.09,OGC
2026-09-01,28.09,OGC
2026-08-31,29.4,OGC
2026-08-28,30.07,OGC
2026-08-27,31.45,OGC
2026-08-26,30.68,OGC
2026-08-25,31.32,OGC
2026-08-24,31.18,OGC
2026-08-21,31.01,OGC
2026-08-20,30.72,OGC
2026-08-19,30.22,OGC
2026-08-18,27.52,OGC
2026-08-17,29.49,OGC
2026-08-14,28.6,OGC
2026-08-13,28.44,OGC
2026-08-12,28.92,OGC
2026-08-11,28.74,OGC
2026-08-10,28.52,OGC
2026-08-07,28.11,OGC
2026-08-06,26.25,OGC
2026-08-05,26.86,OGC
2026-08-04,24.98,OGC
2026-08-03,25.07,OGC
2026-07-31,24.13,OGC
2026-07-30,24.9,OGC
2026-07-29,24.24,OGC
2026-07-28,24.11,OGC
2026-07-27,24.17,OGC
2026-07-24,23.84,OGC
2026-07-23,23.54,OGC
2026-07-22,24.54,OGC
2026-07-21,23.49,OGC
2026-07-20,22.18,OGC
2026-07-17,22.51,OGC
2026-07-16,22.57,OGC
2026-07-15,23.48,OGC
2026-07-14,23.69,OGC
2026-07-13,24.15,OGC
2026-07-10,24.8,OGC
2026-07-09,24.93,OGC
2026-07-08,24.27,OGC
2026-07-07,24.56,OGC
2026-07-06,25.8,OGC
2026-07-02,26.1,OGC
2026-07-01,25.02,OGC
2026-06-30,25.08,OGC
2026-06-29,25.09,OGC
2026-06-26,24.85,OGC
2026-06-25,24.85,OGC
2026-06-24,24.34,OGC
2026-06-23,25.01,OGC
2026-06-22,26.22,OGC
2026-06-18,26.45,OGC
2026-06-17,27.62,OGC
2026-06-16,28.58,OGC
2026-06-15,27.87,OGC
2026-06-12,26.22,OGC
2026-06-11,25.25,OGC
2026-06-10,24.02,OGC
2026-06-09,25.03,OGC
2026-06-08,26.15,OGC
2026-06-05,25.75,OGC
2026-06-04,28.29,OGC
2026-06-03,27.9,OGC
2026-06-02,29.1,OGC
2026-06-01,28.6,OGC
2026-05-29,30.2,OGC
2026-05-28,29.33,OGC
2026-05-27,29.39,OGC
2026-05-26,30.71,OGC
2026-05-22,28.95,OGC
2026-05-21,29.38,OGC
2026-05-20,30.15,OGC
2026-05-19,29.72,OGC
2026-05-18,31.22,OGC
2026-05-15,31.41,OGC
2026-05-14,33.44,OGC
2026-05-13,34.29,OGC
2026-05-12,34.13,OGC
2026-05-11,32.74,OGC
2026-05-08,31.91,OGC
2026-05-07,30.34,OGC
2026-05-06,31.59,OGC
2026-05-05,29.57,OGC
2026-05-04,29.89,OGC
2026-05-01,30.37,OGC
2026-04-30,30.88,OGC
2026-04-29,30.0,OGC
2026-04-28,30.85,OGC
2026-04-27,32.26,OGC
2026-04-24,32.79,OGC
2026-04-23,32.52,OGC
2026-04-22,33.87,OGC
2026-04-21,33.27,OGC
2026-04-20,34.11,OGC
2026-04-17,34.42,OGC
2026-04-16,33.33,OGC
2026-04-15,33.15,OGC
2026-04-14,34.32,OGC
2026-04-13,34.13,OGC
2026-04-10,34.15,OGC
2026-04-09,33.97,OGC
2026-04-08,33.3,OGC
2026-04-07,32.0,OGC
2026-04-06,31.78,OGC
2026-04-02,32.16,OGC
2026-04-01,32.86,OGC
2026-03-31,31.45,OGC
2026-03-30,29.878,OGC
2026-03-27,29.47,OGC
2026-03-26,28.77,OGC
2026-03-25,30.432,OGC
2026-03-24,30.6,OGC
2026-03-23,30.97,OGC
2026-03-20,29.62,OGC
2026-03-19,30.18,OGC
2026-03-18,32.21,OGC
2026-03-17,32.889,OGC
2026-03-16,35.16,OGC
2026-03-13,34.66,OGC
2026-03-12,36.82,OGC
2026-03-11,37.18,OGC
2026-03-10,37.65,OGC
2026-03-09,37.4,OGC
2026-03-06,38.267,OGC
2026-03-05,37.41,OGC
2026-03-04,38.46,OGC
2026-03-03,39.19,OGC
2026-03-02,42.62,OGC
2026-02-27,42.52,OGC
2026-02-26,42.0,OGC
2026-02-25,42.56,OGC
2026-02-24,41.41,OGC
2026-02-23,41.58,OGC
2026-02-20,39.797,OGC
2026-02-19,38.04,OGC
2026-02-18,37.95,OGC
2026-02-17,36.5,OGC
2026-02-13,38.68,OGC
2026-02-12,36.5,OGC
2026-02-11,38.79,OGC
2026-02-10,37.49,OGC
2026-02-09,36.85,OGC
2026-02-06,34.21,OGC
2026-02-05,32.26,OGC
2026-02-04,35.65,OGC
2026-02-03,35.03,OGC
2026-02-02,33.26,OGC
2026-01-30,32.36,OGC
2026-01-29,36.774,OGC
2026-01-28,39.2,OGC
2026-01-27,37.55,OGC
2026-01-26,37.9,OGC
2026-01-23,37.168,OGC
2026-01-22,36.55,OGC
2026-01-21,35.05,OGC
2026-01-20,34.53,OGC
2026-01-16,32.16,OGC
2026-01-15,32.6,OGC
2026-01-14,32.3675,OGC
2026-01-13,31.7235,OGC
2026-01-12,31.69,OGC
2026-01-09,30.34,OGC
2026-01-08,29.38,OGC
2026-01-07,30.27,OGC
2026-01-06,29.9,OGC
2026-01-05,29.41,OGC
2026-01-02,28.1,OGC
2025-12-31,28.3,OGC
2025-12-30,28.68,OGC
2025-12-29,27.73,OGC
2025-12-26,29.7,OGC
2025-12-24,29.7,OGC
2025-12-23,29.263,OGC
2025-12-22,28.97,OGC
2025-12-19,28.418,OGC
2025-12-18,27.58,OGC
2025-12-17,27.7,OGC
2025-12-16,28.04,OGC
2025-12-15,27.76,OGC
2025-12-12,27.705,OGC
2025-12-11,28.14,OGC
2025-12-10,26.99,OGC
2025-12-09,26.83,OGC
2025-12-08,26.1075,OGC
2025-12-05,25.61,OGC
2025-12-04,25.47,OGC
2025-12-03,24.9475,OGC
2025-12-02,24.6,OGC
2025-12-01,25.34,OGC
2025-11-28,25.71,OGC
2025-11-26,25.21,OGC
2025-11-25,24.04,OGC
2025-11-24,23.48,OGC
2025-11-21,22.552,OGC
2025-11-20,22.445,OGC
2025-11-19,23.7,OGC
2025-11-18,24.09,OGC
2025-11-17,24.02,OGC
2025-11-14,24.64,OGC
2025-11-13,25.295,OGC
2025-11-12,26.25,OGC
2025-11-11,24.76,OGC
2025-11-10,24.41,OGC
2025-11-07,23.52,OGC
2025-11-06,22.42,OGC
2025-11-05,21.97,OGC
2025-11-04,21.2,OGC
2025-11-03,22.094,OGC
2025-10-31,22.3,OGC
2025-10-30,22.35,OGC
2025-10-29,21.951,OGC
2025-10-28,21.83,OGC
2025-10-27,22.1344,OGC
2025-10-24,23.0625,OGC
2025-10-23,23.003,OGC
2025-10-22,22.65,OGC
2025-10-21,22.01,OGC
2025-10-20,24.79,OGC
2025-10-17,24.25,OGC
2025-10-16,26.12,OGC
2025-10-15,25.3,OGC
2025-10-14,24.47,OGC
2025-10-13,24.675,OGC
2025-10-10,23.67,OGC
2025-10-09,23.33,OGC
2025-10-08,23.67,OGC
2025-10-07,22.72,OGC
2025-10-06,23.11,OGC
2025-10-03,22.232,OGC
2025-10-02,21.945,OGC
2025-10-01,22.17,OGC
2025-09-30,21.34,OGC
2025-09-29,21.22,OGC
2025-09-26,20.8,OGC
2025-09-25,20.4345,OGC
2025-09-24,20.32,OGC
2025-09-23,21.24,OGC
2025-09-22,21.131,OGC
2025-09-19,20.05,OGC
2025-09-18,19.51,OGC
2025-09-17,19.59,OGC
2025-09-16,19.868,OGC
2025-09-15,20.37,OGC
2025-09-12,20.39,OGC
2025-09-11,20.3466,OGC
2025-09-10,20.375,OGC
2025-09-09,19.712,OGC
2025-09-08,19.788,OGC
2025-09-05,19.17,OGC
2025-09-04,18.81,OGC
2025-09-03,18.9,OGC
2025-09-02,18.46,OGC
2025-08-29,18.2,OGC
2025-08-28,17.67,OGC
2025-08-27,17.37,OGC
2025-08-26,17.063,OGC
2025-08-25,17.149,OGC
2025-08-22,17.136,OGC
2025-08-21,16.6953,OGC
2025-08-20,16.3456,OGC
2025-08-19,16.27,OGC
2025-08-18,17.03,OGC
2025-08-15,16.93,OGC
2025-08-14,16.58,OGC
2025-08-13,16.648,OGC
2025-08-12,16.55,OGC
2025-08-11,16.41,OGC
2025-08-08,16.4,OGC
2025-08-07,15.89,OGC
2025-08-06,14.41,OGC
2025-08-05,14.2,OGC
2025-08-04,14.1,OGC
2025-08-01,13.652,OGC
2025-07-31,13.598,OGC
2025-07-30,13.54,OGC
2025-07-29,13.99,OGC
2025-07-28,14.032,OGC
2025-07-25,14.36,OGC
2025-07-24,14.49,OGC
2025-07-23,14.61,OGC
2025-07-22,14.68,OGC
2025-07-21,14.05,OGC
2025-07-18,13.56,OGC
2025-07-17,13.63,OGC
2025-07-16,13.85,OGC
2025-07-15,14.01,OGC
2025-07-14,14.06,OGC
2025-07-11,14.27,OGC
2025-07-10,14.11,OGC
2025-07-09,14.23,OGC
2025-07-08,14.14,OGC
2025-07-07,14.525,OGC
2025-07-03,14.15,OGC
2025-07-02,14.09,OGC
2025-07-01,14.62,OGC
2025-06-30,14.09,OGC
2025-06-27,13.6,OGC
2025-06-26,14.52,OGC
2025-06-25,14.31,OGC
2025-06-24,14.15,OGC
2025-06-23,14.84,OGC
2026-09-25,1.74,IAUX
2026-09-24,1.73,IAUX
2026-09-23,1.75,IAUX
2026-09-22,1.87,IAUX
2026-09-21,1.74,IAUX
2026-09-18,1.79,IAUX
2026-09-17,1.75,IAUX
2026-09-16,1.65,IAUX
2026-09-15,1.69,IAUX
2026-09-14,1.69,IAUX
2026-09-11,1.75,IAUX
2026-09-10,1.73,IAUX
2026-09-09,1.77,IAUX
2026-09-08,1.76,IAUX
2026-09-04,1.79,IAUX
2026-09-03,1.79,IAUX
2026-09-02,1.76,IAUX
2026-09-01,1.7,IAUX
2026-08-31,1.82,IAUX
2026-08-28,1.85,IAUX
2026-08-27,1.92,IAUX
2026-08-26,1.88,IAUX
2026-08-25,1.92,IAUX
2026-08-24,1.92,IAUX
2026-08-21,1.81,IAUX
2026-08-20,1.76,IAUX
2026-08-19,1.73,IAUX
2026-08-18,1.58,IAUX
2026-08-17,1.65,IAUX
2026-08-14,1.67,IAUX
2026-08-13,1.65,IAUX
2026-08-12,1.75,IAUX
2026-08-11,1.66,IAUX
2026-08-10,1.7,IAUX
2026-08-07,1.62,IAUX
2026-08-06,1.52,IAUX
2026-08-05,1.51,IAUX
2026-08-04,1.4,IAUX
2026-08-03,1.34,IAUX
2026-07-31,1.29,IAUX
2026-07-30,1.34,IAUX
2026-07-29,1.27,IAUX
2026-07-28,1.29,IAUX
2026-07-27,1.34,IAUX
2026-07-24,1.36,IAUX
2026-07-23,1.38,IAUX
2026-07-22,1.42,IAUX
2026-07-21,1.35,IAUX
2026-07-20,1.26,IAUX
2026-07-17,1.29,IAUX
2026-07-16,1.26,IAUX
2026-07-15,1.34,IAUX
2026-07-14,1.36,IAUX
2026-07-13,1.34,IAUX
2026-07-10,1.4,IAUX
2026-07-09,1.44,IAUX
2026-07-08,1.36,IAUX
2026-07-07,1.41,IAUX
2026-07-06,1.46,IAUX
2026-07-02,1.49,IAUX
2026-07-01,1.45,IAUX
2026-06-30,1.44,IAUX
2026-06-29,1.44,IAUX
2026-06-26,1.42,IAUX
2026-06-25,1.39,IAUX
2026-06-24,1.39,IAUX
2026-06-23,1.42,IAUX
2026-06-22,1.5,IAUX
2026-06-18,1.55,IAUX
2026-06-17,1.52,IAUX
2026-06-16,1.58,IAUX
2026-06-15,1.56,IAUX
2026-06-12,1.48,IAUX
2026-06-11,1.44,IAUX
2026-06-10,1.37,IAUX
2026-06-09,1.4,IAUX
2026-06-08,1.4,IAUX
2026-06-05,1.43,IAUX
2026-06-04,1.58,IAUX
2026-06-03,1.53,IAUX
2026-06-02,1.62,IAUX
2026-06-01,1.6,IAUX
2026-05-29,1.62,IAUX
2026-05-28,1.6,IAUX
2026-05-27,1.55,IAUX
2026-05-26,1.62,IAUX
2026-05-22,1.52,IAUX
2026-05-21,1.49,IAUX
2026-05-20,1.48,IAUX
2026-05-19,1.48,IAUX
2026-05-18,1.46,IAUX
2026-05-15,1.48,IAUX
2026-05-14,1.57,IAUX
2026-05-13,1.56,IAUX
2026-05-12,1.59,IAUX
2026-05-11,1.6,IAUX
2026-05-08,1.58,IAUX
2026-05-07,1.49,IAUX
2026-05-06,1.58,IAUX
2026-05-05,1.46,IAUX
2026-05-04,1.5,IAUX
2026-05-01,1.52,IAUX
2026-04-30,1.5,IAUX
2026-04-29,1.47,IAUX
2026-04-28,1.51,IAUX
2026-04-27,1.58,IAUX
2026-04-24,1.56,IAUX
2026-04-23,1.55,IAUX
2026-04-22,1.58,IAUX
2026-04-21,1.59,IAUX
2026-04-20,1.7,IAUX
2026-04-17,1.66,IAUX
2026-04-16,1.61,IAUX
2026-04-15,1.61,IAUX
2026-04-14,1.66,IAUX
2026-04-13,1.67,IAUX
2026-04-10,1.68,IAUX
2026-04-09,1.68,IAUX
2026-04-08,1.7,IAUX
2026-04-07,1.66,IAUX
2026-04-06,1.64,IAUX
2026-04-02,1.66,IAUX
2026-04-01,1.61,IAUX
2026-03-31,1.52,IAUX
2026-03-30,1.41,IAUX
2026-03-27,1.43,IAUX
2026-03-26,1.33,IAUX
2026-03-25,1.39,IAUX
2026-03-24,1.35,IAUX
2026-03-23,1.31,IAUX
2026-03-20,1.27,IAUX
2026-03-19,1.32,IAUX
2026-03-18,1.4,IAUX
2026-03-17,1.62,IAUX
2026-03-16,1.67,IAUX
2026-03-13,1.66,IAUX
2026-03-12,1.73,IAUX
2026-03-11,1.82,IAUX
2026-03-10,1.84,IAUX
2026-03-09,1.77,IAUX
2026-03-06,1.75,IAUX
2026-03-05,1.76,IAUX
2026-03-04,1.82,IAUX
2026-03-03,1.89,IAUX
2026-03-02,2.05,IAUX
2026-02-27,2.08,IAUX
2026-02-26,2.0,IAUX
2026-02-25,1.92,IAUX
2026-02-24,1.93,IAUX
2026-02-23,1.89,IAUX
2026-02-20,1.88,IAUX
2026-02-19,1.95,IAUX
2026-02-18,1.92,IAUX
2026-02-17,1.9,IAUX
2026-02-13,1.94,IAUX
2026-02-12,1.94,IAUX
2026-02-11,2.08,IAUX
2026-02-10,1.99,IAUX
2026-02-09,2.0,IAUX
2026-02-06,1.88,IAUX
2026-02-05,1.7,IAUX
2026-02-04,1.82,IAUX
2026-02-03,1.82,IAUX
2026-02-02,1.68,IAUX
2026-01-30,1.59,IAUX
2026-01-29,1.8,IAUX
2026-01-28,1.9,IAUX
2026-01-27,1.83,IAUX
2026-01-26,1.79,IAUX
2026-01-23,1.81,IAUX
2026-01-22,1.81,IAUX
2026-01-21,1.72,IAUX
2026-01-20,1.75,IAUX
2026-01-16,1.6,IAUX
2026-01-15,1.55,IAUX
2026-01-14,1.55,IAUX
2026-01-13,1.54,IAUX
2026-01-12,1.58,IAUX
2026-01-09,1.5,IAUX
2026-01-08,1.51,IAUX
2026-01-07,1.53,IAUX
2026-01-06,1.54,IAUX
2026-01-05,1.51,IAUX
2026-01-02,1.45,IAUX
2025-12-31,1.46,IAUX
2025-12-30,1.51,IAUX
2025-12-29,1.45,IAUX
2025-12-26,1.57,IAUX
2025-12-24,1.54,IAUX
2025-12-23,1.54,IAUX
2025-12-22,1.57,IAUX
2025-12-19,1.54,IAUX
2025-12-18,1.49,IAUX
2025-12-17,1.52,IAUX
2025-12-16,1.48,IAUX
2025-12-15,1.48,IAUX
2025-12-12,1.43,IAUX
2025-12-11,1.38,IAUX
2025-12-10,1.35,IAUX
2025-12-09,1.3,IAUX
2025-12-08,1.24,IAUX
2025-12-05,1.27,IAUX
2025-12-04,1.25,IAUX
2025-12-03,1.22,IAUX
2025-12-02,1.19,IAUX
2025-12-01,1.2,IAUX
2025-11-28,1.17,IAUX
2025-11-26,1.09,IAUX
2025-11-25,1.03,IAUX
2025-11-24,1.02,IAUX
2025-11-21,0.9875,IAUX
2025-11-20,0.9764,IAUX
2025-11-19,1.08,IAUX
2025-11-18,1.05,IAUX
2025-11-17,1.01,IAUX
2025-11-14,1.0,IAUX
2025-11-13,1.02,IAUX
2025-11-12,0.9989,IAUX
2025-11-11,0.9838,IAUX
2025-11-10,0.9736,IAUX
2025-11-07,0.94,IAUX
2025-11-06,0.89,IAUX
2025-11-05,0.89,IAUX
2025-11-04,0.9,IAUX
2025-11-03,0.9348,IAUX
2025-10-31,0.9728,IAUX
2025-10-30,0.985,IAUX
2025-10-29,0.9568,IAUX
2025-10-28,0.9498,IAUX
2025-10-27,0.9202,IAUX
2025-10-24,0.97,IAUX
2025-10-23,0.9726,IAUX
2025-10-22,1.01,IAUX
2025-10-21,0.9781,IAUX
2025-10-20,1.09,IAUX
2025-10-17,1.05,IAUX
2025-10-16,1.1,IAUX
2025-10-15,1.12,IAUX
2025-10-14,1.04,IAUX
2025-10-13,0.9757,IAUX
2025-10-10,0.929,IAUX
2025-10-09,0.955,IAUX
2025-10-08,1.03,IAUX
2025-10-07,0.99,IAUX
2025-10-06,0.9884,IAUX
2025-10-03,0.95,IAUX
2025-10-02,0.9388,IAUX
2025-10-01,0.9489,IAUX
2025-09-30,0.9554,IAUX
2025-09-29,0.985,IAUX
2025-09-26,0.9636,IAUX
2025-09-25,0.9479,IAUX
2025-09-24,0.9344,IAUX
2025-09-23,0.9507,IAUX
2025-09-22,0.9774,IAUX
2025-09-19,0.95,IAUX
2025-09-18,0.9285,IAUX
2025-09-17,0.9148,IAUX
2025-09-16,0.8757,IAUX
2025-09-15,0.9193,IAUX
2025-09-12,0.9341,IAUX
2025-09-11,0.9169,IAUX
2025-09-10,0.915,IAUX
2025-09-09,0.8481,IAUX
2025-09-08,0.864,IAUX
2025-09-05,0.8499,IAUX
2025-09-04,0.781,IAUX
2025-09-03,0.8112,IAUX
2025-09-02,0.8219,IAUX
2025-08-29,0.8006,IAUX
2025-08-28,0.7682,IAUX
2025-08-27,0.7612,IAUX
2025-08-26,0.764,IAUX
2025-08-25,0.7494,IAUX
2025-08-22,0.76,IAUX
2025-08-21,0.7192,IAUX
2025-08-20,0.6765,IAUX
2025-08-19,0.6876,IAUX
2025-08-18,0.71,IAUX
2025-08-15,0.6859,IAUX
2025-08-14,0.6416,IAUX
2025-08-13,0.5792,IAUX
2025-08-12,0.584,IAUX
2025-08-11,0.5981,IAUX
2025-08-08,0.6156,IAUX
2025-08-07,0.5879,IAUX
2025-08-06,0.5787,IAUX
2025-08-05,0.5777,IAUX
2025-08-04,0.59,IAUX
2025-08-01,0.59,IAUX
2025-07-31,0.5604,IAUX
2025-07-30,0.5566,IAUX
2025-07-29,0.5793,IAUX
2025-07-28,0.5902,IAUX
2025-07-25,0.619,IAUX
2025-07-24,0.6331,IAUX
2025-07-23,0.6486,IAUX
2025-07-22,0.6597,IAUX
2025-07-21,0.607,IAUX
2025-07-18,0.6022,IAUX
2025-07-17,0.603,IAUX
2025-07-16,0.618,IAUX
2025-07-15,0.6254,IAUX
2025-07-14,0.654,IAUX
2025-07-11,0.6404,IAUX
2025-07-10,0.6183,IAUX
2025-07-09,0.6006,IAUX
2025-07-08,0.6038,IAUX
2025-07-07,0.625,IAUX
2025-07-03,0.6318,IAUX
2025-07-02,0.6365,IAUX
2025-07-01,0.6298,IAUX
2025-06-30,0.6298,IAUX
2025-06-27,0.605,IAUX
2025-06-26,0.6491,IAUX
2025-06-25,0.6481,IAUX
2025-06-24,0.6793,IAUX
2025-06-23,0.695,IAUX
2025-06-20,0.6939,IAUX
2025-06-18,0.7183,IAUX
2025-06-17,0.7055,IAUX
2025-06-16,0.6938,IAUX
2025-06-13,0.6664,IAUX
2025-06-12,0.662,IAUX
2025-06-11,0.6585,IAUX
2025-06-10,0.62,IAUX
2025-06-09,0.6461,IAUX
2025-06-06,0.6043,IAUX
2025-06-05,0.6009,IAUX
2025-06-04,0.6146,IAUX
2025-06-03,0.5534,IAUX
2025-06-02,0.546,IAUX
2025-05-30,0.5031,IAUX
2025-05-29,0.5108,IAUX
2025-05-28,0.5212,IAUX
2025-05-27,0.5291,IAUX
2025-05-23,0.5181,IAUX
2025-05-22,0.5175,IAUX
2025-05-21,0.5378,IAUX
2025-05-20,0.5444,IAUX
2025-05-19,0.5378,IAUX
2025-05-16,0.5378,IAUX
2025-05-15,0.5075,IAUX
2025-05-14,0.4855,IAUX
2025-05-13,0.5041,IAUX
2025-05-12,0.5031,IAUX
2025-05-09,0.5401,IAUX
2025-05-08,0.6011,IAUX
2025-05-07,0.6152,IAUX
2025-05-06,0.6055,IAUX
2025-05-05,0.571,IAUX
2025-05-02,0.584,IAUX
2025-05-01,0.6073,IAUX
2025-04-30,0.6142,IAUX
2025-04-29,0.6252,IAUX
2025-04-28,0.6471,IAUX
2025-04-25,0.6325,IAUX
2025-04-24,0.6305,IAUX
2025-04-23,0.6271,IAUX
2025-04-22,0.6051,IAUX
2025-04-21,0.6139,IAUX
2025-04-17,0.612,IAUX
2025-04-16,0.613,IAUX
2025-04-15,0.5867,IAUX
2025-04-14,0.6132,IAUX
2025-04-11,0.6172,IAUX
2025-04-10,0.547,IAUX
2025-04-09,0.5205,IAUX
2025-04-08,0.4922,IAUX
2025-04-07,0.5224,IAUX
2025-04-04,0.523,IAUX
2025-04-03,0.5617,IAUX
2025-04-02,0.5659,IAUX
2025-04-01,0.5673,IAUX
2025-03-31,0.5818,IAUX
2025-03-28,0.6096,IAUX
2025-03-27,0.6313,IAUX
2025-03-26,0.6298,IAUX
2025-03-25,0.6503,IAUX
2025-03-24,0.6749,IAUX
2025-03-21,0.7264,IAUX
2025-03-20,0.7038,IAUX
2025-03-19,0.7482,IAUX
2025-03-18,0.7506,IAUX
2025-03-17,0.735,IAUX
2025-03-14,0.6903,IAUX
2025-03-13,0.6966,IAUX
2025-03-12,0.6331,IAUX
2025-03-11,0.6341,IAUX
2025-03-10,0.6021,IAUX
2025-03-07,0.6345,IAUX
2025-03-06,0.6936,IAUX
2025-03-05,0.74,IAUX
2025-03-04,0.72,IAUX
2025-03-03,0.7698,IAUX
2025-02-28,0.7739,IAUX
2025-02-27,0.75,IAUX
2025-02-26,0.8002,IAUX
2025-02-25,0.773,IAUX
2025-02-24,0.8264,IAUX
2025-02-21,0.8293,IAUX
2025-02-20,0.8013,IAUX
2025-02-19,0.7618,IAUX
2025-02-18,0.7603,IAUX
2025-02-14,0.6996,IAUX
2025-02-13,0.7049,IAUX
2025-02-12,0.6415,IAUX
2025-02-11,0.6035,IAUX
2025-02-10,0.6139,IAUX
2025-02-07,0.5724,IAUX
2025-02-06,0.587,IAUX
2025-02-05,0.5662,IAUX
2025-02-04,0.576,IAUX
2025-02-03,0.563,IAUX
2025-01-31,0.5663,IAUX
2025-01-30,0.5676,IAUX
2025-01-29,0.55,IAUX
2025-01-28,0.5431,IAUX
2025-01-27,0.5316,IAUX
2025-01-24,0.5551,IAUX
2025-01-23,0.55,IAUX
2025-01-22,0.5434,IAUX
2025-01-21,0.5664,IAUX
2025-01-17,0.572,IAUX
2025-01-16,0.6104,IAUX
2025-01-15,0.6079,IAUX
2025-01-14,0.6069,IAUX
2025-01-13,0.571,IAUX
2025-01-10,0.5665,IAUX
2025-01-08,0.5519,IAUX
2025-01-07,0.5589,IAUX
2025-01-06,0.5562,IAUX
2025-01-03,0.5868,IAUX
2025-01-02,0.5979,IAUX
2024-12-31,0.485,IAUX
2024-12-30,0.4813,IAUX
2024-12-27,0.5084,IAUX
2024-12-26,0.5296,IAUX
2024-12-24,0.5296,IAUX
2024-12-23,0.5105,IAUX
2024-12-20,0.5208,IAUX
2024-12-19,0.4812,IAUX
2024-12-18,0.4977,IAUX
2024-12-17,0.5263,IAUX
2024-12-16,0.5112,IAUX
2024-12-13,0.5284,IAUX
2024-12-12,0.555,IAUX
2024-12-11,0.5783,IAUX
2024-12-10,0.5756,IAUX
2024-12-09,0.5823,IAUX
2024-12-06,0.595,IAUX
2024-12-05,0.6036,IAUX
2024-12-04,0.5593,IAUX
2024-12-03,0.5833,IAUX
2024-12-02,0.615,IAUX
2024-11-29,0.6299,IAUX
2024-11-27,0.6638,IAUX
2024-11-26,0.7225,IAUX
2024-11-25,0.6703,IAUX
2024-11-22,0.647,IAUX
2024-11-21,0.6677,IAUX
2024-11-20,0.5591,IAUX
2024-11-19,0.5498,IAUX
2024-11-18,0.4514,IAUX
2024-11-15,0.3501,IAUX
2024-11-14,0.3915,IAUX
2024-11-13,0.3989,IAUX
2024-11-12,0.9081,IAUX
2024-11-11,0.93,IAUX
2024-11-08,0.99,IAUX
2024-11-07,1.02,IAUX
2024-11-06,1.06,IAUX
2024-11-05,1.06,IAUX
2024-11-04,1.04,IAUX
2024-11-01,1.04,IAUX
2024-10-31,1.05,IAUX
2024-10-30,1.08,IAUX
2024-10-29,1.13,IAUX
2024-10-28,1.1,IAUX
2024-10-25,1.08,IAUX
2024-10-24,1.1,IAUX
2024-10-23,1.13,IAUX
2024-10-22,1.16,IAUX
2024-10-21,1.19,IAUX
2024-10-18,1.19,IAUX
2024-10-17,1.12,IAUX
2024-10-16,1.11,IAUX
2024-10-15,1.12,IAUX
2024-10-14,1.11,IAUX
2024-10-11,1.07,IAUX
2024-10-10,1.06,IAUX
2024-10-09,1.08,IAUX
2024-10-08,1.1,IAUX
2024-10-07,1.11,IAUX
2024-10-04,1.14,IAUX
2024-10-03,1.13,IAUX
2024-10-02,1.17,IAUX
2024-10-01,1.13,IAUX
2024-09-30,1.16,IAUX
2024-09-27,1.18,IAUX
2024-09-26,1.19,IAUX
2024-09-25,1.14,IAUX
2024-09-24,1.1,IAUX
2024-09-23,1.05,IAUX
2024-09-20,1.1,IAUX
2024-09-19,1.15,IAUX
2024-09-18,1.18,IAUX
2024-09-17,1.07,IAUX
2024-09-16,1.11,IAUX
2024-09-13,1.11,IAUX
2024-09-12,1.06,IAUX
2024-09-11,0.977,IAUX
2024-09-10,0.9644,IAUX
2024-09-09,0.9783,IAUX
2024-09-06,0.9693,IAUX
2024-09-05,0.9937,IAUX
2024-09-04,0.9761,IAUX
2024-09-03,1.01,IAUX
2024-08-30,1.06,IAUX
2024-08-29,1.07,IAUX
2024-08-28,1.02,IAUX
2024-08-27,1.07,IAUX
2024-08-26,1.06,IAUX
2024-08-23,1.07,IAUX
2024-08-22,1.03,IAUX
2024-08-21,1.08,IAUX
2024-08-20,1.06,IAUX
2024-08-19,1.1,IAUX
2024-08-16,1.11,IAUX
2024-08-15,0.9477,IAUX
2024-08-14,0.9109,IAUX
2024-08-13,0.8925,IAUX
2024-08-12,0.9284,IAUX
2024-08-09,0.8008,IAUX
2024-08-08,0.8297,IAUX
2024-08-07,0.8128,IAUX
2024-08-06,0.8749,IAUX
2024-08-05,0.9394,IAUX
2024-08-02,0.9394,IAUX
2024-08-01,1.03,IAUX
2024-07-31,1.05,IAUX
2024-07-30,1.06,IAUX
2024-07-29,1.07,IAUX
2024-07-26,1.07,IAUX
2024-07-25,1.07,IAUX
2024-07-24,1.07,IAUX
2024-07-23,1.1,IAUX
2024-07-22,1.11,IAUX
2024-07-19,1.06,IAUX
2024-07-18,1.1,IAUX
2024-07-17,1.13,IAUX
2024-07-16,1.16,IAUX
2024-07-15,1.16,IAUX
2024-07-12,1.16,IAUX
2024-07-11,1.13,IAUX
2024-07-10,1.08,IAUX
2024-07-09,1.05,IAUX
2024-07-08,1.05,IAUX
2024-07-05,1.08,IAUX
2024-07-03,1.07,IAUX
2024-07-02,1.03,IAUX
2024-07-01,1.06,IAUX
2024-06-28,1.08,IAUX
2024-06-27,1.04,IAUX
2024-06-26,1.02,IAUX
2024-06-25,0.9751,IAUX
2024-06-24,1.03,IAUX
2024-06-21,1.08,IAUX
2024-06-20,1.1,IAUX
2024-06-18,1.03,IAUX
2024-06-17,1.05,IAUX
2024-06-14,1.02,IAUX
2024-06-13,1.03,IAUX
2024-06-12,1.06,IAUX
2024-06-11,1.05,IAUX
2024-06-10,1.08,IAUX
2024-06-07,1.04,IAUX
2024-06-06,1.13,IAUX
2024-06-05,1.1,IAUX
2024-06-04,1.08,IAUX
2024-06-03,1.11,IAUX
2024-05-31,1.09,IAUX
2024-05-30,1.13,IAUX
2024-05-29,1.09,IAUX
2024-05-28,1.1,IAUX
2024-05-24,1.1,IAUX
2024-05-23,1.12,IAUX
2024-05-22,1.17,IAUX
2024-05-21,1.22,IAUX
2024-05-20,1.28,IAUX
2024-05-17,1.22,IAUX
2024-05-16,1.19,IAUX
2024-05-15,1.24,IAUX
2024-05-14,1.22,IAUX
2024-05-13,1.17,IAUX
2024-05-10,1.18,IAUX
2024-05-09,1.2,IAUX
2024-05-08,1.14,IAUX
2024-05-07,1.19,IAUX
2024-05-06,1.21,IAUX
2024-05-03,1.23,IAUX
2024-05-02,1.24,IAUX
2024-05-01,1.23,IAUX
2024-04-30,1.18,IAUX
2024-04-29,1.26,IAUX
2024-04-26,1.31,IAUX
2024-04-25,1.27,IAUX
2024-04-24,1.22,IAUX
2024-04-23,1.23,IAUX
2024-04-22,1.19,IAUX
2024-04-19,1.27,IAUX
2024-04-18,1.2,IAUX
2024-04-17,1.2,IAUX
2024-04-16,1.23,IAUX
2024-04-15,1.22,IAUX
2024-04-12,1.19,IAUX
2024-04-11,1.22,IAUX
2024-04-10,1.19,IAUX
2024-04-09,1.21,IAUX
2024-04-08,1.21,IAUX
2024-04-05,1.36,IAUX
2024-04-04,1.42,IAUX
2024-04-03,1.47,IAUX
2024-04-02,1.41,IAUX
2024-04-01,1.35,IAUX
2024-03-28,1.34,IAUX
2024-03-27,1.27,IAUX
2024-03-26,1.25,IAUX
2024-03-25,1.26,IAUX
2024-03-22,1.29,IAUX
2024-03-21,1.42,IAUX
2024-03-20,1.46,IAUX
2024-03-19,1.38,IAUX
2024-03-18,1.44,IAUX
2024-03-15,1.48,IAUX
2024-03-14,1.48,IAUX
2024-03-13,1.61,IAUX
2024-03-12,1.54,IAUX
2024-03-11,1.58,IAUX
2024-03-08,1.57,IAUX
2024-03-07,1.51,IAUX
2024-03-06,1.46,IAUX
2024-03-05,1.42,IAUX
2024-03-04,1.45,IAUX
2024-03-01,1.35,IAUX
2024-02-29,1.26,IAUX
2024-02-28,1.24,IAUX
2024-02-27,1.29,IAUX
2024-02-26,1.25,IAUX
2024-02-23,1.29,IAUX
2024-02-22,1.27,IAUX
2024-02-21,1.3,IAUX
2024-02-20,1.3,IAUX
2024-02-16,1.32,IAUX
2024-02-15,1.34,IAUX
2024-02-14,1.31,IAUX
2024-02-13,1.24,IAUX
2024-02-12,1.31,IAUX
2024-02-09,1.35,IAUX
2024-02-08,1.38,IAUX
2024-02-07,1.44,IAUX
2024-02-06,1.48,IAUX
2024-02-05,1.5,IAUX
2024-02-02,1.57,IAUX
2024-02-01,1.62,IAUX
2024-01-31,1.6,IAUX
2024-01-30,1.76,IAUX
2024-01-29,1.76,IAUX
2024-01-26,1.6,IAUX
2024-01-25,1.6,IAUX
2024-01-24,1.54,IAUX
2024-01-23,1.55,IAUX
2024-01-22,1.55,IAUX
2024-01-19,1.48,IAUX
2024-01-18,1.47,IAUX
2024-01-17,1.46,IAUX
2024-01-16,1.45,IAUX
2024-01-12,1.54,IAUX
2024-01-11,1.45,IAUX
2024-01-10,1.49,IAUX
2024-01-09,1.48,IAUX
2024-01-08,1.53,IAUX
2024-01-05,1.56,IAUX
2024-01-04,1.61,IAUX
2024-01-03,1.59,IAUX
2024-01-02,1.66,IAUX
2023-12-29,1.76,IAUX
2023-12-28,1.8,IAUX
2023-12-27,1.88,IAUX
2023-12-26,1.84,IAUX
2023-12-22,1.81,IAUX
2023-12-21,1.77,IAUX
2023-12-20,1.69,IAUX
2023-12-19,1.77,IAUX
2023-12-18,1.68,IAUX
2023-12-15,1.72,IAUX
2023-12-14,1.73,IAUX
2023-12-13,1.56,IAUX
2023-12-12,1.43,IAUX
2023-12-11,1.47,IAUX
2023-12-08,1.55,IAUX
2023-12-07,1.58,IAUX
2023-12-06,1.6,IAUX
2023-12-05,1.61,IAUX
2023-12-04,1.67,IAUX
2023-12-01,1.68,IAUX
2023-11-30,1.62,IAUX
2023-11-29,1.63,IAUX
2023-11-28,1.62,IAUX
2023-11-27,1.52,IAUX
2023-11-24,1.45,IAUX
2023-11-22,1.43,IAUX
2023-11-21,1.46,IAUX
2023-11-20,1.36,IAUX
2023-11-17,1.33,IAUX
2023-11-16,1.35,IAUX
2023-11-15,1.33,IAUX
2023-11-14,1.44,IAUX
2023-11-13,1.37,IAUX
2023-11-10,1.3,IAUX
2023-11-09,1.29,IAUX
2023-11-08,1.31,IAUX
2023-11-07,1.36,IAUX
2023-11-06,1.34,IAUX
2023-11-03,1.46,IAUX
2023-11-02,1.3,IAUX
2023-11-01,1.35,IAUX
2023-10-31,1.4,IAUX
2023-10-30,1.45,IAUX
2023-10-27,1.47,IAUX
2023-10-26,1.45,IAUX
2023-10-25,1.45,IAUX
2023-10-24,1.5,IAUX
2023-10-23,1.52,IAUX
2023-10-20,1.58,IAUX
2023-10-19,1.61,IAUX
2023-10-18,1.65,IAUX
2023-10-17,1.68,IAUX
2023-10-16,1.63,IAUX
2023-10-13,1.65,IAUX
2023-10-12,1.57,IAUX
2023-10-11,1.6,IAUX
2023-10-10,1.5,IAUX
2023-10-09,1.56,IAUX
2023-10-06,1.51,IAUX
2023-10-05,1.47,IAUX
2023-10-04,1.47,IAUX
2023-10-03,1.46,IAUX
2023-10-02,1.47,IAUX
2023-09-29,1.53,IAUX
2023-09-28,1.55,IAUX
2023-09-27,1.55,IAUX
2023-09-26,1.6,IAUX
2023-09-25,1.63,IAUX
2023-09-22,1.64,IAUX
2023-09-21,1.68,IAUX
2023-09-20,1.77,IAUX
2023-09-19,1.8,IAUX
2023-09-18,1.88,IAUX
2023-09-15,1.81,IAUX
2023-09-14,1.77,IAUX
2023-09-13,1.74,IAUX
2023-09-12,1.84,IAUX
2023-09-11,1.86,IAUX
2023-09-08,1.8,IAUX
2023-09-07,1.85,IAUX
2023-09-06,1.86,IAUX
2023-09-05,1.9,IAUX
2023-09-01,1.97,IAUX
2023-08-31,1.98,IAUX
2023-08-30,2.01,IAUX
2023-08-29,2.0,IAUX
2023-08-28,1.97,IAUX
2023-08-25,1.92,IAUX
2023-08-24,1.93,IAUX
2023-08-23,1.94,IAUX
2023-08-22,1.85,IAUX
2023-08-21,1.88,IAUX
2023-08-18,1.84,IAUX
2023-08-17,1.84,IAUX
2023-08-16,1.87,IAUX
2023-08-15,1.96,IAUX
2023-08-14,2.04,IAUX
2023-08-11,2.04,IAUX
2023-08-10,2.0,IAUX
2023-08-09,2.02,IAUX
2023-08-08,2.04,IAUX
2023-08-07,2.02,IAUX
2023-08-04,2.0,IAUX
2023-08-03,2.02,IAUX
2023-08-02,2.01,IAUX
2023-08-01,2.04,IAUX
2023-07-31,2.04,IAUX
2023-07-28,2.04,IAUX
2023-07-27,1.99,IAUX
2023-07-26,2.06,IAUX
2023-07-25,2.06,IAUX
2023-07-24,2.08,IAUX
2023-07-21,2.09,IAUX
2023-07-20,2.08,IAUX
2023-07-19,2.08,IAUX
2023-07-18,2.28,IAUX
2023-07-17,2.24,IAUX
2023-07-14,2.28,IAUX
2023-07-13,2.27,IAUX
2023-07-12,2.29,IAUX
2023-07-11,2.25,IAUX
2023-07-10,2.28,IAUX
2023-07-07,2.19,IAUX
2023-07-06,2.13,IAUX
2023-07-05,2.24,IAUX
2023-07-03,2.28,IAUX
2023-06-30,2.25,IAUX
2023-06-29,2.14,IAUX
2023-06-28,2.07,IAUX
2023-06-27,2.08,IAUX
2023-06-26,2.09,IAUX
2023-06-23,2.16,IAUX
2023-06-22,2.15,IAUX
2023-06-21,2.21,IAUX
2023-06-20,2.18,IAUX
2023-06-16,2.21,IAUX
2023-06-15,2.24,IAUX
2023-06-14,2.26,IAUX
2023-06-13,2.28,IAUX
2023-06-12,2.29,IAUX
2023-06-09,2.25,IAUX
2023-06-08,2.27,IAUX
2023-06-07,2.22,IAUX
2023-06-06,2.27,IAUX
2023-06-05,2.3,IAUX
2023-06-02,2.25,IAUX
2023-06-01,2.27,IAUX
2023-05-31,2.16,IAUX
2023-05-30,2.12,IAUX
2023-05-26,2.16,IAUX
2023-05-25,2.13,IAUX
2023-05-24,2.27,IAUX
2023-05-23,2.33,IAUX
2023-05-22,2.35,IAUX
2023-05-19,2.25,IAUX
2023-05-18,2.23,IAUX
2023-05-17,2.25,IAUX
2023-05-16,2.21,IAUX
2023-05-15,2.31,IAUX
2023-05-12,2.31,IAUX
2023-05-11,2.32,IAUX
2023-05-10,2.36,IAUX
2023-05-09,2.36,IAUX
2023-05-08,2.47,IAUX
2023-05-05,2.58,IAUX
2023-05-04,2.63,IAUX
2023-05-03,2.6,IAUX
2023-05-02,2.64,IAUX
2023-05-01,2.54,IAUX
2023-04-28,2.53,IAUX
2023-04-27,2.52,IAUX
2023-04-26,2.48,IAUX
2023-04-25,2.41,IAUX
2023-04-24,2.44,IAUX
2023-04-21,2.46,IAUX
2023-04-20,2.58,IAUX
2023-04-19,2.54,IAUX
2023-04-18,2.58,IAUX
2023-04-17,2.57,IAUX
2023-04-14,2.59,IAUX
2023-04-13,2.65,IAUX
2023-04-12,2.59,IAUX
2023-04-11,2.58,IAUX
2023-04-10,2.53,IAUX
2023-04-06,2.55,IAUX
2023-04-05,2.48,IAUX
2023-04-04,2.5,IAUX
2023-04-03,2.52,IAUX
2023-03-31,2.45,IAUX
2023-03-30,2.48,IAUX
2023-03-29,2.39,IAUX
2023-03-28,2.42,IAUX
2023-03-27,2.29,IAUX
2023-03-24,2.28,IAUX
2023-03-23,2.3,IAUX
2023-03-22,2.17,IAUX
2023-03-21,2.15,IAUX
2023-03-20,2.23,IAUX
2023-03-17,2.18,IAUX
2023-03-16,2.07,IAUX
2023-03-15,2.07,IAUX
2023-03-14,2.13,IAUX
2023-03-13,2.15,IAUX
2023-03-10,2.07,IAUX
2023-03-09,2.06,IAUX
2023-03-08,2.09,IAUX
2023-03-07,2.18,IAUX
2023-03-06,2.26,IAUX
2023-03-03,2.36,IAUX
2023-03-02,2.29,IAUX
2023-03-01,2.32,IAUX
2023-02-28,2.3,IAUX
2023-02-27,2.3,IAUX
2023-02-24,2.35,IAUX
2023-02-23,2.38,IAUX
2023-02-22,2.34,IAUX
2023-02-21,2.38,IAUX
2023-02-17,2.4,IAUX
2023-02-16,2.41,IAUX
2023-02-15,2.43,IAUX
2023-02-14,2.48,IAUX
2023-02-13,2.48,IAUX
2023-02-10,2.47,IAUX
2023-02-09,2.54,IAUX
2023-02-08,2.62,IAUX
2023-02-07,2.62,IAUX
2023-02-06,2.57,IAUX
2023-02-03,2.58,IAUX
2023-02-02,2.7,IAUX
2023-02-01,2.75,IAUX
2023-01-31,2.68,IAUX
2023-01-30,2.63,IAUX
2023-01-27,2.66,IAUX
2023-01-26,2.76,IAUX
2023-01-25,2.8,IAUX
2023-01-24,2.83,IAUX
2023-01-23,2.74,IAUX
2023-01-20,2.81,IAUX
2023-01-19,2.82,IAUX
2023-01-18,2.75,IAUX
2023-01-17,2.69,IAUX
2023-01-13,2.8,IAUX
2023-01-12,2.8,IAUX
2023-01-11,2.79,IAUX
2023-01-10,2.83,IAUX
2023-01-09,2.78,IAUX
2023-01-06,2.86,IAUX
2023-01-05,2.79,IAUX
2023-01-04,2.95,IAUX
2023-01-03,2.98,IAUX
2022-12-30,2.82,IAUX
2022-12-29,2.89,IAUX
2022-12-28,2.88,IAUX
2022-12-27,3.045,IAUX
2022-12-23,2.89,IAUX
2022-12-22,2.83,IAUX
2022-12-21,2.86,IAUX
2022-12-20,2.78,IAUX
2022-12-19,2.6,IAUX
2022-12-16,2.76,IAUX
2022-12-15,2.67,IAUX
2022-12-14,2.81,IAUX
2022-12-13,2.77,IAUX
2022-12-12,2.73,IAUX
2022-12-09,2.68,IAUX
2022-12-08,2.77,IAUX
2022-12-07,2.76,IAUX
2022-12-06,2.62,IAUX
2022-12-05,2.7,IAUX
2022-12-02,2.93,IAUX
2022-12-01,2.94,IAUX
2022-11-30,2.84,IAUX
2022-11-29,2.73,IAUX
2022-11-28,2.57,IAUX
2022-11-25,2.71,IAUX
2022-11-23,2.74,IAUX
2022-11-22,2.63,IAUX
2022-11-21,2.54,IAUX
2022-11-18,2.55,IAUX
2022-11-17,2.4,IAUX
2022-11-16,2.42,IAUX
2022-11-15,2.34,IAUX
2022-11-14,2.215,IAUX
2022-11-11,2.13,IAUX
2022-11-10,2.14,IAUX
2022-11-09,1.96,IAUX
2022-11-08,1.96,IAUX
2022-11-07,1.85,IAUX
2022-11-04,1.76,IAUX
2022-11-03,1.63,IAUX
2022-11-02,1.66,IAUX
2022-11-01,1.78,IAUX
2022-10-31,1.69,IAUX
2022-10-28,1.69,IAUX
2022-10-27,1.69,IAUX
2022-10-26,1.66,IAUX
2022-10-25,1.76,IAUX
2022-10-24,1.8,IAUX
2022-10-21,1.92,IAUX
2022-10-20,1.77,IAUX
2022-10-19,1.74,IAUX
2022-10-18,1.73,IAUX
2022-10-17,1.77,IAUX
2022-10-14,1.77,IAUX
2022-10-13,1.93,IAUX
2022-10-12,1.96,IAUX
2022-10-11,1.95,IAUX
2022-10-10,2.03,IAUX
2022-10-07,1.99,IAUX
2022-10-06,2.02,IAUX
2022-10-05,1.975,IAUX
2022-10-04,1.9175,IAUX
2022-10-03,1.91,IAUX
2022-09-30,1.75,IAUX
2022-09-29,1.66,IAUX
2022-09-28,1.65,IAUX
2022-09-27,1.58,IAUX
2022-09-26,1.56,IAUX
2022-09-23,1.63,IAUX
2022-09-22,1.74,IAUX
2022-09-21,1.77,IAUX
2022-09-20,1.76,IAUX
2022-09-19,1.75,IAUX
2022-09-16,1.77,IAUX
2022-09-15,1.83,IAUX
2022-09-14,1.83,IAUX
2022-09-13,1.81,IAUX
2022-09-12,1.875,IAUX
2022-09-09,1.83,IAUX
2022-09-08,1.74,IAUX
2022-09-07,1.75,IAUX
2022-09-06,1.7,IAUX
2022-09-02,1.79,IAUX
2022-09-01,1.7,IAUX
2022-08-31,1.81,IAUX
2022-08-30,1.83,IAUX
2022-08-29,1.99,IAUX
2022-08-26,1.87,IAUX
2022-08-25,1.99,IAUX
2022-08-24,2.0,IAUX
2022-08-23,1.98,IAUX
2022-08-22,1.93,IAUX
2022-08-19,1.91,IAUX
2022-08-18,2.07,IAUX
2022-08-17,1.97,IAUX
2022-08-16,2.06,IAUX
2022-08-15,2.0,IAUX
2022-08-12,2.1,IAUX
2022-08-11,2.09,IAUX
2022-08-10,2.14,IAUX
2022-08-09,2.0199,IAUX
2022-08-08,1.96,IAUX
2022-08-05,1.94,IAUX
2022-08-04,1.95,IAUX
2022-08-03,1.79,IAUX
2022-08-02,1.87,IAUX
2022-08-01,1.94,IAUX
2022-07-29,1.9,IAUX
2022-07-28,1.89,IAUX
2022-07-27,1.82,IAUX
2022-07-26,1.68,IAUX
2022-07-25,1.64,IAUX
2022-07-22,1.69,IAUX
2022-07-21,1.72,IAUX
2022-07-20,1.59,IAUX
2022-07-19,1.67,IAUX
2022-07-18,1.66,IAUX
2022-07-15,1.64,IAUX
2022-07-14,1.5701,IAUX
2022-07-13,1.71,IAUX
2022-07-12,1.66,IAUX
2022-07-11,1.66,IAUX
2022-07-08,1.695,IAUX
2022-07-07,1.74,IAUX
2022-07-06,1.67,IAUX
2022-07-05,1.76,IAUX
2022-07-01,1.87,IAUX
2022-06-30,1.81,IAUX
2022-06-29,1.895,IAUX
2022-06-28,1.91,IAUX
2022-06-27,2.0545,IAUX
2022-06-24,2.06,IAUX
2022-06-23,2.01,IAUX
2022-06-22,2.18,IAUX
2022-06-21,2.2299,IAUX
2022-06-17,2.24,IAUX
2022-06-16,2.24,IAUX
2022-06-15,2.23,IAUX
2022-06-14,2.17,IAUX
2022-06-13,2.27,IAUX
2022-06-10,2.3258,IAUX
2022-06-09,2.3835,IAUX
2022-06-08,2.54,IAUX
2022-06-07,2.51,IAUX
2022-06-06,2.51,IAUX
2022-06-03,2.5401,IAUX
2022-06-02,2.65,IAUX
2022-06-01,2.51,IAUX
2022-05-31,2.43,IAUX
2022-05-27,2.63,IAUX
2022-05-26,2.6495,IAUX
2022-05-25,2.69,IAUX
2022-05-24,2.73,IAUX
2022-05-23,2.72,IAUX
2022-05-20,2.72,IAUX
2022-05-19,2.71,IAUX
2022-05-18,2.48,IAUX
2022-05-17,2.54,IAUX
2022-05-16,2.57,IAUX
2022-05-13,2.4999,IAUX
2022-05-12,2.32,IAUX
2022-05-11,2.38,IAUX
2022-05-10,2.34,IAUX
2022-05-09,2.45,IAUX
2022-05-06,2.61,IAUX
2022-05-05,2.73,IAUX
2022-05-04,2.7361,IAUX
2022-05-03,2.6,IAUX
2022-05-02,2.498,IAUX
2022-04-29,2.65,IAUX
2022-04-28,2.59,IAUX
2022-04-27,2.49,IAUX
2022-04-26,2.498,IAUX
2022-04-25,2.58,IAUX
2022-04-22,2.65,IAUX
2022-04-21,2.71,IAUX
2022-04-20,2.86,IAUX
2022-04-19,2.75,IAUX
2022-04-18,2.76,IAUX
2022-04-14,2.76,IAUX
2022-04-13,2.766,IAUX
2022-04-12,2.68,IAUX
2022-04-11,2.678,IAUX
2022-04-08,2.7075,IAUX
2022-04-07,2.58,IAUX
2022-04-06,2.6,IAUX
2022-04-05,2.5982,IAUX
2022-04-04,2.73,IAUX
2022-04-01,2.83,IAUX
2022-03-31,2.75,IAUX
2022-03-30,2.78,IAUX
2022-03-29,2.73,IAUX
2022-03-28,2.7799,IAUX
2022-03-25,2.87,IAUX
2022-03-24,2.86,IAUX
2022-03-23,2.9199,IAUX
2022-03-22,2.91,IAUX
2022-03-21,3.0899,IAUX
2022-03-18,3.06,IAUX
2022-03-17,3.07,IAUX
2022-03-16,3.04,IAUX
2022-03-15,2.91,IAUX
2022-03-14,2.93,IAUX
2022-03-11,2.93,IAUX
2022-03-10,2.88,IAUX
2022-03-09,2.76,IAUX
2022-03-08,2.7,IAUX
2022-03-07,2.7,IAUX
2022-03-04,2.57,IAUX
2022-03-03,2.399,IAUX
2022-03-02,2.296,IAUX
2022-03-01,2.23,IAUX
2022-02-28,2.19,IAUX
2022-02-25,2.17,IAUX
2022-02-24,2.0999,IAUX
2022-02-23,2.16,IAUX
2022-02-22,2.13,IAUX
2022-02-18,2.17,IAUX
2022-02-17,2.248,IAUX
2022-02-16,2.277,IAUX
2022-02-15,2.17,IAUX
2022-02-14,2.195,IAUX
2022-02-11,2.25,IAUX
2022-02-10,2.1695,IAUX
2022-02-09,2.2327,IAUX
2022-02-08,2.25,IAUX
2022-02-07,2.16,IAUX
2022-02-04,2.07,IAUX
2022-02-03,2.06,IAUX
2022-02-02,2.17,IAUX
2022-02-01,2.0999,IAUX
2022-01-31,2.09,IAUX
2022-01-28,2.0199,IAUX
2022-01-27,2.0644,IAUX
2022-01-26,2.1316,IAUX
2022-01-25,2.23,IAUX
2022-01-24,2.1099,IAUX
2022-01-21,2.21,IAUX
2022-01-20,2.35,IAUX
2022-01-19,2.38,IAUX
2022-01-18,2.2264,IAUX
2022-01-14,2.23,IAUX
2022-01-13,2.25,IAUX
2022-01-12,2.34,IAUX
2022-01-11,2.311,IAUX
2022-01-10,2.21,IAUX
2022-01-07,2.13,IAUX
2022-01-06,2.1299,IAUX
2022-01-05,2.2101,IAUX
2022-01-04,2.27,IAUX
2022-01-03,2.392,IAUX
2021-12-31,2.392,IAUX
2021-12-30,2.36,IAUX
2021-12-29,2.29,IAUX
2021-12-28,2.28,IAUX
2021-12-27,2.34,IAUX
2021-12-23,2.34,IAUX
2021-12-22,2.24,IAUX
2021-12-21,2.2,IAUX
2021-12-20,2.26,IAUX
2021-12-17,2.16,IAUX
2021-12-16,2.245,IAUX
2021-12-15,2.19,IAUX
2021-12-14,2.21,IAUX
2021-12-13,2.1299,IAUX
2021-12-10,2.09,IAUX
2021-12-09,2.04,IAUX
2021-12-08,2.1694,IAUX
2021-12-07,2.09,IAUX
2021-12-06,2.0,IAUX
2021-12-03,1.97,IAUX
2021-12-02,1.98,IAUX
2021-12-01,1.99,IAUX
2021-11-30,2.1,IAUX
2021-11-29,2.1435,IAUX
2021-11-26,2.195,IAUX
2021-11-24,2.24,IAUX
2021-11-23,2.22,IAUX
2021-11-22,2.3499,IAUX
2021-11-19,2.42,IAUX
2021-11-18,2.44,IAUX
2021-11-17,2.45,IAUX
2021-11-16,2.45,IAUX
2021-11-15,2.68,IAUX
2021-11-12,2.6496,IAUX
2021-11-11,2.66,IAUX
2021-11-10,2.595,IAUX
2021-11-09,2.5829,IAUX
2021-11-08,2.49,IAUX
2021-11-05,2.4701,IAUX
2021-11-04,2.3808,IAUX
2021-11-03,2.4,IAUX
2021-11-02,2.39,IAUX
2021-11-01,2.41,IAUX
2021-10-29,2.43,IAUX
2021-10-28,2.42,IAUX
2021-10-27,2.425,IAUX
2021-10-26,2.4999,IAUX
2021-10-25,2.5396,IAUX
2021-10-22,2.5664,IAUX
2021-10-21,2.62,IAUX
2021-10-20,2.6202,IAUX
2021-10-19,2.61,IAUX
2021-10-18,2.63,IAUX
2021-10-15,2.7099,IAUX
2021-10-14,2.7801,IAUX
2021-10-13,2.65,IAUX
2021-10-12,2.4899,IAUX
2021-10-11,2.59,IAUX
2021-10-08,2.59,IAUX
2021-10-07,2.52,IAUX
2021-10-06,2.5,IAUX
2021-10-05,2.52,IAUX
2021-10-04,2.5394,IAUX
2021-10-01,2.45,IAUX
2021-09-30,2.45,IAUX
2021-09-29,2.38,IAUX
2021-09-28,2.4,IAUX
2021-09-27,2.5125,IAUX
2021-09-24,2.46,IAUX
2021-09-23,2.4848,IAUX
2021-09-22,2.505,IAUX
2021-09-21,2.4295,IAUX
2021-09-20,2.355,IAUX
2021-09-17,2.38,IAUX
2021-09-16,2.4,IAUX
2021-09-15,2.5,IAUX
2021-09-14,2.5042,IAUX
2021-09-13,2.5,IAUX
2021-09-10,2.572,IAUX
2021-09-09,2.71,IAUX
2021-09-08,2.49,IAUX
2021-09-07,2.47,IAUX
2021-09-03,2.14,IAUX
2021-09-02,2.09,IAUX
2021-09-01,2.11,IAUX
2021-08-31,2.16,IAUX
2021-08-30,2.0736,IAUX
2021-08-27,2.03,IAUX
2021-08-26,2.0,IAUX
2021-08-25,2.0301,IAUX
2021-08-24,2.04,IAUX
2021-08-23,2.01,IAUX
2021-08-20,1.96,IAUX
2021-08-19,1.97,IAUX
2021-08-18,1.99,IAUX
2021-08-17,1.97,IAUX
2021-08-16,1.98,IAUX
2021-08-13,2.05,IAUX
2021-08-12,2.05,IAUX
2021-08-11,1.983,IAUX
2021-08-10,2.0,IAUX
2021-08-09,2.0,IAUX
2021-08-06,2.0206,IAUX
2021-08-05,2.07,IAUX
2021-08-04,2.0773,IAUX
2021-08-03,2.0444,IAUX
2021-08-02,2.05,IAUX
2021-07-30,2.05,IAUX
2021-07-29,2.06,IAUX
2021-07-28,2.0,IAUX
2021-07-27,2.02,IAUX
2021-07-26,2.05,IAUX
2021-07-23,2.0043,IAUX
2021-07-22,2.089,IAUX
2021-07-21,2.02,IAUX
2021-07-20,2.02,IAUX
2021-07-19,1.9481,IAUX
2021-07-16,2.013,IAUX
2021-07-15,2.02,IAUX
2021-07-14,2.072,IAUX
2021-07-13,2.0465,IAUX
2021-07-12,2.05,IAUX
2021-07-09,2.1,IAUX
2021-07-08,2.0308,IAUX
2021-07-07,2.0318,IAUX
2021-07-06,2.007,IAUX
2021-07-02,2.09,IAUX
2021-07-01,2.0,IAUX
2021-06-30,2.0,IAUX
2021-06-29,2.0004,IAUX
2021-06-28,2.03,IAUX
2021-06-25,2.1182,IAUX
2021-06-24,2.1,IAUX
2021-06-23,2.0471,IAUX
2021-06-22,2.0892,IAUX
2021-06-21,2.0576,IAUX
2021-06-18,1.88,IAUX
2021-06-17,2.03,IAUX
2021-06-16,2.1,IAUX
2021-06-15,2.22,IAUX
2021-06-14,2.2751,IAUX
2021-06-11,2.3827,IAUX
2021-06-10,2.4187,IAUX
2021-06-09,2.3639,IAUX
2021-06-08,2.3821,IAUX
2021-06-07,2.25,IAUX
2021-06-04,2.25,IAUX
2021-06-03,2.11,IAUX
2021-06-02,2.2213,IAUX
2021-06-01,2.18,IAUX
2021-05-28,2.1398,IAUX
2021-05-27,2.15,IAUX
2021-05-26,2.1272,IAUX
2021-05-25,2.18,IAUX
2021-05-24,2.15,IAUX
2021-05-21,2.15,IAUX
2021-05-20,2.1651,IAUX
2021-05-19,2.15,IAUX
2021-05-18,2.1089,IAUX
2021-05-17,2.1056,IAUX
2021-05-14,2.0575,IAUX
2021-05-13,1.96,IAUX
2021-05-12,2.0729,IAUX
2021-05-11,2.0957,IAUX
2021-05-10,2.03,IAUX
2021-05-07,2.0441,IAUX
2021-05-06,2.0088,IAUX
2021-05-05,2.0,IAUX
2021-05-04,2.0,IAUX
2021-05-03,2.036,IAUX
2021-04-30,2.0222,IAUX
2021-04-29,2.0963,IAUX
2021-04-28,2.1004,IAUX
2021-04-27,2.17,IAUX
2021-04-26,2.1101,IAUX
2021-04-23,2.12,IAUX
2021-04-22,2.08,IAUX
