date,CAD,AUD,GBP,MXN,BRL,SAR,HKD,CNY,IDR
2016-12-01,1.34254,1.3534,0.7989,20.75985,3.4063,3.746,7.7558,6.8908,13572.0
2016-12-02,1.33069,1.3475,0.7943,20.60601,3.573,3.7455,7.7556,6.8765,13518.0
2016-12-05,1.33204,1.3434,0.7894,20.565001,3.4747,3.7502,7.7555,6.8855,13640.0
2016-12-06,1.3272,1.3379,0.78564,20.391899,3.42,3.3035,7.7546,6.871,13436.0
2016-12-07,1.3277,1.3383,0.7892,20.325291,3.4063,3.7504,7.7552,6.872,13296.0
2016-12-08,1.3226,1.3358,0.7919,20.30275,3.3816,3.7467,7.7558,6.8705,13277.0
2016-12-09,1.3195,1.34057,0.7946,20.373631,3.3737,3.7455,7.75575,6.8699,13306.0
2016-12-12,1.31289,1.3426,0.7938,20.1936,3.377,3.7506,7.7594,6.9067,13357.0
2016-12-13,1.31267,1.3338,0.7889,20.26795,3.3373,3.7464,7.7581,6.8969,13278.0
2016-12-14,1.31344,1.3343,0.7897,20.47847,3.3342,3.746,7.7562,6.8917,13280.0
2016-12-15,1.32858,1.3494,0.79756,20.33165,3.369,3.7505,7.7582,6.9038,13418.0
2016-12-16,1.33331,1.3572,0.8049,20.40959,3.3657,3.7461,7.76005,6.9343,13411.0
2016-12-19,1.33393,1.3715,0.8007,20.3622,3.3904,3.6778,7.7649,6.9583,13383.0
2016-12-20,1.34036,1.3791,0.8071,20.44738,3.3639,3.7465,7.7663,6.953,13370.0
2016-12-21,1.33712,1.3756,0.8087,20.55761,3.3531,3.7462,7.76524,6.9498,13421.0
2016-12-22,1.34318,1.3821,0.8094,20.746639,3.3254,3.7462,7.76085,6.9414,13439.0
2016-12-23,1.34814,1.3847,0.814,20.643419,3.2863,3.7464,7.76207,6.9404,13449.0
2016-12-26,1.35202,1.3929,0.8137,20.624901,3.2695,3.7512,7.7595,6.9453,13442.0
2016-12-27,1.35225,1.3926,0.8146,20.75935,3.2696,3.6771,7.76,6.9447,13442.0
2016-12-28,1.35757,1.3906,0.8146,20.70509,3.2694,3.7465,7.75978,6.9425,13429.0
2016-12-29,1.35526,1.3918,0.818,20.702,3.2825,3.7456,7.75743,6.9581,13490.0
2016-12-30,1.34781,1.3822,0.8138,20.71804,3.2523,3.7453,7.755,6.9453,13466.0
2017-01-02,1.3434,1.387,0.80978,20.740511,3.2532,3.7513,7.755,6.9438,13512.0
2017-01-03,1.34414,1.3895,0.8142,21.12022,3.284,3.7462,7.75788,6.944,13506.0
2017-01-04,1.34218,1.38314,0.81662,21.47965,3.2635,3.7461,7.7563,6.9598,13443.0
2017-01-05,1.3299,1.3723,0.81124,21.385469,3.2141,3.7462,7.75496,6.9251,13348.0
2017-01-06,1.32294,1.3627,0.8048,21.21653,3.1977,3.7462,7.7544,6.8879,13319.0
2017-01-09,1.32418,1.3676,0.8156,21.3591,3.2222,3.7503,7.75491,6.9175,13351.0
2017-01-10,1.32141,1.3587,0.82146,21.81213,3.1955,3.7461,7.756,6.9367,13314.0
2017-01-11,1.3244,1.3584,0.8214,21.90465,3.1945,3.7457,7.75445,6.9212,13291.0
2017-01-12,1.31632,1.3428,0.8187,21.772051,3.1963,3.746,7.7546,6.9361,13241.0
2017-01-13,1.31506,1.3354,0.822,21.470289,3.1868,3.7503,7.7542,6.8949,13258.0
2017-01-16,1.3126,1.3337,0.83061,21.677219,3.1868,3.7503,7.75478,6.8988,13313.0
2017-01-17,1.3175,1.3381,0.83055,21.51132,3.2405,3.7461,7.7552,6.891,13349.0
2017-01-18,1.30617,1.32438,0.80723,21.90917,3.2098,3.7454,7.75551,6.8446,13296.0
2017-01-19,1.3265,1.3317,0.81568,21.921989,3.2296,3.7459,7.75596,6.838,13370.0
2017-01-20,1.33215,1.3216,0.81048,21.576651,3.1949,3.7459,7.7568,6.8613,13378.0
2017-01-23,1.33038,1.3204,0.8073,21.325199,3.1423,3.7501,7.7577,6.8755,13406.0
2017-01-24,1.32377,1.3188,0.7989,21.506701,3.1617,3.746,7.75664,6.844,13345.0
2017-01-25,1.31536,1.3171,0.79789,21.0553,3.1687,3.7458,7.75729,6.849,13342.0
2017-01-26,1.30695,1.3203,0.79151,21.21216,3.1685,3.7458,7.75667,6.8736,13316.0
2017-01-27,1.309,1.3274,0.79394,20.859529,3.1761,3.7498,7.7571,6.8784,13387.0
2017-01-30,1.31315,1.32387,0.79416,20.76749,3.1096,3.7503,7.75824,6.883,13326.0
2017-01-31,1.31023,1.3218,0.8,20.805099,3.1255,3.7457,7.7581,6.8807,13338.0
2017-02-01,1.3036,1.3192,0.7943,20.71018,3.1501,3.7457,7.7577,6.8787,13345.0
2017-02-02,1.30487,1.3186,0.7898,20.528271,3.128,3.746,7.75868,6.8809,13360.0
2017-02-03,1.30303,1.3064,0.79872,20.33626,3.1225,3.7502,7.75867,6.88,13346.0
2017-02-06,1.30182,1.30276,0.80101,20.54472,3.1195,3.75,7.75746,6.8722,13338.0
2017-02-07,1.3085,1.3079,0.80203,20.608879,3.1137,3.7446,7.75754,6.8636,13326.0
2017-02-08,1.31903,1.3119,0.80024,20.51235,3.1167,3.7457,7.75797,6.8845,13310.0
2017-02-09,1.31458,1.31032,0.79821,20.361589,3.1159,3.7454,7.75926,6.8725,13302.0
2017-02-10,1.3133,1.31132,0.80012,20.32498,3.1288,3.746,7.75717,6.8686,13288.0
2017-02-13,1.31179,1.30376,0.80099,20.275999,3.1071,3.7502,7.75735,6.8952,13335.0
2017-02-14,1.30715,1.30849,0.79853,20.27314,3.1101,3.7457,7.75828,6.8795,13323.0
2017-02-15,1.30812,1.3039,0.8019,20.286551,3.0812,3.7457,7.75865,6.8668,13321.0
2017-02-16,1.30677,1.29509,0.80194,20.397449,3.0561,3.7458,7.75884,6.8684,13316.0
2017-02-17,1.30752,1.299,0.80069,20.412491,3.0875,3.7457,7.75902,6.8526,13321.0
2017-02-20,1.30882,1.30412,0.80425,20.35701,3.0955,3.7498,7.76042,6.8557,13350.0
2017-02-21,1.31052,1.3006,0.80171,19.99926,3.0855,3.7455,7.7607,6.8781,13347.0
2017-02-22,1.31463,1.3027,0.80083,19.889799,3.0939,3.7455,7.76025,6.8826,13358.0
2017-02-23,1.31646,1.2992,0.80297,19.67976,3.0623,3.7457,7.75982,6.8737,13338.0
2017-02-24,1.31006,1.2965,0.79642,19.91078,3.0603,3.7458,7.75877,6.8655,13325.0
2017-02-27,1.31193,1.3037,0.80648,19.8972,3.0946,3.7498,7.76006,6.9007,13324.0
2017-02-28,1.31869,1.3027,0.8039,20.1101,3.1053,3.7453,7.76122,6.8701,13339.0
2017-03-01,1.33113,1.30851,0.80788,19.85146,3.108,3.7454,7.762,6.8664,13391.0
2017-03-02,1.3352,1.3059,0.81485,20.003349,3.0882,3.745,7.76223,6.8822,13392.0
2017-03-03,1.33927,1.3206,0.81468,19.50329,3.1546,3.7451,7.7616,6.8876,13373.0
2017-03-06,1.3382,1.3167,0.813,19.60214,3.12,3.7495,7.76247,6.8962,13278.0
2017-03-07,1.34014,1.31766,0.8168,19.479679,3.1372,3.7456,7.76415,6.8967,13342.0
2017-03-08,1.34105,1.31666,0.81937,19.678591,3.1159,3.7455,7.7643,6.9023,13336.0
2017-03-09,1.3486,1.3282,0.8212,19.828079,3.1593,3.7457,7.7663,6.9119,13368.0
2017-03-10,1.35068,1.332,0.82255,19.594101,3.1913,3.7455,7.7646,6.9102,13403.0
2017-03-13,1.34585,1.3256,0.8216,19.62001,3.1475,3.7496,7.76454,6.8566,13346.0
2017-03-14,1.34512,1.3216,0.81927,19.6539,3.1524,3.7457,7.76485,6.913,13372.0
2017-03-15,1.34725,1.32179,0.82254,19.232201,3.1637,3.75,7.76715,6.9145,13390.0
2017-03-16,1.32968,1.2977,0.81405,19.2344,3.0999,3.7457,7.76514,6.9136,13217.0
2017-03-17,1.33226,1.3038,0.80964,19.075991,3.1193,3.747,7.76335,6.8967,13283.0
2017-03-20,1.3333,1.2979,0.80746,19.00639,3.0866,3.7494,7.76155,6.9041,13330.0
2017-03-21,1.33377,1.2936,0.8086,19.094801,3.071,3.7454,7.76505,6.906,13332.0
2017-03-22,1.3357,1.30308,0.80115,19.015909,3.0868,3.7454,7.76555,6.8849,13308.0
2017-03-23,1.3332,1.30388,0.8016,18.942511,3.0848,3.7457,7.76565,6.883,13327.0
2017-03-24,1.33485,1.3099,0.7988,18.74823,3.1381,3.7455,7.7675,6.8858,13318.0
2017-03-27,1.33245,1.3101,0.79907,18.873449,3.1097,3.7494,7.76591,6.8535,13320.0
2017-03-28,1.33885,1.3108,0.79631,18.98951,3.1252,3.7455,7.7672,6.8721,13308.0
2017-03-29,1.33774,1.30678,0.80506,18.706499,3.1384,3.7452,7.76772,6.8783,13309.0
2017-03-30,1.3331,1.3037,0.80383,18.726231,3.1221,3.7454,7.7689,6.8877,13303.0
2017-03-31,1.33325,1.3063,0.80138,18.691589,3.1477,3.7456,7.77007,6.889,13299.0
2017-04-03,1.33258,1.31063,0.7974,18.697901,3.1218,3.7494,7.7701,6.8802,13335.0
2017-04-04,1.33846,1.3149,0.8005,18.814791,3.113,3.7451,7.7712,6.8839,13316.0
2017-04-05,1.33979,1.3212,0.80386,18.799801,3.0956,3.7455,7.77013,6.8852,13332.0
2017-04-06,1.34344,1.32139,0.8007,18.742901,3.1196,3.7457,7.76861,6.8939,13323.0
2017-04-07,1.34184,1.326,0.80201,18.651979,3.1415,3.7457,7.7696,6.8978,13353.0
2017-04-10,1.3407,1.33205,0.80807,18.689831,3.1447,3.7494,7.76829,6.9057,13373.0
2017-04-11,1.33225,1.3321,0.8048,18.753599,3.1318,3.7455,7.7699,6.9033,13271.0
2017-04-12,1.33256,1.33269,0.80049,18.55456,3.1368,3.7456,7.77012,6.8908,13291.0
2017-04-13,1.32425,1.32642,0.79682,18.566719,3.1235,3.7457,7.77026,6.8909,13277.0
2017-04-14,1.33364,1.3217,0.7995,18.49655,3.1424,3.7452,7.77298,6.8865,13276.0
2017-04-17,1.3313,1.3191,0.79776,18.499559,3.1437,3.7494,7.77275,6.891,13287.0
2017-04-18,1.33255,1.3172,0.79632,18.58403,3.1303,3.677,7.77151,6.8686,13279.0
2017-04-19,1.33821,1.3229,0.77854,18.8589,3.1065,3.7454,7.7738,6.8819,13296.0
2017-04-20,1.3483,1.334,0.78233,18.81171,3.1483,3.7453,7.77345,6.886,13343.0
2017-04-21,1.34759,1.32995,0.78113,18.797001,3.1471,3.7458,7.7746,6.8817,13317.0
2017-04-24,1.3483,1.3235,0.77965,18.813101,3.1468,3.7494,7.77497,6.7921,13105.0
2017-04-25,1.3549,1.3228,0.78268,18.866249,3.127,3.7458,7.77855,6.8825,13124.0
2017-04-26,1.35739,1.3268,0.77928,19.16316,3.1472,3.7455,7.7807,6.8817,13303.0
2017-04-27,1.36196,1.33684,0.77831,19.055901,3.1711,3.7458,7.77999,6.8921,13261.0
2017-04-28,1.36279,1.33919,0.77558,18.809139,3.1811,3.7458,7.78009,6.8969,13351.0
2017-05-01,1.3642,1.33629,0.7733,18.72855,3.1761,3.7494,7.77684,6.9121,13322.0
2017-05-02,1.3672,1.3273,0.77535,18.75318,3.1751,3.7462,7.7785,6.893,13325.0
2017-05-03,1.37067,1.3257,0.7727,18.8277,3.1502,3.7459,7.78048,6.8935,13295.0
2017-05-04,1.37273,1.3461,0.7769,19.041,3.1621,3.7455,7.7809,6.8967,13304.0
2017-05-05,1.37512,1.3491,0.7737,18.946671,3.1849,3.7458,7.78262,6.8954,13340.0
2017-05-08,1.36713,1.34847,0.77127,19.191851,3.1777,3.7503,7.78296,6.8847,13315.0
2017-05-09,1.36937,1.3534,0.7726,19.1675,3.1964,3.7459,7.7844,6.9045,13324.0
2017-05-10,1.3707,1.36195,0.77229,19.025881,3.1868,3.746,7.7839,6.9071,13359.0
2017-05-11,1.37107,1.3585,0.77336,18.814699,3.1657,3.7458,7.7861,6.903,13353.0
2017-05-12,1.37039,1.3552,0.7757,18.782009,3.139,3.7459,7.78921,6.9037,13312.0
2017-05-15,1.37176,1.35265,0.776,18.6861,3.1777,3.75,7.79293,6.9021,13323.0
2017-05-16,1.36283,1.34761,0.77501,18.6805,3.1082,3.7461,7.7865,6.894,13285.0
2017-05-17,1.36123,1.3475,0.77418,18.941971,3.0958,3.7462,7.7872,6.8886,13274.0
2017-05-18,1.35989,1.3457,0.771,18.837681,3.1334,3.7457,7.7856,6.8813,13318.0
2017-05-19,1.36035,1.3473,0.7717,18.708191,3.369,3.746,7.78313,6.8891,13399.0
2017-05-22,1.35162,1.3419,0.76851,18.70463,3.2533,3.7498,7.7822,6.8539,13328.0
2017-05-23,1.34919,1.3385,0.76951,18.64859,3.2654,3.7458,7.78466,6.8844,13296.0
2017-05-24,1.35212,1.3384,0.77181,18.438511,3.2686,3.7459,7.78708,6.8912,13296.0
2017-05-25,1.34129,1.33378,0.7704,18.49165,3.2742,3.7456,7.78778,6.89,13302.0
2017-05-26,1.34834,1.3412,0.7732,18.4835,3.2735,3.7457,7.79049,6.8677,13302.0
2017-05-29,1.34534,1.3433,0.78038,18.4701,3.1777,3.7499,7.79165,6.857,13288.0
2017-05-30,1.34734,1.3443,0.78039,18.718769,3.2554,3.7462,7.7941,6.8562,13315.0
2017-05-31,1.34702,1.3406,0.7807,18.635349,3.2562,3.7457,7.79212,6.8558,13319.0
2017-06-01,1.34904,1.3465,0.77667,18.645149,3.2251,3.7498,7.7913,6.8112,13294.0
2017-06-02,1.35155,1.3551,0.7759,18.665991,3.249,3.7457,7.79085,6.8086,13288.0
2017-06-05,1.34984,1.34613,0.777,18.332001,3.2492,3.7497,7.78978,6.8128,13304.0
2017-06-06,1.34777,1.3356,0.77475,18.25329,3.2961,3.7457,7.7923,6.8028,13283.0
2017-06-07,1.34496,1.3316,0.77479,18.253269,3.276,3.7458,7.7933,6.7957,13259.0
2017-06-08,1.35105,1.3259,0.77148,18.21513,3.2673,3.746,7.794,6.7975,13313.0
2017-06-09,1.35221,1.32832,0.78598,18.161501,3.2596,3.7452,7.7965,6.7992,13293.0
2017-06-12,1.34561,1.328,0.78498,18.12558,3.1777,3.75,7.79607,6.7848,13295.0
2017-06-13,1.33114,1.3249,0.78928,18.056339,3.3167,3.7458,7.799,6.7976,13314.0
2017-06-14,1.32404,1.3266,0.78428,17.94199,3.3144,3.7455,7.7975,6.7988,13282.0
2017-06-15,1.32423,1.3177,0.78404,18.03104,3.2726,3.7455,7.7985,6.791,13286.0
2017-06-16,1.3256,1.3183,0.7838,17.898979,3.2736,3.7455,7.80145,6.8085,13294.0
2017-06-19,1.32118,1.3121,0.7825,17.978149,3.2886,3.7496,7.8001,6.8034,13277.0
2017-06-20,1.3226,1.31719,0.7854,18.207899,3.2811,3.7457,7.7988,6.8197,13286.0
2017-06-21,1.32699,1.31994,0.79161,18.23369,3.3255,3.7454,7.79934,6.8264,13291.0
2017-06-22,1.3325,1.32435,0.78891,18.1108,3.3334,3.7451,7.7998,6.8283,13301.0
2017-06-23,1.3231,1.326,0.78876,17.993271,3.3397,3.7458,7.7988,6.8346,13341.0
2017-06-26,1.32617,1.32141,0.78472,17.9002,3.3415,3.7501,7.7992,6.8342,13284.0
2017-06-27,1.32574,1.3185,0.78588,17.960899,3.2948,3.7465,7.7991,6.8398,13318.0
2017-06-28,1.3183,1.3181,0.78046,17.83069,3.312,3.7471,7.8002,6.8126,13308.0
2017-06-29,1.30386,1.3096,0.77271,18.027201,3.2795,3.7462,7.8035,6.8,13296.0
2017-06-30,1.29926,1.3012,0.76857,18.113859,3.3027,3.7457,7.80416,6.7857,13278.0
2017-07-03,1.29746,1.30068,0.76826,18.180651,3.1777,3.7496,7.8073,6.7781,13298.0
2017-07-04,1.29903,1.30443,0.77228,18.21405,3.3005,3.7458,7.80994,6.7998,13364.0
2017-07-05,1.29315,1.3137,0.7731,18.30842,3.3092,3.7457,7.80751,6.7987,13351.0
2017-07-06,1.29592,1.31563,0.77329,18.272961,3.287,3.7456,7.80642,6.8008,13363.0
2017-07-07,1.29785,1.3193,0.7708,18.07098,3.2973,3.7457,7.80941,6.7999,13383.0
2017-07-10,1.2881,1.3149,0.77572,17.937651,3.1777,3.7498,7.81095,6.8029,13408.0
2017-07-11,,,,17.915991,,,,,
2017-07-12,1.29108,1.30907,0.77763,17.771049,3.2531,3.7459,7.81163,6.8017,13349.0
2017-07-13,1.27498,1.30222,0.77557,17.688801,3.2068,3.7455,7.8101,6.788,13363.0
2017-07-14,1.27268,1.2919,0.77237,17.5546,3.21,3.746,7.8084,6.7826,13341.0
2017-07-17,1.26418,1.27792,0.7627,17.577299,3.1777,3.75,7.80412,6.7405,13332.0
2017-07-18,1.26969,1.28353,0.7661,17.49135,3.1812,3.7458,7.8032,6.7695,13321.0
2017-07-19,1.26318,1.2629,0.76695,17.57143,3.1527,3.7458,7.80454,6.7454,13302.0
2017-07-20,1.26,1.25625,0.7673,17.489929,3.1477,3.7456,7.80762,6.7513,13309.0
2017-07-21,1.25962,1.2582,0.77128,17.63681,3.1184,3.7458,7.80955,6.7589,13303.0
2017-07-24,1.25345,1.26178,0.76895,17.7265,3.1777,3.7496,7.8084,6.7197,13265.0
2017-07-25,1.25054,1.2614,0.7674,17.763241,3.1444,3.7456,7.80618,6.7501,13316.0
2017-07-26,1.25065,1.2606,0.7676,17.576599,3.1712,3.7456,7.80794,6.7498,13328.0
2017-07-27,1.2452,1.24998,0.7625,17.72571,3.1375,3.7459,7.80854,6.754,13329.0
2017-07-28,1.25398,1.25414,0.76472,17.767731,3.1526,3.7457,7.80833,6.74,13311.0
2017-07-31,1.24614,1.2522,0.76075,17.80965,3.1777,3.7498,7.8089,6.7389,13320.0
2017-08-01,1.2507,1.2502,0.75784,17.880501,3.1258,3.7459,7.80981,6.7255,13318.0
2017-08-02,1.25465,1.2569,0.75712,17.828569,3.1228,3.7459,7.813,6.7137,13317.0
2017-08-03,1.2572,1.25704,0.75595,17.853991,3.1122,3.7459,7.81581,6.7217,13317.0
2017-08-04,1.25683,1.2563,0.7608,17.88521,3.1115,3.7458,7.8172,6.7156,13319.0
2017-08-07,1.2641,1.2609,0.76646,17.925699,3.1293,3.7499,7.81796,6.7657,13309.0
2017-08-08,1.2675,1.26315,0.767,17.860559,3.1242,3.746,7.821,6.7215,13315.0
2017-08-09,1.26708,1.2661,0.77005,17.95096,3.1259,3.7456,7.8237,6.7098,13306.0
2017-08-10,1.26952,1.26717,0.7684,17.974701,3.1523,3.7459,7.81432,6.6718,13326.0
2017-08-11,1.27394,1.2712,0.77061,17.811399,3.1736,3.7457,7.81707,6.6458,13327.0
2017-08-14,1.26736,1.26517,0.76888,17.774611,3.1777,3.7499,7.81855,6.662,13351.0
2017-08-15,1.27291,1.2733,0.7713,17.805201,3.1872,3.7463,7.8205,6.6687,13342.0
2017-08-16,1.27529,1.2778,0.77718,17.66577,3.1676,3.7457,7.82255,6.6844,13354.0
2017-08-17,1.26245,1.2607,0.7757,17.893499,3.1514,3.746,7.82067,6.6897,13350.0
2017-08-18,1.2684,1.2698,0.7773,17.69471,3.1733,3.746,7.823,6.6777,13372.0
2017-08-21,1.25857,1.26143,0.77678,17.659809,3.1777,3.7498,7.82274,6.6687,13355.0
2017-08-22,1.25584,1.2598,0.7753,17.655121,3.163,3.7463,7.82309,6.6659,13344.0
2017-08-23,1.25653,1.2637,0.77979,17.6835,3.1605,3.7458,7.8261,6.6617,13325.0
2017-08-24,1.25433,1.2641,0.78102,17.6987,3.1393,3.746,7.82441,6.6583,13351.0
2017-08-25,1.25129,1.2658,0.78101,17.59952,3.1465,3.746,7.82301,6.6613,13333.0
2017-08-28,1.24718,1.25935,0.77488,17.9228,3.1587,3.7498,7.8207,6.5829,13339.0
2017-08-29,1.25142,1.2619,0.77357,17.851789,3.1658,3.7456,7.82328,6.6074,13303.0
2017-08-30,1.25145,1.2568,0.7736,17.73657,3.1642,3.746,7.82368,6.5954,13333.0
2017-08-31,1.26274,1.2647,0.77396,17.8773,3.1588,3.7459,7.8247,6.5957,13334.0
2017-09-01,1.2472,1.2595,0.7727,17.809071,3.146,3.7461,7.825,6.5898,13321.0
2017-09-04,1.23785,1.25554,0.7713,17.880751,3.1777,3.75,7.82411,6.5465,13331.0
2017-09-05,1.24129,1.2586,0.77375,17.88582,3.1394,3.7459,7.825,6.5299,13353.0
2017-09-06,1.23681,1.24891,0.7668,17.764999,3.1158,3.7462,7.82497,6.5374,13333.0
2017-09-07,1.22332,1.2483,0.7663,17.65139,3.0979,3.746,7.82447,6.5212,13339.0
2017-09-08,1.21087,1.241,0.76308,17.707541,3.0976,3.7456,7.8125,6.4846,13289.0
2017-09-11,1.21514,1.242,0.75771,17.66725,3.1777,3.7498,7.81178,6.5309,13197.0
2017-09-12,1.21073,1.2463,0.75932,17.72504,3.0997,3.7461,7.81204,6.5304,13176.0
2017-09-13,1.2174,1.24687,0.75249,17.76166,3.1219,3.7461,7.81234,6.535,13208.0
2017-09-14,1.21692,1.2532,0.75723,17.66876,3.1316,3.746,7.8115,6.5422,13242.0
2017-09-15,1.2163,1.24972,0.74632,17.655069,3.1181,3.7461,7.8134,6.5548,13262.0
2017-09-18,1.2198,1.2505,0.73664,17.738701,3.1097,3.7499,7.81724,6.5507,13252.0
2017-09-19,1.22801,1.25453,0.73983,17.81599,3.1349,3.746,7.8161,6.5731,13268.0
2017-09-20,1.22897,1.2491,0.7399,17.7974,3.1328,3.7458,7.80384,6.5833,13256.0
2017-09-21,1.23454,1.2474,0.74131,17.874689,3.1306,3.7461,7.8005,6.5749,13273.0
2017-09-22,1.23239,1.26094,0.73639,17.737129,3.1345,3.7461,7.80391,6.59,13273.0
2017-09-25,1.2346,1.2555,0.74034,17.906601,3.1235,3.7496,7.80869,6.6046,13306.0
2017-09-26,1.23702,1.25995,0.74196,17.9484,3.1573,3.7459,7.81315,6.6205,13319.0
2017-09-27,1.23637,1.26942,0.7436,18.2211,3.1639,3.7457,7.81166,6.6396,13375.0
2017-09-28,1.24816,1.27377,0.74633,18.144899,3.1919,3.746,7.80858,6.6405,13433.0
2017-09-29,1.24363,1.27449,0.74459,18.1264,3.1809,3.7461,7.8107,6.665,13508.0
2017-10-02,1.24732,1.2746,0.7466,18.24515,3.1634,3.7498,7.80909,6.6578,13465.0
2017-10-03,1.2517,1.2776,0.75326,18.211109,3.1529,3.7458,7.8103,6.6517,13531.0
2017-10-04,1.24902,1.27611,0.75522,18.2642,3.1408,3.7456,7.81108,6.6511,13536.0
2017-10-05,1.2479,1.27199,0.7557,18.4778,3.1332,3.746,7.80678,6.6538,13470.0
2017-10-06,1.25688,1.2836,0.76262,18.4778,3.1524,3.7454,7.8088,6.6539,13451.0
2017-10-09,1.25363,1.28545,0.76429,18.665689,3.1555,3.7499,7.8049,6.65,13497.0
2017-10-10,1.25528,1.2888,0.7608,18.81238,3.1868,3.7456,7.80518,6.6253,13510.0
2017-10-11,1.2508,1.28427,0.75694,18.69142,3.1778,3.7455,7.804,6.5714,13510.0
2017-10-12,1.24484,1.2813,0.7553,18.87998,3.1697,3.7461,7.80523,6.5895,13510.0
2017-10-13,1.2475,1.2775,0.7539,18.9,3.169,3.7459,7.80758,6.588,13498.0
2017-10-16,1.2477,1.26812,0.75251,19.04295,3.1462,3.75,7.8064,6.5833,13492.0
2017-10-17,1.2523,1.27483,0.75455,18.793949,3.1703,3.7462,7.808,6.5885,13476.0
2017-10-18,1.2498,1.27361,0.75787,18.88134,3.1561,3.7461,7.8079,6.622,13495.0
2017-10-19,1.24658,1.2751,0.75683,18.798901,3.1701,3.7462,7.8077,6.6278,13510.0
2017-10-20,1.24807,1.26983,0.76042,18.98094,3.1649,3.7458,7.80039,6.6141,13490.0
2017-10-23,1.2637,1.2809,0.75816,19.062599,3.1909,3.7499,7.8017,6.6388,13516.0
2017-10-24,1.2639,1.28,0.7572,19.234051,3.2344,3.746,7.80053,6.6383,13535.0
2017-10-25,1.2671,1.2861,0.7615,19.095539,3.2426,3.7461,7.80385,6.636,13525.0
2017-10-26,1.2793,1.29737,0.75338,19.1786,3.2312,3.7454,7.8033,6.6376,13572.0
2017-10-27,1.2848,1.30553,0.7616,19.125,3.2865,3.7453,7.80123,6.6411,13643.0
2017-10-30,1.28313,1.3041,0.76138,19.22628,3.2348,3.7498,7.8029,6.659,13588.0
2017-10-31,1.28243,1.2991,0.75686,19.17115,3.2873,3.746,7.7993,6.6424,13574.0
2017-11-01,1.28912,1.3055,0.75232,19.11529,3.2696,3.7459,7.80075,6.6358,13554.0
2017-11-02,1.28743,1.3026,0.75441,18.98225,3.2662,3.7462,7.801,6.5994,13553.0
2017-11-03,1.28075,1.29636,0.76609,19.201771,3.2646,3.746,7.8024,6.6081,13543.0
2017-11-06,1.276,1.3069,0.7645,19.04645,3.2926,3.7476,7.80185,6.638,13480.0
2017-11-07,1.27136,1.3004,0.75901,19.133499,3.2479,3.746,7.8013,6.6335,13483.0
2017-11-08,1.27614,1.30632,0.75918,19.090401,3.2701,3.7459,7.8036,6.6398,13514.0
2017-11-09,1.27278,1.3023,0.7626,19.025551,3.2513,3.7459,7.79683,6.6266,13503.0
2017-11-10,1.26783,1.30164,0.76078,19.10148,3.2487,3.7461,7.79826,6.6303,13527.0
2017-11-13,1.26918,1.3077,0.76218,19.107,3.2764,3.7464,7.8023,6.6393,13512.0
2017-11-14,1.27367,1.3132,0.762,19.15749,3.2759,3.7459,7.8011,6.6386,13553.0
2017-11-15,1.2735,1.3104,0.76,19.23595,3.3119,3.7461,7.8032,6.6356,13545.0
2017-11-16,,,,19.047951,,,,,
2017-11-17,1.27579,1.31799,0.75755,18.90188,3.2706,3.7466,7.8096,6.6277,13514.0
2017-11-20,1.2792,1.3238,0.75742,18.993851,3.2545,3.7476,7.8117,6.6619,13508.0
2017-11-21,1.28133,1.3235,0.755,18.8015,3.254,3.746,7.81108,6.6335,13525.0
2017-11-22,1.2774,1.31841,0.75497,18.6271,3.2573,3.7459,7.8111,6.6292,13519.0
2017-11-23,1.2705,1.3134,0.75093,18.6112,3.2229,3.7501,7.8106,6.6109,13491.0
2017-11-24,1.27126,1.31136,0.7515,18.53661,3.2203,3.7456,7.81067,6.5833,13489.0
2017-11-27,1.2714,1.31372,0.7505,18.562799,3.2329,3.7476,7.80793,6.6012,13498.0
2017-11-28,1.27584,1.31455,0.75062,18.53355,3.2264,3.746,7.80028,6.5953,13511.0
2017-11-29,1.28147,1.31484,0.7482,18.551001,3.2097,3.7459,7.8032,6.6094,13500.0
2017-11-30,1.2862,1.3216,0.74531,18.64817,3.2448,3.7457,7.8084,6.6083,13504.0
2017-12-01,1.28914,1.32215,0.7391,18.611719,3.2712,3.7461,7.80971,6.6121,13541.0
2017-12-04,1.27181,1.3175,0.74107,18.610451,3.2574,3.7477,7.8113,6.6346,13560.0
2017-12-05,1.2677,1.31508,0.7421,18.770149,3.2426,3.7461,7.8167,6.6189,13494.0
2017-12-06,1.2694,1.31499,0.74542,18.8512,3.2403,3.7461,7.8137,6.6168,13513.0
2017-12-07,1.27869,1.32155,0.7467,18.952499,3.2343,3.7461,7.8115,6.6144,13534.0
2017-12-08,1.2858,1.3312,0.7416,18.90797,3.2872,3.7456,7.80675,6.618,13553.0
2017-12-11,1.286,1.3319,0.74671,19.05345,3.2878,3.7477,7.8072,6.6183,13507.0
2017-12-12,1.2853,1.32811,0.7491,19.1696,3.3033,3.7461,7.8068,6.6171,13552.0
2017-12-13,1.2868,1.32335,0.75078,19.01265,3.3031,3.7459,7.80617,6.6204,13551.0
2017-12-14,1.2816,1.3101,0.74573,19.11339,3.3086,3.746,7.8045,6.6187,13540.0
2017-12-15,1.27945,1.30463,0.74444,19.1028,3.3404,3.7498,7.8087,6.6086,13554.0
2017-12-18,1.28744,1.307,0.7509,19.05751,3.292,3.75,7.8115,6.6149,13568.0
2017-12-19,1.28649,1.3045,0.74734,19.219351,3.2905,3.7457,7.8153,6.6142,13580.0
2017-12-20,1.28782,1.3066,0.747,19.223989,3.2885,3.7461,7.81898,6.605,13575.0
2017-12-21,1.28264,1.3034,0.74783,19.468691,3.2965,3.7461,7.82174,6.5797,13573.0
2017-12-22,1.2736,1.2974,0.74736,19.735889,3.3068,3.7468,7.8189,6.5854,13562.0
2017-12-25,1.2726,1.2962,0.74822,19.740999,3.338,3.75,7.8168,6.5786,13551.0
2017-12-26,1.27155,1.2944,0.7476,19.875179,3.3355,3.6804,7.8143,6.5388,13532.0
2017-12-27,1.2687,1.29359,0.74768,19.7075,3.3097,3.7462,7.8107,6.5431,13552.0
2017-12-28,1.26497,1.2862,0.74605,19.695601,3.3133,3.7458,7.8114,6.5547,13558.0
2017-12-29,1.25655,1.28299,0.744,19.65539,3.3111,3.7456,7.8168,6.5316,13558.0
2018-01-01,1.25808,1.2817,0.73986,19.65085,3.3076,3.75,7.8136,6.5057,13542.0
2018-01-02,1.2555,1.28188,0.74012,19.4974,3.311,3.7408,7.8136,6.5058,13550.0
2018-01-03,1.25039,1.2765,0.7355,19.351101,3.2578,3.7457,7.8163,6.494,13496.0
2018-01-04,1.25469,1.2774,0.74012,19.306971,3.2355,3.7461,7.8169,6.5031,13468.0
2018-01-05,1.24903,1.27165,0.73785,19.174,3.2331,3.7462,7.8176,6.4933,13415.0
2018-01-08,1.23932,1.2721,0.7366,19.19212,3.2266,3.75,7.81931,6.4875,13427.0
2018-01-09,1.24146,1.2742,0.73685,19.24468,3.239,3.7457,7.8215,6.4976,13427.0
2018-01-10,1.24732,1.2803,0.73897,19.263,3.2468,3.7462,7.8217,6.5294,13430.0
2018-01-11,1.25306,1.27432,0.74004,19.21537,3.2264,3.7464,7.8221,6.5072,13441.0
2018-01-12,1.2519,1.2681,0.73845,19.033001,3.2142,3.7463,7.8235,6.4902,13393.0
2018-01-15,1.24604,1.2644,0.72817,18.858709,3.2007,3.75,7.82216,6.4562,13295.0
2018-01-16,1.24245,1.25582,0.72473,18.752501,3.2132,3.7465,7.82365,6.4352,13305.0
2018-01-17,1.24252,1.2545,0.7247,18.71685,3.2227,3.7464,7.8235,6.4423,13306.0
2018-01-18,1.24375,1.25431,0.72317,18.586901,3.2222,3.7462,7.81765,6.4321,13336.0
2018-01-19,1.24113,1.2491,0.7197,18.620541,3.2051,3.7468,7.8174,6.4206,13334.0
2018-01-22,1.24861,1.24967,0.71986,18.707781,3.1947,3.75,7.81639,6.403,13325.0
2018-01-23,1.2452,1.2487,0.71506,18.6733,3.2007,3.7465,7.81825,6.4044,13342.0
2018-01-24,1.24143,1.2493,0.7134,18.53503,3.2355,3.7455,7.81853,6.4029,13336.0
2018-01-25,1.23525,1.2424,0.70319,18.60948,3.1451,3.7462,7.8176,6.3693,13298.0
2018-01-26,1.2376,1.24545,0.7067,18.4765,3.1469,3.7462,7.8175,6.3228,13299.0
2018-01-29,1.2313,1.232,0.70675,18.597799,3.151,3.75,7.81734,6.3159,13296.0
2018-01-30,1.23342,1.23518,0.7104,18.76598,3.1536,3.7456,7.8175,6.3363,13367.0
2018-01-31,1.23361,1.2344,0.70642,18.587099,3.1795,3.7459,7.82057,6.3211,13421.0
2018-02-01,1.2302,1.2405,0.7042,18.33301,3.1847,3.7459,7.8212,6.2882,13383.0
2018-02-02,1.22606,1.2437,0.70093,18.576599,3.1637,3.7459,7.8198,6.2984,13386.0
2018-02-05,1.2432,1.2648,0.70865,18.815929,3.2154,3.7497,7.8208,6.3076,13411.0
2018-02-06,1.25359,1.2699,0.71717,18.6213,3.2611,3.7459,7.8195,6.2897,13564.0
2018-02-07,1.25043,1.2668,0.7164,18.778,3.2334,3.7463,7.81831,6.2825,13544.0
2018-02-08,1.2565,1.2792,0.7205,18.869101,3.2699,3.7462,7.818,6.2676,13641.0
2018-02-09,1.25906,1.28411,0.71762,18.689699,3.2846,3.7463,7.8198,6.3263,13598.0
2018-02-12,1.2587,1.27874,0.7232,18.5881,3.2908,3.7498,7.81779,6.2869,13610.0
2018-02-13,1.2577,1.2724,0.7219,18.6343,3.294,3.7462,7.8194,6.3265,13643.0
2018-02-14,1.2589,1.2721,0.7201,18.555099,3.2942,3.7462,7.8211,6.34,13640.0
2018-02-15,1.24832,1.2613,0.71348,18.50272,3.2162,3.7468,7.8218,6.346,13622.0
2018-02-16,1.2482,1.25884,0.70901,18.5051,3.2264,3.7458,7.82,6.3472,13552.0
2018-02-19,1.25568,1.2639,0.71268,18.5173,3.2282,3.7499,7.8216,6.3401,13552.0
2018-02-20,1.2567,1.2644,0.71466,18.7034,3.2331,3.7461,7.8218,6.3484,13554.0
2018-02-21,1.2647,1.26889,0.71423,18.8381,3.2543,3.7463,7.824,6.3462,13608.0
2018-02-22,1.26977,1.28231,0.7189,18.603901,3.2676,3.7461,7.8252,6.3466,13612.0
2018-02-23,1.2712,1.27559,0.71669,18.5201,3.2487,3.7457,7.8244,6.3502,13676.0
2018-02-26,1.26485,1.27577,0.71592,18.663799,3.2372,3.7499,7.82312,6.3273,13652.0
2018-02-27,1.2684,1.2739,0.716,18.829,3.2225,3.746,7.82296,6.3141,13651.0
2018-02-28,1.27711,1.2831,0.71911,18.8251,3.2485,3.7465,7.8275,6.3167,13694.0
2018-03-01,1.2833,1.2877,0.72705,18.84297,3.2448,3.7463,7.82581,6.3309,13756.0
2018-03-02,1.28321,1.28788,0.72593,18.80831,3.25,3.7463,7.827,6.3574,13741.0
2018-03-05,1.28881,1.28954,0.7249,18.784651,3.2496,3.75,7.8311,6.3503,13751.0
2018-03-06,1.29799,1.2875,0.7219,18.849951,3.241,3.7464,7.8322,6.3489,13737.0
2018-03-07,1.29489,1.2843,0.71942,18.698299,3.208,3.7464,7.8339,6.3094,13759.0
2018-03-08,1.29062,1.27761,0.7191,18.625,3.2429,3.7465,7.8343,6.325,13745.0
2018-03-09,1.28961,1.2836,0.72434,18.601,3.2661,3.7466,7.8397,6.3416,13786.0
2018-03-12,1.28122,1.27183,0.72174,18.575899,3.2561,3.75,7.8368,6.3285,13772.0
2018-03-13,1.28421,1.27018,0.71903,18.599581,3.2603,3.7468,7.8396,6.3291,13755.0
2018-03-14,1.2957,1.27259,0.7157,18.5725,3.2587,3.7466,7.8394,6.3204,13740.0
2018-03-15,1.2952,1.26907,0.71574,18.6873,3.2585,3.7464,7.8402,6.316,13725.0
2018-03-16,1.30517,1.2838,0.71743,18.674601,3.2821,3.7461,7.8417,6.3209,13758.0
2018-03-19,1.3092,1.296,0.71718,18.6973,3.2801,3.7496,7.8432,6.3382,13748.0
2018-03-20,1.30806,1.2973,0.713,18.7439,3.2841,3.7459,7.8427,6.3316,13771.0
2018-03-21,1.30744,1.3003,0.71404,18.44355,3.3087,3.7459,7.8448,6.3329,13743.0
2018-03-22,1.28972,1.28621,0.7069,18.673941,3.2727,3.7462,7.8447,6.3206,13705.0
2018-03-23,1.29311,1.2998,0.70848,18.510099,3.3141,3.7461,7.8482,6.3347,13754.0
2018-03-26,1.28807,1.29725,0.70683,18.32774,3.3145,3.7496,7.8459,6.32,13762.0
2018-03-27,1.28361,1.2893,0.7023,18.38052,3.3103,3.746,7.8464,6.2724,13718.0
2018-03-28,1.28785,1.3008,0.7054,18.32155,3.3229,3.7459,7.8465,6.2818,13740.0
2018-03-29,1.29189,1.30547,0.71021,18.1682,3.3193,3.7461,7.8465,6.2956,13756.0
2018-03-30,1.2887,1.3011,0.71279,18.16684,3.3035,3.7461,7.8484,6.2889,13757.0
2018-04-02,1.28929,1.30157,0.71234,18.2255,3.302,3.748,7.8487,6.2822,13768.0
2018-04-03,1.2921,1.3064,0.71191,18.223261,3.3094,3.7507,7.84838,6.2794,13748.0
2018-04-04,1.28062,1.30174,0.7108,18.223261,3.3394,3.746,7.8485,6.2884,13741.0
2018-04-05,1.27545,1.29534,0.70982,18.099001,3.3277,3.7463,7.8507,6.3042,13751.0
2018-04-06,1.27692,1.30407,0.71384,18.218201,3.3416,3.7465,7.8488,6.3024,13760.0
2018-04-09,1.27787,1.3017,0.70964,18.30344,3.3675,3.7498,7.84816,6.3086,13763.0
2018-04-10,1.2702,1.29877,0.7073,18.3312,3.421,3.7464,7.849,6.3054,13768.0
2018-04-11,1.25934,1.288,0.70511,18.2386,3.4073,3.7462,7.8492,6.2816,13742.099609
2018-04-12,1.2567,1.2878,0.70477,18.1936,3.3731,3.7463,7.8498,6.2686,13753.5
2018-04-13,1.25888,1.2891,0.70234,18.1712,3.411,3.746,7.84956,6.291,13767.0
2018-04-16,1.26018,1.28626,0.70191,18.05303,3.4243,3.7498,7.8497,6.2741,13733.0
2018-04-17,1.2566,1.28652,0.69725,17.991899,3.4161,3.7462,7.8497,6.2757,13766.0
2018-04-18,1.25583,1.2875,0.69947,18.024401,3.4058,3.7463,7.8497,6.2805,13757.0
2018-04-19,1.2626,1.28388,0.70401,18.07585,3.3771,3.7462,7.8491,6.2734,13769.0
2018-04-20,1.26649,1.29477,0.7099,18.44693,3.3827,3.7461,7.8479,6.2781,13800.0
2018-04-23,1.27667,1.3055,0.7142,18.5201,3.4137,3.7498,7.84436,6.2955,13899.0
2018-04-24,1.2844,1.3152,0.71745,18.926701,3.4489,3.7461,7.8426,6.3161,13961.0
2018-04-25,1.28213,1.3147,0.7146,18.81163,3.4715,3.7457,7.8478,6.3059,13872.0
2018-04-26,1.2836,1.3208,0.7174,18.8465,3.4809,3.7461,7.84713,6.3247,13919.0
2018-04-27,1.28703,1.3233,0.71842,18.758301,3.4742,3.746,7.84603,6.3354,13879.0
2018-04-30,1.28398,1.3201,0.72616,18.636999,3.4581,3.7498,7.848,6.337,13870.0
2018-05-01,1.28314,1.3276,0.7261,18.6971,3.5058,3.7498,7.8483,6.3321,13901.0
2018-05-02,1.28452,1.33638,0.73479,18.935499,3.5061,3.7499,7.8491,6.3323,13982.299805
2018-05-03,1.2882,1.3357,0.73671,19.090799,3.5496,3.7462,7.8494,6.3615,14002.299805
2018-05-04,1.28506,1.3283,0.73679,19.0459,3.5266,3.746,7.84923,6.3527,13931.0
2018-05-07,1.28558,1.32904,0.73899,19.254499,3.5255,3.7499,7.8491,6.3617,13933.0
2018-05-08,1.2879,1.33,0.7369,19.4251,3.5492,3.7459,7.8504,6.3661,14268.5
2018-05-09,1.2944,1.3424,0.73782,19.548599,3.5619,3.7456,7.8507,6.3697,14264.099609
2018-05-10,1.28497,1.3406,0.7383,19.5672,3.5903,3.746,7.8494,6.3614,14073.0
2018-05-11,1.27698,1.3287,0.73946,19.2369,3.5495,3.7464,7.8495,6.3482,14073.0
2018-05-14,1.2781,1.32431,0.7378,19.3424,3.6029,3.7499,7.8495,6.3331,13943.0
2018-05-15,1.28,1.32873,0.73733,19.576599,3.6216,3.7459,7.8496,6.3383,13963.0
2018-05-16,1.28721,1.33896,0.74073,19.669399,3.6487,3.7452,7.8497,6.3768,14030.0
2018-05-17,1.2782,1.3302,0.7381,19.562599,3.6744,3.7458,7.8495,6.3705,14149.200195
2018-05-18,1.28355,1.3322,0.7399,19.748699,3.6951,3.7462,7.8505,6.3662,14153.5
2018-05-21,1.28771,1.32903,0.742,19.889851,3.7384,3.7499,7.8497,6.3828,14163.0
2018-05-22,1.27759,1.3188,0.7445,19.823601,3.6757,3.7457,7.8477,6.3811,14220.0
2018-05-23,1.2816,1.31945,0.74399,19.76244,3.646,3.7462,7.8497,6.3642,14200.799805
2018-05-24,1.2834,1.3215,0.74787,19.634399,3.6256,3.7451,7.8478,6.3888,14169.0
2018-05-25,1.2883,1.32066,0.74719,19.566401,3.6481,3.7459,7.8475,6.3764,14124.0
2018-05-28,1.29761,1.3233,0.75137,19.533051,3.6262,3.7499,7.84435,6.3686,14078.0
2018-05-29,1.29917,1.3249,0.751,19.58605,3.7342,3.7462,7.84483,6.3983,14010.0
2018-05-30,1.303,1.3366,0.7545,19.839849,3.7241,3.7456,7.8456,6.4166,14029.0
2018-05-31,1.28931,1.3208,0.75281,19.7752,3.7221,3.7459,7.84662,6.418,13977.0
2018-06-01,1.29441,1.32238,0.75248,19.9035,3.722,3.7459,7.8459,6.4093,13880.0
2018-06-04,1.2954,1.32121,0.7487,19.942419,3.7616,3.7498,7.8453,6.4194,13938.0
2018-06-05,1.2924,1.3065,0.75095,20.063311,3.7445,3.7463,7.846,6.407,13860.0
2018-06-06,1.2939,1.31154,0.74593,20.3939,3.8043,3.7456,7.84728,6.405,13870.0
2018-06-07,1.29458,1.3045,0.74507,20.2936,3.8434,3.746,7.847,6.3879,13822.0
2018-06-08,1.2982,1.3133,0.7452,20.4177,3.9007,3.7456,7.8462,6.3921,13863.0
2018-06-11,1.29689,1.31546,0.7455,20.3258,3.7049,3.7496,7.84591,6.4057,13866.0
2018-06-12,1.29872,1.31499,0.7477,20.561501,3.7088,3.746,7.8461,6.3916,13923.0
2018-06-13,1.30159,1.32,0.7478,20.6922,3.715,3.7459,7.8468,6.4005,13923.0
2018-06-14,1.29733,1.32088,0.74723,20.654301,3.7188,3.7459,7.8482,6.3973,13923.0
2018-06-15,1.31161,1.3395,0.75434,20.8386,3.804,3.7454,7.8495,6.4045,14121.400391
2018-06-18,1.3197,1.3441,0.75329,20.682819,3.7287,3.7498,7.8492,6.433,13923.0
2018-06-19,1.32112,1.3507,0.75422,20.5497,3.7462,3.7462,7.84933,6.4388,13923.0
2018-06-20,1.32788,1.3535,0.75911,20.510401,3.745,3.7461,7.8495,6.4855,13923.0
2018-06-21,1.33066,1.3561,0.759,20.359501,3.7691,3.7458,7.846,6.4716,13923.0
2018-06-22,1.33174,1.3552,0.75484,20.310301,3.7651,3.7461,7.84543,6.4921,14088.0
2018-06-25,1.32788,1.34438,0.75401,20.0305,3.7863,3.7499,7.8462,6.5043,14073.0
2018-06-26,1.32976,1.3496,0.7531,19.9058,3.7751,3.7457,7.8467,6.539,14148.0
2018-06-27,1.33016,1.35287,0.75637,19.92259,3.7958,3.7454,7.8489,6.5783,14188.0
2018-06-28,1.33294,1.3618,0.76217,20.154751,3.8601,3.7461,7.8479,6.6019,14235.0
2018-06-29,1.32552,1.3612,0.76481,19.7293,3.8595,3.7461,7.8482,6.6274,14350.0
2018-07-02,1.31478,1.3516,0.75713,19.7943,3.8756,3.7499,7.847,6.6243,14317.0
2018-07-03,1.31874,1.3626,0.7608,19.964001,3.9126,3.746,7.8446,6.6667,14347.0
2018-07-04,1.3142,1.3553,0.7579,19.493299,3.8963,3.7456,7.8447,6.641,14353.0
2018-07-05,1.31391,1.3547,0.7559,19.423901,3.911,3.7461,7.84291,6.6313,14400.0
2018-07-06,1.3136,1.3538,0.7561,19.252529,3.9313,3.7463,7.84716,6.6368,14378.799805
2018-07-09,1.30959,1.34475,0.752,19.0611,3.8659,3.7499,7.848,6.6392,14307.0
2018-07-10,1.31103,1.3386,0.7544,19.1777,3.8713,3.7461,7.84801,6.6152,14311.0
2018-07-11,1.3143,1.3488,0.7543,19.0119,3.8151,3.746,7.8484,6.6314,14375.0
2018-07-12,1.3207,1.35761,0.757,19.058599,3.8761,3.7462,7.8484,6.6828,14378.0
2018-07-13,1.31652,1.3501,0.7587,18.96969,3.8807,3.7456,7.84866,6.6659,14385.0
2018-07-16,1.3156,1.3475,0.75599,18.90201,3.8494,3.7499,7.8483,6.6946,14373.0
2018-07-17,1.31363,1.34867,0.75549,18.833,3.856,3.7463,7.84861,6.6916,14365.5
2018-07-18,1.32034,1.35549,0.763,18.8848,3.8359,3.7462,7.8486,6.7068,14377.0
2018-07-19,1.31679,1.35155,0.76463,18.8894,3.8492,3.7459,7.84898,6.7177,14441.0
2018-07-20,1.326,1.35818,0.76787,19.03553,3.8285,3.7463,7.8493,6.7717,14468.0
2018-07-23,1.31182,1.34535,0.76062,19.021061,3.7708,3.7499,7.849,6.7581,14473.0
2018-07-24,1.3169,1.355,0.7632,18.902399,3.7804,3.7462,7.8481,6.792,14567.5
2018-07-25,1.31503,1.34658,0.76033,18.8547,3.7461,3.7461,7.8461,6.7905,14543.299805
2018-07-26,1.30371,1.34059,0.7576,18.655199,3.6864,3.7454,7.8452,6.7687,14465.0
2018-07-27,1.3069,1.355,0.76285,18.632401,3.7443,3.7465,7.8475,6.7828,14525.0
2018-07-30,1.3061,1.3512,0.76267,18.606701,3.7111,3.7499,7.84786,6.8127,14411.0
2018-07-31,1.3028,1.35002,0.7613,18.530581,3.7281,3.7463,7.84794,6.8149,14403.0
2018-08-01,1.3018,1.3478,0.7621,18.66489,3.753,3.7464,7.8488,6.8117,14409.200195
2018-08-02,1.29985,1.35029,0.76184,18.590099,3.747,3.7462,7.848,6.8226,14489.0
2018-08-03,1.30245,1.35868,0.76816,18.634001,3.7484,3.7464,7.84944,6.8328,14521.0
2018-08-06,1.30138,1.3521,0.76902,18.568649,3.7023,3.7499,7.8488,6.8332,14486.0
2018-08-07,1.3001,1.354,0.7725,18.52659,3.7345,3.746,7.8489,6.8541,14543.299805
2018-08-08,1.30588,1.3469,0.7724,18.4433,3.7505,3.7464,7.8495,6.8336,14422.0
2018-08-09,1.3019,1.3463,0.7763,18.4576,3.7701,3.7459,7.8491,6.8352,14398.0
2018-08-10,1.30458,1.3564,0.77952,18.7215,3.7996,3.7461,7.84967,6.8172,14472.0
2018-08-13,1.315,1.3721,0.78377,19.067699,3.8654,3.7499,7.8493,6.8462,14473.0
2018-08-14,1.31322,1.3759,0.78353,19.130699,3.882,3.7461,7.8496,6.8894,14594.0
2018-08-15,1.3056,1.382,0.7863,18.879801,3.8644,3.7461,7.8498,6.8847,14642.0
2018-08-16,1.31434,1.38242,0.78778,19.184,3.9006,3.7449,7.84937,6.9338,14555.799805
2018-08-17,1.31595,1.3775,0.7865,19.0075,3.9039,3.746,7.84947,6.8815,14598.599609
2018-08-20,1.30598,1.36833,0.78449,18.878201,3.9098,3.7499,7.8494,6.8766,14572.0
2018-08-21,1.30415,1.36305,0.78099,19.00354,3.966,3.7463,7.8494,6.8568,14562.0
2018-08-22,1.30343,1.35873,0.77486,18.943769,4.0485,3.7464,7.8493,6.8455,14570.0
2018-08-23,1.30077,1.3637,0.77491,18.767349,4.0369,3.7456,7.8493,6.8432,14572.0
2018-08-24,1.31014,1.3806,0.7806,19.006201,4.1123,3.7465,7.8497,6.8775,14664.0
2018-08-27,1.30088,1.36164,0.77755,18.767599,4.1028,3.7503,7.8497,6.8006,14559.0
2018-08-28,1.29633,1.3608,0.77539,18.80015,4.0775,3.7465,7.84956,6.8133,14551.0
2018-08-29,1.29295,1.3622,0.77714,19.06595,4.1339,3.746,7.8504,6.8042,14653.0
2018-08-30,1.29042,1.36763,0.76711,18.9263,4.1055,3.7459,7.8483,6.8187,14618.0
2018-08-31,1.29859,1.3771,0.76858,19.09984,4.1486,3.7463,7.8491,6.8431,14751.0
2018-09-03,1.306,1.3902,0.77381,19.096901,4.0537,3.7502,7.8489,6.8346,14723.0
2018-09-04,1.30947,1.3873,0.77706,19.184601,4.1548,3.7464,7.8494,6.8221,14832.0
2018-09-05,1.31743,1.3921,0.7777,19.368099,4.1537,3.7465,7.8496,6.8425,14930.0
2018-09-06,1.31744,1.38964,0.7743,19.336901,4.1431,3.7466,7.84844,6.83,14979.900391
2018-09-07,1.31548,1.3907,0.77367,19.232531,4.0573,3.7455,7.8493,6.8344,14893.0
2018-09-10,1.3169,1.4049,0.77338,19.3139,4.0438,3.7506,7.8496,6.8391,14813.0
2018-09-11,1.31623,1.4065,0.76767,19.265699,4.0846,3.747,7.8495,6.8553,14844.5
2018-09-12,1.30625,1.40633,0.76831,19.20182,4.1516,3.7466,7.8503,6.8744,14837.0
2018-09-13,1.3,1.39458,0.76655,19.0271,4.1598,3.746,7.8483,6.8599,14807.0
2018-09-14,1.30054,1.3912,0.7627,18.830099,4.205,3.746,7.8479,6.8429,14740.0
2018-09-17,1.30427,1.3994,0.76492,18.875,4.172,3.7503,7.84657,6.8656,14807.0
2018-09-18,1.30635,1.3994,0.76067,18.91954,4.1321,3.746,7.845,6.8555,14907.099609
2018-09-19,1.29716,1.38389,0.75939,18.7883,4.1584,3.7464,7.8436,6.8602,14867.0
2018-09-20,1.29181,1.3775,0.76097,18.755699,4.1303,3.7462,7.8456,6.8469,14880.0
2018-09-21,1.29088,1.3724,0.75353,18.835899,4.076,3.7463,7.84215,6.8459,14832.0
2018-09-24,1.2913,1.3739,0.7645,18.84417,4.05,3.7501,7.80952,6.8567,14812.0
2018-09-25,1.29487,1.3787,0.76235,18.96587,4.0913,3.7462,7.8115,6.8734,14861.0
2018-09-26,1.29572,1.3795,0.75873,18.9753,4.0736,3.746,7.8099,6.8663,15021.5
2018-09-27,1.30367,1.37781,0.75914,18.84898,4.0308,3.745,7.81128,6.8761,14985.0
2018-09-28,1.30364,1.3879,0.7646,18.7866,4.012,3.7464,7.81546,6.8803,14918.799805
2018-10-01,1.28406,1.38429,0.76693,18.674419,4.0527,3.7498,7.8282,6.8679,14902.0
2018-10-02,1.28121,1.3834,0.76666,18.707899,4.0164,3.7461,7.8288,6.8679,15053.299805
2018-10-03,1.28189,1.3913,0.7703,18.7871,3.9395,3.746,7.835,6.8679,15038.0
2018-10-04,1.2878,1.4092,0.77276,19.032499,3.9004,3.7458,7.8379,6.8678,15139.200195
2018-10-05,1.292,1.41223,0.7678,19.1031,3.8739,3.7457,7.8346,6.8679,15408.900391
2018-10-08,1.2948,1.41786,0.76178,18.76519,3.8358,3.7503,7.83494,6.8589,15173.0
2018-10-09,1.2954,1.4137,0.76376,18.943359,3.7772,3.7457,7.82779,6.9298,15400.0
2018-10-10,1.2938,1.4055,0.76005,18.991659,3.7148,3.7462,7.8337,6.9218,15223.0
2018-10-11,1.30509,1.4156,0.75719,19.163771,3.7548,3.7461,7.8374,6.9233,15196.0
2018-10-12,1.30312,1.4036,0.75562,18.975969,3.7815,3.7459,7.8346,6.8886,15299.200195
2018-10-15,1.30233,1.4069,0.76313,18.867001,3.7816,3.7507,7.8346,6.9212,15198.0
2018-10-16,1.29933,1.40146,0.76018,18.820101,3.7339,3.7482,7.835,6.9159,15193.799805
2018-10-17,1.29356,1.40073,0.75831,18.75209,3.7236,3.7468,7.8376,6.911,15193.0
2018-10-18,1.3025,1.40627,0.7631,18.865601,3.6862,3.7474,7.839,6.9263,15264.299805
2018-10-19,1.30789,1.409,0.7678,19.140499,3.7203,3.7461,7.8382,6.9367,15328.5
2018-10-22,1.31034,1.40582,0.76538,19.280199,3.7109,3.7513,7.8406,6.9286,15181.0
2018-10-23,1.3097,1.41389,0.77125,19.3925,3.6823,3.7473,7.8398,6.9465,15264.700195
2018-10-24,1.30807,1.4102,0.77034,19.288971,3.6924,3.7476,7.83886,6.9374,15183.0
2018-10-25,1.30475,1.41583,0.7759,19.59757,3.7311,3.747,7.8406,6.943,15269.5
2018-10-26,1.30707,1.4122,0.77975,19.48177,3.7049,3.7471,7.84,6.948,15257.299805
2018-10-29,1.30955,1.4089,0.77936,19.369801,3.6416,3.7506,7.8401,6.9425,15210.0
2018-10-30,1.31288,1.41577,0.7811,20.0529,3.7158,3.7466,7.8434,6.9519,15297.799805
2018-10-31,1.3114,1.4086,0.78685,20.0616,3.6946,3.7462,7.8444,6.9663,15273.099609
2018-11-01,1.31575,1.4118,0.78312,20.31509,3.7207,3.7471,7.84228,6.9747,15196.0
2018-11-02,1.30902,1.3879,0.76901,20.1618,3.6949,3.7464,7.8342,6.9224,15068.700195
2018-11-05,1.31007,1.38922,0.7689,20.0105,3.7,3.7507,7.82166,6.8899,14946.0
2018-11-06,1.31092,1.3864,0.76581,19.868601,3.7246,3.7467,7.8322,6.9248,14921.599609
2018-11-07,1.31163,1.38053,0.76263,19.7066,3.7599,3.7466,7.8326,6.9185,14830.0
2018-11-08,1.31157,1.3744,0.7617,19.860399,3.7304,3.7466,7.8288,6.91,14598.900391
2018-11-09,1.31428,1.37612,0.7653,20.164301,3.7592,3.7455,7.8282,6.9335,14720.0
2018-11-12,1.31929,1.3837,0.77289,20.101101,3.7294,3.751,7.8311,6.9559,14678.0
2018-11-13,1.3242,1.3936,0.77773,20.352819,3.7664,3.7459,7.8368,6.9625,14808.0
2018-11-14,1.32246,1.38286,0.7684,20.4555,3.8014,3.7458,7.8308,6.9552,14794.299805
2018-11-15,1.3247,1.3822,0.77005,20.3887,3.7824,3.7473,7.8307,6.9495,14813.299805
2018-11-16,1.3172,1.3752,0.7833,20.24659,3.7824,3.7473,7.83058,6.9382,14562.200195
2018-11-19,1.31465,1.3665,0.77923,20.1399,3.7425,3.7518,7.82995,6.937,14605.0
2018-11-20,1.31716,1.3708,0.77762,20.367901,3.7544,3.7517,7.83146,6.941,14652.700195
2018-11-21,1.3305,1.3857,0.78191,20.367399,3.7557,3.7474,7.83115,6.9444,14664.299805
2018-11-22,1.3225,1.377,0.78264,20.243799,3.7961,3.7468,7.832,6.9262,14630.0
2018-11-23,1.31906,1.37927,0.77664,20.2915,3.8031,3.7484,7.8302,6.931,14600.0
2018-11-26,1.3226,1.3824,0.7805,20.4042,3.673,3.7517,7.8263,6.9475,14533.0
2018-11-27,1.32535,1.38437,0.7805,20.5937,3.9397,3.7479,7.8218,6.9308,14526.900391
2018-11-28,1.32954,1.3832,0.7847,20.4554,3.8735,3.7477,7.8263,6.9506,14575.5
2018-11-29,1.3276,1.36939,0.77978,20.2736,3.8492,3.7472,7.82475,6.9529,14459.799805
2018-11-30,1.3275,1.36577,0.7822,20.2248,3.851,3.7475,7.8216,6.9415,14356.0
2018-12-03,1.32556,1.35628,0.7841,20.1607,3.8652,3.7517,7.8223,6.958,14296.0
2018-12-04,1.31977,1.35927,0.7858,20.33415,3.8408,3.7473,7.8165,6.8823,14339.0
2018-12-05,1.3255,1.3613,0.78613,20.499399,3.8511,3.7473,7.80337,6.8363,14448.599609
2018-12-06,1.336,1.3762,0.78569,20.5082,3.8674,3.7474,7.8141,6.8558,14431.599609
2018-12-07,1.33937,1.3829,0.78256,20.333599,3.8778,3.7473,7.8103,6.8817,14528.0
2018-12-10,1.33274,1.3918,0.7861,20.2742,3.9058,3.7515,7.816,6.8747,14463.0
2018-12-11,1.33979,1.39063,0.7961,20.3151,3.9167,3.7475,7.8137,6.911,14548.0
2018-12-12,1.33784,1.3864,0.80045,20.179319,3.9026,3.7512,7.81634,6.899,14637.400391
2018-12-13,1.3346,1.3848,0.79185,20.051901,3.8541,3.7475,7.8146,6.879,14579.799805
2018-12-14,1.3347,1.3841,0.7902,20.272699,3.8907,3.7471,7.8126,6.8807,14550.0
2018-12-17,1.33879,1.3936,0.79456,20.1401,3.9155,3.7508,7.8131,6.9066,14578.0
2018-12-18,1.34123,1.3933,0.79266,20.0697,3.8976,3.7461,7.813,6.8962,14588.700195
2018-12-19,1.3457,1.3912,0.7902,20.05624,3.9109,3.7506,7.8198,6.8942,14490.0
2018-12-20,1.34749,1.4057,0.7919,20.085199,3.8962,3.7477,7.82595,6.891,14493.0
2018-12-21,1.34984,1.4053,0.78928,19.868151,3.8389,3.7483,7.82848,6.8841,14534.799805
2018-12-24,1.35954,1.4184,0.79058,19.920771,3.8434,3.7528,7.83335,6.9054,14548.0
2018-12-25,1.3608,1.418,0.78673,19.860399,3.9026,3.7462,7.8346,6.8981,14548.0
2018-12-26,1.3586,1.41922,0.7881,19.957729,3.9028,3.7509,7.8334,6.8983,14710.0
2018-12-27,1.3573,1.41347,0.79059,19.893299,3.9206,3.7508,7.8287,6.8981,14609.400391
2018-12-28,1.3619,1.4214,0.79075,19.6824,3.8715,3.7475,7.831,6.8653,14561.599609
2018-12-31,1.3622,1.4195,0.7878,19.64537,3.8742,3.7515,7.8309,6.8772,14553.0
2019-01-01,1.33943,1.4201,0.78505,19.633699,3.88,3.7473,7.832,6.8776,14460.0
2019-01-02,1.36254,1.41886,0.78405,19.6283,3.8799,3.7242,7.83332,6.8775,14460.0
2019-01-03,1.36312,1.4453,0.7986,19.6077,3.7863,3.7467,7.8354,6.8611,14409.700195
2019-01-04,1.34788,1.4273,0.79184,19.6045,3.7551,3.7458,7.8309,6.8711,14375.400391
2019-01-07,1.33693,1.40375,0.78524,19.381901,3.6612,3.7506,7.8326,6.8684,14267.0
2019-01-08,1.3296,1.3994,0.7821,19.36462,3.7341,3.7468,7.8353,6.85,14083.0
2019-01-09,1.3247,1.396,0.78506,19.3279,3.7124,3.7466,7.8391,6.8522,14138.0
2019-01-10,1.32115,1.3936,0.78127,19.2059,3.68,3.7475,7.8373,6.8156,14130.0
2019-01-11,1.3239,1.3914,0.78407,19.130751,3.7079,3.7478,7.8382,6.7875,14048.0
2019-01-14,1.32674,1.3879,0.77822,19.138901,3.6596,3.7512,7.83922,6.762,14038.0
2019-01-15,1.32761,1.389,0.7767,18.9736,3.6975,3.7464,7.8424,6.7671,14117.0
2019-01-16,1.32596,1.38741,0.77687,18.971519,3.7164,3.7473,7.8436,6.751,14111.0
2019-01-17,1.32587,1.3941,0.77605,18.8811,3.7343,3.7468,7.8427,6.756,14140.0
2019-01-18,1.32802,1.39076,0.77018,18.995399,3.7489,3.7463,7.843,6.7754,14173.0
2019-01-21,1.3275,1.3959,0.778,19.088699,3.7502,3.7505,7.8442,6.7778,14168.0
2019-01-22,1.3295,1.39686,0.77569,19.1472,3.7514,3.7462,7.8454,6.7973,14307.0
2019-01-23,1.3356,1.40408,0.77174,19.152399,3.812,3.7461,7.84593,6.807,14208.0
2019-01-24,1.33411,1.399,0.7644,19.022499,3.7623,3.7469,7.84515,6.791,14130.900391
2019-01-25,1.33505,1.4102,0.7621,19.0133,3.7698,3.7462,7.8462,6.7876,14189.0
2019-01-28,1.3221,1.39287,0.75709,18.98885,3.7696,3.7503,7.8451,6.7464,14078.0
2019-01-29,1.32603,1.39548,0.75987,19.03755,3.7596,3.7455,7.8456,6.7443,14063.0
2019-01-30,1.32714,1.3968,0.7645,19.09086,3.7185,3.7459,7.8459,6.732,14074.0
2019-01-31,1.3141,1.37842,0.76236,19.10528,3.6814,3.7454,7.8426,6.7155,14033.0
2019-02-01,1.31259,1.3752,0.76281,19.0931,3.6428,3.7466,7.8461,6.6998,13966.0
2019-02-04,1.3099,1.3795,0.76468,19.087,3.6573,3.7502,7.8453,6.7438,13933.0
2019-02-05,1.31165,1.38619,0.7674,19.0951,3.667,3.7457,7.84544,6.7438,13957.5
2019-02-06,1.3124,1.3805,0.77177,19.024401,3.6683,3.7459,7.8452,6.7348,13950.5
2019-02-07,1.3213,1.40648,0.77313,19.1092,3.6947,3.7458,7.8462,6.7438,13915.0
2019-02-08,1.33109,1.40936,0.77225,19.074181,3.7149,3.746,7.8469,6.7438,13966.0
2019-02-11,1.3274,1.4081,0.77299,19.072371,3.7286,3.75,7.8466,6.7438,13958.0
2019-02-12,1.33,1.41573,0.77736,19.288401,3.7552,3.7458,7.8471,6.7914,14033.0
2019-02-13,1.32286,1.4075,0.77567,19.242701,3.708,3.7458,7.84802,6.773,14012.700195
2019-02-14,1.32591,1.41,0.7778,19.413799,3.7532,3.7463,7.8492,6.7594,14151.0
2019-02-15,1.3297,1.4078,0.78135,19.258459,3.722,3.7459,7.8471,6.7712,14083.0
2019-02-18,1.3239,1.3995,0.77486,19.261129,3.6468,3.7501,7.8477,6.7721,14136.0
2019-02-19,1.3234,1.4021,0.77375,19.2432,3.7317,3.746,7.8474,6.7657,14192.5
2019-02-20,1.32089,1.3953,0.76562,19.1411,3.722,3.7454,7.8495,6.7577,14096.5
2019-02-21,1.317,1.3947,0.76657,19.21817,3.724,3.746,7.8484,6.7203,14033.0
2019-02-22,1.32254,1.4067,0.76679,19.2742,3.7665,3.7456,7.8472,6.7191,14120.0
2019-02-25,1.3131,1.3968,0.76537,19.128599,3.7463,3.7501,7.8475,6.7132,14051.0
2019-02-26,1.31852,1.3939,0.76178,19.121,3.7504,3.7456,7.8485,6.6884,14011.0
2019-02-27,1.3162,1.39005,0.75426,19.185011,3.7471,3.746,7.8488,6.6992,13960.0
2019-02-28,1.3145,1.3989,0.75085,19.16449,3.7273,3.746,7.8489,6.6862,14015.0
2019-03-01,1.31643,1.4079,0.75387,19.262699,3.7475,3.7457,7.8497,6.693,14194.0
2019-03-04,1.32836,1.40839,0.7553,19.2652,3.7214,3.75,7.8485,6.7054,14108.0
2019-03-05,1.33119,1.41,0.75881,19.293421,3.7741,3.746,7.8497,6.7063,14205.0
2019-03-06,1.33533,1.41095,0.76007,19.257401,3.7744,3.7459,7.8506,6.7066,14150.5
2019-03-07,1.3443,1.4215,0.7586,19.349199,3.8368,3.7459,7.8494,6.7109,14214.5
2019-03-08,1.34447,1.4238,0.7638,19.552799,3.8693,3.7459,7.8498,6.7141,14240.799805
2019-03-11,1.3418,1.4206,0.76992,19.4832,3.8134,3.75,7.8497,6.7206,14303.0
2019-03-12,1.33946,1.41375,0.7548,19.39127,3.8373,3.747,7.8495,6.7255,14283.0
2019-03-13,1.3357,1.4156,0.7653,19.3304,3.8116,3.7459,7.84962,6.7076,14258.0
2019-03-14,1.3295,1.411,0.75269,19.290051,3.8133,3.7459,7.8496,6.7061,14258.0
2019-03-15,1.33247,1.4148,0.75423,19.298599,3.8405,3.7458,7.8496,6.722,14287.0
2019-03-18,1.3341,1.41185,0.75204,19.2034,3.813,3.75,7.8495,6.7128,14251.0
2019-03-19,1.3337,1.4085,0.7539,19.056379,3.79,3.7453,7.84952,6.7031,14251.0
2019-03-20,1.3322,1.4105,0.7535,18.994499,3.7877,3.7461,7.8512,6.711,14223.0
2019-03-21,1.3286,1.4015,0.75727,18.799,3.7742,3.7461,7.8489,6.6936,14055.0
2019-03-22,1.3365,1.4069,0.76148,18.85,3.791,3.7459,7.8474,6.6982,14133.0
2019-03-25,1.3425,1.4118,0.7572,19.11665,3.906,3.75,7.8472,6.7171,14158.0
2019-03-26,1.3392,1.40526,0.7567,19.0156,3.8536,3.7459,7.8475,6.7084,14173.0
2019-03-27,1.33791,1.40115,0.75692,19.0881,3.875,3.7456,7.8489,6.7147,14163.0
2019-03-28,1.34117,1.41153,0.7603,19.36385,3.9882,3.7458,7.8495,6.7262,14346.0
2019-03-29,1.34305,1.4118,0.7659,19.345301,3.8977,3.7459,7.8496,6.7381,14235.0
2019-04-01,1.3347,1.4057,0.76788,19.329399,3.9225,3.75,7.8496,6.7111,14233.0
2019-04-02,1.3311,1.40649,0.76517,19.1593,3.8485,3.7459,7.8502,6.7105,14240.0
2019-04-03,1.3343,1.41675,0.76175,19.216101,3.8523,3.7459,7.8488,6.7224,14213.0
2019-04-04,1.3342,1.40499,0.7589,19.21767,3.8683,3.7456,7.8493,6.7014,14210.0
2019-04-05,1.33647,1.4064,0.7647,19.146799,3.8559,3.7502,7.8495,6.7166,14151.0
2019-04-08,1.3371,1.4081,0.76698,19.0613,3.874,3.7503,7.8492,6.7169,14112.0
2019-04-09,1.33136,1.40418,0.7655,18.9839,3.8482,3.7451,7.84715,6.7154,14191.0
2019-04-10,1.33278,1.4027,0.76586,18.91382,3.848,3.7458,7.84151,6.7108,14136.0
2019-04-11,1.33178,1.3953,0.7634,18.8064,3.824,3.7461,7.83613,6.7154,14177.0
2019-04-12,1.33779,1.404,0.76593,18.8169,3.8558,3.746,7.8431,6.7185,14138.0
2019-04-15,1.33325,1.3941,0.7643,18.75758,3.8803,3.7499,7.84191,6.7032,14086.0
2019-04-16,1.3368,1.3935,0.7632,18.859301,3.8704,3.7455,7.84023,6.7077,14155.5
2019-04-17,1.33593,1.39569,0.7665,18.865801,3.9038,3.746,7.8434,6.7112,14079.0
2019-04-18,1.3348,1.3939,0.76691,18.802,3.9367,3.7457,7.84459,6.6872,14078.0
2019-04-19,1.3376,1.399,0.76956,18.7871,3.9267,3.7467,7.8452,6.7081,14036.0
2019-04-22,1.33809,1.3984,0.7696,18.7677,3.9345,3.7497,7.84309,6.7034,14036.0
2019-04-23,1.33453,1.4011,0.77033,18.826099,3.9341,3.7504,7.8466,6.7085,14061.5
2019-04-24,1.34277,1.40911,0.77291,18.9034,3.9183,3.7457,7.84254,6.7249,14061.0
2019-04-25,1.3493,1.4256,0.7749,19.0683,3.9896,3.7457,7.8427,6.7209,14154.0
2019-04-26,1.3478,1.42495,0.77543,19.02268,3.9527,3.7456,7.8436,6.7421,14306.5
2019-04-29,1.346,1.41959,0.77398,18.9286,3.9292,3.7499,7.84284,6.7288,14165.0
2019-04-30,1.34547,1.4174,0.77325,18.9984,3.9443,3.7458,7.8441,6.7324,14191.0
2019-05-01,1.33879,1.41818,0.76688,18.93815,3.9169,3.7492,7.8455,6.7338,14243.0
2019-05-02,1.34389,1.4256,0.7661,18.9827,3.9193,3.7499,7.8448,6.734,14244.299805
2019-05-03,1.34692,1.4295,0.76727,19.113199,3.9662,3.746,7.8428,6.7339,14244.0
2019-05-06,1.34722,1.43404,0.76042,19.057899,3.9366,3.7501,7.84434,6.7336,14230.0
2019-05-07,1.34489,1.4301,0.7634,18.992599,3.9682,3.7456,7.8464,6.7636,14286.0
2019-05-08,1.3469,1.42684,0.76518,19.03994,3.9687,3.7458,7.8484,6.776,14346.299805
2019-05-09,1.34723,1.4296,0.76852,19.0707,3.9263,3.7458,7.8481,6.782,14288.0
2019-05-10,1.34653,1.43121,0.76866,19.225519,3.9454,3.7457,7.848,6.8265,14343.0
2019-05-13,1.34394,1.43162,0.7686,19.1229,3.9597,3.75,7.8482,6.8231,14318.0
2019-05-14,1.3476,1.4397,0.77142,19.206699,3.9905,3.7463,7.8489,6.8773,14497.400391
2019-05-15,1.346,1.4411,0.7748,19.1434,3.9751,3.7459,7.8492,6.8749,14423.0
2019-05-16,1.34416,1.4436,0.77836,19.060801,3.9999,3.7453,7.84867,6.8752,14540.0
2019-05-17,1.3462,1.4507,0.78139,19.099199,4.0462,3.7453,7.8492,6.8828,14569.5
2019-05-20,1.34469,1.4486,0.78545,19.1306,4.0974,3.7497,7.8492,6.9177,14443.0
2019-05-21,1.34272,1.44496,0.7856,19.046301,4.0949,3.7453,7.84935,6.9113,14448.0
2019-05-23,1.34365,1.454,0.78963,18.9828,4.0368,3.7458,7.849,6.9054,14518.0
2019-05-24,1.34736,1.44936,0.7896,19.0308,4.0387,3.746,7.84857,6.9095,14453.0
2019-05-27,1.3435,1.4424,0.78587,19.04311,4.0212,3.7498,7.84834,6.8993,14386.0
2019-05-28,1.3438,1.4451,0.7885,19.052999,4.0421,3.7455,7.8493,6.8972,14445.0
2019-05-29,1.34875,1.4438,0.78991,19.18321,4.0236,3.745,7.8492,6.9091,14468.0
2019-05-30,1.3512,1.44542,0.7918,19.135481,3.9734,3.7457,7.84911,6.9134,14393.0
2019-05-31,1.35249,1.448,0.79304,19.52504,3.98,3.7451,7.848,6.9009,14401.0
2019-06-03,1.35202,1.44308,0.79117,19.614799,3.9242,3.75,7.83717,6.9041,14268.0
2019-06-04,1.34415,1.4343,0.78963,19.80331,3.8841,3.7455,7.8361,6.9028,14237.0
2019-06-05,1.33904,1.43033,0.78723,19.566851,3.8536,3.7457,7.8408,6.9073,14260.0
2019-06-06,1.342,1.4345,0.78811,19.749241,3.8794,3.7455,7.84048,6.9081,14280.0
2019-06-07,1.3354,1.4336,0.7875,19.67428,3.8784,3.7452,7.84039,6.909,14256.0
2019-06-10,1.32689,1.42941,0.78598,19.2791,3.8765,3.75,7.84167,6.9088,14268.0
2019-06-11,1.32652,1.43655,0.78795,19.204439,3.8845,3.7455,7.8426,6.9301,14276.0
2019-06-12,1.32802,1.4366,0.78589,19.1061,3.8551,3.7464,7.83604,6.9104,14294.5
2019-06-13,1.3333,1.4429,0.78781,19.1598,3.8659,3.7463,7.8241,6.9169,14262.0
2019-06-14,1.33273,1.4465,0.78864,19.181101,3.8482,3.7453,7.82873,6.9208,14273.0
2019-06-17,1.3409,1.45372,0.7939,19.131399,3.8945,3.7503,7.8288,6.9245,14318.0
2019-06-18,1.341,1.459,0.79735,19.166201,3.887,3.7459,7.8334,6.9249,14413.5
2019-06-19,1.3374,1.4534,0.79576,19.122841,3.8595,3.746,7.83205,6.9023,14289.5
2019-06-20,1.32697,1.45233,0.7901,19.007401,3.8354,3.7462,7.8236,6.9027,14280.0
2019-06-21,1.31831,1.44459,0.78691,18.988899,3.8377,3.7459,7.8139,6.851,14142.0
2019-06-24,1.32004,1.44003,0.78426,19.09907,3.8205,3.7503,7.8132,6.8689,14148.0
2019-06-25,1.3181,1.43561,0.78495,19.194901,3.8256,3.746,7.80862,6.8761,14183.0
2019-06-26,1.31784,1.4364,0.78798,19.218,3.8455,3.7459,7.8104,6.8788,14118.0
2019-06-27,1.3121,1.43131,0.7875,19.1367,3.8429,3.7454,7.8107,6.8791,14215.5
2019-06-28,1.30943,1.4278,0.7888,19.17285,3.816,3.7458,7.8154,6.8671,14184.5
2019-07-01,1.30904,1.42383,0.78774,19.136999,3.8495,3.75,7.81193,6.8658,14121.0
2019-07-02,1.3132,1.4358,0.79085,19.099899,3.8396,3.7456,7.81227,6.8508,14150.0
2019-07-03,1.3096,1.4294,0.79376,19.044001,3.8439,3.7455,7.79941,6.872,14196.0
2019-07-04,1.30571,1.42221,0.79474,19.003799,3.825,3.7455,7.7969,6.8802,14178.5
2019-07-05,1.30484,1.42341,0.79472,19.003839,3.8008,3.7457,7.78513,6.8706,14150.0
2019-07-08,1.30756,1.4321,0.79837,18.9949,3.8191,3.75,7.7964,6.8926,14076.0
2019-07-09,1.31021,1.4339,0.79895,18.93329,3.7991,3.7458,7.7989,6.8809,14187.0
2019-07-10,1.3125,1.4436,0.80266,19.16046,3.799,3.746,7.8088,6.8883,14236.0
2019-07-11,1.3073,1.4364,0.79948,19.1285,3.7503,3.7459,7.8162,6.8722,14161.5
2019-07-12,1.30675,1.43419,0.7985,19.067289,3.7548,3.746,7.8219,6.8692,14124.0
2019-07-15,1.3033,1.42495,0.79542,18.987591,3.7344,3.7504,7.82511,6.8798,14000.0
2019-07-16,1.30475,1.42045,0.79885,18.966,3.7537,3.7461,7.8267,6.8769,13913.0
2019-07-17,1.30865,1.4252,0.80567,19.0896,3.7672,3.7455,7.81702,6.8753,14008.5
2019-07-18,1.3053,1.4265,0.8042,19.057899,3.7618,3.7463,7.81392,6.8728,14023.0
2019-07-19,1.30356,1.41499,0.79733,18.956699,3.7174,3.7464,7.81485,6.8791,13970.0
2019-07-22,1.3052,1.41983,0.79918,19.0126,3.7459,3.7506,7.8077,6.8811,13941.0
2019-07-23,1.3126,1.4221,0.80161,19.0392,3.7398,3.7465,7.80979,6.8801,13997.0
2019-07-24,1.31391,1.4291,0.80392,19.1684,3.7724,3.7462,7.81004,6.8783,14039.0
2019-07-25,1.31428,1.4328,0.8009,19.058399,3.7713,3.7464,7.81335,6.8715,14027.5
2019-07-26,1.3158,1.4384,0.80299,19.026199,3.7752,3.7463,7.81608,6.8716,14052.700195
2019-07-29,1.3169,1.44797,0.80797,19.03096,3.7735,3.7501,7.8178,6.8782,13997.0
2019-07-30,1.31635,1.4494,0.8185,19.0467,3.7801,3.7464,7.82141,6.8924,14066.0
2019-07-31,1.31476,1.4545,0.82226,19.055401,3.7893,3.7464,7.82311,6.8836,14066.400391
2019-08-01,1.3193,1.4606,0.82279,19.136499,3.8117,3.746,7.82715,6.8834,14165.0
2019-08-02,1.32139,1.46983,0.82479,19.2103,3.8373,3.7463,7.8253,6.8978,14329.0
2019-08-05,1.32029,1.4721,0.8229,19.33843,3.8839,3.7513,7.83118,6.9392,14173.0
2019-08-06,1.32141,1.47852,0.82249,19.6803,3.9731,3.7468,7.8436,7.0497,14248.0
2019-08-07,1.32803,1.47863,0.82171,19.595869,3.9587,3.7467,7.8377,7.0256,14258.0
2019-08-08,1.33115,1.4797,0.8235,19.632299,3.9674,3.7475,7.8395,7.0591,14274.5
2019-08-09,1.3228,1.46806,0.82347,19.42765,3.9176,3.7471,7.8412,7.0443,14236.5
2019-08-12,1.32174,1.47562,0.83181,19.4256,3.9402,3.7509,7.8418,7.0615,14183.0
2019-08-13,1.32362,1.48019,0.8279,19.584499,3.9839,3.747,7.8448,7.0572,14241.0
2019-08-14,1.3212,1.47107,0.8289,19.37874,3.9624,3.7463,7.845,7.0335,14232.799805
2019-08-15,1.331,1.4806,0.82916,19.654659,4.0503,3.7472,7.84516,7.0235,14238.0
2019-08-16,1.33169,1.4765,0.82702,19.5986,3.9901,3.7461,7.8425,7.024,14333.0
2019-08-19,1.32669,1.47349,0.8223,19.622299,4.0046,3.7507,7.8436,7.0419,14228.0
2019-08-20,1.33278,1.4802,0.8243,19.8731,4.0732,3.746,7.8439,7.0498,14337.299805
2019-08-21,1.3315,1.47597,0.82221,19.7505,4.0517,3.7461,7.84165,7.0596,14326.099609
2019-08-22,1.3286,1.47384,0.82425,19.6719,4.024,3.7456,7.843,7.0624,14275.0
2019-08-23,1.32953,1.4802,0.8162,19.7997,4.068,3.7456,7.8399,7.0827,14228.0
2019-08-26,1.3313,1.49074,0.8155,20.004299,4.1262,3.7499,7.8429,7.095,14206.0
2019-08-27,1.32522,1.4772,0.8182,19.9359,4.1515,3.7459,7.845,7.1503,14253.799805
2019-08-28,1.32852,1.48052,0.81412,19.974001,4.1228,3.7458,7.8466,7.1614,14343.799805
2019-08-29,1.3307,1.48377,0.81843,20.1394,4.1677,3.7459,7.84314,7.1553,14311.299805
2019-08-30,1.3281,1.4846,0.82058,20.1208,4.1681,3.7461,7.8458,7.1436,14231.0
2019-09-02,1.3317,1.4864,0.82242,20.0938,4.1439,3.7502,7.8423,7.1557,14178.0
2019-09-03,1.3333,1.48976,0.82873,20.124451,4.1844,3.7461,7.842,7.171,14265.0
2019-09-04,1.33383,1.47842,0.8271,19.960699,4.1651,3.7458,7.8439,7.178,14260.700195
2019-09-05,1.32253,1.4706,0.8164,19.685699,4.0932,3.7458,7.8407,7.1451,14146.0
2019-09-06,1.3229,1.46804,0.81143,19.7057,4.106,3.7467,7.8377,7.1477,14172.299805
2019-09-09,1.3168,1.46056,0.81413,19.54114,4.0613,3.7509,7.84,7.1147,14088.0
2019-09-10,1.31689,1.4566,0.81002,19.5555,4.0934,3.7462,7.83844,7.1211,14024.0
2019-09-11,1.31457,1.45804,0.8094,19.492001,4.0795,3.7469,7.83988,7.1117,14095.799805
2019-09-12,1.31845,1.4548,0.81072,19.499399,4.0642,3.7463,7.8379,7.1158,14106.400391
2019-09-13,1.32115,1.4569,0.81107,19.428499,4.0589,3.7465,7.8252,7.0784,13983.0
2019-09-16,1.3213,1.4535,0.80017,19.3981,4.0855,3.7511,7.8241,7.0784,13958.0
2019-09-17,1.32408,1.4571,0.8046,19.4224,4.0793,3.7464,7.8191,7.0664,14170.299805
2019-09-18,1.3239,1.4564,0.79983,19.3528,4.076,3.746,7.8229,7.0909,14126.799805
2019-09-19,1.3294,1.46505,0.80189,19.3967,4.1073,3.7466,7.82906,7.085,14126.0
2019-09-20,1.32573,1.47215,0.7984,19.429199,4.1666,3.7464,7.83048,7.0956,14158.0
2019-09-23,1.3266,1.47732,0.8018,19.4189,4.1483,3.7508,7.83954,7.0906,14048.0
2019-09-24,1.32607,1.4758,0.80421,19.476,4.1615,3.7465,7.8386,7.1176,14078.0
2019-09-25,1.32406,1.4707,0.8009,19.435699,4.1617,3.7461,7.8406,7.1155,14177.299805
2019-09-26,1.3257,1.4803,0.80909,19.566999,4.1471,3.7465,7.8391,7.1308,14211.299805
2019-09-27,1.3268,1.4806,0.8109,19.65703,4.1692,3.746,7.8383,7.1316,14236.799805
2019-09-30,1.3235,1.4791,0.81346,19.678699,4.1571,3.7514,7.84023,7.1218,14158.0
2019-10-01,1.3242,1.4808,0.81367,19.734819,4.1548,3.7461,7.83837,7.1475,14219.400391
2019-10-02,1.3217,1.4906,0.81352,19.803801,4.1546,3.7457,7.84223,7.1474,14206.0
2019-10-03,1.33283,1.4904,0.81272,19.783701,4.1244,3.7461,7.8428,7.1476,14188.0
2019-10-04,1.33367,1.48251,0.81022,19.653049,4.0829,3.7463,7.842,7.1475,14166.0
2019-10-07,1.33063,1.4783,0.81074,19.5208,4.0546,3.7508,7.8418,7.1474,14128.0
2019-10-08,1.33024,1.48533,0.8138,19.5709,4.1051,3.7464,7.8427,7.1474,14239.5
2019-10-09,1.33214,1.4863,0.81836,19.6252,4.0909,3.7459,7.84426,7.1435,14210.0
2019-10-10,1.3335,1.4885,0.8188,19.5849,4.1083,3.7453,7.8449,7.1314,14217.5
2019-10-11,1.32859,1.47859,0.8043,19.4347,4.1084,3.7459,7.84233,7.1155,14145.0
2019-10-14,1.3199,1.47137,0.792456,19.3081,4.1085,3.7508,7.8432,7.0872,14121.0
2019-10-15,1.3224,1.475928,0.79291,19.26935,4.1237,3.745931,7.84466,7.0666,14168.5
2019-10-16,1.3202,1.48078,0.78366,19.23065,4.1786,3.74659,7.8452,7.0808,14216.0
2019-10-17,1.32,1.48008,0.7798,19.194901,4.1486,3.746095,7.8448,7.0927,14224.0
2019-10-18,1.31358,1.4651,0.777085,19.1798,4.1611,3.745989,7.844,7.0764,14184.5
2019-10-21,1.3132,1.46034,0.77518,19.117701,4.1111,3.7506,7.8427,7.0807,14138.0
2019-10-22,1.30866,1.45548,0.77091,19.121799,4.124764,3.746222,7.84214,7.0663,14102.5
2019-10-23,1.3094,1.45745,0.77611,19.14069,4.0784,3.745856,7.84233,7.0762,14042.5
2019-10-24,1.3073,1.45979,0.7738,19.101601,4.0331,3.746508,7.8413,7.0646,13987.0
2019-10-25,1.30706,1.467,0.7788,19.117901,4.0393,3.746122,7.8383,7.0681,14089.5
2019-10-28,1.3063,1.465416,0.7793,19.039301,4.0029,3.75,7.8371,7.0647,14028.0
2019-10-29,1.30556,1.462074,0.77776,19.110201,3.9888,3.7499,7.8388,7.0669,14018.0
2019-10-30,1.3089,1.4586,0.7772,19.107201,3.9967,3.746041,7.83964,7.0649,14018.0
2019-10-31,1.31654,1.44972,0.77509,19.09292,3.9862,3.745125,7.83932,7.0544,14060.0
2019-11-01,1.31675,1.45075,0.77282,19.2388,4.016,3.745955,7.8367,7.0382,14123.5
2019-11-04,1.314,1.445505,0.77294,19.084999,3.9894,3.7498,7.837,7.0364,14014.0
2019-11-05,1.31516,1.45132,0.7757,19.1679,4.0108,3.745743,7.8366,7.0294,14058.0
2019-11-06,1.3151,1.4512,0.77636,19.1868,3.992,3.745598,7.8324,7.0088,14028.5
2019-11-07,1.31856,1.454059,0.7778,19.1507,4.0823,3.745828,7.82647,6.9972,14008.0
2019-11-08,1.32271,1.457514,0.782473,19.121599,4.0995,,7.8256,,14013.0
2019-11-11,1.32252,1.45815,0.78147,19.109501,4.1334,3.7499,7.82824,6.995,14014.039062
2019-11-12,1.3232,1.4598,0.7777,19.1115,4.1513,3.745162,7.82561,7.0096,13997.200195
2019-11-13,1.32367,1.461134,0.77808,19.2987,4.1679,3.745448,7.8287,7.0068,13852.74707
2019-11-14,1.32519,1.462095,0.77798,19.365219,4.1686,3.745696,7.8281,7.0226,13871.640625
2019-11-15,1.32498,1.47312,0.77629,19.3127,4.1943,3.745119,7.8279,7.0198,14078.0
2019-11-18,1.32224,1.46714,0.77392,19.198799,4.1948,3.7499,7.82646,7.0073,13840.302734
2019-11-19,1.32068,1.46946,0.77215,19.31719,4.2164,3.7458,7.82692,7.025,14139.0
2019-11-20,1.32713,1.465223,0.773425,19.35854,4.1917,3.745892,7.8273,7.0268,14083.0
2019-11-21,1.3302,1.470805,0.77357,19.4697,4.195,3.745363,7.8262,7.035,14035.27832
2019-11-22,1.3278,1.47288,0.774,19.38685,4.1917,3.74539,7.8202,7.0282,14070.0
2019-11-25,1.32957,1.47232,0.778,19.344999,4.195,3.7498,7.8252,7.0383,14083.011719
2019-11-26,1.33031,1.47571,0.77536,19.44515,4.2254,3.745614,7.82559,7.0355,14063.748047
2019-11-27,1.3269,1.472971,0.77755,19.507299,4.2318,3.745629,7.8285,7.0325,14078.0
2019-11-28,1.32856,1.477716,0.7734,19.554649,4.2627,3.745764,7.82736,7.0279,14087.129883
2019-11-29,1.32797,1.477323,0.77442,19.491449,4.188,3.745584,7.8271,7.0344,13868.660156
2019-12-02,1.32839,1.47824,0.77442,19.53595,4.2361,3.7495,7.8283,7.0315,13868.345703
2019-12-03,1.3303,1.46653,0.77276,19.573999,4.2223,3.745509,7.8283,7.0383,14123.276367
2019-12-04,1.32919,1.460131,0.76936,19.5495,4.204,3.745455,7.8297,7.0602,14098.0
2019-12-05,1.31927,1.459939,0.7627,19.431101,4.2061,3.745646,7.8288,7.0489,13994.884766
2019-12-06,1.3176,1.463486,0.75997,19.363001,4.1846,3.745475,7.8287,7.0438,14058.0
2019-12-09,1.32498,1.46299,0.76106,19.254749,4.1189,3.7496,7.82896,7.0343,14022.379883
2019-12-10,1.32371,1.464558,0.7607,19.23,4.1411,3.745747,7.82835,7.0382,14004.600586
2019-12-11,1.3231,1.468127,0.76154,19.249901,4.1446,3.745374,7.8267,7.0333,14021.0
2019-12-12,1.31727,1.4555,0.75757,19.101299,4.1237,3.745935,7.80866,7.0378,13976.613281
2019-12-13,1.31527,1.4436,0.7421,18.982,4.087248,3.74562,7.8055,7.0195,13933.356445
2019-12-16,1.31834,1.45459,0.74888,19.034201,4.0858,3.7503,7.79878,6.9719,13968.525391
2019-12-17,1.3163,1.45469,0.75344,18.93619,4.0619,3.746016,7.79266,6.9816,14022.5
2019-12-18,1.31592,1.4593,0.76207,18.917549,4.0702,3.746241,7.787,6.9962,14024.0
2019-12-19,1.31139,1.458853,0.7641,18.9755,4.059663,3.74648,7.7881,7.004,13966.919922
2019-12-20,1.3123,1.450747,0.7682,18.909,4.0688,3.747423,7.7944,7.0094,13978.15625
2019-12-23,1.31464,1.448457,0.76891,18.941299,4.0799,3.751,7.79685,7.0057,13957.581055
2019-12-24,1.31482,1.444002,0.7725,18.9345,4.082,3.7484,7.7869,7.0118,13955.626953
2019-12-25,1.3164,1.4447,0.7731,18.9627,4.0828,3.748546,7.7881,7.0064,13961.0
2019-12-26,1.3155,1.4441,0.7708,18.952101,4.083,3.747941,7.7886,6.9883,13991.0
2019-12-27,1.3108,1.4396,0.7691,18.928499,4.0547,3.74766,7.7879,6.9963,13977.5
2019-12-30,1.30734,1.43205,0.76383,18.8279,4.0223,3.7491,7.78733,6.9948,13953.841797
2019-12-31,1.30606,1.428286,0.7626,18.9177,4.015711,3.74836,7.7881,6.9857,13919.0
2020-01-01,1.3002,1.42511,0.754,18.9174,4.016786,3.746646,7.7865,6.9623,13690.37207
2020-01-02,1.2973,1.4246,0.7547,18.8988,4.0163,3.746979,7.7925,6.9622,13689.231445
2020-01-03,1.2983,1.4316,0.7603,18.830299,4.0234,3.746398,7.7883,6.9634,13884.786133
2020-01-06,1.29866,1.44005,0.76452,18.944759,4.057,3.7513,7.7815,6.9645,13934.316406
2020-01-07,1.29639,1.44148,0.7593,18.84145,4.0604,3.746372,7.7704,6.9745,13926.5
2020-01-08,1.30031,1.457641,0.76256,18.964199,4.0662,3.746879,7.7773,6.9444,13867.236328
2020-01-09,1.30365,1.454799,0.76306,18.813999,4.0628,3.746865,7.7762,6.9452,13886.939453
2020-01-10,1.30625,1.45917,0.7651,18.834801,4.0921,3.746545,7.76648,6.9517,13827.560547
2020-01-13,1.30654,1.449149,0.76654,18.797621,4.0705,3.7514,7.76653,6.9093,13522.43457
2020-01-14,1.30556,1.449506,0.76993,18.7901,4.1458,3.747537,7.7715,6.8927,13665.304688
2020-01-15,1.30655,1.45,0.7679,18.7938,4.1313,3.745703,7.77661,6.9003,13668.040039
2020-01-16,1.3038,1.44764,0.7668,18.7827,4.1742,3.747737,7.7715,6.8898,13665.09668
2020-01-17,1.3039,1.449065,0.7646,18.763,4.1836,3.746836,7.7716,6.8781,13623.0
2020-01-20,1.30636,1.45311,0.7688,18.6563,4.1616,3.7517,7.76783,6.8587,13456.988281
2020-01-21,1.30454,1.45425,0.7689,18.6537,4.1885,3.74742,7.7692,6.8658,13615.0
2020-01-22,1.30735,1.460515,0.7664,18.759399,4.2109,3.74701,7.7702,6.9048,13651.0
2020-01-23,1.3139,1.46135,0.76076,18.700411,4.1813,3.746693,7.7709,6.9057,13626.386719
2020-01-24,1.3127,1.46203,0.7622,18.749201,4.1691,3.746877,7.7723,6.9356,13609.188477
2020-01-27,1.3159,1.47018,0.76559,18.862499,4.1595,3.7512,7.77444,6.9357,13711.973633
2020-01-28,1.31877,1.478918,0.76569,18.892,4.2061,3.746971,7.7771,6.9357,13213.240234
2020-01-29,1.3164,1.47837,0.76778,18.724051,4.1934,3.746961,7.77544,6.9357,13634.0
2020-01-30,1.3197,1.481,0.76793,18.6819,4.2289,3.748353,7.77299,6.9357,13614.014648
2020-01-31,1.32113,1.4907,0.764,18.7808,4.2422,3.747729,7.7675,6.9357,13643.180664
2020-02-03,1.32404,1.49396,0.75863,18.866409,4.2826,3.7514,7.76569,6.9357,13633.126953
2020-02-04,1.3294,1.494657,0.76938,18.8144,4.2468,3.747367,7.766,7.0206,13735.5
2020-02-05,1.32824,1.48549,0.7673,18.671289,4.2537,3.747137,7.7664,6.9975,13702.407227
2020-02-06,1.32843,1.481087,0.7694,18.587601,4.2336,3.747125,7.7634,6.9728,13668.267578
2020-02-07,1.3284,1.485002,0.77338,18.6397,4.2808,3.746904,7.76347,6.9698,13698.0
2020-02-10,1.33096,1.49873,0.7757,18.800249,4.3204,3.7509,7.7658,7.0006,13675.853516
2020-02-11,1.3317,1.494746,0.7741,18.7027,4.320975,3.746116,7.7662,6.9835,13691.589844
2020-02-12,1.32904,1.487874,0.77181,18.642,4.327531,3.746247,7.7652,6.9649,13657.553711
2020-02-13,1.32561,1.489603,0.77175,18.6404,4.3545,3.745861,7.7689,6.971,13500.737305
2020-02-14,1.32639,1.487653,0.76647,18.5951,4.346767,3.746088,7.7666,6.9764,13695.400391
2020-02-17,1.32452,1.48677,0.76611,18.542999,4.297,3.7504,7.76726,6.9861,13681.290039
2020-02-18,1.3235,1.489869,0.7687,18.549999,4.3265,3.746064,7.7678,6.9793,13649.241211
2020-02-19,1.32537,1.493429,0.7691,18.588949,4.3548,3.746341,7.7686,6.9962,13768.0
2020-02-20,1.32204,1.49611,0.7735,18.5501,4.364,3.74623,7.77301,6.9972,13762.0
2020-02-21,1.32598,1.51199,0.7762,18.847401,4.3923,3.745979,7.7807,7.0224,13703.482422
2020-02-24,1.3253,1.513569,0.77198,19.00771,4.3898,3.7511,7.79194,7.0262,13771.486328
2020-02-25,1.32874,1.5124,0.7736,19.0366,4.3866,3.746554,7.79216,7.0284,13879.929688
2020-02-26,1.32792,1.513959,0.76903,19.059999,4.3868,3.747966,7.78965,7.0364,14056.5
2020-02-27,1.33453,1.52753,0.77478,19.286619,4.4491,3.747826,7.79252,7.0398,13931.0
2020-02-28,1.33862,1.51971,0.77586,19.458969,4.4848,3.748375,7.7946,7.0035,14316.0
2020-03-02,1.34071,1.53461,0.78082,19.823099,4.4413,3.7512,7.79308,6.9909,13971.961914
2020-03-03,1.33251,1.527301,0.78326,19.405001,4.4724,3.747184,7.7809,6.9998,14220.0
2020-03-04,1.33776,1.51925,0.77998,19.431601,4.5132,3.74802,7.7701,6.961,14199.5
2020-03-05,1.33846,1.509001,0.7767,19.5172,4.5834,3.747896,7.77175,6.9654,14256.0
2020-03-06,1.33938,1.5116,0.77216,19.814501,4.6062,3.748653,7.77072,6.936,14309.599609
2020-03-09,1.36222,1.51204,0.7634,21.057501,4.5898,3.7527,7.7693,6.9311,14251.539062
2020-03-10,1.3658,1.515611,0.7648,20.812229,4.7229,3.749289,7.771,6.9456,14094.818359
2020-03-11,1.37318,1.538675,0.77461,20.7894,4.6421,3.748923,7.7682,6.9556,14272.900391
2020-03-12,1.3773,1.543353,0.78014,21.416599,4.8138,3.749039,7.7685,6.9596,14526.0
2020-03-13,1.39428,1.59385,0.79553,21.967199,4.7902,3.749039,7.7766,7.0286,14850.0
2020-03-16,1.37978,1.61873,0.80646,21.808611,4.8526,3.7556,7.76326,7.0072,14635.022461
2020-03-17,1.40106,1.6395,0.81522,22.60099,4.999,3.749049,7.7657,6.9927,15192.0
2020-03-18,1.42392,1.668836,0.82497,22.9606,5.0097,3.748748,7.7621,7.0062,14955.788086
2020-03-19,1.4445,1.72123,0.86019,23.649719,5.103962,3.749008,7.7635,7.0464,15474.5
2020-03-20,1.44982,1.74128,0.86999,24.045771,5.0942,3.756359,7.76173,7.1077,15908.0
2020-03-23,1.44594,1.73813,0.86036,24.74621,5.0455,3.7522,7.75877,7.0948,15766.24707
2020-03-24,1.44769,1.701664,0.8624,25.336201,5.1417,3.750767,7.756,7.0913,16504.800781
2020-03-25,1.4439,1.6735,0.84803,24.7687,5.0981,3.752054,7.75276,7.062,16216.5
2020-03-26,1.42171,1.692592,0.8438,24.008101,5.0337,3.751153,7.7526,7.1135,16447.720703
2020-03-27,1.40374,1.64498,0.81963,23.237101,5.0226,3.751482,7.7522,7.0731,16218.636719
2020-03-30,1.40469,1.61797,0.803007,23.594601,5.104629,3.7131,7.751,7.0953,16005.334961
2020-03-31,1.41787,1.62101,0.8083,23.833,5.1927,3.752438,7.754,7.0992,16346.961914
2020-04-01,1.4078,1.629461,0.8059,23.750999,5.2035,3.760435,7.75182,7.0814,16277.943359
2020-04-02,1.41514,1.64166,0.8076,24.21553,5.2482,3.757477,7.7519,7.0993,16412.808594
2020-04-03,1.41293,1.64929,0.80678,24.2353,5.2553,3.757927,7.75155,7.0832,16441.263672
2020-04-06,1.4252,1.66814,0.81832,25.261999,5.3485,3.7318,7.7527,7.0913,16418.0
2020-04-07,1.41123,1.634628,0.81696,24.5424,5.2853,3.756057,7.7515,7.0913,16364.648438
2020-04-08,1.4014,1.625435,0.81046,24.31159,5.2217,3.755584,7.75215,7.0448,16225.0
2020-04-09,1.40038,1.60377,0.8069,23.984501,5.1235,3.756389,7.75161,7.0649,16159.376953
2020-04-10,1.39861,1.57913,0.8029,23.676399,5.1058,3.756951,7.7528,7.0422,15811.967773
2020-04-13,1.39684,1.57848,0.8025,23.4468,5.1055,3.7375,7.7517,7.0351,15800.0
2020-04-14,1.38731,1.56223,0.79847,23.585199,5.1985,3.7381,7.7524,7.0516,15751.0
2020-04-15,1.38809,1.554171,0.792,23.362,5.162,3.754939,7.7514,7.0483,15578.34668
2020-04-16,1.41191,1.585062,0.79866,24.239201,5.237,3.754701,7.7511,7.0665,15887.5
2020-04-17,1.40395,1.572673,0.80078,23.760201,5.2309,3.753315,7.75081,7.0788,15568.338867
2020-04-20,1.4048,1.57724,0.8008,24.026649,5.2327,3.721,7.75075,7.0722,15423.0
2020-04-21,1.41292,1.57587,0.80368,24.010719,5.3154,3.748209,7.7503,7.0724,15377.080078
2020-04-22,1.4189,1.588815,0.8131,24.368601,5.315,3.74901,7.74992,7.0708,15394.678711
2020-04-23,1.41838,1.587554,0.81143,24.4793,5.4569,3.758936,7.75023,7.0831,15408.62207
2020-04-24,1.4065,1.568185,0.80957,24.76655,5.5331,3.756088,7.7506,7.0652,15665.0
2020-04-27,1.4108,1.5631,0.80863,24.9858,5.5726,3.7591,7.7505,7.0809,15348.744141
2020-04-28,1.40362,1.5506,0.80498,24.749701,5.6526,3.755715,7.75047,7.0853,15312.385742
2020-04-29,1.3983,1.537823,0.80414,24.2836,5.4974,3.754699,7.7503,7.0781,15364.594727
2020-04-30,1.38743,1.52555,0.80183,23.742001,5.3348,3.754155,7.75,7.0754,15234.636719
2020-05-01,1.39529,1.539527,0.79482,24.2143,5.486,3.75277,7.75164,7.0613,15249.0
2020-05-04,1.4135,1.56818,0.80294,24.83449,5.477,3.7538,7.75213,7.0615,14671.0
2020-05-05,1.40837,1.55615,0.8035,24.0902,5.5406,3.753465,7.7531,7.0615,15044.0
2020-05-06,1.40422,1.55376,0.803587,23.973499,5.5781,3.75147,7.75305,7.0615,15335.0
2020-05-07,1.41629,1.56476,0.81132,24.4275,5.7152,3.751216,7.752,7.1036,14998.332031
2020-05-08,1.39695,1.537681,0.80802,24.02206,5.828719,3.752626,7.7508,7.0838,15227.0
2020-05-11,1.39241,1.52973,0.80532,23.625099,5.477,3.7556,7.75107,7.0731,14721.398438
2020-05-12,1.4018,1.5421,0.8108,23.92009,5.8171,3.752242,7.75051,7.098,14848.700195
2020-05-13,1.40809,1.549115,0.816,24.363279,5.8848,3.7527,7.7505,7.0821,14994.0
2020-05-14,1.4089,1.5492,0.81689,24.185699,5.8864,3.752274,7.7508,7.0913,14846.873047
2020-05-15,1.4033,1.5453,0.8174,23.851299,5.8094,3.753113,7.75086,7.0947,14810.120117
2020-05-18,1.4091,1.55623,0.82742,23.93401,5.8552,3.7568,7.7507,7.1012,14853.0
2020-05-19,1.3939,1.532332,0.81967,23.7313,5.719,3.752861,7.7511,7.1086,14878.0
2020-05-20,1.3938,1.52903,0.81593,23.665359,5.7552,3.751762,7.7504,7.0982,14748.447266
2020-05-21,1.39045,1.516921,0.8172,23.195499,5.6905,3.753859,7.75,7.0925,14771.0
2020-05-22,1.3947,1.52279,0.8181,22.87018,5.5524,3.751601,7.7543,7.1143,14826.0
2020-05-25,1.39859,1.5277,0.82061,22.66379,5.5287,3.7549,7.75676,7.1294,14703.0
2020-05-26,1.39718,1.527324,0.81958,22.5455,5.4434,3.753731,7.75438,7.1357,14501.757812
2020-05-27,1.37825,1.504506,0.8107,22.212,5.344,3.752684,7.75325,7.1341,14850.0
2020-05-28,1.37548,1.51039,0.81534,22.31138,5.2727,3.7521,7.75338,7.1682,14888.5
2020-05-29,1.3774,1.5075,0.81159,22.1989,5.4036,3.751275,7.7527,7.1452,14825.0
2020-06-01,1.3778,1.50155,0.809848,22.182301,5.3348,3.7538,7.75297,7.1363,14603.0
2020-06-02,1.35825,1.473622,0.80083,22.0424,5.3665,3.749472,7.7514,7.1267,14573.5
2020-06-03,1.351,1.446299,0.79482,21.723801,5.1993,3.749094,7.7505,7.0999,14343.823242
2020-06-04,1.34938,1.4432,0.79522,21.7208,5.0616,3.749744,7.75,7.1147,14130.0
2020-06-05,1.35016,1.440943,0.79308,21.902479,5.1172,3.750661,7.7501,7.1092,14085.447266
2020-06-08,1.33928,1.428082,0.78581,21.474899,4.9595,3.750998,7.75012,7.081,13863.0
2020-06-09,1.3368,1.42359,0.78522,21.473,4.8216,3.747695,7.7515,7.0703,14070.799805
2020-06-10,1.3422,1.4403,0.7867,21.88743,4.8984,3.747982,7.751,7.0763,13852.103516
2020-06-11,1.34284,1.43507,0.78674,21.97698,4.9722,3.74811,7.7499,7.06,13947.443359
2020-06-12,1.36379,1.46394,0.7951,22.85466,4.975,3.747432,7.7502,7.0641,14475.0
2020-06-15,1.36371,1.4652,0.79944,22.488541,5.0478,3.7524,7.75,7.0824,14118.0
2020-06-16,1.35339,1.437153,0.79128,22.15546,5.153207,3.747832,7.75001,7.0908,13988.119141
2020-06-17,1.35335,1.45026,0.79459,22.26922,5.2436,3.747413,7.7498,7.086,14275.0
2020-06-18,1.35758,1.454397,0.79664,22.3414,5.2279,3.746775,7.7499,7.0845,14102.735352
2020-06-19,1.35924,1.45832,0.80471,22.676399,5.3772,3.746643,7.75,7.0884,13997.692383
2020-06-22,1.3617,1.46565,0.80984,22.6415,5.31,3.7507,7.75001,7.0713,14093.0
2020-06-23,1.35018,1.442668,0.7999,22.399099,5.2519,3.746965,7.75,7.0674,14080.134766
2020-06-24,1.35422,1.44086,0.79841,22.389151,5.151,3.747436,7.7501,7.0574,14113.177734
2020-06-25,1.36438,1.45841,0.80561,22.790279,5.3466,3.747473,7.7506,7.0772,14289.299805
2020-06-26,1.3635,1.45176,0.8048,22.679399,5.3595,3.746502,7.7515,7.0772,14376.200195
2020-06-29,1.36783,1.45732,0.81023,23.054701,5.4809,3.7496,7.75,7.0772,14213.0
2020-06-30,1.36566,1.4552,0.81231,23.05657,5.4021,3.746921,7.7502,7.0796,14470.200195
2020-07-01,1.35742,1.448855,0.80715,23.004499,5.4617,3.746751,7.7506,7.0644,14194.050781
2020-07-02,1.3591,1.4465,0.80226,22.711599,5.3162,3.746712,7.7505,7.0701,14187.858398
2020-07-03,1.35697,1.445254,0.802156,22.477819,5.3589,3.746497,7.7502,7.0655,14298.779297
2020-07-06,1.35491,1.43918,0.80157,22.38545,5.3114,3.75,7.75013,7.0654,14503.0
2020-07-07,1.35389,1.433281,0.80029,22.311001,5.3543,3.746386,7.7507,7.0173,14206.508789
2020-07-08,1.3604,1.44044,0.79727,22.7927,5.3778,3.746363,7.7505,7.0129,14483.5
2020-07-09,1.35172,1.4308,0.7928,22.671801,5.3426,3.746521,7.75012,7.0035,14349.56543
2020-07-10,1.358,1.437,0.79333,22.6026,5.3378,3.746223,7.75012,6.9931,14545.700195
2020-07-13,1.3598,1.43879,0.791922,22.4884,5.3269,3.7498,7.75144,6.992,14428.0
2020-07-14,1.36104,1.4409,0.7967,22.709801,5.4015,3.746904,7.7508,6.9964,14584.0
2020-07-15,1.35994,1.43082,0.79559,22.396,5.3668,3.74651,7.7509,6.9958,14715.400391
2020-07-16,1.35069,1.4267,0.794218,22.318199,5.366948,3.746496,7.7522,6.9878,14561.171875
2020-07-17,1.35689,1.433075,0.79621,22.41168,5.3307,3.746146,7.7537,6.9882,14552.209961
2020-07-20,1.35748,1.427552,0.79547,22.49247,5.3853,3.7498,7.7528,6.9912,14688.0
2020-07-21,1.35249,1.4233,0.78978,22.488541,5.3277,3.746525,7.7518,6.9823,14949.299805
2020-07-22,1.34478,1.401424,0.7855,22.296801,5.1698,3.746555,7.75079,6.9797,14626.862305
2020-07-23,1.34172,1.4004,0.78555,22.370171,5.1181,3.746212,7.7528,6.9987,14630.0
2020-07-24,1.34038,1.40843,0.7855,22.478201,5.2106,3.746447,7.7516,7.0031,14578.904297
2020-07-27,1.34168,1.40881,0.7815,22.287201,5.2291,3.7495,7.75088,7.0161,14603.0
2020-07-28,1.33389,1.396843,0.77581,21.9361,5.141422,3.745982,7.7512,6.9932,14614.5
2020-07-29,1.33796,1.3966,0.77377,21.933399,5.1523,3.747154,7.7502,6.9997,14633.5
2020-07-30,1.3342,1.39437,0.77027,21.9725,5.1688,3.746936,7.75012,7.0003,14458.344727
2020-07-31,1.34128,1.38818,0.76232,21.995399,5.1539,3.746771,7.7499,7.0073,14486.668945
2020-08-03,1.33972,1.39921,0.76326,22.260599,5.2212,3.7496,7.75,6.9742,14593.0
2020-08-04,1.3394,1.4049,0.7646,22.6257,5.3187,3.746609,7.7507,6.9794,14540.920898
2020-08-05,1.32958,1.39332,0.76417,22.628401,5.2902,3.746504,7.7502,6.9727,14720.0
2020-08-06,1.32648,1.389063,0.7618,22.371639,5.2909,3.746394,7.7511,6.9346,14307.642578
2020-08-07,1.33184,1.382935,0.76115,22.402849,5.3313,3.745986,7.7504,6.9524,14568.457031
2020-08-10,1.33868,1.39721,0.76615,22.404619,5.4372,3.7473,7.74996,6.967,14618.0
2020-08-11,1.3354,1.397038,0.76469,22.4571,5.4805,3.746226,7.74993,6.9608,14823.799805
2020-08-12,1.33105,1.399541,0.76624,22.4114,5.3804,3.745985,7.7499,6.9453,14858.5
2020-08-13,1.32436,1.3957,0.7664,22.3409,5.435,3.746257,7.751,6.9362,14670.80957
2020-08-14,1.32196,1.398836,0.76508,22.1539,5.367,3.745684,7.74958,6.9436,14673.49707
2020-08-17,1.32524,1.39032,0.762951,21.9335,5.4208,3.7491,7.75059,6.9494,14788.0
2020-08-18,1.32218,1.3854,0.7629,22.1422,5.5083,3.746283,7.7502,6.9318,14969.400391
2020-08-19,1.31523,1.3778,0.75449,22.1313,5.4654,3.746241,7.7502,6.9208,14598.072266
2020-08-20,1.32122,1.3912,0.76273,22.174789,5.5564,3.746984,7.7508,6.9192,14694.197266
2020-08-21,1.31724,1.38771,0.75641,22.088301,5.5559,3.746592,7.7506,6.9148,14543.412109
2020-08-24,1.31799,1.39638,0.7637,21.959669,5.6186,3.75,7.74999,6.9185,14764.0
2020-08-25,1.32176,1.394914,0.76503,21.973,5.6106,3.746505,7.7505,6.9189,14629.400391
2020-08-26,1.3163,1.38902,0.76033,21.894699,5.5074,3.74607,7.7503,6.9119,14607.700195
2020-08-27,1.3138,1.38026,0.75644,21.93087,5.6072,3.746587,7.7507,6.8849,14447.382812
2020-08-28,1.31216,1.375535,0.7576,22.1329,5.5687,3.746266,7.7501,6.8892,14446.003906
2020-08-31,1.30803,1.3563,0.7487,21.749901,5.39,3.7499,7.75035,6.8644,14618.0
2020-09-01,1.3035,1.35483,0.74825,21.91255,5.4909,3.746189,7.74997,6.8477,14599.700195
2020-09-02,1.3053,1.35529,0.7463,21.7453,5.3973,3.746759,7.7503,6.8275,14818.599609
2020-09-03,1.30446,1.36405,0.74899,21.7269,5.3387,3.746382,7.7501,6.8373,14565.147461
2020-09-04,1.31397,1.3782,0.75402,21.6987,5.2899,3.74616,7.75,6.8458,14545.987305
2020-09-07,1.30757,1.37321,0.75496,21.55295,5.301,3.7499,7.75019,6.8415,14741.0
2020-09-08,1.30958,1.373438,0.75975,21.5942,5.2983,3.746393,7.7501,6.8295,14795.0
2020-09-09,1.32391,1.387078,0.7711,21.872419,5.3606,3.746355,7.7502,6.8451,14915.200195
2020-09-10,1.31525,1.374268,0.76928,21.386999,5.3085,3.746787,7.7506,6.8318,14874.200195
2020-09-11,1.31895,1.376842,0.780744,21.436649,5.3205,3.746924,7.7502,6.8333,14857.470703
2020-09-14,1.31812,1.37334,0.78085,21.2675,5.3162,3.7505,7.75012,6.8334,14883.0
2020-09-15,1.31767,1.372495,0.77823,21.0648,5.2683,3.746703,7.7502,6.8091,14983.5
2020-09-16,1.31928,1.37046,0.77611,21.142,5.2743,3.746782,7.74981,6.7803,14869.599609
2020-09-17,1.31815,1.370708,0.771605,20.97916,5.236,3.7468,7.7507,6.7537,14812.586914
2020-09-18,1.31502,1.36741,0.77068,20.8927,5.2378,3.746652,7.7499,6.7641,14788.0
2020-09-21,1.31972,1.3711,0.77323,21.111759,5.3898,3.7505,7.7498,6.768,14728.0
2020-09-22,1.33,1.3829,0.78,21.344839,5.4126,3.746022,7.7499,6.8037,14839.200195
2020-09-23,1.3297,1.39384,0.78468,21.6745,5.4699,3.74671,7.7499,6.7784,14742.585938
2020-09-24,1.33835,1.414627,0.78632,22.3904,5.5924,3.746554,7.7499,6.8089,14803.985352
2020-09-25,1.33514,1.417,0.78388,22.138439,5.5084,3.746359,7.75,6.8277,14839.578125
2020-09-28,1.33788,1.42007,0.78328,22.30937,5.5611,3.7503,7.74989,6.8228,14863.0
2020-09-29,1.33568,1.409404,0.77679,22.3491,5.6602,3.746164,7.7501,6.8108,14893.599609
2020-09-30,1.33838,1.399854,0.77721,22.373501,5.6305,3.746668,7.7498,6.8154,14910.0
2020-10-01,1.33053,1.39538,0.77414,22.0816,5.6084,3.746632,7.7499,6.7897,14879.0
2020-10-02,1.3284,1.3922,0.77602,21.84473,5.642,3.746328,7.75,6.7894,14817.558594
2020-10-05,1.3291,1.3933,0.77333,21.594999,5.6816,3.7504,7.75,6.7898,14853.0
2020-10-06,1.3257,1.3902,0.76967,21.363251,5.5734,3.746596,7.75006,6.7898,14780.182617
2020-10-07,1.33213,1.40645,0.7762,21.688231,5.5938,3.746543,7.7499,6.7898,14773.0
2020-10-08,1.32578,1.400913,0.77414,21.4498,5.6113,3.746682,7.74982,6.7897,14715.5
2020-10-09,1.31921,1.393146,0.77277,21.355869,5.5986,3.746834,7.74984,6.7892,14676.996094
2020-10-12,1.313,1.38416,0.76736,21.14859,5.529,3.7507,7.74998,6.6937,14693.0
2020-10-13,1.31125,1.3866,0.76536,21.1989,5.5297,3.747038,7.7498,6.7444,14484.992188
2020-10-14,1.31418,1.39579,0.77308,21.333481,5.5685,3.746998,7.7532,6.7455,14793.0
2020-10-15,1.31486,1.40027,0.7685,21.32617,5.5905,3.746712,7.74979,6.7136,14681.462891
2020-10-16,1.32251,1.410756,0.77507,21.2841,5.6112,3.746984,7.74997,6.7239,14652.5
2020-10-19,1.31793,1.409245,0.77353,21.0888,5.6448,3.7502,7.75017,6.6966,14693.0
2020-10-20,1.31897,1.4172,0.77228,21.207251,5.6056,3.747128,7.74997,6.6807,14708.0
2020-10-21,1.31205,1.41844,0.77196,21.0926,5.6042,3.745494,7.7512,6.6752,14688.0
2020-10-22,1.31532,1.40734,0.7615,21.149269,5.6078,3.746206,7.7498,6.65,14639.775391
2020-10-23,1.31367,1.403292,0.76464,20.954201,5.5913,3.745924,7.7535,6.6835,14639.852539
2020-10-26,1.31472,1.40213,0.76601,20.902439,5.6162,3.7499,7.74978,6.6857,14642.782227
2020-10-27,1.32061,1.405067,0.7683,20.963791,5.6227,3.74622,7.7542,6.7113,14724.200195
2020-10-28,1.31918,1.403883,0.76735,21.0193,5.7052,3.745962,7.7506,6.7044,14653.274414
2020-10-29,1.33105,1.417394,0.76983,21.2356,5.7449,3.746251,7.7501,6.7279,14777.200195
2020-10-30,1.33153,1.420939,0.77328,21.3456,5.7778,3.746219,7.75143,6.714,14818.0
2020-11-02,1.33679,1.4269,0.77359,21.27445,5.7414,3.7499,7.75259,6.6891,14586.169922
2020-11-03,1.32205,1.417696,0.77376,21.37195,5.7411,3.746054,7.751,6.6897,14603.958008
2020-11-04,1.31021,1.3895,0.7621,21.035709,5.7549,3.746147,7.7531,6.6766,14540.892578
2020-11-05,1.31264,1.392661,0.7712,20.934401,5.663,3.746453,7.75438,6.652,14360.0
2020-11-06,1.30821,1.376898,0.76107,20.755501,5.5234,3.74639,7.75402,6.6052,14256.0
2020-11-09,1.30223,1.37236,0.75869,20.520361,5.3627,3.75,7.75333,6.6104,14198.671875
2020-11-10,1.30071,1.373249,0.75932,20.3353,5.3847,3.74615,7.75227,6.6281,14256.360352
2020-11-11,1.3031,1.373306,0.75406,20.3221,5.4139,3.746362,7.7536,6.6148,14041.544922
2020-11-12,1.30582,1.37282,0.75619,20.4643,5.39,3.746328,7.75396,6.6308,13878.989258
2020-11-13,1.3136,1.38118,0.7621,20.603251,5.4567,3.745898,7.75379,6.6106,14133.491211
2020-11-16,1.31236,1.37159,0.7564,20.34474,5.457,3.75,7.75334,6.6054,14135.55957
2020-11-17,1.30753,1.365934,0.75631,20.259951,5.4149,3.746215,7.75335,6.5838,14089.200195
2020-11-18,1.3105,1.370614,0.7542,20.27949,5.3272,3.746459,7.75229,6.5551,14026.451172
2020-11-19,1.30842,1.36949,0.75435,20.312679,5.3617,3.74656,7.75228,6.5595,14110.200195
2020-11-20,1.30857,1.375686,0.75476,20.2334,5.3045,3.746173,7.7526,6.5824,14189.900391
2020-11-23,1.30822,1.36668,0.75159,20.08672,5.3781,3.747284,7.7522,6.5619,14150.991211
2020-11-24,1.30744,1.3702,0.75024,20.101549,5.4406,3.745943,7.7522,6.5845,14164.605469
2020-11-25,1.29964,1.35746,0.74832,20.02512,5.3726,3.746074,7.7514,6.5902,14121.799805
2020-11-26,1.3002,1.3578,0.74708,19.9576,5.3226,3.746187,7.75116,6.5775,14127.470703
2020-11-27,1.30204,1.359065,0.74881,20.0291,5.3353,3.746163,7.7507,6.5745,13897.668945
2020-11-30,1.29826,1.3513,0.75008,20.038071,5.3425,3.7501,7.75047,6.576,14061.644531
2020-12-01,1.2992,1.359287,0.7498,20.1616,5.3311,3.746465,7.75121,6.5778,14094.935547
2020-12-02,1.2933,1.35485,0.74501,20.028749,5.2049,3.746552,7.7519,6.5708,14175.0
2020-12-03,1.29172,1.348072,0.7479,19.992399,5.2163,3.74677,7.752,6.5624,14076.419922
2020-12-04,1.28646,1.344267,0.74322,19.8992,5.151,3.747181,7.7512,6.5414,14092.798828
2020-12-07,1.27796,1.34561,0.7453,19.781,5.1544,3.7506,7.75047,6.5306,14076.490234
2020-12-08,1.2802,1.348145,0.74865,19.89102,5.0983,3.747348,7.7508,6.5287,14143.0
2020-12-09,1.28162,1.349346,0.74819,19.775999,5.1197,3.748033,7.75138,6.5317,14083.010742
2020-12-10,1.28244,1.34499,0.74811,19.87612,5.1697,3.747361,7.75141,6.5422,14150.0
2020-12-11,1.27392,1.32901,0.75156,19.9907,5.0242,3.746593,7.75137,6.5444,14082.592773
2020-12-14,1.27506,1.32431,0.75085,20.077801,5.0642,3.7504,7.75121,6.5457,14069.157227
2020-12-15,1.27603,1.3264,0.75014,20.228239,5.1177,3.746961,7.7516,6.5497,14221.900391
2020-12-16,1.26996,1.32352,0.7438,19.92828,5.078884,3.747252,7.7512,6.5383,14190.0
2020-12-17,1.2747,1.321004,0.74058,19.871241,5.0832,3.747141,7.7514,6.5313,14070.537109
2020-12-18,1.2731,1.313146,0.73691,19.821501,5.0569,3.747857,7.75209,6.5321,14083.850586
2020-12-21,1.28106,1.31797,0.74616,20.093941,5.1006,3.7509,7.75214,6.536,14068.9375
2020-12-22,1.28532,1.320097,0.74352,19.982401,5.118938,3.748089,7.75263,6.5482,14100.731445
2020-12-23,1.28933,1.324205,0.7463,20.1038,5.156655,3.748534,7.7526,6.5422,14324.200195
2020-12-24,1.28455,1.319331,0.74045,20.048901,5.2153,3.748146,7.75236,6.5396,14146.901367
2020-12-25,1.28482,1.314613,0.737898,19.868,5.2153,3.752185,7.7533,6.529,14148.643555
2020-12-28,1.28396,1.31373,0.73679,19.86968,5.2153,3.7511,7.75347,6.5408,13911.143555
2020-12-29,1.284,1.31771,0.74261,20.00625,5.2459,3.748862,7.7546,6.5356,14126.120117
2020-12-30,1.28221,1.314078,0.740746,19.934999,5.2086,3.747652,7.75377,6.53,14069.90918
2020-12-31,1.27507,1.30051,0.73364,19.8909,5.190839,3.747706,7.75218,6.5222,13832.55957
2021-01-01,1.23499,1.2982,0.731368,19.8745,5.1921,3.747391,7.7532,6.5317,13932.374023
2021-01-04,1.27221,1.29663,0.73077,19.8475,5.1919,3.7509,7.75301,6.532,14022.500977
2021-01-05,1.2781,1.303611,0.736833,19.94245,5.2953,3.747147,7.75302,6.4605,13931.400391
2021-01-06,1.26747,1.287664,0.7337,19.902201,5.2841,3.747551,7.75275,6.4552,13930.0
2021-01-07,1.26654,1.279263,0.73393,19.655769,5.3129,3.747579,7.7529,6.4607,13951.5
2021-01-08,1.26838,1.287167,0.73694,20.000099,5.4088,3.747809,7.753,6.4772,13892.977539
2021-01-11,1.27308,1.29592,0.73985,20.050489,5.412188,3.7511,7.75435,6.4743,13861.392578
2021-01-12,1.27714,1.297438,0.73942,20.062401,5.4877,3.748309,7.7551,6.4797,14088.735352
2021-01-13,1.27077,1.286,0.7315,19.79443,5.3214,3.74745,7.75409,6.4629,14031.078125
2021-01-14,1.26981,1.2908,0.73264,19.836349,5.2975,3.747982,7.7534,6.467,14166.0
2021-01-15,1.26477,1.286041,0.7308,19.723351,5.1958,3.748185,7.7532,6.4731,14063.147461
2021-01-18,1.27647,1.30058,0.73663,19.843519,5.2913,3.7508,7.75325,6.4797,13880.779297
2021-01-19,1.2748,1.3009,0.73631,19.69565,5.2948,3.747378,7.7531,6.4914,14100.799805
2021-01-20,1.27227,1.296714,0.73291,19.636,5.3567,3.747277,7.75198,6.4779,14122.0
2021-01-21,1.2626,1.289374,0.73161,19.585011,5.2905,3.747751,7.7518,6.4654,14037.200195
2021-01-22,1.26467,1.28849,0.72836,19.737061,5.3495,3.74734,7.7516,6.4614,13960.761719
2021-01-25,1.27229,1.296042,0.730556,19.942881,5.4655,3.7509,7.75171,6.4808,14012.895508
2021-01-26,1.27375,1.295505,0.731048,20.105169,5.4655,3.74693,7.7514,6.4787,14148.5
2021-01-27,1.26939,1.2898,0.72772,19.9883,5.3538,3.746873,7.7517,6.4637,14142.0
2021-01-28,1.2816,1.307019,0.73156,20.33153,5.4126,3.747026,7.75166,6.4821,14195.0
2021-01-29,1.28309,1.303832,0.728597,20.252251,5.437989,3.746742,7.75252,6.4484,13854.864258
2021-02-01,1.28022,1.31234,0.73005,20.505289,5.4608,3.746438,7.75285,6.4268,13828.136719
2021-02-02,1.2846,1.309826,0.73106,20.36816,5.4305,3.747691,7.75262,6.4675,14118.5
2021-02-03,1.27851,1.31437,0.7321,20.13768,5.3669,3.74682,7.7513,6.4564,13995.535156
2021-02-04,1.2784,1.309586,0.73265,20.197081,5.352,3.74711,7.75126,6.4592,13983.952148
2021-02-05,1.28229,1.31527,0.7312,20.38719,5.4257,3.747263,7.7525,6.4707,14010.473633
2021-02-08,1.27584,1.302219,0.72787,20.111389,5.3692,3.7507,7.75246,6.4657,14001.103516
2021-02-09,1.27377,1.296849,0.7275,20.103069,5.3643,3.746679,7.75219,6.448,13990.459961
2021-02-10,1.26971,1.291906,0.723694,20.083851,5.3767,3.746895,7.75163,6.4342,13989.188477
2021-02-11,1.2696,1.29444,0.72293,20.029289,5.3849,3.746651,7.7522,6.4572,14027.0
2021-02-12,1.27006,1.289657,0.7241,19.96628,5.3654,3.746487,7.7527,6.4569,13976.240234
2021-02-15,1.26879,1.28798,0.7209,19.936769,5.3686,3.7504,7.75229,6.4572,13966.0
2021-02-16,1.26356,1.284324,0.71866,19.949301,5.368,3.746402,7.75243,6.4572,13907.0
2021-02-17,1.2709,1.29234,0.72004,20.22554,5.3694,3.747117,7.75208,6.4571,14039.200195
2021-02-18,1.26999,1.288876,0.72117,20.21254,5.4098,3.74685,7.7525,6.4576,14007.474609
2021-02-19,1.26809,1.287333,0.71595,20.308229,5.4258,3.746079,7.7528,6.4872,13998.198242
2021-02-22,1.25987,1.26767,0.7127,20.48745,5.3807,3.75,7.75275,6.4858,13898.416992
2021-02-23,1.2609,1.26336,0.71067,20.742029,5.4634,3.747067,7.7537,6.4631,14107.696289
2021-02-24,1.25926,1.26441,0.7082,20.513269,5.4396,3.746409,7.7536,6.463,14081.617188
2021-02-25,1.251,1.2536,0.7068,20.37756,5.402964,3.746106,7.7545,6.456,14097.799805
2021-02-26,1.26099,1.270648,0.71387,20.9109,5.528025,3.746519,7.7539,6.4538,13968.185547
2021-03-01,1.2696,1.28992,0.71569,20.78957,5.5976,3.75,7.75648,6.4779,14110.584961
2021-03-02,1.26415,1.28667,0.7179,20.65403,5.6407,3.746846,7.7557,6.4632,14245.620117
2021-03-03,1.26356,1.277923,0.71659,20.603411,5.6751,3.746639,7.7573,6.4695,14239.181641
2021-03-04,1.26707,1.288975,0.71803,20.956091,5.6175,3.747117,7.756,6.4668,14349.0
2021-03-05,1.26779,1.296075,0.71973,21.13341,5.6683,3.746068,7.7593,6.469,14268.879883
2021-03-08,1.26319,1.297168,0.72183,21.255301,5.6895,3.7513,7.76385,6.4957,14287.392578
2021-03-09,1.26579,1.30605,0.7234,21.492491,5.8746,3.7486,7.76856,6.5246,14344.475586
2021-03-10,1.26431,1.2957,0.71992,21.18882,5.8015,3.747454,7.76164,6.5056,14393.0
2021-03-11,1.26201,1.293326,0.7178,20.902121,5.6711,3.746363,7.7611,6.5049,14398.0
2021-03-12,1.25314,1.28409,0.7148,20.615,5.5348,3.746297,7.75826,6.493,14283.900391
2021-03-15,1.24693,1.288162,0.7179,20.71158,5.495156,3.7501,7.76265,6.4985,14385.208984
2021-03-16,1.24755,1.2903,0.71947,20.666691,5.6145,3.746798,7.76426,6.4989,14464.0
2021-03-17,1.24427,1.29106,0.71931,20.5993,5.6234,3.746155,7.7652,6.505,14427.5
2021-03-18,1.239,1.279918,0.71552,20.36277,5.5831,3.747572,7.765,6.5026,14403.0
2021-03-19,1.24909,1.289707,0.71813,20.4839,5.5587,3.746639,7.76475,6.5048,14431.0
2021-03-22,1.25229,1.294917,0.72293,20.660801,5.493563,3.7504,7.76525,6.499,14372.200195
2021-03-23,1.25208,1.291072,0.72137,20.57539,5.5055,3.746319,7.7659,6.5063,14375.799805
2021-03-24,1.25901,1.314976,0.72831,20.807911,5.5204,3.746143,7.76693,6.5149,14505.5
2021-03-25,1.25767,1.317349,0.73052,20.882999,5.6196,3.745836,7.7685,6.5146,14460.0
2021-03-26,1.26018,1.316829,0.72732,20.683029,5.6484,3.746389,7.76838,6.5448,14456.400391
2021-03-29,1.25842,1.30935,0.72511,20.63253,5.7524,3.7499,7.76885,6.5405,14411.0
2021-03-30,1.25904,1.3087,0.72595,20.60738,5.7808,3.746298,7.77273,6.5687,14511.700195
2021-03-31,1.26208,1.314268,0.72745,20.576,5.7716,3.74606,7.7752,6.571,14605.0
2021-04-01,1.25643,1.316812,0.72536,20.4291,5.6313,3.746252,7.77456,6.5512,14606.0
2021-04-02,1.2546,1.312508,0.7228,20.291389,5.7074,3.746844,7.7755,6.5644,14553.0
2021-04-05,1.2564,1.312164,0.723,20.30522,5.7106,3.75,7.77625,6.5665,14518.0
2021-04-06,1.25202,1.3057,0.7187,20.305731,5.6627,3.747285,7.77549,6.5659,14529.200195
2021-04-07,1.25714,1.3043,0.723,20.174459,5.5932,3.746262,7.776,6.5385,14460.299805
2021-04-08,1.26127,1.31339,0.7276,20.2113,5.6121,3.74622,7.78448,6.541,14641.0
2021-04-09,1.25622,1.305653,0.7281,20.09894,5.5666,3.746738,7.77686,6.55,14660.700195
2021-04-12,1.25308,1.311303,0.72928,20.16041,5.6793,3.7497,7.77766,6.552,14558.0
2021-04-13,1.2559,1.31101,0.72707,20.14443,5.7322,3.745813,7.77384,6.5479,14611.900391
2021-04-14,1.25371,1.307617,0.72676,20.067499,5.7163,3.746819,7.77246,6.5426,14621.099609
2021-04-15,1.2517,1.294482,0.72573,20.08606,5.6529,3.746531,7.7659,6.5281,14673.799805
2021-04-16,1.25437,1.29004,0.7254,19.9359,5.615,3.745875,7.7671,6.5213,14616.0
2021-04-19,1.25176,1.29634,0.72367,19.918301,5.5858,3.749,7.77116,6.5111,14558.0
2021-04-20,1.25217,1.287498,0.7146,19.81345,5.5453,3.746439,7.7657,6.5093,14570.0
2021-04-21,1.26115,1.2947,0.71742,19.947001,5.5679,3.746369,7.76135,6.4985,14543.200195
2021-04-22,1.25037,1.28959,0.71778,19.8866,5.5679,3.746143,7.7627,6.49,14564.200195
2021-04-23,1.25029,1.2978,0.72253,19.933001,5.4432,3.746449,7.75984,6.4903,14606.599609
2021-04-26,1.24876,1.29147,0.72117,19.852539,5.4772,3.7497,7.7609,6.4944,14518.0
2021-04-27,1.2396,1.2821,0.71965,19.858601,5.4353,3.746245,7.7609,6.4845,14459.599609
2021-04-28,1.24062,1.287001,0.71924,20.0326,5.451,3.746574,7.7623,6.4821,14516.400391
2021-04-29,1.23029,1.281838,0.7165,19.89167,5.3414,3.746117,7.7624,6.4779,14519.0
2021-04-30,1.22762,1.28574,0.7167,20.0243,5.3364,3.746109,7.76333,6.4712,14439.700195
2021-05-03,1.22791,1.294834,0.7236,20.195801,5.4397,3.7497,7.7668,6.4735,14438.0
2021-05-04,1.22801,1.28884,0.71923,20.187799,5.4381,3.747306,7.7661,6.4728,14399.099609
2021-05-05,1.23002,1.296378,0.72004,20.193899,5.4426,3.746598,7.76818,6.4728,14482.5
2021-05-06,1.22671,1.290123,0.71892,20.251169,5.3527,3.746313,7.76939,6.473,14399.5
2021-05-07,1.2154,1.28414,0.7195,20.0851,5.273431,3.746529,7.7682,6.4632,14283.799805
2021-05-10,1.2114,1.27246,0.71219,19.892401,5.2355,3.7499,7.7656,6.4315,14278.0
2021-05-11,1.20937,1.275673,0.70765,19.912951,5.2222,3.746128,7.76536,6.4151,14189.599609
2021-05-12,1.20964,1.27582,0.7073,19.96369,5.2212,3.746491,7.76843,6.4283,14220.0
2021-05-13,1.21206,1.293276,0.71105,20.142,5.3031,3.746025,7.76624,6.4552,14347.0
2021-05-14,1.21683,1.294297,0.7117,19.950399,5.3077,3.74929,7.7679,6.4509,14300.299805
2021-05-17,1.2111,1.28556,0.70913,19.870399,5.2695,3.7498,7.7672,6.4361,14191.0
2021-05-18,1.20615,1.286389,0.70678,19.761299,5.2715,3.745917,7.76628,6.4382,14344.5
2021-05-19,1.20727,1.2837,0.70482,19.847879,5.2595,3.746227,7.76531,6.4242,14362.299805
2021-05-20,1.21323,1.295286,0.70891,19.933001,5.308,3.746232,7.7649,6.434,14389.700195
2021-05-21,1.20625,1.287001,0.70494,19.8888,5.2813,3.746144,7.7623,6.4339,14397.299805
2021-05-24,1.2067,1.293661,0.70707,19.937349,5.3618,3.7497,7.76408,6.4332,14348.0
2021-05-25,1.20498,1.290189,0.70641,19.874001,5.3185,3.746172,7.76435,6.4183,14365.0
2021-05-26,1.2064,1.2898,0.70702,19.9058,5.3307,3.745736,7.7625,6.41,14371.400391
2021-05-27,1.21301,1.292006,0.70841,19.8708,5.3105,3.746011,7.7628,6.3907,14310.0
2021-05-28,1.20702,1.291572,0.70404,19.951851,5.2382,3.746707,7.7603,6.382,14318.0
2021-05-31,1.20778,1.297,0.7052,19.9261,5.238,3.7498,7.76185,6.3674,14278.0
2021-06-01,1.20607,1.291406,0.7029,19.9175,5.2166,3.746577,7.761,6.369,14247.5
2021-06-02,1.2069,1.289341,0.70636,19.961201,5.1497,3.746303,7.7592,6.3807,14251.5
2021-06-03,1.2038,1.291272,0.70562,19.8948,5.0745,3.746273,7.75846,6.3801,14290.700195
2021-06-04,1.2107,1.3045,0.70872,20.1404,5.0763,3.7464,7.758,6.4027,14360.0
2021-06-07,1.20758,1.291322,0.706,19.943899,5.0446,3.7496,7.75713,6.3943,14288.0
2021-06-08,1.20867,1.289275,0.70539,19.822399,5.0452,3.746388,7.7592,6.3963,14246.5
2021-06-09,1.21114,1.292491,0.70672,19.70208,5.0349,3.746896,7.76,6.3995,14281.0
2021-06-10,1.21146,1.293745,0.7086,19.73028,5.0615,3.746449,7.76,6.3865,14300.0
2021-06-11,1.2093,1.290656,0.70571,19.703199,5.0545,3.746593,7.7605,6.3923,14248.5
2021-06-14,1.2158,1.2972,0.70825,19.870899,5.117,3.7498,7.76152,6.3977,14182.0
2021-06-15,1.2141,1.29668,0.70872,19.9431,5.0586,3.746196,7.762,6.3972,14267.5
2021-06-16,1.21856,1.30103,0.71015,20.021299,5.0438,3.746593,7.76308,6.405,14280.299805
2021-06-17,1.2278,1.3129,0.71476,20.397881,5.0543,3.746038,7.76294,6.3967,14466.5
2021-06-18,1.23452,1.323294,0.71743,20.4107,5.0074,3.746128,7.76422,6.4474,14554.700195
2021-06-21,1.24499,1.332623,0.72374,20.622,5.096,3.7498,7.7644,6.4521,14368.0
2021-06-22,1.237,1.327158,0.718112,20.50585,5.0131,3.746154,7.76462,6.4659,14388.799805
2021-06-23,1.231,1.32366,0.71685,20.3393,4.9571,3.746023,7.7661,6.4803,14495.0
2021-06-24,1.23033,1.32023,0.71595,20.195869,4.9652,3.746853,7.76475,6.473,14413.299805
2021-06-25,1.23223,1.3189,0.71855,19.846901,4.9127,3.745774,7.763,6.471,14511.200195
2021-06-28,1.22919,1.316656,0.71968,19.808201,4.9154,3.744399,7.76153,6.4463,14418.0
2021-06-29,1.2334,1.321283,0.72051,19.817169,4.9248,3.746674,7.76278,6.4551,14525.0
2021-06-30,1.23962,1.33092,0.7224,19.803101,4.9551,3.745914,7.7633,6.4631,14629.099609
2021-07-01,1.23927,1.333742,0.72311,19.934429,4.9692,3.746231,7.76436,6.4562,14601.599609
2021-07-02,1.24407,1.33944,0.72677,20.010099,5.045102,3.746365,7.76579,6.4676,14581.400391
2021-07-05,1.233,1.330035,0.723,19.798109,5.0592,3.7499,7.76534,6.4721,14526.0
2021-07-06,1.23399,1.325732,0.7217,19.8249,5.088459,3.746576,7.7674,6.4628,14495.0
2021-07-07,1.24581,1.334223,0.72434,20.01166,5.1953,3.746436,7.76685,6.4781,14568.700195
2021-07-08,1.24817,1.33611,0.72458,19.950399,5.2312,3.74626,7.7678,6.4715,14569.200195
2021-07-09,1.2528,1.3453,0.72512,19.9811,5.258,3.747408,7.7677,6.4891,14618.700195
2021-07-12,1.2447,1.3351,0.71945,19.860701,5.2579,3.7505,7.76718,6.478,14521.0
2021-07-13,1.24552,1.33672,0.7201,19.8274,5.1727,3.746839,7.7663,6.4746,14558.5
2021-07-14,1.2521,1.343725,0.72432,20.0422,5.1624,3.746748,7.766,6.4675,14542.099609
2021-07-15,1.25155,1.33683,0.7216,19.900949,5.0699,3.74624,7.76601,6.4683,14473.0
2021-07-16,1.2589,1.347164,0.72308,19.92939,5.11,3.746593,7.7679,6.4601,14563.0
2021-07-19,1.26169,1.352997,0.72654,19.9042,5.1154,3.7504,7.76799,6.4782,14491.0
2021-07-20,1.2746,1.362546,0.73153,20.038099,5.2509,3.746375,7.7707,6.4894,14664.5
2021-07-21,1.26751,1.3626,0.7335,20.136049,5.2199,3.746149,7.7723,6.4839,14620.0
2021-07-22,1.25689,1.36006,0.72918,20.147141,5.1873,3.747149,7.77266,6.467,14536.0
2021-07-23,1.2564,1.354922,0.726011,20.102751,5.1996,3.746766,7.7709,6.4697,14548.700195
2021-07-26,1.25675,1.35718,0.72686,20.0583,5.1979,3.7502,7.76897,6.4804,14486.0
2021-07-27,1.254,1.3535,0.72311,20.0243,5.1754,3.746804,7.7788,6.4817,14523.5
2021-07-28,1.25912,1.35752,0.72032,19.9541,5.1691,3.747155,7.78251,6.5097,14554.0
2021-07-29,1.25197,1.355546,0.71907,19.913799,5.1148,3.746544,7.7805,6.4894,14462.599609
2021-07-30,1.24493,1.352064,0.71611,19.8514,5.0804,3.746931,7.77004,6.4553,14450.0
2021-08-02,1.24667,1.36197,0.71962,19.8657,5.2087,3.75,7.7721,6.4605,14456.0
2021-08-03,1.25011,1.358585,0.7198,19.901699,5.1746,3.7466,7.77375,6.461,14397.400391
2021-08-04,1.25333,1.351936,0.7185,19.8626,5.1968,3.746402,7.7771,6.4692,14349.5
2021-08-05,1.2545,1.354463,0.71992,19.9604,5.1682,3.74594,7.77555,6.4652,14338.599609
2021-08-06,1.25013,1.350804,0.718,19.928261,5.2452,3.745737,7.77637,6.4603,14385.5
2021-08-09,1.25709,1.3628,0.72106,20.069799,5.232,3.7497,7.7802,6.4825,14346.0
2021-08-10,1.25738,1.36407,0.72207,20.06987,5.2318,3.745915,7.7831,6.4852,14402.099609
2021-08-11,1.2519,1.361693,0.72275,20.070499,5.1883,3.745937,7.7809,6.4849,14393.099609
2021-08-12,1.25068,1.3561,0.72114,19.929501,5.2182,3.746056,7.77837,6.4782,14395.0
2021-08-13,1.252,1.36212,0.72403,19.95138,5.2522,3.746752,7.78166,6.4783,14341.0
2021-08-16,1.2516,1.35764,0.7213,19.8577,5.2475,3.75,7.7822,6.4764,14381.0
2021-08-17,1.25696,1.3622,0.7224,19.8801,5.2597,3.746126,7.78401,6.4736,14363.0
2021-08-18,1.26265,1.378246,0.72778,19.997549,5.2943,3.746236,7.7918,6.4851,14425.099609
2021-08-19,1.26631,1.382935,0.7276,20.03904,5.3786,3.746148,7.7879,6.4832,14454.200195
2021-08-20,1.28313,1.399345,0.73363,20.1672,5.4141,3.74609,7.7896,6.4937,14493.400391
2021-08-23,1.2826,1.4006,0.73393,20.3815,5.379,3.7498,7.79071,6.4916,14446.0
2021-08-24,1.2651,1.38704,0.72861,20.317949,5.3799,3.745855,7.7916,6.48,14430.0
2021-08-25,1.2596,1.379539,0.72857,20.2061,5.2458,3.746113,7.7878,6.4699,14448.700195
2021-08-26,1.25887,1.374268,0.7264,20.216101,5.211,3.7464,7.7835,6.4749,14465.700195
2021-08-27,1.26849,1.381521,0.7298,20.366501,5.2516,3.746527,7.78718,6.4805,14449.299805
2021-08-30,1.2611,1.36687,0.726586,20.164301,5.2028,3.7501,7.7874,6.4708,14411.0
2021-08-31,1.26089,1.37151,0.72672,20.13925,5.1829,3.746387,7.78709,6.4651,14362.0
2021-09-01,1.26161,1.366512,0.727093,20.059601,5.1493,3.74656,7.7779,6.4596,14246.5
2021-09-02,1.26217,1.35722,0.72613,19.997749,5.1846,3.746463,7.7767,6.459,14269.200195
2021-09-03,1.25518,1.351479,0.72271,19.962351,5.1818,3.746516,7.7712,6.4554,14245.5
2021-09-06,1.25303,1.34318,0.72154,19.909,5.1898,3.7497,7.7709,6.4519,14256.0
2021-09-07,1.25343,1.34468,0.72257,19.8881,5.1693,3.74623,7.7737,6.4567,14231.400391
2021-09-08,1.26464,1.353803,0.7257,19.927799,5.1696,3.746159,7.77448,6.4655,14279.200195
2021-09-09,1.2694,1.358,0.72634,19.9275,5.3206,3.746013,7.77549,6.4607,14326.400391
2021-09-10,1.26626,1.3567,0.72256,19.9216,5.1965,3.746981,7.77724,6.4543,14258.799805
2021-09-13,1.26795,1.3572,0.7225,19.865499,5.247,3.7501,7.77791,6.4434,14196.0
2021-09-14,1.2648,1.357607,0.72264,19.862,5.2132,3.746497,7.77934,6.4508,14291.599609
2021-09-15,1.269,1.366662,0.7241,19.897301,5.2389,3.746453,7.7796,6.4383,14249.700195
2021-09-16,1.26181,1.362175,0.72208,19.8445,5.2217,3.74625,7.7812,6.4314,14264.5
2021-09-17,1.26815,1.37146,0.724795,19.94055,5.2568,3.746724,7.78282,6.4566,14283.900391
2021-09-20,1.2764,1.37665,0.72835,20.018499,5.2897,3.7491,7.78193,6.4652,14221.0
2021-09-21,1.28024,1.377467,0.73192,20.11894,5.3232,3.745343,7.78686,6.465,14320.5
2021-09-22,1.28208,1.383509,0.7322,20.1287,5.2689,3.745853,7.78632,6.466,14237.5
2021-09-23,1.27859,1.382361,0.73437,20.08676,5.2877,3.746436,7.7856,6.4608,14279.200195
2021-09-24,1.2662,1.3699,0.72873,20.0529,5.3019,3.746465,7.78497,6.4579,14286.5
2021-09-27,1.26494,1.37625,0.73158,20.053499,5.337,3.7503,7.7853,6.4657,14251.0
2021-09-28,1.26262,1.373513,0.72984,20.0895,5.3904,3.74666,7.7827,6.456,14242.5
2021-09-29,1.2677,1.3804,0.73843,20.329769,5.4276,3.746802,7.783,6.459,14318.599609
2021-09-30,1.27538,1.392758,0.7448,20.501101,5.4143,3.746778,7.78489,6.4696,14385.0
2021-10-01,1.2684,1.3829,0.7424,20.6154,5.4417,3.74649,7.78614,6.4455,14328.599609
2021-10-04,1.2625,1.37453,0.73687,20.4182,5.3679,3.7501,7.7853,6.4457,14301.0
2021-10-05,1.25898,1.371799,0.73489,20.5016,5.4532,3.745836,7.7874,6.4452,14300.5
2021-10-06,1.25827,1.3716,0.7338,20.5702,5.4755,3.74598,7.78509,6.4452,14246.0
2021-10-07,1.25862,1.37336,0.73572,20.557501,5.4919,3.74562,7.78628,6.4452,14232.400391
2021-10-08,1.2547,1.366718,0.7342,20.654131,5.517,3.745384,7.78486,6.4452,14170.799805
2021-10-11,1.24841,1.37082,0.7344,20.72315,5.5069,3.7498,7.7843,6.4423,14216.0
2021-10-12,1.24804,1.36084,0.7358,20.847,5.536,3.746244,7.77861,6.4496,14194.0
2021-10-13,1.24761,1.36331,0.73644,20.780001,5.5315,3.746824,7.78098,6.448,14221.200195
2021-10-14,1.24368,1.3539,0.73157,20.553699,5.5125,3.746314,7.7789,6.4266,14219.700195
2021-10-15,1.23746,1.348836,0.73159,20.5418,5.5122,3.746519,7.77935,6.439,14078.5
2021-10-18,1.23737,1.34684,0.72666,20.347,5.4584,3.7504,7.7781,6.4348,14067.0
2021-10-19,1.23722,1.348254,0.72799,20.397499,5.5113,3.74642,7.77715,6.4289,14157.200195
2021-10-20,1.2354,1.3374,0.724995,20.222099,5.5833,3.746962,7.77492,6.3818,14116.799805
2021-10-21,1.23244,1.330619,0.723432,20.2215,5.5963,3.746932,7.7737,6.3929,14119.799805
2021-10-22,1.23703,1.339818,0.7251,20.2932,5.6578,3.7468,7.77511,6.3918,14175.0
2021-10-25,1.23713,1.33885,0.7266,20.1889,5.6492,3.7503,7.77257,6.3839,14116.0
2021-10-26,1.2379,1.334793,0.72651,20.1705,5.5544,3.746382,7.77425,6.3847,14193.5
2021-10-27,1.23914,1.33103,0.72642,20.196911,5.5648,3.74585,7.776,6.3815,14175.700195
2021-10-28,1.23697,1.3332,0.72818,20.3048,5.535,3.746375,7.7783,6.3916,14217.099609
2021-10-29,1.23461,1.327739,0.7246,20.378401,5.6449,3.746758,7.778,6.3904,14229.0
2021-11-01,1.23829,1.33009,0.73082,20.5527,5.6337,3.7505,7.78023,6.4047,14228.5
2021-11-02,1.23739,1.329699,0.73231,20.8396,5.6789,3.746649,7.78231,6.3962,14276.599609
2021-11-03,1.2408,1.344267,0.734355,20.7803,5.6786,3.746996,7.78128,6.3989,14289.900391
2021-11-04,1.23778,1.338867,0.7302,20.5317,5.5524,3.746911,7.7832,6.4062,14366.0
2021-11-05,1.2451,1.34965,0.740269,20.5459,5.6017,3.74663,7.783,6.3964,14414.0
2021-11-08,1.24508,1.3521,0.74122,20.372801,5.5411,3.7502,7.78374,6.3979,14319.799805
2021-11-09,1.24422,1.348654,0.737218,20.332951,5.5431,3.746415,7.78838,6.3916,14252.0
2021-11-10,1.2436,1.355712,0.737463,20.319151,5.4791,3.7498,7.79,6.3917,14290.0
2021-11-11,1.24865,1.36349,0.74556,20.6064,5.4899,3.745932,7.79089,6.3881,14302.400391
2021-11-12,1.25885,1.371366,0.74814,20.636431,5.398,3.746075,7.7917,6.3895,14261.700195
2021-11-15,1.25453,1.36379,0.74532,20.524191,5.4576,3.75,7.79175,6.3786,14186.700195
2021-11-16,1.2514,1.361489,0.7458,20.594801,5.4563,3.74645,7.78886,6.3821,14185.400391
2021-11-17,1.25657,1.36956,0.7449,20.753799,5.5022,3.747404,7.7873,6.3911,14274.200195
2021-11-18,1.26112,1.37578,0.7412,20.645399,5.5287,3.746294,7.7889,6.3769,14223.799805
2021-11-19,1.26035,1.373815,0.74076,20.759501,5.5564,3.746619,7.78891,6.385,14204.700195
2021-11-22,1.26535,1.382801,0.74435,20.86084,5.6116,3.7507,7.79094,6.3862,14265.099609
2021-11-23,1.27013,1.3835,0.7464,20.9937,5.5856,3.746441,7.7904,6.3843,14259.599609
2021-11-24,1.26759,1.38462,0.74761,21.265499,5.5704,3.746911,7.7937,6.3908,14272.5
2021-11-25,1.26617,1.388503,0.75015,21.4009,5.6052,3.746764,7.79839,6.3918,14303.400391
2021-11-26,1.26637,1.39398,0.75108,21.6245,5.5651,3.746733,7.7963,6.386,14320.0
2021-11-29,1.27248,1.40001,0.74957,21.729601,5.6078,3.746521,7.79792,6.392,14408.200195
2021-11-30,1.2738,1.399423,0.75103,21.680799,5.6007,3.747178,7.79953,6.387,14377.0
2021-12-01,1.27743,1.403509,0.75211,21.4118,5.620871,3.747465,7.7974,6.3632,14333.0
2021-12-02,1.28109,1.406945,0.753012,21.471569,5.691567,3.746693,7.79349,6.3673,14376.0
2021-12-03,1.28177,1.410875,0.75188,21.30854,5.643322,3.746953,7.7917,6.3756,14443.799805
2021-12-06,1.2817,1.424928,0.75544,21.221001,5.650099,3.7511,7.7954,6.3753,14514.0
2021-12-07,1.2762,1.4186,0.7539,21.2237,5.688,3.74712,7.80154,6.3748,14490.0
2021-12-08,1.26458,1.403982,0.75494,21.0282,5.6118,3.74695,7.7985,6.3663,14393.299805
2021-12-09,1.26522,1.3947,0.757,20.9258,5.5316,3.746948,7.7978,6.3437,14335.0
2021-12-10,1.27084,1.39936,0.7562,20.950701,5.5711,3.746738,7.79675,6.3765,14297.400391
2021-12-13,1.27199,1.39546,0.75431,20.876301,5.608661,3.7509,7.79864,6.36,14351.900391
2021-12-14,1.28076,1.4019,0.7568,20.993601,5.6797,3.746871,7.8015,6.3655,14324.700195
2021-12-15,1.28671,1.407261,0.755829,21.218901,5.6806,3.747102,7.8009,6.3665,14342.5
2021-12-16,1.28365,1.395381,0.75397,21.033199,5.6794,3.746803,7.8028,6.3665,14297.5
2021-12-17,1.27797,1.39361,0.75054,20.819401,5.6874,3.750868,7.80325,6.3672,14380.0
2021-12-20,1.28985,1.40509,0.75589,20.8293,5.69306,3.7529,7.80217,6.374,14385.700195
2021-12-21,1.2936,1.406569,0.757002,20.7554,5.7413,3.749751,7.8009,6.3746,14388.700195
2021-12-22,1.2923,1.399032,0.7536,20.8225,5.744,3.750436,7.80108,6.3706,14263.900391
2021-12-23,1.28512,1.386194,0.74895,20.7104,5.653,3.749978,7.79969,6.3691,14193.799805
2021-12-24,1.28239,1.382514,0.7459,20.628099,5.671796,3.750287,7.7985,6.3688,14167.799805
2021-12-27,1.2814,1.38288,0.746029,20.607201,5.6711,3.7439,7.79935,6.3666,14189.299805
2021-12-28,1.2787,1.381788,0.7439,20.683599,5.6241,3.751015,7.7985,6.3698,14220.0
2021-12-29,1.2813,1.382361,0.74442,20.662201,5.6275,3.751415,7.798,6.3672,14238.200195
2021-12-30,1.27826,1.37764,0.740807,20.558001,5.7027,3.750001,7.79655,6.3673,14237.0
2021-12-31,1.27444,1.379348,0.74083,20.459101,5.5702,3.749972,7.79756,6.3721,14285.200195
2022-01-03,1.26588,1.37586,0.73952,20.4816,5.5693,3.7531,7.79592,6.3549,14215.0
2022-01-04,1.27513,1.389275,0.74166,20.486,5.6812,3.750006,7.7977,6.3551,14283.599609
2022-01-05,1.27044,1.381444,0.73902,20.521999,5.6762,3.751174,7.7935,6.3543,14385.5
2022-01-06,1.27601,1.384888,0.7377,20.5637,5.705635,3.751553,7.7952,6.354,14446.5
2022-01-07,1.27302,1.396141,0.7389,20.493099,5.6824,3.749878,7.80062,6.3819,14408.0
2022-01-10,1.26469,1.39293,0.73571,20.390471,5.6322,3.752,7.79817,6.3762,14318.5
2022-01-11,1.2665,1.392564,0.73636,20.3582,5.6622,3.749362,7.7955,6.3739,14313.0
2022-01-12,1.25775,1.387001,0.7335,20.390511,5.5673,3.749098,7.796,6.3729,14277.0
2022-01-13,1.25016,1.37321,0.729395,20.36285,5.5332,3.749455,7.79179,6.3576,14298.900391
2022-01-14,1.25078,1.3732,0.7292,20.33367,5.5267,3.748978,7.78789,6.3581,14276.0
2022-01-17,1.25422,1.38571,0.73134,20.301001,5.5333,3.7511,7.78418,6.3515,14314.5
2022-01-18,1.25157,1.386809,0.732708,20.289499,5.5158,3.748925,7.7899,6.3467,14349.700195
2022-01-19,1.24975,1.391304,0.73528,20.3988,5.5657,3.747694,7.79245,6.3522,14382.299805
2022-01-20,1.25109,1.385617,0.73483,20.5005,5.4372,3.746848,7.79132,6.3435,14362.799805
2022-01-21,1.25003,1.3856,0.73542,20.53072,5.4181,3.745484,7.78602,6.3395,14343.0
2022-01-24,1.2561,1.39123,0.73769,20.448151,5.4571,3.7505,7.78706,6.3377,14329.700195
2022-01-25,1.26255,1.397722,0.74133,20.57383,5.4861,3.7506,7.78619,6.3298,14365.0
2022-01-26,1.26159,1.396882,0.74015,20.607,5.440704,3.746253,7.78537,6.3265,14330.5
2022-01-27,1.26585,1.403903,0.7425,20.715401,5.429167,3.74692,7.78649,6.3196,14366.400391
2022-01-28,1.27457,1.421363,0.74692,20.767401,5.403485,3.7514,7.7894,6.3669,14389.200195
2022-01-31,1.27591,1.42898,0.74608,20.829,5.3626,3.7514,7.79355,6.351,14381.599609
2022-02-01,1.27174,1.414767,0.74375,20.6259,5.3031,3.747554,7.79729,6.3595,14350.0
2022-02-02,1.26896,1.40174,0.73935,20.5457,5.2645,3.747144,7.79414,6.3595,14322.299805
2022-02-03,1.26864,1.404337,0.73719,20.6012,5.2609,3.747318,7.7955,6.3595,14363.799805
2022-02-04,1.26785,1.39958,0.73538,20.5646,5.2829,3.74723,7.79305,6.3595,14377.0
2022-02-07,1.27453,1.41237,0.73891,20.653601,5.3269,3.7513,7.7879,6.3595,14400.400391
2022-02-08,1.26656,1.402525,0.738672,20.580799,5.2626,3.747332,7.79199,6.3523,14405.599609
2022-02-09,1.27054,1.3994,0.73814,20.59762,5.2584,3.747504,7.7933,6.3657,14379.5
2022-02-10,1.26761,1.39326,0.73892,20.487841,5.2345,3.746996,7.79113,6.3614,14334.200195
2022-02-11,1.2732,1.396317,0.73791,20.557199,5.2487,3.747343,7.79657,6.3526,14328.0
2022-02-14,1.27235,1.39962,0.73694,20.510441,5.249956,3.7511,7.80083,6.3531,14344.700195
2022-02-15,1.27286,1.402112,0.73894,20.408991,5.214,3.74775,7.8026,6.3559,14303.0
2022-02-16,1.27237,1.39878,0.73849,20.383801,5.1579,3.74793,7.80126,6.338,14260.599609
2022-02-17,1.26954,1.38995,0.73611,20.2864,5.1358,3.748027,7.7995,6.3356,14274.400391
2022-02-18,1.27048,1.39095,0.73428,20.291599,5.1706,3.75,7.7991,6.3358,14348.0
2022-02-21,1.27566,1.39437,0.73565,20.29525,5.1375,3.7516,7.79974,6.3242,14365.900391
2022-02-22,1.2756,1.391885,0.73551,20.322981,5.1027,3.747709,7.8009,6.3342,14355.0
2022-02-23,1.27671,1.38372,0.73587,20.294399,5.0571,3.7513,7.8016,6.3253,14395.0
2022-02-24,1.27339,1.383509,0.73824,20.231701,5.0087,3.747335,7.80507,6.3123,14365.0
2022-02-25,1.28095,1.396609,0.74776,20.56337,5.1222,3.747616,7.8075,6.3268,14452.5
2022-02-28,1.27552,1.3915,0.74776,20.573139,5.1594,3.7509,7.80748,6.316,14334.200195
2022-03-01,1.26665,1.377031,0.745,20.460699,5.1584,3.747204,7.81326,6.3084,14360.0
2022-03-02,1.27235,1.37714,0.7499,20.643101,5.159,3.746777,7.8159,6.3115,14425.0
2022-03-03,1.26461,1.3711,0.74644,20.64255,5.096503,3.74711,7.81372,6.3196,14387.5
2022-03-04,1.26703,1.362955,0.74901,20.639391,5.0309,3.747565,7.8156,6.3192,14358.400391
2022-03-07,1.27141,1.3523,0.75686,20.969259,5.06056,3.7516,7.8146,6.3167,14381.700195
2022-03-08,1.28014,1.364536,0.762643,21.305349,5.1105,3.747559,7.8183,6.3193,14406.400391
2022-03-09,1.2889,1.37591,0.7634,21.362391,5.0588,3.747307,7.8186,6.3176,14362.700195
2022-03-10,1.27985,1.366699,0.7584,20.90519,5.0115,3.747253,7.81907,6.3166,14251.0
2022-03-11,1.27559,1.357589,0.76317,20.912001,5.0097,3.747102,7.82277,6.3208,14275.0
2022-03-14,1.27354,1.37052,0.766266,20.88751,5.0735,3.7511,7.82802,6.3387,14325.5
2022-03-15,1.28211,1.38914,0.76853,20.90037,5.1214,3.746898,7.82895,6.3645,14347.5
2022-03-16,1.27688,1.390627,0.76649,20.812599,5.1632,3.745669,7.8267,6.3691,14305.299805
2022-03-17,1.26868,1.371968,0.76097,20.630699,5.073875,3.748992,7.82042,6.3512,14263.5
2022-03-18,1.26316,1.35483,0.759855,20.51409,5.0394,3.747426,7.81827,6.3455,14326.0
2022-03-21,1.26058,1.34953,0.75983,20.381149,5.0178,3.7509,7.82394,6.3602,14342.299805
2022-03-22,1.2588,1.35212,0.7594,20.381901,4.9352,3.746971,7.82503,6.3545,14345.0
2022-03-23,1.25828,1.340069,0.75378,20.2722,4.91,3.746948,7.82667,6.3653,14345.5
2022-03-24,1.25592,1.33348,0.75723,20.226641,4.8242,3.747247,7.82366,6.3713,14389.0
2022-03-25,1.25204,1.3308,0.75782,20.066299,4.8263,3.7505,7.8234,6.3663,14337.099609
2022-03-28,1.24871,1.3301,0.75894,20.030149,4.7369,3.7507,7.82841,6.3652,14334.0
2022-03-29,1.25182,1.333422,0.76315,20.091249,4.7641,3.746917,7.8288,6.3707,14373.0
2022-03-30,1.24979,1.33073,0.76372,19.965599,4.7562,3.747939,7.8272,6.3631,14334.0
2022-03-31,1.24823,1.3328,0.7611,19.878151,4.7697,3.747177,7.82705,6.3462,14327.5
2022-04-01,1.24985,1.33477,0.76063,19.8752,4.7378,3.74714,7.83348,6.3389,14351.0
2022-04-04,1.25265,1.33574,0.76314,19.8573,4.6572,3.7508,7.8346,6.3621,14361.0
2022-04-05,1.24862,1.325574,0.76251,19.80932,4.5938,3.746591,7.83446,6.3624,14322.299805
2022-04-06,1.24844,1.31827,0.76468,19.982599,4.6507,3.746776,7.83376,6.3631,14365.5
2022-04-07,1.25638,1.33243,0.76499,20.161461,4.7152,3.746525,7.83711,6.3585,14382.0
2022-04-08,1.25867,1.33717,0.76515,20.13032,4.7521,3.746172,7.83647,6.3597,14385.0
2022-04-11,1.2576,1.34291,0.76733,20.06485,4.6981,3.7493,7.83886,6.364,14355.0
2022-04-12,1.26401,1.34856,0.7678,19.94194,4.6936,3.745651,7.8378,6.3687,14360.700195
2022-04-13,1.26344,1.341382,0.76908,19.803289,4.6731,3.745457,7.83743,6.365,14364.200195
2022-04-14,1.25662,1.342012,0.76218,19.761299,4.6902,3.745529,7.83876,6.3672,14360.200195
2022-04-15,1.2603,1.3495,0.76511,19.962299,4.701,3.745679,7.84262,6.3774,14383.900391
2022-04-18,1.2615,1.35248,0.76584,19.9536,4.7006,3.7421,7.8436,6.3702,14337.0
2022-04-19,1.26002,1.35914,0.76865,19.7952,4.652,3.7505,7.8415,6.3662,14353.799805
2022-04-20,1.26037,1.35245,0.76842,20.01811,4.665,3.745401,7.8419,6.3924,14364.900391
2022-04-21,1.24862,1.342823,0.76518,19.9737,4.6208,3.7479,7.8439,6.4177,14351.0
2022-04-22,1.25891,1.35849,0.76768,20.18465,4.6208,3.745875,7.8446,6.4493,14382.0
2022-04-25,1.2721,1.3818,0.77937,20.232,4.7952,3.7498,7.84629,6.5003,14350.0
2022-04-26,1.27356,1.393049,0.78493,20.2146,4.8762,3.746066,7.84711,6.5579,14478.0
2022-04-27,1.28061,1.399384,0.79466,20.38032,4.9978,3.745996,7.8456,6.5563,14466.0
2022-04-28,1.2814,1.40337,0.79733,20.372299,4.9636,3.746026,7.8463,6.5595,14447.5
2022-04-29,1.28046,1.4067,0.80232,20.441299,4.9378,3.746041,7.8467,6.6253,14502.0
2022-05-02,1.2853,1.41535,0.7953,20.417379,4.9713,3.7504,7.847,6.6075,14490.0
2022-05-03,1.2874,1.418239,0.80011,20.4482,5.0847,3.746122,7.8475,6.6075,14522.599609
2022-05-04,1.28338,1.4077,0.799974,20.28006,4.9581,3.746104,7.84726,6.6074,14491.0
2022-05-05,1.27372,1.378759,0.79251,20.03826,4.9188,3.747039,7.848,6.6075,14425.0
2022-05-06,1.2827,1.404297,0.80879,20.214701,5.028,3.746088,7.8492,6.6546,14458.700195
2022-05-09,1.29182,1.419044,0.81125,20.1763,5.0804,3.7505,7.84965,6.6656,14490.0
2022-05-10,1.30084,1.43732,0.81045,20.36352,5.1609,3.746715,7.8494,6.7298,14552.200195
2022-05-11,1.30312,1.441753,0.8124,20.38036,5.1313,3.746303,7.84965,6.7336,14520.799805
2022-05-12,1.29944,1.443522,0.81738,20.319731,5.134252,3.746565,7.84976,6.7207,14543.400391
2022-05-13,1.30231,1.4552,0.81926,20.172701,5.1334,3.74614,7.84984,6.7859,14632.099609
2022-05-16,1.2907,1.43964,0.81576,20.091261,5.0583,3.7505,7.84973,6.788,14606.0
2022-05-17,1.285,1.43414,0.81137,20.0191,5.0597,3.746448,7.85,6.7851,14645.0
2022-05-18,1.28081,1.4219,0.801,19.935499,4.9381,3.746202,7.84938,6.7362,14630.599609
2022-05-19,1.28842,1.436988,0.80999,20.023001,4.9675,3.746424,7.8488,6.7534,14740.0
2022-05-20,1.28196,1.420152,0.80243,19.923599,4.93,3.746563,7.8479,6.7121,14626.799805
2022-05-23,1.2812,1.41585,0.79974,19.849421,4.8802,3.7503,7.84828,6.692,14645.0
2022-05-24,1.27871,1.41064,0.7957,19.917959,4.8135,3.74645,7.8491,6.6498,14619.200195
2022-05-25,1.28224,1.407816,0.79726,19.842699,4.8178,3.746466,7.84906,6.653,14635.799805
2022-05-26,1.28202,1.410557,0.794527,19.818199,4.8228,3.746256,7.8495,6.6917,14597.0
2022-05-27,1.2773,1.40869,0.79256,19.7519,4.7682,3.746705,7.8492,6.7378,14584.200195
2022-05-30,1.27237,1.3961,0.79187,19.57,4.7296,3.7502,7.84906,6.6976,14570.0
2022-05-31,1.26552,1.389815,0.7907,19.5313,4.7524,3.745743,7.84819,6.6603,14538.400391
2022-06-01,1.2639,1.39225,0.79309,19.648741,4.7304,3.745727,7.84722,6.6717,14543.900391
2022-06-02,1.26653,1.394,0.80108,19.71306,4.8155,3.745178,7.84743,6.6852,14531.5
2022-06-03,1.25698,1.375705,0.79496,19.527901,4.7957,3.745917,7.84476,6.6592,14426.799805
2022-06-06,1.25849,1.38794,0.800493,19.545219,4.775,3.7449,7.84573,6.6593,14431.0
2022-06-07,1.258,1.39109,0.7985,19.5553,4.7942,3.745708,7.8456,6.6529,14435.200195
2022-06-08,1.25366,1.384926,0.79445,19.5767,4.867526,3.746485,7.84536,6.6697,14458.799805
2022-06-09,1.2552,1.3915,0.79743,19.587099,4.8981,3.746472,7.84784,6.6827,14495.299805
2022-06-10,1.27027,1.40881,0.80045,19.6763,4.9033,3.745767,7.8488,6.6908,14611.799805
2022-06-13,1.27976,1.42485,0.81467,20.019461,4.984,3.751,7.84931,6.7079,14546.0
2022-06-14,1.289,1.44059,0.8234,20.466801,5.1134,3.746765,7.8498,6.7535,14795.0
2022-06-15,1.29448,1.4514,0.83246,20.560659,5.1161,3.747112,7.8499,6.7395,14740.799805
2022-06-16,1.28734,1.42513,0.8214,20.222151,5.052,3.747164,7.8486,6.7123,14681.0
2022-06-17,1.29538,1.420354,0.8094,20.3972,5.0522,3.747304,7.8492,6.7034,14776.099609
2022-06-20,1.30005,1.438228,0.81778,20.29431,5.1521,3.7518,7.84968,6.7157,14816.0
2022-06-21,1.29818,1.434823,0.81621,20.268499,5.1872,3.747588,7.8497,6.6914,14827.700195
2022-06-22,1.29319,1.43641,0.81522,20.136999,5.1228,3.747729,7.84973,6.6884,14831.700195
2022-06-23,1.29638,1.44818,0.81627,20.0495,5.1936,3.747504,7.8495,6.7011,14843.0
2022-06-24,1.29871,1.44854,0.81561,20.009899,5.238,3.747019,7.8494,6.6973,14841.799805
2022-06-27,1.28971,1.44022,0.81417,19.892559,5.2414,3.7524,7.84909,6.6888,14841.0
2022-06-28,1.2869,1.44456,0.81517,19.902901,5.2368,3.748724,7.8466,6.6907,14791.0
2022-06-29,1.2873,1.448352,0.82036,20.146601,5.2666,3.748313,7.8458,6.7073,14857.0
2022-06-30,1.28833,1.45339,0.82428,20.13036,5.1809,3.747271,7.84599,6.6998,14877.0
2022-07-01,1.28737,1.44978,0.82231,20.102949,5.252,3.747347,7.8471,6.6982,14921.900391
2022-07-04,1.2886,1.46718,0.82626,20.2502,5.331,3.7521,7.8468,6.7005,14931.0
2022-07-05,1.28573,1.4548,0.82546,20.2684,5.3283,3.747984,7.846,6.6986,15008.0
2022-07-06,1.30348,1.47206,0.83688,20.5229,5.3852,3.748822,7.84662,6.7188,15037.0
2022-07-07,1.3034,1.473622,0.8387,20.6411,5.428,3.748858,7.8469,6.7065,15010.0
2022-07-08,1.2966,1.460067,0.83139,20.493999,5.3382,3.749029,7.84749,6.7005,14964.599609
2022-07-11,1.2947,1.46075,0.83218,20.4627,5.254,3.7533,7.84881,6.6943,14970.0
2022-07-12,1.29948,1.48295,0.84027,20.721201,5.3772,3.749153,7.8497,6.7172,14989.099609
2022-07-13,1.30313,1.48214,0.84191,20.866461,5.4365,3.748404,7.8497,6.7233,15010.0
2022-07-14,1.30009,1.485376,0.8429,20.7908,5.3909,3.748274,7.8493,6.7176,15030.400391
2022-07-15,1.3108,1.48041,0.84462,20.805889,5.4228,3.748914,7.84966,6.7552,15037.099609
2022-07-18,1.30094,1.4674,0.84116,20.499599,5.4101,3.7539,7.8496,6.7565,14986.0
2022-07-19,1.29813,1.468386,0.83694,20.445021,5.4368,3.749348,7.8498,6.7423,14977.0
2022-07-20,1.28709,1.4497,0.83309,20.5198,5.4131,3.750348,7.8505,6.7437,14960.799805
2022-07-21,1.2883,1.45193,0.8353,20.542101,5.4702,3.753036,7.84959,6.7549,15022.0
2022-07-22,1.2878,1.444481,0.8336,20.6541,5.4978,3.75325,7.8486,6.7656,15004.200195
2022-07-25,1.29246,1.44829,0.83424,20.534599,5.4967,3.7558,7.84944,6.7505,15011.0
2022-07-26,1.28507,1.4386,0.82952,20.450701,5.3563,3.752984,7.84913,6.7495,14978.0
2022-07-27,1.28737,1.43939,0.83078,20.453699,5.3501,3.752462,7.84926,6.7623,14982.799805
2022-07-28,1.28171,1.429613,0.82216,20.373301,5.243,3.750944,7.8491,6.7574,14914.200195
2022-07-29,1.2807,1.4284,0.82146,20.2812,5.1827,3.751227,7.8495,6.7458,14849.099609
2022-08-01,1.28156,1.43447,0.82187,20.3745,5.1712,3.7548,7.84944,6.7432,14826.0
2022-08-02,1.28431,1.42371,0.81605,20.383499,5.184,3.750911,7.8498,6.7677,14838.0
2022-08-03,1.28879,1.451316,0.82352,20.810909,5.2777,3.752004,7.8497,6.7518,14890.099609
2022-08-04,1.28536,1.44113,0.82384,20.492701,5.2827,3.755166,7.8494,6.757,14900.0
2022-08-05,1.28702,1.436947,0.82247,20.3237,5.2111,3.752525,7.8495,6.7478,14884.700195
2022-08-08,1.29445,1.44875,0.82922,20.4214,5.1646,3.7562,7.8498,6.7609,14886.0
2022-08-09,1.2857,1.431086,0.82749,20.240601,5.1101,3.753764,7.84977,6.7499,14831.200195
2022-08-10,1.28859,1.4374,0.82821,20.24,5.1237,3.7553,7.8497,6.7517,14856.700195
2022-08-11,1.2774,1.4128,0.8188,20.0151,5.0937,3.754536,7.8466,6.7228,14756.900391
2022-08-12,1.27629,1.407876,0.81993,19.933201,5.157,3.751241,7.8428,6.7436,14724.200195
2022-08-15,1.27795,1.40515,0.82454,19.85363,5.0749,3.751,7.8386,6.7418,14661.0
2022-08-16,1.29036,1.424501,0.8294,19.8083,5.0956,3.750221,7.8379,6.772,14776.400391
2022-08-17,1.28454,1.424623,0.82657,19.90354,5.141739,3.749668,7.8409,6.7874,14747.099609
2022-08-18,1.29178,1.442918,0.83021,19.9704,5.165,3.749386,7.8425,6.7799,14764.099609
2022-08-19,1.29471,1.446927,0.83803,20.130159,5.167,3.750731,7.8435,6.7846,14845.700195
2022-08-22,1.30003,1.4541,0.84616,20.189051,5.1684,3.7537,7.8462,6.8157,14831.0
2022-08-23,1.30481,1.453763,0.84987,20.1269,5.1561,3.75066,7.8462,6.8479,14933.5
2022-08-24,1.2958,1.44446,0.84511,19.983681,5.1035,3.750646,7.8464,6.8336,14850.0
2022-08-25,1.29703,1.4476,0.84805,19.902599,5.1101,3.753624,7.8458,6.8585,14845.0
2022-08-26,1.29376,1.43596,0.845737,19.9191,5.1087,3.752075,7.8463,6.8483,14773.0
2022-08-29,1.30613,1.45626,0.8551,20.067801,5.0625,3.7526,7.8477,6.8708,14811.0
2022-08-30,1.30013,1.4477,0.85306,19.9848,5.0272,3.750744,7.8472,6.907,14895.0
2022-08-31,1.30895,1.458279,0.85765,20.1273,5.1219,3.751136,7.8489,6.9108,14850.0
2022-09-01,1.31412,1.46445,0.86218,20.186661,5.1817,3.753869,7.84806,6.8889,14855.0
2022-09-02,1.3145,1.471605,0.86588,20.166901,5.2404,3.752583,7.848,6.9055,14902.099609
2022-09-05,1.31427,1.47269,0.87149,19.970501,5.171,3.7567,7.84867,6.899,14890.0
2022-09-06,1.3129,1.467567,0.86457,19.965599,5.1539,3.754104,7.8488,6.9331,14882.299805
2022-09-07,1.31538,1.48586,0.86867,20.1315,5.2472,3.752894,7.8495,6.9531,14904.0
2022-09-08,1.31299,1.481174,0.86807,19.9818,5.2467,3.753038,7.84928,6.9653,14865.299805
2022-09-09,1.30808,1.478,0.867935,19.9335,5.2133,3.753286,7.849,6.9565,14892.299805
2022-09-12,1.3023,1.460494,0.86063,19.8591,5.1463,3.7561,7.8488,6.9255,14823.0
2022-09-13,1.29799,1.45054,0.85545,19.830021,5.092,3.752944,7.84866,6.925,14858.700195
2022-09-14,1.31626,1.483019,0.8691,20.0319,5.1898,3.753474,7.8495,6.9241,14954.900391
2022-09-15,1.31605,1.481087,0.86618,19.951599,5.1627,3.754903,7.84876,6.961,14915.0
2022-09-16,1.3247,1.495372,0.87316,20.080999,5.2461,3.751807,7.849,6.993,14933.599609
2022-09-19,1.32582,1.486547,0.87465,20.03022,5.2507,3.7561,7.84916,6.979,14946.0
2022-09-20,1.32434,1.485068,0.87388,19.903099,5.1709,3.75503,7.8489,7.0056,14985.799805
2022-09-21,1.3363,1.49383,0.87869,19.976299,5.1415,3.756669,7.84928,7.0172,15008.599609
2022-09-22,1.34787,1.512836,0.88842,20.0441,5.1704,3.756971,7.84968,7.0479,15019.0
2022-09-23,1.34711,1.5048,0.88777,19.919201,5.1155,3.757272,7.8489,7.0766,15026.599609
2022-09-26,1.35808,1.53123,0.92615,20.21126,5.2588,3.7564,7.84958,7.1274,15031.0
2022-09-27,1.37106,1.544163,0.92826,20.370741,5.3894,3.7587,7.84928,7.148,15204.0
2022-09-28,1.37225,1.553277,0.93218,20.368629,5.3781,3.756597,7.8496,7.1768,15167.200195
2022-09-29,1.36279,1.53728,0.92285,20.18495,5.3742,3.761428,7.8488,7.199,15175.299805
2022-09-30,1.36745,1.535391,0.8953,20.124559,5.3962,3.753285,7.8496,7.1239,15175.200195
2022-10-03,1.37873,1.5574,0.89762,20.11739,5.4143,3.7533,7.84966,7.115,15221.0
2022-10-04,1.36281,1.538036,0.88229,20.006701,5.1635,3.753965,7.851,7.1149,15290.0
2022-10-05,1.35054,1.535131,0.87326,19.965191,5.1758,3.753706,7.84963,7.115,15180.0
2022-10-06,1.35978,1.535462,0.88064,20.0338,5.1952,3.755396,7.84944,7.115,15206.700195
2022-10-07,1.3741,1.55899,0.89589,20.1001,5.2201,3.753432,7.8499,7.115,15215.799805
2022-10-10,1.37321,1.5699,0.90312,20.0298,5.1984,3.7552,7.84963,7.115,15246.0
2022-10-11,1.3775,1.58861,0.90282,19.9403,5.1868,3.753803,7.84969,7.1536,15343.0
2022-10-12,1.37915,1.59581,0.91176,20.065559,5.2921,3.7536,7.8498,7.1644,15338.5
2022-10-13,1.38157,1.59304,0.90045,19.9732,5.2915,3.752685,7.84948,7.1741,15318.599609
2022-10-14,1.37601,1.58705,0.88465,19.9757,5.2598,3.752288,7.84958,7.1695,15364.0
2022-10-17,1.3855,1.6067,0.88935,20.0159,5.3274,3.7554,7.8494,7.19,15420.0
2022-10-18,1.37129,1.5876,0.88075,19.9718,5.277359,3.754546,7.8492,7.1955,15441.400391
2022-10-19,1.37262,1.58318,0.8815,20.0189,5.2398,3.751032,7.84949,7.2006,15466.200195
2022-10-20,1.37728,1.5965,0.89198,20.127411,5.2692,3.753392,7.8492,7.2273,15620.0
2022-10-21,1.37773,1.5937,0.89115,20.042761,5.2166,3.753266,7.84857,7.2158,15562.0
2022-10-24,1.36462,1.56939,0.88147,19.932501,5.1634,3.7565,7.8494,7.2428,15626.0
2022-10-25,1.36952,1.579879,0.88435,19.9081,5.3062,3.752801,7.84963,7.2619,15586.5
2022-10-26,1.36167,1.565999,0.87243,19.8666,5.3152,3.753885,7.8493,7.3038,15549.0
2022-10-27,1.3552,1.540002,0.85924,19.943029,5.3839,3.753526,7.8493,7.1719,15502.700195
2022-10-28,1.35645,1.55017,0.8646,19.840309,5.3392,3.753555,7.8493,7.2279,15554.200195
2022-10-31,1.36081,1.56218,0.86237,19.8202,5.2885,3.755,7.84874,7.2514,15549.200195
2022-11-01,1.36107,1.560087,0.87198,19.7932,5.1788,3.751969,7.84948,7.3018,15649.0
2022-11-02,1.3618,1.563306,0.87036,19.724899,5.1424,3.758308,7.84963,7.2766,15690.0
2022-11-03,1.37152,1.57766,0.8784,19.6784,5.1426,3.75312,7.84966,7.2887,15696.0
2022-11-04,1.37424,1.5902,0.89516,19.670271,5.1149,3.753997,7.84976,7.3008,15780.0
2022-11-07,1.35125,1.55296,0.88249,19.56336,5.078132,3.7582,7.84951,7.1751,15609.5
2022-11-08,1.34935,1.54445,0.86821,19.4431,5.153327,3.751995,7.85,7.2288,15675.0
2022-11-09,1.34154,1.53629,0.8656,19.537621,5.143,3.753785,7.8491,7.2482,15645.0
2022-11-10,1.35265,1.5542,0.87965,19.562099,5.1852,3.7599,7.84937,7.2408,15671.5
2022-11-11,1.33315,1.513569,0.85502,19.31551,5.34158,3.754597,7.8454,7.1859,15500.0
2022-11-14,1.3254,1.4928,0.84752,19.514429,5.279059,3.7583,7.83564,7.1071,15473.900391
2022-11-15,1.33247,1.494344,0.850883,19.339199,5.3312,3.754044,7.836,7.0729,15530.099609
2022-11-16,1.32735,1.477214,0.84172,19.3412,5.3317,3.753108,7.8199,7.043,15557.0
2022-11-17,1.33355,1.48379,0.83926,19.33334,5.399,3.753938,7.8242,7.0872,15655.0
2022-11-18,1.33214,1.494947,0.84316,19.3999,5.4221,3.753721,7.82647,7.1562,15720.0
2022-11-21,1.33769,1.49654,0.8413,19.443199,5.3813,3.7576,7.81914,7.1189,15629.400391
2022-11-22,1.34463,1.513363,0.84548,19.531601,5.3186,3.753216,7.8043,7.1642,15755.0
2022-11-23,1.33625,1.5038,0.84072,19.44191,5.3577,3.753706,7.8174,7.1393,15671.0
2022-11-24,1.33436,1.482909,0.82826,19.334999,5.3583,3.753569,7.8181,7.1658,15619.599609
2022-11-25,1.33366,1.478066,0.82553,19.3813,5.32,3.7573,7.8084,7.1503,15605.0
2022-11-28,1.34096,1.48989,0.82955,19.34354,5.4085,3.7563,7.80809,7.1705,15675.099609
2022-11-29,1.34899,1.50331,0.8361,19.296301,5.3647,3.753032,7.81342,7.2071,15746.0
2022-11-30,1.35836,1.49609,0.83704,19.232,5.2682,3.752762,7.81075,7.1594,15726.5
2022-12-01,1.3412,1.470675,0.827986,19.264851,5.181589,3.754513,7.80473,7.0762,15634.5
2022-12-02,1.34355,1.46821,0.81571,19.1283,5.1836,3.756067,7.7795,7.0437,15355.5
2022-12-05,1.3444,1.46778,0.81319,19.38299,5.218,3.7573,7.78514,7.0239,15421.0
2022-12-06,1.3588,1.4908,0.82018,19.721399,5.28,3.753982,7.7689,6.9609,15520.299805
2022-12-07,1.36494,1.4928,0.824198,19.7544,5.234,3.754807,7.77526,6.9949,15623.0
2022-12-08,1.3649,1.486547,0.81884,19.666901,5.204,3.755512,7.7915,6.9726,15596.0
2022-12-09,1.35977,1.475688,0.81726,19.621559,5.2243,3.755731,7.78384,6.9663,15590.0
2022-12-12,1.36553,1.47462,0.81705,19.786699,5.235,3.76,7.78685,6.9566,15582.0
2022-12-13,1.36303,1.480604,0.81494,19.8473,5.3213,3.756127,7.7748,6.9765,15676.299805
2022-12-14,1.35554,1.461497,0.80928,19.542021,5.2928,3.754901,7.7748,6.9434,15554.700195
2022-12-15,1.35502,1.458194,0.80519,19.6094,5.2772,3.75509,7.7756,6.9499,15481.0
2022-12-16,1.36582,1.49122,0.8204,19.749599,5.3118,3.755851,7.77576,6.9722,15626.0
2022-12-19,1.36886,1.49533,0.82235,19.796909,5.306509,3.7594,7.77855,6.9721,15615.900391
2022-12-20,1.3643,1.4908,0.82282,19.7876,5.2916,3.7529,7.7803,6.9786,15567.5
2022-12-21,1.35994,1.495104,0.8204,19.7542,5.1984,3.7558,7.7879,6.9608,15556.0
2022-12-22,1.36127,1.4888,0.827993,19.65959,5.1999,3.75647,7.7961,6.9806,15513.0
2022-12-23,1.36368,1.497454,0.83057,19.5595,5.1656,3.7547,7.7953,6.983,15563.0
2022-12-26,1.35897,1.48976,0.829187,19.337391,5.1643,3.7579,7.80351,6.9887,15565.900391
2022-12-27,1.3557,1.48267,0.82753,19.36307,5.2175,3.7584,7.8051,6.9612,15607.0
2022-12-28,1.3525,1.4859,0.83144,19.462099,5.2923,3.754082,7.8004,6.959,15617.5
2022-12-29,1.35994,1.482118,0.83136,19.4223,5.2668,3.754777,7.79381,6.9776,15789.0
2022-12-30,1.3552,1.477978,0.82944,19.4576,5.2846,3.754942,7.7944,6.9631,15620.0
2023-01-02,1.35281,1.46561,0.82506,19.4466,5.2855,3.7581,7.79925,6.8969,15508.799805
2023-01-03,1.3559,1.469378,0.82899,19.458799,5.360131,3.754206,7.8055,6.8971,15550.0
2023-01-04,1.36741,1.486326,0.83544,19.4076,5.4785,3.754885,7.8132,6.9141,15571.799805
2023-01-05,1.34851,1.46432,0.82939,19.386801,5.4301,3.75557,7.81571,6.8878,15560.0
2023-01-06,1.35599,1.480232,0.83947,19.31855,5.3498,3.753771,7.8115,6.8815,15620.0
2023-01-09,1.34352,1.45054,0.82533,19.1243,5.2244,3.7574,7.80782,6.8374,15602.299805
2023-01-10,1.33937,1.447241,0.82069,19.1245,5.2537,3.754012,7.8048,6.771,15580.0
2023-01-11,1.34329,1.450326,0.82274,19.059601,5.1983,3.750058,7.8085,6.7774,15528.900391
2023-01-12,1.343,1.446969,0.8224,18.9424,5.1585,3.754191,7.8111,6.769,15414.0
2023-01-13,1.3376,1.43517,0.81848,18.844311,5.1077,3.754572,7.80825,6.7378,15172.0
2023-01-16,1.33962,1.434,0.81788,18.7742,5.0807,3.7542,7.81021,6.7018,15114.799805
2023-01-17,1.33978,1.435462,0.81915,18.777901,5.146,3.751496,7.81042,6.7325,15082.0
2023-01-18,1.339,1.43094,0.81402,18.6415,5.0996,3.754641,7.81816,6.7724,15162.0
2023-01-19,1.34958,1.440092,0.80987,18.87406,5.1853,3.751216,7.82344,6.7471,15096.0
2023-01-20,1.34638,1.446341,0.80689,18.9827,5.173,3.750369,7.8298,6.7758,15141.0
2023-01-23,1.3371,1.43211,0.80604,18.857771,5.2063,3.7547,7.82744,6.7826,15055.900391
2023-01-24,1.33701,1.42262,0.80777,18.813259,5.2059,3.749805,7.831,6.783,15007.0
2023-01-25,1.33748,1.4191,0.81108,18.7836,5.1384,3.748464,7.8315,6.7835,14955.5
2023-01-26,1.33802,1.406826,0.80564,18.776199,5.0722,3.749662,7.8295,6.7829,14938.700195
2023-01-27,1.33161,1.405699,0.80546,18.7967,5.062745,3.749621,7.82808,6.7825,14942.5
2023-01-30,1.33032,1.40687,0.806432,18.768749,5.1072,3.7527,7.82852,6.7824,14970.400391
2023-01-31,1.33838,1.416812,0.80948,18.7586,5.1149,3.749701,7.83513,6.7478,14995.0
2023-02-01,1.3306,1.418158,0.81242,18.842871,5.0722,3.748521,7.83966,6.7536,14990.700195
2023-02-02,1.3275,1.39958,0.8071,18.582899,5.0535,3.74785,7.839,6.7408,14855.0
2023-02-03,1.33166,1.41349,0.81813,18.641399,5.0492,3.748081,7.8444,6.7315,14881.0
2023-02-06,1.33997,1.44492,0.83021,18.99087,5.1498,3.7515,7.84633,6.7742,15078.799805
2023-02-07,1.3441,1.451842,0.83148,19.167999,5.1457,3.746919,7.84676,6.794,15200.0
2023-02-08,1.33901,1.435833,0.82956,18.8815,5.2093,3.746901,7.8485,6.7912,15147.0
2023-02-09,1.3445,1.443001,0.8284,18.93445,5.1995,3.747428,7.8487,6.7882,15117.0
2023-02-10,1.34487,1.44105,0.8253,18.778299,5.2895,3.748491,7.8497,6.7797,15140.0
2023-02-13,1.33574,1.44645,0.82972,18.6784,5.213483,3.7516,7.84929,6.8083,15182.200195
2023-02-14,1.33331,1.43472,0.8229,18.565041,5.1584,3.748117,7.84974,6.8219,15211.0
2023-02-15,1.33406,1.43111,0.8214,18.504801,5.1915,3.747284,7.8488,6.8259,15179.0
2023-02-16,1.33906,1.447828,0.83058,18.584551,5.218,3.746632,7.84641,6.8519,15210.0
2023-02-17,1.3473,1.457216,0.83505,18.548719,5.2168,3.746298,7.84897,6.8597,15142.0
2023-02-20,1.3482,1.45573,0.83127,18.367371,5.165169,3.7511,7.84453,6.8576,15159.0
2023-02-21,1.3453,1.447387,0.83062,18.385201,5.1667,3.746292,7.8339,6.8541,15162.5
2023-02-22,1.35349,1.457322,0.82581,18.429899,5.1665,3.746161,7.8448,6.8725,15233.0
2023-02-23,1.35454,1.4678,0.82988,18.36458,5.1512,3.746483,7.84516,6.8913,15192.0
2023-02-24,1.35432,1.4684,0.8321,18.36866,5.1362,3.747352,7.84684,6.907,15210.0
2023-02-27,1.35937,1.48463,0.83665,18.391331,5.2078,3.7511,7.84778,6.955,15257.700195
2023-02-28,1.3574,1.483019,0.82908,18.366899,5.1997,3.748297,7.8449,6.9439,15209.0
2023-03-01,1.36452,1.48571,0.83101,18.30094,5.2359,3.746939,7.84902,6.9323,15240.0
2023-03-02,1.35896,1.479334,0.83126,18.115971,5.1783,3.747423,7.8481,6.868,15243.0
2023-03-03,1.35948,1.484781,0.83671,18.105301,5.1996,3.748461,7.8494,6.9138,15322.0
2023-03-06,1.3603,1.48047,0.83136,17.978001,5.1944,3.7522,7.84945,6.9068,15255.099609
2023-03-07,1.36162,1.4852,0.8315,18.00135,5.1522,3.748409,7.84942,6.9294,15352.0
2023-03-08,1.3748,1.51722,0.84547,18.1001,5.19,3.748938,7.84969,6.9614,15437.0
2023-03-09,1.37994,1.51653,0.84387,17.970751,5.1444,3.749763,7.84946,6.9503,15450.0
2023-03-10,1.3831,1.51722,0.83875,18.329639,5.1637,3.749581,7.84958,6.9636,15489.0
2023-03-13,1.37638,1.50734,0.82786,18.31703,5.2156,3.7534,7.84752,6.9052,15472.599609
2023-03-14,1.37352,1.501682,0.8216,18.919081,5.2457,3.749508,7.8446,6.8446,15409.0
2023-03-15,1.36889,1.49497,0.8229,18.6005,5.2517,3.750105,7.848,6.8705,15372.0
2023-03-16,1.37649,1.510962,0.82855,18.991899,5.2871,3.75352,7.84805,6.9059,15479.0
2023-03-17,1.37191,1.500735,0.82573,18.76939,5.2296,3.753207,7.84922,6.8975,15422.0
2023-03-20,1.37098,1.4896,0.8205,18.84342,5.2778,3.7553,7.84885,6.8861,15368.5
2023-03-21,1.3671,1.488782,0.81458,18.8146,5.2357,3.751393,7.8428,6.8777,15340.0
2023-03-22,1.37088,1.497477,0.81799,18.62405,5.2409,3.75253,7.84562,6.883,15294.0
2023-03-23,1.37167,1.49269,0.81435,18.593361,5.2361,3.753847,7.84703,6.8792,15251.0
2023-03-24,1.3717,1.496648,0.81423,18.5679,5.2967,3.752204,7.8494,6.8184,15047.0
2023-03-27,1.37274,1.50256,0.816593,18.427059,5.2451,3.7553,7.84953,6.867,15148.0
2023-03-28,1.36541,1.50148,0.81317,18.3186,5.1971,3.75099,7.8497,6.8844,15107.5
2023-03-29,1.35933,1.491,0.811,18.2192,5.1644,3.750957,7.8497,6.8733,15061.0
2023-03-30,1.35631,1.49645,0.81211,18.09403,5.1342,3.750542,7.8499,6.8856,15031.5
2023-03-31,1.35219,1.4888,0.80728,18.08955,5.0927,3.748854,7.84957,6.8704,15020.0
2023-04-03,1.35018,1.50175,0.81387,18.03915,5.0623,3.7519,7.8496,6.868,14988.0
2023-04-04,1.34337,1.473079,0.80495,18.08757,5.0631,3.7464,7.84681,6.8773,14915.0
2023-04-05,1.3438,1.47971,0.8001,18.112499,5.0707,3.746307,7.8493,6.8788,14958.0
2023-04-06,1.34543,1.48883,0.80237,18.3088,5.0332,3.746929,7.8498,6.8785,14956.0
2023-04-07,1.3495,1.4979,0.803923,18.2271,5.0583,3.746902,7.84974,6.8749,14932.0
2023-04-10,1.3504,1.498464,0.8044,18.134701,5.0544,3.7511,7.8497,6.8693,14906.0
2023-04-11,1.35034,1.504144,0.80696,18.143101,5.0653,3.7519,7.8494,6.8811,14955.0
2023-04-12,1.34625,1.502855,0.80444,18.158899,5.004,3.746994,7.8498,6.8855,14913.0
2023-04-13,1.344,1.49276,0.80047,18.055099,4.9169,3.746351,7.84721,6.8737,14823.5
2023-04-14,1.334,1.474057,0.798384,18.018999,4.9267,3.746578,7.8497,6.8678,14720.0
2023-04-17,1.3365,1.49138,0.80644,17.99288,4.9087,3.7503,7.84928,6.8704,14693.0
2023-04-18,1.3392,1.492448,0.80805,18.0322,4.9398,3.746317,7.84928,6.8788,14860.0
2023-04-19,1.33909,1.484627,0.8048,18.043489,4.9843,3.745706,7.84917,6.8749,14890.0
2023-04-20,1.3468,1.49131,0.80458,18.040501,5.0743,3.745492,7.84897,6.8851,15006.0
2023-04-21,1.34808,1.48298,0.8038,17.99791,5.0477,3.745881,7.84879,6.8721,14946.0
2023-04-24,1.35384,1.49399,0.80323,17.997141,5.0479,3.7499,7.8479,6.8925,14838.0
2023-04-25,1.35337,1.49169,0.8,17.9652,5.0334,3.746262,7.8491,6.8949,14945.0
2023-04-26,1.36184,1.506841,0.80549,18.0404,5.0531,3.746345,7.8496,6.9316,14935.0
2023-04-27,1.36307,1.51323,0.80183,18.15855,5.043,3.746757,7.8497,6.9258,14841.5
2023-04-28,1.35997,1.508205,0.80016,18.0245,4.9762,3.746543,7.8499,6.9223,14684.0
2023-05-01,1.35591,1.51231,0.79633,17.9914,4.986,3.7499,7.8499,6.9111,14663.0
2023-05-02,1.3552,1.509935,0.8009,17.937691,4.9879,3.7496,7.84963,6.911,14671.5
2023-05-03,1.36195,1.498576,0.8015,17.97427,5.0384,3.745769,7.84976,6.9106,14752.5
2023-05-04,1.36319,1.50568,0.79561,17.9561,4.9944,3.745837,7.84879,6.9106,14680.5
2023-05-05,1.3523,1.493407,0.7947,17.89938,4.9826,3.745596,7.8471,6.9057,14700.0
2023-05-08,1.338,1.48199,0.79173,17.76627,4.9517,3.7498,7.84718,6.9095,14668.0
2023-05-09,1.33724,1.47471,0.79285,17.78758,5.008,3.745506,7.84867,6.9115,14750.0
2023-05-10,1.3375,1.47778,0.7921,17.7435,4.9859,3.745816,7.8417,6.9194,14767.0
2023-05-11,1.33721,1.47451,0.791954,17.537201,4.9429,3.745738,7.83215,6.9322,14691.0
2023-05-12,1.3493,1.49256,0.79948,17.574699,4.9295,3.745672,7.8368,6.9477,14770.5
2023-05-15,1.3554,1.50446,0.80315,17.596251,4.9202,3.7495,7.8424,6.9573,14743.0
2023-05-16,1.3465,1.491869,0.79839,17.4331,4.8879,3.745337,7.83832,6.9516,14795.0
2023-05-17,1.34772,1.502,0.801,17.480301,4.9394,3.745322,7.8383,6.9766,14885.0
2023-05-18,1.34667,1.50249,0.801102,17.60677,4.9377,3.746028,7.8297,6.9971,14876.5
2023-05-19,1.34977,1.5083,0.80565,17.7157,4.9644,3.74518,7.8273,7.0351,14916.0
2023-05-22,1.3488,1.501276,0.8025,17.746099,4.9968,3.7495,7.8168,7.0069,14918.0
2023-05-23,1.35029,1.50383,0.80422,17.8799,4.9661,3.746086,7.8285,7.0309,14886.0
2023-05-24,1.34994,1.51204,0.80533,17.9582,4.9712,3.745601,7.83682,7.0564,14895.0
2023-05-25,1.35885,1.52786,0.80834,17.799931,4.9586,3.745728,7.8299,7.0598,14945.900391
2023-05-26,1.36432,1.53882,0.8118,17.8463,5.0352,3.745484,7.835,7.0774,14970.0
2023-05-29,1.3609,1.5321,0.80992,17.6022,4.9928,3.7497,7.83455,7.0548,14948.0
2023-05-30,1.3601,1.531745,0.80976,17.59882,5.0181,3.745284,7.828,7.0723,14960.0
2023-05-31,1.35997,1.53426,0.80568,17.655701,5.0348,3.74526,7.83407,7.079,14979.0
2023-06-01,1.3566,1.536948,0.80341,17.6765,5.0548,3.746096,7.83121,7.1108,14984.0
2023-06-02,1.3443,1.52022,0.79834,17.538799,5.0131,3.745591,7.8315,7.093,14907.0
2023-06-05,1.34283,1.515152,0.80449,17.5504,4.9566,3.7502,7.83747,7.0838,14983.0
2023-06-06,1.3448,1.51206,0.8043,17.4459,4.9256,3.7485,7.83786,7.105,14849.5
2023-06-07,1.33986,1.49721,0.8046,17.367701,4.912,3.74532,7.843,7.1188,14872.0
2023-06-08,1.33716,1.501817,0.80348,17.355289,4.9224,3.745508,7.83974,7.1288,14889.0
2023-06-09,1.3362,1.489736,0.79621,17.3722,4.9221,3.745779,7.83678,7.1112,14836.0
2023-06-12,1.33368,1.48258,0.79485,17.270901,4.8779,3.7497,7.8388,7.1276,14833.0
2023-06-13,1.3363,1.480801,0.79902,17.28418,4.8606,3.745568,7.83442,7.1446,14871.5
2023-06-14,1.33147,1.47726,0.79322,17.233789,4.861,3.745776,7.83331,7.1665,14869.0
2023-06-15,1.33264,1.47126,0.78921,17.127399,4.815,3.745584,7.8309,7.1626,14909.0
2023-06-16,1.32219,1.453425,0.78212,17.126369,4.8092,3.746113,7.82257,7.1199,14897.0
2023-06-19,1.3198,1.454334,0.7794,17.0669,4.807,3.75,7.82118,7.1256,14928.0
2023-06-20,1.32095,1.45956,0.78157,17.073,4.7769,3.746275,7.8171,7.1604,15008.0
2023-06-21,1.32256,1.47301,0.78337,17.20364,4.7893,3.746125,7.8258,7.1808,15016.0
2023-06-22,1.3161,1.470869,0.78296,17.1175,4.7623,3.74688,7.8283,7.1784,14943.0
2023-06-23,1.31459,1.479137,0.78449,17.17,4.769737,3.746366,7.8301,7.1785,14935.0
2023-06-26,1.31647,1.49689,0.78557,17.1471,4.7855,3.7505,7.82973,7.1785,14987.0
2023-06-27,1.315,1.49824,0.78666,17.117001,4.7673,3.745956,7.8302,7.2365,15039.0
2023-06-28,1.31977,1.496692,0.78464,17.0765,4.8105,3.745887,7.83311,7.2187,14982.5
2023-06-29,1.32518,1.51501,0.79098,17.082899,4.8505,3.745965,7.83294,7.2434,14981.0
2023-06-30,1.325,1.51064,0.79273,17.1061,4.8556,3.746016,7.8388,7.2518,15064.0
2023-07-03,1.325,1.50188,0.78782,17.12081,4.7842,3.7505,7.8373,7.2424,14986.0
2023-07-04,1.3248,1.49833,0.78784,17.047001,4.8065,3.745293,7.8341,7.2398,15056.0
2023-07-05,1.32235,1.494165,0.78631,17.0355,4.8399,3.745525,7.8314,7.2135,15010.0
2023-07-06,1.32859,1.5022,0.78712,17.006081,4.8472,3.746171,7.8221,7.2464,15077.0
2023-07-07,1.33654,1.50866,0.78476,17.231609,4.9187,3.746981,7.8204,7.2492,15189.299805
2023-07-10,1.3278,1.49513,0.77888,17.14785,4.8709,3.7507,7.8273,7.2113,15128.0
2023-07-11,1.3274,1.49723,0.77732,17.0448,4.8982,3.746626,7.8282,7.2306,15216.0
2023-07-12,1.32277,1.49392,0.77311,17.0289,4.8515,3.746572,7.8268,7.2092,15156.799805
2023-07-13,1.31828,1.47215,0.76945,16.896429,4.8169,3.746173,7.82549,7.1653,14928.0
2023-07-14,1.31125,1.45167,0.7617,16.84663,4.7948,3.747361,7.8214,7.15,14954.0
2023-07-17,1.3225,1.46246,0.76393,16.738701,4.7881,3.7511,7.8147,7.1403,14951.0
2023-07-18,1.32015,1.468321,0.76501,16.713699,4.8058,3.746235,7.81397,7.1706,14982.5
2023-07-19,1.31662,1.46739,0.76716,16.75215,4.8093,3.745843,7.8139,7.1793,14986.0
2023-07-20,1.3163,1.477105,0.77281,16.71187,4.7899,3.74605,7.8084,7.2259,14992.0
2023-07-21,1.31742,1.47532,0.77686,16.8659,4.7969,3.746317,7.8137,7.1765,15051.5
2023-07-24,1.3224,1.486812,0.778,16.9743,4.7774,3.7505,7.81707,7.1779,15018.0
2023-07-25,1.31746,1.48522,0.78048,16.826099,4.7255,3.746,7.81347,7.1853,15021.5
2023-07-26,1.31871,1.473275,0.77556,16.926701,4.7489,3.745896,7.8112,7.1354,15032.0
2023-07-27,1.32046,1.47929,0.77356,16.86244,4.7362,3.74629,7.802,7.15,15007.0
2023-07-28,1.3227,1.4899,0.78163,16.847099,4.7416,3.747024,7.80294,7.1731,15095.0
2023-07-31,1.3251,1.50132,0.77797,16.680901,4.7233,3.7506,7.79647,7.1028,15088.0
2023-08-01,1.3192,1.4888,0.77918,16.7381,4.7247,3.747153,7.79792,7.0957,15104.0
2023-08-02,1.32685,1.51112,0.78151,16.873529,4.792,3.747649,7.7942,7.1765,15131.0
2023-08-03,1.33434,1.527884,0.78614,17.000799,4.8104,3.747353,7.80188,7.1904,15220.0
2023-08-04,1.33506,1.52411,0.78639,17.318199,4.9164,3.746884,7.8082,7.1628,15161.0
2023-08-07,1.3373,1.52121,0.78444,17.080999,4.8854,3.7511,7.8115,7.1312,15163.0
2023-08-08,1.33712,1.52147,0.78235,17.064699,4.899,3.746921,7.8074,7.1923,15232.0
2023-08-09,1.3425,1.531018,0.78483,17.1064,4.8986,3.746461,7.8141,7.2157,15207.200195
2023-08-10,1.34188,1.5298,0.78616,17.05929,4.9017,3.747369,7.82042,7.2086,15207.0
2023-08-11,1.34448,1.535509,0.78926,17.067699,4.8915,3.747416,7.8196,7.2147,15259.0
2023-08-14,1.34398,1.53955,0.78771,16.99399,4.911,3.7515,7.8176,7.1923,15317.0
2023-08-15,1.34588,1.541212,0.78832,17.0453,4.9621,3.746803,7.8193,7.2573,15347.0
2023-08-16,1.34901,1.54849,0.78732,17.12867,4.9832,3.746262,7.8241,7.2815,15311.5
2023-08-17,1.35366,1.55892,0.78566,17.144091,4.9869,3.745748,7.8313,7.297,15362.0
2023-08-18,1.35452,1.56082,0.7843,17.097879,4.9755,3.746193,7.8297,7.2804,15362.5
2023-08-21,1.35416,1.55892,0.78481,17.0261,4.9669,3.7497,7.83264,7.2807,15278.0
2023-08-22,1.3543,1.55907,0.78365,17.0128,4.9787,3.746157,7.839,7.198,15318.900391
2023-08-23,1.35501,1.555694,0.78545,16.90645,4.9371,3.746525,7.83788,7.2924,15317.0
2023-08-24,1.35237,1.54307,0.78613,16.7791,4.8551,3.746545,7.8408,7.1705,15294.099609
2023-08-25,1.35868,1.5591,0.7941,16.83061,4.8803,3.74687,7.8413,7.2765,15239.0
2023-08-28,1.3594,1.55843,0.7943,16.7188,4.8704,3.747767,7.84334,7.289,15288.0
2023-08-29,1.36011,1.55565,0.79295,16.785999,4.8726,3.746629,7.84591,7.2891,15255.5
2023-08-30,1.35589,1.54402,0.79134,16.786699,4.8513,3.746334,7.8462,7.2794,15196.5
2023-08-31,1.35353,1.5435,0.786671,16.75713,4.8884,3.746726,7.84586,7.2836,15216.0
2023-09-01,1.35097,1.54121,0.78909,16.99822,4.9538,3.746357,7.8424,7.2569,15231.0
2023-09-04,1.35945,1.5497,0.79419,17.073271,4.9763,3.698356,7.84559,7.1401,15233.0
2023-09-05,1.35987,1.548443,0.7922,17.176081,4.9362,3.74582,7.8357,7.2719,15227.0
2023-09-06,1.36389,1.56853,0.79551,17.382601,4.9667,3.746347,7.8416,7.3034,15298.0
2023-09-07,1.3639,1.566661,0.80008,17.578899,4.977,3.746253,7.8426,7.3159,15336.0
2023-09-08,1.36835,1.568037,0.8016,17.577299,4.9761,3.746296,7.83688,7.3278,15342.0
2023-09-11,1.3627,1.56299,0.800641,17.54314,4.983,3.7502,7.84042,7.2324,15318.0
2023-09-12,1.35787,1.554726,0.79944,17.281031,4.9294,3.746186,7.83186,7.288,15339.099609
2023-09-13,1.3551,1.55565,0.80053,17.2134,4.9466,3.746362,7.8274,7.2909,15350.200195
2023-09-14,1.35525,1.55724,0.80067,17.1306,4.9154,3.746226,7.8263,7.2688,15353.0
2023-09-15,1.35148,1.55463,0.80633,17.106359,4.8682,3.746213,7.8292,7.2759,15395.0
2023-09-18,1.35219,1.552674,0.80661,17.0474,4.867,3.746347,7.82545,7.2739,15346.0
2023-09-19,1.3487,1.552891,0.80751,17.116699,4.8537,3.746376,7.8182,7.2906,15377.0
2023-09-20,1.34427,1.546551,0.80687,17.064859,4.8658,3.746086,7.8209,7.2956,15384.5
2023-09-21,1.34767,1.553736,0.8111,17.092159,4.8788,3.746444,7.8238,7.286,15361.0
2023-09-22,1.34775,1.56016,0.81339,17.2111,4.9349,3.746524,7.821,7.3065,15400.5
2023-09-25,1.3477,1.552554,0.81687,17.173599,4.9339,3.746736,7.82041,7.2975,15368.0
2023-09-26,1.34504,1.557147,0.81879,17.384399,4.9683,3.746148,7.81636,7.3099,15405.0
2023-09-27,1.35196,1.564,0.82326,17.54501,4.9862,3.745855,7.8213,7.3107,15493.0
2023-09-28,1.3501,1.575399,0.82404,17.686951,5.0422,3.745943,7.82108,7.3081,15569.0
2023-09-29,1.3491,1.5557,0.81935,17.53894,5.0328,3.745752,7.82935,7.2999,15474.0
2023-10-02,1.35737,1.55347,0.82014,17.395399,5.0428,3.75,7.8316,7.1636,15448.0
2023-10-03,1.36763,1.57166,0.82705,17.6625,5.0615,3.745776,7.8319,7.1799,15516.0
2023-10-04,1.37091,1.585062,0.82792,18.009399,5.1663,3.745813,7.8326,7.1943,15622.0
2023-10-05,1.37442,1.580003,0.8239,17.9781,5.1546,3.745847,7.8288,7.2003,15591.0
2023-10-06,1.37057,1.5696,0.8205,18.278139,5.165,3.746001,7.8311,7.1977,15631.0
2023-10-09,1.36611,1.569366,0.81827,18.228001,5.1457,3.745562,7.83146,7.3005,15603.0
2023-10-10,1.35805,1.557414,0.8163,18.20768,5.1352,3.746141,7.8287,7.2904,15691.400391
2023-10-11,1.35836,1.55437,0.81358,17.934031,5.051,3.745816,7.81924,7.295,15718.5
2023-10-12,1.35945,1.558094,0.81193,17.83717,5.0496,3.746306,7.8197,7.2987,15693.0
2023-10-13,1.36838,1.58308,0.8208,17.97065,5.0459,3.746125,7.8238,7.3015,15739.0
2023-10-16,1.36443,1.584033,0.82279,18.049999,5.0482,3.74664,7.82331,7.1681,15676.0
2023-10-17,1.36144,1.577835,0.8189,17.907009,5.0376,3.746365,7.8175,7.3093,15675.0
2023-10-18,1.3653,1.57166,0.8211,18.001801,5.0374,3.74649,7.8243,7.3117,15728.200195
2023-10-19,1.37138,1.57918,0.82349,18.235201,5.0561,3.746074,7.82859,7.3135,15807.0
2023-10-20,1.37153,1.580528,0.82391,18.3085,5.0629,3.746255,7.82368,7.3112,15856.0
2023-10-23,1.3703,1.58218,0.8221,18.201099,5.0313,3.746918,7.82524,7.3154,15868.0
2023-10-24,1.36885,1.578108,0.81631,18.132299,5.0123,3.74652,7.82387,7.3141,15874.0
2023-10-25,1.37416,1.57208,0.82224,18.259069,4.991,3.746849,7.82355,7.309,15868.0
2023-10-26,1.38029,1.588058,0.82621,18.3274,4.9947,3.746439,7.8219,7.3157,15877.5
2023-10-27,1.3814,1.578283,0.82392,18.1362,4.9853,3.746527,7.8204,7.3149,15920.0
2023-10-30,1.38634,1.57756,0.82551,18.10549,4.95203,3.7509,7.82157,7.1587,15903.5
2023-10-31,1.38286,1.569612,0.82198,18.0481,5.0461,3.746862,7.8207,7.3121,15843.0
2023-11-01,1.38766,1.5773,0.8229,18.0467,5.0341,3.746581,7.82437,7.3155,15748.700195
2023-11-02,1.38344,1.557002,0.82087,17.76235,4.9537,3.746695,7.82219,7.3159,15900.0
2023-11-03,1.3747,1.555718,0.82022,17.527,4.9529,3.746851,7.82452,7.3141,15838.0
2023-11-06,1.36606,1.53448,0.80816,17.47213,4.8992,3.747395,7.82412,7.2985,15582.099609
2023-11-07,1.36973,1.54097,0.81001,17.535299,4.8841,3.745902,7.8209,7.2686,15570.0
2023-11-08,1.37685,1.555186,0.81355,17.4702,4.8715,3.746087,7.8197,7.2781,15643.599609
2023-11-09,1.37932,1.56111,0.814,17.5252,4.9093,3.746346,7.81466,7.2793,15616.0
2023-11-10,1.3807,1.571907,0.81853,17.78936,4.9339,3.74642,7.8089,7.2823,15713.700195
2023-11-13,1.37989,1.571191,0.81778,17.656401,4.893379,3.7505,7.81118,7.1818,15683.0
2023-11-14,1.38015,1.567152,0.81429,17.6001,4.9062,3.746109,7.8086,7.289,15667.0
2023-11-15,1.36994,1.5385,0.80035,17.3325,4.8645,3.746255,7.80532,7.2521,15281.0
2023-11-16,1.36834,1.535744,0.805,17.296169,4.8609,3.745765,7.80707,7.2458,15487.799805
2023-11-17,1.37521,1.5454,0.80548,17.2258,4.8622,3.745568,7.80236,7.241,15475.0
2023-11-20,1.3719,1.53525,0.80292,17.219681,4.819177,3.747026,7.79543,7.2097,15399.400391
2023-11-21,1.37241,1.523461,0.79942,17.110741,4.8518,3.746015,7.79229,7.1675,15382.099609
2023-11-22,1.3701,1.5246,0.79718,17.1896,4.8993,3.745979,7.7956,7.0869,15501.299805
2023-11-23,1.36925,1.5284,0.80064,17.19519,4.9055,3.746001,7.7965,7.1542,15612.799805
2023-11-24,1.3695,1.524367,0.79786,17.186501,4.9025,3.745931,7.7983,7.0858,15495.0
2023-11-27,1.36305,1.519457,0.79363,17.113859,4.9009,3.745878,7.7917,7.0819,15560.0
2023-11-28,1.3607,1.512287,0.79149,17.1586,4.8955,3.746123,7.78869,7.1303,15466.5
2023-11-29,1.3563,1.501727,0.78664,17.121,4.8698,3.746089,7.79451,7.0638,15259.0
2023-11-30,1.35902,1.5108,0.787625,17.282801,4.9041,3.74681,7.8041,7.0789,15407.0
2023-12-01,1.35565,1.513592,0.79166,17.376301,4.9231,3.746585,7.81026,7.0754,15549.299805
2023-12-04,1.34887,1.49636,0.78659,17.188761,4.902159,3.7507,7.81408,7.0618,15437.400391
2023-12-05,1.3539,1.511236,0.79151,17.4541,4.9431,3.746602,7.81553,7.1352,15519.900391
2023-12-06,1.3591,1.525623,0.794,17.358299,4.9277,3.745871,7.8191,7.1456,15457.0
2023-12-07,1.35918,1.526391,0.79626,17.28746,4.9012,3.744486,7.81077,7.1446,15480.0
2023-12-08,1.35986,1.51642,0.79431,17.47205,4.9101,3.747269,7.8115,7.1488,15500.0
2023-12-11,1.35808,1.519803,0.79651,17.347099,4.893286,3.7502,7.80946,7.1266,15560.200195
2023-12-12,1.3578,1.523229,0.79652,17.3699,4.9367,3.745866,7.8062,7.1742,15647.0
2023-12-13,1.3585,1.523322,0.7955,17.303761,4.9645,3.745977,7.8095,7.176,15569.0
2023-12-14,1.35081,1.500375,0.79221,17.26226,4.9184,3.747475,7.8114,7.1717,15275.0
2023-12-15,1.3407,1.49194,0.783,17.19038,4.9146,3.746794,7.8069,7.067,15468.0
2023-12-18,1.33816,1.49278,0.78912,17.221201,4.919657,3.7508,7.8023,7.0705,15282.799805
2023-12-19,1.33978,1.49171,0.7904,17.162701,4.8959,3.746647,7.7951,7.132,15454.400391
2023-12-20,1.33342,1.478634,0.78538,17.059799,4.8665,3.746505,7.7996,7.0676,15455.0
2023-12-21,1.33582,1.48372,0.79106,17.133169,4.9146,3.746265,7.80686,7.1341,15518.0
2023-12-22,1.32839,1.47128,0.788333,17.031269,4.8818,3.746724,7.80956,7.1385,15440.0
2023-12-25,1.32568,1.46869,0.78883,16.978371,4.869844,3.7504,7.80988,7.0833,15409.200195
2023-12-26,1.325,1.46929,0.7871,16.975201,4.869744,3.7494,7.8099,7.1355,15460.0
2023-12-27,1.31952,1.465459,0.78572,16.9736,4.8135,3.7503,7.8068,7.1424,15400.0
2023-12-28,1.3202,1.458853,0.7812,16.913601,4.8261,3.745673,7.8099,7.1402,15373.0
2023-12-29,1.32296,1.464922,0.7853,16.9512,4.8502,3.745219,7.8118,7.107,15425.0
2024-01-01,1.32392,1.46617,0.785546,16.96344,4.8505,3.74547,7.808,7.0686,15383.099609
2024-01-02,1.3242,1.46832,0.78562,16.962509,4.8524,3.7495,7.80966,7.0686,15383.0
2024-01-03,1.3322,1.478044,0.7922,17.0194,4.9225,3.745316,7.81493,7.0896,15498.0
2024-01-04,1.33477,1.48456,0.789,17.01215,4.9192,3.745818,7.8075,7.0989,15555.0
2024-01-05,1.3355,1.49107,0.78839,17.0086,4.8956,3.74595,7.8091,7.11,15511.0
2024-01-08,1.33598,1.48889,0.7863,16.880939,4.860667,3.7498,7.81124,7.0925,15477.5
2024-01-09,1.3349,1.488095,0.78461,16.8337,4.869,3.74554,7.806,7.09,15495.5
2024-01-10,1.33892,1.495953,0.7866,16.96666,4.9051,3.745381,7.81582,7.1016,15534.5
2024-01-11,1.33785,1.491647,0.78461,16.981661,4.8914,3.745295,7.8199,7.1704,15555.0
2024-01-12,1.33799,1.492872,0.78261,16.90156,4.8697,3.745524,7.8178,7.1031,15556.5
2024-01-15,1.34094,1.49497,0.78514,16.86907,4.8529,3.746162,7.81997,7.1006,15503.200195
2024-01-16,1.34358,1.503669,0.7864,16.8848,4.8622,3.745514,7.82272,7.097,15546.0
2024-01-17,1.349,1.517704,0.79123,17.197901,4.9249,3.745597,7.8263,7.1165,15625.0
2024-01-18,1.35028,1.526252,0.78884,17.1926,4.934,3.745639,7.82249,7.1145,15624.0
2024-01-19,1.34862,1.5191,0.78679,17.16836,4.9261,3.745972,7.82131,7.115,15613.099609
2024-01-22,1.34316,1.51619,0.78741,17.093149,4.904642,3.7501,7.81706,7.1071,15601.0
2024-01-23,1.34779,1.521931,0.78697,17.1747,4.9883,3.745788,7.81744,7.1927,15655.5
2024-01-24,1.3456,1.518303,0.7879,17.306061,4.9522,3.74571,7.822,7.0776,15715.0
2024-01-25,1.35254,1.52052,0.78624,17.234159,4.9325,3.745573,7.8177,7.082,15714.5
2024-01-26,1.34777,1.5184,0.78689,17.189501,4.9158,3.745148,7.8184,7.0811,15808.0
2024-01-29,1.3454,1.52008,0.78755,17.168619,4.9136,3.745865,7.81312,7.0866,15767.599609
2024-01-30,1.34114,1.5119,0.78658,17.219561,4.9502,3.745458,7.8138,7.0845,15828.0
2024-01-31,1.34017,1.516346,0.78768,17.15271,4.9503,3.745363,7.817,7.0941,15785.0
2024-02-01,1.34355,1.52404,0.78874,17.217529,4.9519,3.745505,7.8175,7.1007,15769.0
2024-02-02,1.3383,1.520936,0.78448,17.067499,4.915,3.745585,7.8201,7.0885,15726.0
2024-02-05,1.34701,1.53726,0.79227,17.15069,4.932938,3.7496,7.82134,7.1126,15727.200195
2024-02-06,1.3543,1.54314,0.7978,17.1091,4.949943,3.745833,7.8216,7.1085,15711.5
2024-02-07,1.34893,1.53147,0.79324,17.028,4.9623,3.745584,7.82223,7.1001,15733.0
2024-02-08,1.3464,1.5333,0.79193,17.045401,4.9693,3.745609,7.8191,7.1011,15647.0
2024-02-09,1.346,1.53903,0.79236,17.131701,4.9919,3.745581,7.8213,7.107,15660.299805
2024-02-12,1.34578,1.53243,0.79131,17.07543,4.9531,3.745607,7.81958,7.179,15598.0
2024-02-13,1.34553,1.531652,0.79192,17.06776,4.9522,3.74562,7.81768,7.1922,15579.5
2024-02-14,1.35658,1.549571,0.79424,17.202009,4.952,3.745559,7.81936,7.1887,15661.5
2024-02-15,1.35387,1.538746,0.79565,17.075199,4.9683,3.745696,7.81811,7.1759,15553.099609
2024-02-16,1.34653,1.53245,0.7937,17.040171,4.9724,3.745121,7.82003,7.1639,15672.0
2024-02-19,1.34778,1.52954,0.79295,17.042931,4.9651,3.745807,7.8206,7.1186,15628.599609
2024-02-20,1.3498,1.53121,0.79443,17.034201,4.9564,3.745802,7.8209,7.1972,15634.0
2024-02-21,1.35219,1.525902,0.79193,17.059799,4.9264,3.745594,7.82091,7.1897,15661.0
2024-02-22,1.3497,1.525972,0.79126,17.0331,4.9349,3.745289,7.82065,7.1881,15642.0
2024-02-23,1.34814,1.524599,0.78966,17.10734,4.9624,3.746291,7.8225,7.1933,15588.0
2024-02-26,1.35072,1.52314,0.7891,17.11393,4.9935,3.745834,7.82394,7.1944,15586.099609
2024-02-27,1.35013,1.529146,0.78836,17.081699,4.9789,3.745691,7.82422,7.1963,15638.5
2024-02-28,1.35317,1.528141,0.78854,17.066959,4.9324,3.745775,7.8245,7.1974,15653.0
2024-02-29,1.35775,1.539717,0.7897,17.087299,4.9673,3.74616,7.8278,7.196,15712.200195
2024-03-01,1.35737,1.53884,0.79205,17.05006,4.9698,3.745604,7.82839,7.1872,15704.0
2024-03-04,1.35524,1.53189,0.78987,17.009371,4.9527,3.745639,7.8283,7.1958,15691.900391
2024-03-05,1.3572,1.53666,0.7879,16.95507,4.9449,3.745803,7.8249,7.1989,15766.0
2024-03-06,1.359,1.537539,0.7871,16.9321,4.9571,3.745813,7.82438,7.196,15751.5
2024-03-07,1.35127,1.522928,0.78521,16.8678,4.9436,3.745768,7.824,7.1959,15668.0
2024-03-08,1.3452,1.510277,0.7803,16.8647,4.9338,3.746073,7.8204,7.1923,15621.0
2024-03-11,1.34845,1.50959,0.7779,16.803619,4.97754,3.746482,7.82036,7.1852,15536.299805
2024-03-12,1.34775,1.5116,0.780043,16.798969,4.9774,3.746201,7.8214,7.1838,15518.0
2024-03-13,1.34931,1.513478,0.7815,16.7843,4.9687,3.746185,7.82404,7.181,15546.0
2024-03-14,1.34663,1.508842,0.78112,16.669331,4.9692,3.745913,7.82308,7.1866,15574.0
2024-03-15,1.35377,1.519919,0.78457,16.70186,4.9927,3.745762,7.82204,7.1922,15630.0
2024-03-18,1.35461,1.52486,0.78546,16.7204,4.968047,3.7497,7.82182,7.195,15639.299805
2024-03-19,1.35348,1.52497,0.78572,16.83086,5.0294,3.745493,7.81943,7.1972,15743.0
2024-03-20,1.35731,1.532238,0.7862,16.7999,5.03,3.745692,7.8227,7.198,15718.0
2024-03-21,1.34719,1.515657,0.78135,16.6677,4.9662,3.745792,7.823,7.1976,15687.0
2024-03-22,1.3527,1.5211,0.78977,16.726801,4.9745,3.745654,7.8208,7.1982,15723.5
2024-03-25,1.36115,1.53473,0.79378,16.758301,5.0009,3.746232,7.82144,7.2281,15802.599609
2024-03-26,1.35846,1.52931,0.79127,16.6707,4.9722,3.746055,7.82142,7.2084,15784.0
2024-03-27,1.3581,1.52929,0.79186,16.631599,4.9757,3.745938,7.82297,7.2177,15828.0
2024-03-28,1.3586,1.533272,0.7926,16.550699,4.9903,3.746052,7.8235,7.2258,15877.0
2024-03-29,1.3536,1.5345,0.792,16.60284,5.0141,3.746946,7.8257,7.2265,15877.0
2024-04-01,1.35219,1.53069,0.79131,16.55545,5.0132,3.750202,7.82551,7.2203,15848.0
2024-04-02,1.35737,1.54133,0.7971,16.608801,5.0536,3.7506,7.8252,7.2297,15945.799805
2024-04-03,1.35643,1.535061,0.79511,16.5499,5.0644,3.745996,7.8284,7.2324,15955.0
2024-04-04,1.35238,1.522302,0.7904,16.527,5.0386,3.746257,7.82848,7.2344,15936.0
2024-04-05,1.35445,1.51798,0.791127,16.5732,5.0574,3.746309,7.8292,7.2339,15904.5
2024-04-08,1.36041,1.52202,0.79206,16.452,5.0549,3.7505,7.82858,7.2314,15881.0
2024-04-09,1.35708,1.514005,0.78997,16.314301,5.0239,3.746185,7.8317,7.2297,15918.0
2024-04-10,1.35729,1.508637,0.78879,16.38331,5.0076,3.746029,7.83049,7.2307,15892.299805
2024-04-11,1.3687,1.536759,0.7976,16.452499,5.0662,3.746358,7.8353,7.2315,15998.200195
2024-04-12,1.36869,1.52891,0.79651,16.4261,5.0904,3.746487,7.8378,7.2359,16007.0
2024-04-15,1.3758,1.54421,0.80245,16.61108,5.1171,3.7507,7.83728,7.2356,16111.0
2024-04-16,1.37863,1.552192,0.80338,16.694401,5.1837,3.746389,7.8289,7.237,16075.0
2024-04-17,1.38188,1.559381,0.80444,17.03334,5.2855,3.746434,7.83192,7.2362,16312.200195
2024-04-18,1.37718,1.55284,0.80297,16.956301,5.2326,3.746357,7.83009,7.2374,16246.0
2024-04-19,1.37693,1.556493,0.80401,17.074961,5.2417,3.746465,7.8315,7.2367,16220.0
2024-04-22,1.3739,1.55618,0.80803,17.091999,5.2062,3.7508,7.83171,7.2394,16210.299805
2024-04-23,1.37005,1.5497,0.8097,17.13698,5.1657,3.746117,7.83559,7.2425,16246.0
2024-04-24,1.36606,1.541093,0.803,16.9492,5.1305,3.746023,7.8342,7.2445,16140.200195
2024-04-25,1.37042,1.539172,0.8026,17.070101,5.1455,3.746142,7.8307,7.2442,16220.0
2024-04-26,1.3658,1.53299,0.79942,17.201811,5.1586,3.745812,7.8277,7.2386,16202.0
2024-04-29,1.36559,1.528725,0.79933,17.164049,5.1155,3.745775,7.82887,7.2446,16203.0
2024-04-30,1.36667,1.523949,0.79619,17.01156,5.117,3.745982,7.8255,7.2377,16246.0
2024-05-01,1.3777,1.543686,0.80063,17.14992,5.1939,3.745864,7.8236,7.2407,16273.0
2024-05-02,1.3723,1.530948,0.79749,16.9286,5.1944,3.746023,7.82177,7.2399,16190.400391
2024-05-03,1.36662,1.521746,0.79741,16.9617,5.1103,3.745748,7.81388,7.2384,16097.0
2024-05-06,1.36915,1.51307,0.79738,16.980261,5.0709,3.75,7.80997,7.2362,16077.0
2024-05-07,1.36709,1.50968,0.79619,16.883341,5.0749,3.745977,7.81826,7.208,16034.0
2024-05-08,1.37332,1.517635,0.79991,16.90406,5.0733,3.745831,7.82061,7.2184,16073.0
2024-05-09,1.37272,1.520496,0.80043,16.91601,5.0879,3.745802,7.8166,7.2238,16074.0
2024-05-10,1.36778,1.510346,0.79836,16.779499,5.1408,3.745756,7.8141,7.2187,16030.0
2024-05-13,1.3677,1.51492,0.79854,16.7672,5.12326,3.7499,7.815,7.2258,16038.0
2024-05-14,1.36657,1.5122,0.79606,16.783199,5.1542,3.745853,7.8124,7.2323,16121.0
2024-05-15,1.36528,1.5092,0.79458,16.84416,5.1278,3.745747,7.8116,7.2323,16102.0
2024-05-16,1.3597,1.4923,0.78802,16.681061,5.1336,3.74581,7.80755,7.2177,15914.0
2024-05-17,1.36146,1.4963,0.789141,16.67816,5.1286,3.745871,7.80127,7.217,15930.799805
2024-05-20,1.36079,1.49238,0.787,16.5863,5.102,3.7499,7.80225,7.2227,15958.0
2024-05-21,1.3621,1.49878,0.78673,16.55257,5.1031,3.745822,7.7987,7.2317,16031.0
2024-05-22,1.36403,1.499903,0.7867,16.6066,5.1219,3.745907,7.80452,7.2376,16005.0
2024-05-23,1.3689,1.51076,0.7861,16.661631,5.1511,3.74567,7.80382,7.2403,16040.700195
2024-05-24,1.37321,1.51481,0.78777,16.73037,5.1431,3.745625,7.80851,7.2415,16095.0
2024-05-27,1.3666,1.50966,0.78517,16.6738,5.1698,3.75,7.8122,7.2415,16038.0
2024-05-28,1.36289,1.50249,0.78294,16.662359,5.1717,3.745776,7.80682,7.2415,16071.0
2024-05-29,1.3646,1.504212,0.7838,16.781401,5.1613,3.745958,7.81111,7.245,16117.0
2024-05-30,1.3717,1.512013,0.787526,17.01758,5.2021,3.746088,7.81357,7.2494,16232.099609
2024-05-31,1.36833,1.508227,0.78552,17.005819,5.2021,3.74614,7.8172,7.2335,16228.0
2024-06-03,1.36189,1.5022,0.7847,16.972601,5.2444,3.746417,7.8197,7.241,16243.0
2024-06-04,1.36287,1.49475,0.78063,17.70043,5.249,3.746018,7.8199,7.242,16203.0
2024-06-05,1.36762,1.504619,0.7829,17.811911,5.2877,3.745875,7.8139,7.242,16276.0
2024-06-06,1.369,1.502,0.78157,17.5035,5.3004,3.745712,7.81,7.2467,16315.0
2024-06-07,1.36682,1.49934,0.78166,17.879959,5.2571,3.745846,7.80932,7.2441,16241.700195
2024-06-10,1.3759,1.51913,0.78558,18.32585,5.270441,3.745905,7.8116,7.2468,16270.0
2024-06-11,1.37612,1.5131,0.78577,18.57221,5.3528,3.74539,7.8119,7.2468,16312.0
2024-06-12,1.37549,1.513386,0.7849,18.58062,5.3649,3.745746,7.81192,7.2467,16305.400391
2024-06-13,1.37219,1.500848,0.78148,18.754141,5.401,3.74635,7.8083,7.2381,16230.0
2024-06-14,1.3741,1.50759,0.784,18.41518,5.3616,3.746892,7.81036,7.2516,16286.0
2024-06-17,1.3733,1.5122,0.78845,18.455799,5.3572,3.751,7.81195,7.2543,16479.900391
2024-06-18,1.37133,1.5101,0.786411,18.520901,5.424,3.747462,7.8105,7.255,16479.0
2024-06-19,1.37162,1.501231,0.78694,18.399099,5.4399,3.747056,7.80736,7.2527,16379.0
2024-06-20,1.37058,1.49806,0.78604,18.427441,5.4224,3.746708,7.80613,7.2563,16380.900391
2024-06-21,1.36847,1.501344,0.78986,18.342381,5.4524,3.746811,7.80481,7.2591,16491.900391
2024-06-24,1.37013,1.507159,0.7912,18.129789,5.426126,3.677501,7.8033,7.2592,16443.0
2024-06-25,1.36579,1.50272,0.78843,17.944719,5.3893,3.746931,7.808,7.2577,16394.099609
2024-06-26,1.36611,1.504936,0.788395,18.1113,5.4507,3.747328,7.8089,7.2614,16401.0
2024-06-27,1.37045,1.50494,0.79228,18.301001,5.5225,3.746921,7.8087,7.2635,16434.0
2024-06-28,1.36993,1.503624,0.79078,18.42977,5.5005,3.746614,7.809,7.2672,16374.400391
2024-07-01,1.36727,1.49835,0.7906,18.265301,5.5919,3.747065,7.80863,7.2658,16343.0
2024-07-02,1.37378,1.50272,0.79078,18.3664,5.655,3.747113,7.81226,7.2669,16390.0
2024-07-03,1.36768,1.499633,0.788,18.252199,5.6755,3.746918,7.8135,7.2694,16391.0
2024-07-04,1.36333,1.490113,0.78445,18.17436,5.5554,3.746699,7.8084,7.2686,16340.0
2024-07-05,1.36152,1.48697,0.78396,18.0804,5.4864,3.746279,7.8091,7.2658,16328.5
2024-07-08,1.3638,1.48223,0.780853,18.08828,5.47129,3.7508,7.81263,7.2678,16245.0
2024-07-09,1.36295,1.482975,0.7803,17.9736,5.4704,3.746251,7.80983,7.2671,16277.200195
2024-07-10,1.363,1.48335,0.782,17.89534,5.4171,3.746047,7.8118,7.2717,16277.0
2024-07-11,1.36172,1.481087,0.77805,17.836531,5.4147,3.7461,7.8108,7.2745,16198.0
2024-07-12,1.36244,1.477432,0.77377,17.75326,5.438,3.746055,7.80746,7.2548,16104.0
2024-07-15,1.3646,1.476669,0.7712,17.69873,5.4228,3.7501,7.80735,7.2494,16108.0
2024-07-16,1.3676,1.478568,0.77101,17.715799,5.4468,3.746151,7.8069,7.2589,16195.0
2024-07-17,1.36695,1.485443,0.770553,17.650419,5.4243,3.746142,7.80747,7.2606,16173.0
2024-07-18,1.36787,1.48573,0.76879,17.7202,5.4877,3.746213,7.8067,7.2594,16138.0
2024-07-19,1.3702,1.491313,0.7721,17.9585,5.5432,3.746261,7.81,7.2589,16185.0
2024-07-22,1.3707,1.49336,0.77321,17.970619,5.520872,3.7503,7.80945,7.269,16206.0
2024-07-23,1.37612,1.506,0.77325,17.930599,5.5707,3.746581,7.8067,7.2727,16220.200195
2024-07-24,1.37858,1.51238,0.7751,18.163151,5.5853,3.746556,7.8077,7.2743,16222.0
2024-07-25,1.38103,1.520959,0.7752,18.360319,5.6536,3.746748,7.8088,7.2612,16246.0
2024-07-26,1.38193,1.528351,0.7778,18.439899,5.6431,3.746964,7.8067,7.2301,16337.799805
2024-07-29,1.3828,1.525553,0.7771,18.427299,5.622841,3.746027,7.8067,7.2501,16283.0
2024-07-30,1.38558,1.52639,0.77758,18.6409,5.6145,3.746852,7.8103,7.2583,16301.700195
2024-07-31,1.38496,1.528701,0.779,18.7528,5.6111,3.746845,7.81259,7.2507,16328.5
2024-08-01,1.38083,1.527417,0.77802,18.640039,5.6566,3.747205,7.8128,7.2172,16255.0
2024-08-02,1.38806,1.53967,0.78561,18.9238,5.7506,3.747948,7.8142,7.2428,16281.0
2024-08-05,1.38831,1.53912,0.78199,19.528431,5.7267,3.749347,7.80497,7.1572,16012.0
2024-08-06,1.38053,1.534802,0.78194,19.195021,5.7209,3.749481,7.7929,7.1202,16208.0
2024-08-07,1.37865,1.534919,0.78835,19.58378,5.6555,3.750034,7.7947,7.1563,16152.299805
2024-08-08,1.37547,1.53469,0.78862,19.334709,5.6358,3.749259,7.7922,7.1803,16023.0
2024-08-09,1.37354,1.51699,0.78447,18.86027,5.5461,3.748203,7.79384,7.1737,15979.0
2024-08-12,1.37359,1.52212,0.78429,18.822189,5.5063,3.749027,7.7984,7.1663,15918.0
2024-08-13,1.37423,1.51853,0.78301,19.059799,5.4919,3.749142,7.79154,7.174,15949.099609
2024-08-14,1.37091,1.506342,0.7772,18.998079,5.4557,3.749648,7.7887,7.1529,15749.0
2024-08-15,1.37157,1.51515,0.7795,18.811701,5.4689,3.748428,7.7916,7.1373,15619.5
2024-08-16,1.37336,1.51229,0.77764,18.6362,5.4849,3.748059,7.7969,7.1734,15755.0
2024-08-19,1.36783,1.49858,0.77237,18.62586,5.4713,3.748056,7.7942,7.164,15683.0
2024-08-20,1.363,1.48471,0.7698,18.66511,5.4056,3.747756,7.78893,7.1405,15523.0
2024-08-21,1.36173,1.48208,0.76714,19.00985,5.4781,3.747703,7.7883,7.132,15442.0
2024-08-22,1.35833,1.481547,0.76374,19.27713,5.4825,3.747434,7.79264,7.1318,15484.0
2024-08-23,1.36034,1.490713,0.76349,19.4902,5.5909,3.747616,7.7968,7.1444,15728.5
2024-08-26,1.3508,1.47323,0.75685,19.21225,5.4854,3.7516,7.7969,7.124,15377.200195
2024-08-27,1.34821,1.47647,0.75805,19.3745,5.4957,3.747739,7.7968,7.1181,15462.599609
2024-08-28,1.34477,1.47321,0.75429,19.7708,5.5079,3.747687,7.8018,7.1231,15467.099609
2024-08-29,1.3477,1.474252,0.75794,19.6644,5.5622,3.747956,7.80002,7.1243,15440.0
2024-08-30,1.34891,1.471497,0.75952,19.8342,5.6277,3.747845,7.79686,7.0955,15444.799805
2024-09-02,1.3489,1.477541,0.7617,19.6998,5.6092,3.747839,7.79769,7.0921,15525.0
2024-09-03,1.34973,1.47334,0.76092,19.836399,5.6151,3.748034,7.79637,7.1166,15520.099609
2024-09-04,1.35434,1.489425,0.76254,19.795401,5.6475,3.747974,7.7983,7.1204,15532.900391
2024-09-05,1.35081,1.48894,0.76076,19.94875,5.642,3.748895,7.7957,7.1119,15444.400391
2024-09-06,1.35001,1.483569,0.75887,19.88138,5.5675,3.74918,7.79358,7.0913,15417.0
2024-09-09,1.35621,1.49907,0.76142,19.940201,5.5966,3.749284,7.79539,7.0879,15405.0
2024-09-10,1.3564,1.50198,0.76503,19.891371,5.5843,3.748403,7.7965,7.1136,15456.799805
2024-09-11,1.36096,1.503014,0.76451,20.089411,5.6629,3.74755,7.7972,7.1208,15489.0
2024-09-12,1.35784,1.497679,0.7669,19.7959,5.6674,3.74819,7.79751,7.1197,15437.0
2024-09-13,1.35758,1.486569,0.76148,19.5208,5.6257,3.748386,7.80252,7.1166,15418.700195
2024-09-16,1.35777,1.48947,0.761151,19.152201,5.61237,3.7526,7.7982,7.0927,15393.0
2024-09-17,1.35863,1.481065,0.75696,19.205601,5.5039,3.748708,7.7923,7.0925,15385.0
2024-09-18,1.35921,1.4787,0.75945,19.11553,5.4817,3.748904,7.7937,7.0925,15345.0
2024-09-19,1.36107,1.478481,0.75751,19.243271,5.461,3.748477,7.7937,7.081,15300.200195
2024-09-20,1.35627,1.46852,0.75291,19.299999,5.4239,3.748068,7.79394,7.067,15197.599609
2024-09-23,1.35642,1.46843,0.75109,19.37656,5.5136,3.747973,7.7909,7.0509,15154.0
2024-09-24,1.35295,1.46325,0.74907,19.4154,5.5361,3.747508,7.7865,7.0513,15174.099609
2024-09-25,1.3421,1.448142,0.74475,19.308201,5.4497,3.747195,7.78254,7.0302,15121.099609
2024-09-26,1.34822,1.465932,0.750988,19.6366,5.4738,3.747462,7.7863,7.0323,15201.5
2024-09-27,1.34757,1.450789,0.7455,19.615919,5.4367,3.746505,7.77938,7.009,15070.0
2024-09-30,1.35088,1.44534,0.7472,19.630501,5.4332,3.746685,7.77328,7.0103,15118.0
2024-10-01,1.35272,1.445964,0.7476,19.663601,5.4485,3.746943,7.7741,7.0175,15170.599609
2024-10-02,1.34946,1.45349,0.75335,19.62644,5.424,3.747391,7.77168,7.0304,15260.599609
2024-10-03,1.35049,1.45199,0.7538,19.408199,5.4403,3.748314,7.76267,7.0377,15324.0
2024-10-04,1.35482,1.45979,0.7616,19.335501,5.4763,3.750215,7.76538,7.0451,15457.0
2024-10-07,1.35792,1.47046,0.76189,19.27668,5.4543,3.751825,7.7666,7.0175,15650.0
2024-10-08,1.3618,1.480166,0.76425,19.289671,5.4942,3.751399,7.76609,7.0191,15744.0
2024-10-09,1.3652,1.483768,0.76366,19.3454,5.5347,3.750034,7.7747,7.0578,15682.400391
2024-10-10,1.37093,1.488671,0.76521,19.467449,5.5961,3.750354,7.7726,7.0801,15664.599609
2024-10-11,1.37457,1.48346,0.76557,19.4384,5.5817,3.750412,7.76956,7.0801,15670.900391
2024-10-14,1.37812,1.48564,0.76634,19.29954,5.6106,3.749443,7.77224,7.0652,15562.0
2024-10-15,1.38029,1.486768,0.76526,19.425949,5.5947,3.750126,7.76268,7.0872,15573.0
2024-10-16,1.37811,1.49654,0.76535,19.695101,5.652,3.749472,7.7678,7.1178,15578.599609
2024-10-17,1.3755,1.5004,0.76981,19.898701,5.668,3.751359,7.77047,7.1184,15583.900391
2024-10-18,1.37957,1.4926,0.7683,19.816811,5.6518,3.751396,7.7736,7.123,15493.0
2024-10-21,1.37996,1.4888,0.76613,19.868561,5.6359,3.751495,7.76994,7.1008,15467.0
2024-10-22,1.38335,1.50306,0.77024,19.9608,5.6881,3.751699,7.7737,7.118,15556.0
2024-10-23,1.38162,1.495663,0.77025,19.936199,5.6893,3.750955,7.7721,7.1217,15586.0
2024-10-24,1.38367,1.506932,0.77437,19.83246,5.6865,3.75065,7.7694,7.1253,15663.0
2024-10-25,1.38533,1.5067,0.77081,19.814199,5.664,3.751467,7.77016,7.1187,15621.5
2024-10-28,1.38956,1.51437,0.77171,19.946569,5.685813,3.751249,7.77073,7.1201,15688.099609
2024-10-29,1.38898,1.51914,0.77073,20.02874,5.7102,3.750727,7.7719,7.1275,15747.0
2024-10-30,1.39128,1.523693,0.7684,20.05378,5.76,3.751034,7.7711,7.1301,15768.0
2024-10-31,1.3908,1.521422,0.77163,20.16394,5.7623,3.751076,7.77132,7.1148,15695.5
2024-11-01,1.39352,1.520496,0.77533,20.05069,5.7894,3.7508,7.77378,7.1185,15713.0
2024-11-04,1.39188,1.51701,0.771998,20.08182,5.677526,3.7549,7.77619,7.1217,15842.0
2024-11-05,1.39007,1.51881,0.77193,20.093901,5.7906,3.751189,7.7727,7.0978,15790.0
2024-11-06,1.3833,1.505684,0.76666,20.131599,5.7398,3.752053,7.77142,7.1022,15665.0
2024-11-07,1.39482,1.522765,0.7762,20.167009,5.6748,3.752003,7.77603,7.1769,15818.200195
2024-11-08,1.38673,1.49772,0.77028,19.79357,5.691,3.751516,7.771,7.1412,15558.0
2024-11-11,1.39078,1.5187,0.77417,20.1376,5.7364,3.751324,7.77484,7.1782,15647.200195
2024-11-12,1.39215,1.52031,0.7767,20.3395,5.7554,3.75129,7.7759,7.2111,15765.0
2024-11-13,1.39455,1.531534,0.78498,20.582701,5.7482,3.752772,7.7782,7.2316,15788.900391
2024-11-14,1.39927,1.54019,0.78698,20.5184,5.8059,3.752816,7.78114,7.2235,15847.200195
2024-11-15,1.40615,1.549067,0.7894,20.438601,5.7883,3.751796,7.78142,7.2292,15933.299805
2024-11-18,1.40859,1.54717,0.79254,20.356171,5.7946,3.751388,7.78635,7.231,15891.299805
2024-11-19,1.40224,1.537066,0.78869,20.213289,5.7464,3.749375,7.78352,7.2354,15806.099609
2024-11-20,1.3955,1.528701,0.78774,20.10972,5.7718,3.749393,7.78331,7.2381,15817.099609
2024-11-21,1.3968,1.535155,0.79018,20.27462,5.7707,3.749573,7.783,7.244,15913.0
2024-11-22,1.398,1.53603,0.79461,20.41412,5.8141,3.749457,7.7828,7.2337,15816.900391
2024-11-25,1.39328,1.52908,0.79404,20.35084,5.7993,3.749562,7.78316,7.242,15940.0
2024-11-26,1.40984,1.547078,0.79789,20.580469,5.7972,3.750263,7.78232,7.2395,15901.200195
2024-11-27,1.40531,1.54436,0.7953,20.6525,5.8096,3.752229,7.7827,7.252,15930.0
2024-11-28,1.40263,1.53912,0.78879,20.598169,5.9374,3.751674,7.78103,7.2462,15863.5
2024-11-29,1.40072,1.536712,0.7876,20.436199,6.0139,3.751828,7.7836,7.2429,15878.0
2024-12-02,1.40126,1.53789,0.7873,20.378611,5.9732,3.752233,7.78152,7.2407,15829.0
2024-12-03,1.4043,1.54433,0.78998,20.4069,6.0568,3.752274,7.78137,7.2709,15910.0
2024-12-04,1.40659,1.5419,0.789,20.3039,6.0431,3.752659,7.783,7.2838,15940.0
2024-12-05,1.40731,1.5545,0.78733,20.30864,6.0388,3.752585,7.7843,7.263,15906.599609
2024-12-06,1.40215,1.550412,0.78374,20.191799,6.0103,3.751641,7.78159,7.2592,15839.799805
2024-12-09,1.41478,1.56252,0.784357,20.1709,6.0883,3.7559,7.77978,7.2693,15825.799805
2024-12-10,1.4172,1.5533,0.78437,20.245899,6.0766,3.751777,7.77424,7.2595,15864.0
2024-12-11,1.41744,1.568381,0.78247,20.160761,6.0453,3.752814,7.77407,7.2487,15908.0
2024-12-12,1.41489,1.56644,0.78331,20.114201,5.9527,3.753226,7.77475,7.2611,15963.0
2024-12-13,1.42172,1.568627,0.78881,20.191099,5.9961,3.753098,7.7751,7.2676,15967.400391
2024-12-16,1.42259,1.57057,0.79193,20.105419,6.0409,3.7569,7.77532,7.2751,16025.799805
2024-12-17,1.42347,1.568283,0.788,20.13382,6.1473,3.752659,7.77422,7.2824,15955.0
2024-12-18,1.43097,1.577,0.78673,20.17375,6.1032,3.752627,7.7703,7.2846,15926.200195
2024-12-19,1.4461,1.611292,0.79569,20.374701,6.2889,3.752191,7.7716,7.2854,16145.299805
2024-12-20,1.44031,1.604107,0.80013,20.334,6.1516,3.753136,7.77,7.2954,15981.299805
2024-12-23,1.43613,1.59926,0.79555,20.063431,6.0842,3.75148,7.77276,7.2954,16159.299805
2024-12-24,1.43742,1.6013,0.7978,20.1693,6.1939,3.751529,7.7698,7.297,16217.599609
2024-12-25,1.4362,1.6028,0.7977,20.153799,6.1756,3.748527,7.7674,7.2946,15970.799805
2024-12-26,1.43536,1.60139,0.79721,20.156639,6.1828,3.7538,7.766,7.2972,15069.400391
2024-12-27,1.44104,1.60694,0.7981,20.2048,6.1485,3.7538,7.7682,7.2973,16189.0
2024-12-30,1.44034,1.6064,0.794988,20.313169,6.1937,3.7547,7.76332,7.2978,16178.0
2024-12-31,1.43498,1.607717,0.79687,20.6322,6.1779,3.751983,7.7635,7.2981,16085.599609
2025-01-02,1.43746,1.614413,0.79877,20.83024,6.3,3.751577,7.76793,7.2981,16230.5
2025-01-03,1.4403,1.612695,0.80774,20.592899,6.151,3.751191,7.7768,7.2986,16201.099609
2025-01-06,1.444,1.60769,0.80471,20.62015,6.1807,3.7547,7.77755,7.3196,16178.799805
2025-01-07,1.43386,1.602795,0.7993,20.320801,6.1155,3.74936,7.77531,7.3223,16179.099609
2025-01-08,1.43641,1.60387,0.80142,20.327339,6.1009,3.749081,7.77646,7.3264,16157.700195
2025-01-09,1.4377,1.60989,0.80907,20.410959,6.1058,3.748861,7.77918,7.3315,16187.599609
2025-01-10,1.44016,1.615587,0.81305,20.506359,6.0346,3.749326,7.78211,7.3321,16237.0
2025-01-13,1.44149,1.6247,0.81934,20.70179,6.1059,3.748755,7.7861,7.3317,16268.0
2025-01-14,1.43628,1.614961,0.81744,20.61046,6.0934,3.749126,7.78503,7.3298,16295.200195
2025-01-15,1.43515,1.61509,0.81877,20.504,6.0548,3.748663,7.787,7.3309,16320.0
2025-01-16,1.43262,1.603746,0.81677,20.455311,6.0122,3.747781,7.78504,7.3301,16360.799805
2025-01-17,1.43958,1.610228,0.8172,20.832729,6.0499,3.747173,7.7877,7.331,16368.799805
2025-01-20,1.44743,1.6141,0.821625,20.79129,6.066163,3.7514,7.78427,7.324,16367.099609
2025-01-21,1.43026,1.592103,0.81094,20.49724,6.0298,3.747383,7.78049,7.3133,16245.0
2025-01-22,1.43427,1.59693,0.810675,20.6612,6.0205,3.746601,7.7857,7.2712,16330.799805
2025-01-23,1.43936,1.593625,0.81207,20.487101,5.9403,3.745633,7.78765,7.2712,16232.799805
2025-01-24,1.43784,1.59153,0.80946,20.378839,5.924,3.746039,7.78921,7.2862,16230.900391
2025-01-27,1.43851,1.58909,0.80261,20.43697,5.9091,3.7502,7.78775,7.2431,16164.900391
2025-01-28,1.4401,1.596475,0.80253,20.728399,5.8926,3.746371,7.78822,7.2507,16155.599609
2025-01-29,1.43999,1.59883,0.80375,20.540001,5.8561,3.746162,7.7901,7.2502,15881.200195
2025-01-30,1.4399,1.60262,0.802871,20.501801,5.8567,3.74597,7.7923,7.169,16238.0
2025-01-31,1.4493,1.60901,0.8049,20.674471,5.8745,3.746279,7.7917,7.1809,16274.5
2025-02-03,1.4717,1.62755,0.81354,21.169399,5.8406,3.7502,7.79496,7.1858,16341.299805
2025-02-04,1.4418,1.60839,0.80439,20.38513,5.8062,3.745881,7.7932,7.195,16320.0
2025-02-05,1.4334,1.59972,0.8014,20.512421,5.7571,3.745853,7.7869,7.1819,16299.099609
2025-02-06,1.43153,1.59097,0.79974,20.573721,5.8029,3.745354,7.7861,7.2705,16298.099609
2025-02-07,1.43061,1.5919,0.80402,20.443399,5.7605,3.745586,7.7865,7.2878,16327.0
2025-02-10,1.43318,1.597725,0.807,20.600309,5.8032,3.745636,7.79034,7.2868,16314.700195
2025-02-11,1.43366,1.59457,0.80902,20.624611,5.7869,3.745359,7.7891,7.3045,16330.099609
2025-02-12,1.42851,1.58773,0.80311,20.546721,5.7645,3.745392,7.79173,7.3072,16343.299805
2025-02-13,1.43007,1.5916,0.80317,20.543489,5.7644,3.74574,7.78943,7.3088,16375.0
2025-02-14,1.41921,1.58305,0.79596,20.41519,5.7669,3.745903,7.788,7.2888,16219.0
2025-02-17,1.4184,1.57319,0.79465,20.312389,5.7012,3.745764,7.78272,7.253,16173.0
2025-02-18,1.4185,1.57329,0.7923,20.2726,5.7121,3.74637,7.78012,7.253,16220.0
2025-02-19,1.41892,1.57403,0.79203,20.237801,5.6886,3.745808,7.7744,7.2786,16317.0
2025-02-20,1.42404,1.57697,0.79465,20.4524,5.7203,3.74544,7.77782,7.2833,16346.400391
2025-02-21,1.4176,1.5615,0.789241,20.294001,5.7013,3.745637,7.77562,7.2555,16245.099609
2025-02-24,1.42116,1.56978,0.79052,20.38283,5.731,3.745361,7.76953,7.25,16278.0
2025-02-25,1.4276,1.57776,0.79253,20.481119,5.7778,3.745116,7.77389,7.2476,16279.299805
2025-02-26,1.43007,1.57409,0.78899,20.45751,5.7403,3.745085,7.77322,7.2476,16314.0
2025-02-27,1.4336,1.58459,0.7885,20.3948,5.8017,3.745334,7.77302,7.258,16367.400391
2025-02-28,1.44435,1.60457,0.79372,20.4576,5.839,3.745996,7.77681,7.2853,16553.699219
2025-03-03,1.4441,1.60754,0.7934,20.51445,5.8804,3.75,7.77773,7.2828,16522.0
2025-03-04,1.449,1.6088,0.78731,20.7257,6.0205,3.745509,7.77717,7.2843,16451.199219
2025-03-05,1.43971,1.5949,0.7816,20.5305,5.8857,3.745807,7.77242,7.2651,16379.0
2025-03-06,1.43386,1.57776,0.77568,20.402781,5.7401,3.746096,7.7704,7.2506,16268.900391
2025-03-07,1.42911,1.57921,0.776078,20.277941,5.763,3.746821,7.7724,7.2506,16322.099609
2025-03-10,1.43702,1.58632,0.77325,20.26022,5.7829,3.746959,7.7712,7.234,16292.599609
2025-03-11,1.44289,1.59248,0.77667,20.351379,5.8529,3.746789,7.7692,7.2591,16324.0
2025-03-12,1.44324,1.58849,0.77251,20.2703,5.8086,3.745814,7.7705,7.2591,16433.900391
2025-03-13,1.43617,1.58038,0.77135,20.174431,5.7978,3.746,7.7693,7.2371,16305.599609
2025-03-14,1.44258,1.59048,0.7717,20.08285,5.7985,3.745894,7.77161,7.2371,16259.299805
2025-03-17,1.43692,1.58073,0.77336,19.92528,5.7406,3.7499,7.77272,7.2371,16321.0
2025-03-18,1.42951,1.56691,0.7701,19.95507,5.678069,3.746356,7.7703,7.2327,16370.0
2025-03-19,1.42995,1.57203,0.7692,19.90416,5.6721,3.745987,7.7697,7.2273,16514.5
2025-03-20,1.4319,1.57131,0.7686,20.023199,5.6481,3.746365,7.76991,7.23,16330.299805
2025-03-21,1.43227,1.58632,0.77113,20.127501,5.6739,3.746586,7.7726,7.2477,16428.5
2025-03-24,1.43327,1.59025,0.77372,20.210171,5.7296,3.746607,7.77304,7.2485,16519.0
2025-03-25,1.43161,1.59086,0.77374,20.03787,5.7608,3.746633,7.774,7.253,16575.800781
2025-03-26,1.4273,1.585037,0.7726,20.032,5.6984,3.746752,7.7758,7.2569,16621.0
2025-03-27,1.4295,1.59058,0.77654,20.25705,5.7335,3.746758,7.7758,7.2569,16629.0
2025-03-28,1.43075,1.5869,0.77208,20.282,5.7393,3.746169,7.7762,7.2633,16560.900391
2025-03-31,1.43091,1.59162,0.7729,20.380091,5.7581,3.745283,7.7787,7.2628,16575.0
2025-04-01,1.43907,1.60208,0.77394,20.47403,5.6984,3.746678,7.7795,7.2567,16652.0
2025-04-02,1.42921,1.58993,0.77381,20.328341,5.6813,3.746597,7.7815,7.2697,16731.400391
2025-04-03,1.42165,1.596246,0.7665,20.258301,5.6637,3.74663,7.7838,7.2675,16739.0
2025-04-04,1.4081,1.5814,0.76402,19.932211,5.6306,3.747338,7.778,7.2675,16739.800781
2025-04-07,1.42411,1.67009,0.77455,20.6217,5.84003,3.7522,7.77189,7.2813,16738.0
2025-04-08,1.42378,1.66733,0.78524,20.69655,5.9136,3.750178,7.76849,7.3081,16855.699219
2025-04-09,1.4253,1.67918,0.7818,20.836241,6.0133,3.749436,7.7697,7.3388,17051.900391
2025-04-10,1.41013,1.63036,0.7797,20.333549,5.8181,3.750708,7.7611,7.35,16805.5
2025-04-11,1.3951,1.60684,0.7697,20.59446,5.8843,3.749584,7.75753,7.314,16833.800781
2025-04-14,1.38739,1.58697,0.76422,20.276779,5.8642,3.752849,7.75494,7.2916,16788.0
2025-04-15,1.39,1.5823,0.75904,20.079901,5.8542,3.748364,7.75591,7.3119,16780.0
2025-04-16,1.3957,1.57781,0.7558,20.125429,5.8846,3.748013,7.7569,7.3119,16813.5
2025-04-17,1.38597,1.56912,0.75563,19.9153,5.8654,3.748033,7.76175,7.3119,16794.599609
2025-04-22,1.38343,1.55715,0.7474,19.7033,5.8071,3.7517,7.7594,7.299,16814.900391
2025-04-23,1.38471,1.568332,0.7534,19.615191,5.7199,3.746694,7.7584,7.3118,16858.099609
2025-04-24,1.38741,1.57102,0.75389,19.624399,5.7034,3.746673,7.7594,7.286,16846.0
2025-04-25,1.3858,1.56165,0.7504,19.6,5.6787,3.746644,7.75831,7.286,16778.5
2025-04-28,1.38708,1.5664,0.75244,19.53516,5.6847,3.746537,7.75692,7.2864,16823.0
2025-04-29,1.38301,1.5555,0.74426,19.573099,5.6529,3.746745,7.7566,7.294,16795.0
2025-04-30,1.38268,1.5657,0.745668,19.540199,5.62,3.746636,7.7588,7.269,16711.900391
2025-05-01,1.37896,1.55931,0.75053,19.589001,5.6729,3.747105,7.75515,7.2706,16545.900391
2025-05-02,1.38465,1.56573,0.75265,19.600889,5.6771,3.746078,7.7571,7.2706,16606.0
2025-05-05,1.38223,1.55145,0.75347,19.61009,5.6669,3.7496,7.7504,7.2706,16460.0
2025-05-06,1.38219,1.54765,0.7523,19.673201,5.6863,3.745672,7.7504,7.27,16421.5
2025-05-07,1.37694,1.53688,0.74873,19.644621,5.7128,3.746477,7.7516,7.2163,16432.0
2025-05-08,1.38342,1.55405,0.75221,19.603081,5.7446,3.7466,7.75869,7.2252,16492.599609
2025-05-09,1.39245,1.56431,0.75555,19.5187,5.6616,3.745866,7.77497,7.2252,16538.300781
2025-05-12,1.3924,1.55741,0.7525,19.441641,5.6482,3.7503,7.77714,7.2363,16543.0
2025-05-13,1.39742,1.56942,0.75885,19.607401,5.6698,3.746141,7.79099,7.2018,16688.800781
2025-05-14,1.3932,1.54497,0.75163,19.393101,5.600469,3.745833,7.79684,7.2057,16599.400391
2025-05-15,1.3979,1.5555,0.75395,19.38306,5.6365,3.746313,7.80338,7.2057,16558.199219
2025-05-16,1.39547,1.56109,0.75149,19.471399,5.6813,3.74573,7.8054,7.2065,16511.800781
2025-05-19,1.39526,1.560062,0.751569,19.45117,5.658674,3.7502,7.81383,7.209,16487.0
2025-05-20,1.39569,1.54899,0.7485,19.284901,5.6445,3.745997,7.8212,7.209,16428.0
2025-05-21,1.39093,1.556178,0.74639,19.26932,5.6673,3.746063,7.8284,7.2194,16403.0
2025-05-22,1.38608,1.55446,0.74521,19.3668,5.6447,3.746486,7.82843,7.2019,16347.599609
2025-05-23,1.3858,1.56011,0.7452,19.3211,5.7162,3.746505,7.82818,7.2037,16356.900391
2025-05-26,1.37372,1.53818,0.73878,19.2048,5.6452,3.7501,7.83058,7.2037,16211.0
2025-05-27,1.37358,1.54297,0.73718,19.24556,5.6666,3.746352,7.8369,7.2037,16243.5
2025-05-28,1.381,1.55108,0.74001,19.252701,5.6374,3.746444,7.8384,7.2037,16279.0
2025-05-29,1.38511,1.55637,0.74452,19.385151,5.6887,3.746524,7.83449,7.2037,16286.0
2025-05-30,1.38057,1.55135,0.740796,19.3001,5.6651,3.747054,7.8411,7.2037,16293.0
2025-06-02,1.37262,1.55202,0.74254,19.422501,5.7208,3.7512,7.8421,7.2037,16322.0
2025-06-03,1.37107,1.53884,0.73764,19.1922,5.6724,3.746686,7.8446,7.2037,16288.5
2025-06-04,1.3715,1.54653,0.73902,19.2243,5.6378,3.746363,7.84516,7.2037,16332.400391
2025-06-05,1.36791,1.54067,0.73789,19.19935,5.6321,3.746209,7.84374,7.2037,16291.5
2025-06-06,1.36667,1.53598,0.7364,19.151159,5.5846,3.746026,7.8462,7.175,16246.400391
2025-06-09,1.36906,1.53841,0.73865,19.09763,5.5627,3.69106,7.8469,7.1886,16309.0
2025-06-10,1.36989,1.534189,0.73764,19.0378,5.557,3.746186,7.84752,7.1802,16278.799805
2025-06-11,1.36683,1.53205,0.74029,19.05876,5.5721,3.74578,7.84779,7.1802,16247.799805
2025-06-12,1.36657,1.536216,0.73706,18.897051,5.5358,3.746405,7.8486,7.1928,15778.0
2025-06-13,1.35965,1.531863,0.7338,18.883209,5.5373,3.747148,7.84894,7.1928,16164.5
2025-06-16,1.3584,1.538462,0.737626,18.9478,5.5389,3.749364,7.8492,7.181,16282.599609
2025-06-17,1.35745,1.535862,0.73716,18.923349,5.4908,3.747528,7.8496,7.179,15801.0
2025-06-18,1.36836,1.543258,0.7446,19.019421,5.493,3.747582,7.8496,7.1845,16275.0
2025-06-19,1.3696,1.53671,0.74535,19.0075,5.4852,3.747925,7.84969,7.1888,15598.5
2025-06-20,1.36955,1.54112,0.74202,19.0205,5.49,3.748218,7.8495,7.188,16390.0
2025-06-23,1.37393,1.55118,0.74427,19.2101,5.5184,3.7517,7.84963,7.188,16431.0
2025-06-24,1.37286,1.543734,0.73826,19.071199,5.4938,3.748018,7.84967,7.179,16370.0
2025-06-25,1.37266,1.539409,0.73449,18.99176,5.5103,3.746996,7.84985,7.1713,16290.0
2025-06-26,1.3712,1.53301,0.73036,18.8986,5.5579,3.74617,7.8487,7.1764,16290.0
2025-06-27,1.36431,1.52758,0.72861,18.878811,5.4771,3.746204,7.84916,7.1675,16222.799805
2025-06-30,1.36814,1.53064,0.72888,18.7992,5.4784,3.685294,7.8495,7.1721,16229.0
2025-07-01,1.36054,1.5202,0.7283,18.738001,5.4302,3.746531,7.8499,7.1636,16230.0
2025-07-02,1.36443,1.51904,0.72742,18.7379,5.4588,3.745911,7.84776,7.1645,16236.400391
2025-07-03,1.35871,1.519087,0.7326,18.7637,5.4264,3.745985,7.8498,7.1649,16235.0
2025-07-04,1.3573,1.520381,0.73162,18.64591,5.4093,3.746131,7.8477,7.1649,16203.700195
2025-07-07,1.36033,1.5263,0.73252,18.606331,5.4194,3.744887,7.8498,7.1649,16178.0
2025-07-08,1.36653,1.53702,0.73402,18.64333,5.4877,3.746234,7.8498,7.1744,16318.900391
2025-07-09,1.36684,1.53268,0.73609,18.612341,5.4461,3.74611,7.84964,7.1738,16261.0
2025-07-10,1.3684,1.53001,0.73567,18.62377,5.5818,3.746024,7.8498,7.18,16235.0
2025-07-11,1.36563,1.51653,0.7364,18.601259,5.5311,3.745626,7.8496,7.1748,16209.099609
2025-07-14,1.3684,1.5202,0.74108,18.6576,5.5719,3.7499,7.84963,7.1681,16222.0
2025-07-15,1.37047,1.52795,0.74471,18.748369,5.587,3.746254,7.84981,7.167,16256.200195
2025-07-16,1.37164,1.53398,0.74664,18.80171,5.551003,3.746321,7.8497,7.1729,16252.099609
2025-07-17,1.36893,1.532567,0.745651,18.71876,5.5666,3.746246,7.8498,7.1785,16271.200195
2025-07-18,1.37359,1.53889,0.74446,18.752621,5.5466,3.746637,7.8485,7.1832,16329.700195
2025-07-21,1.3724,1.5356,0.74538,18.705299,5.5781,3.748825,7.8483,7.1777,16321.0
2025-07-22,1.36758,1.53184,0.74132,18.656099,5.5655,3.747115,7.84936,7.1755,16329.5
2025-07-23,1.36043,1.52562,0.73956,18.64393,5.5639,3.747041,7.84969,7.1743,16245.299805
2025-07-24,1.36015,1.514234,0.7364,18.53669,5.5164,3.747373,7.84943,7.1595,16266.099609
2025-07-25,1.36406,1.5158,0.74019,18.538549,5.52,3.747208,7.8499,7.1535,16307.0
2025-07-28,1.37021,1.52138,0.744,18.503099,5.5652,3.746238,7.8495,7.1535,16353.0
2025-07-29,1.37343,1.5328,0.74849,18.747,5.5868,3.74676,7.84918,7.1778,16398.800781
2025-07-30,1.37739,1.53534,0.74886,18.74716,5.5732,3.746347,7.8496,7.1764,16367.900391
2025-07-31,1.38252,1.55108,0.75428,18.842899,5.5754,3.746865,7.84929,7.1764,16426.800781
2025-08-01,1.3857,1.55543,0.75701,18.864719,5.5988,3.746873,7.8499,7.2002,16483.0
2025-08-04,1.37783,1.54581,0.75245,18.86801,5.5379,3.7507,7.84941,7.2116,16483.0
2025-08-05,1.3768,1.54445,0.75202,18.871401,5.4961,3.747334,7.84924,7.178,16362.0
2025-08-06,1.37707,1.54488,0.75191,18.733231,5.503,3.747872,7.8498,7.1834,16377.5
2025-08-07,1.37392,1.53841,0.74862,18.601549,5.4589,3.748097,7.8494,7.1828,16334.700195
2025-08-08,1.37325,1.5324,0.74341,18.60795,5.4143,3.748399,7.84932,7.181,16300.0
2025-08-11,1.37527,1.53428,0.7438,18.582211,5.4323,3.748567,7.8496,7.181,16249.0
2025-08-12,1.37737,1.53506,0.74431,18.6562,5.4423,3.748463,7.84968,7.1877,16298.0
2025-08-13,1.37696,1.53144,0.74051,18.5728,5.4012,3.748748,7.84838,7.1785,16248.200195
2025-08-14,1.37521,1.52632,0.73609,18.619301,5.3912,3.748077,7.8492,7.1743,16109.0
2025-08-15,1.38131,1.53905,0.73906,18.80126,5.4091,3.748117,7.8346,7.1795,16169.0
2025-08-18,1.3815,1.5354,0.73766,18.72349,5.4004,3.7519,7.82471,7.1817,16196.0
2025-08-19,1.38021,1.539693,0.74029,18.765499,5.4357,3.748049,7.81992,7.1846,16205.400391
2025-08-20,1.3866,1.549283,0.741466,18.818701,5.4976,3.748323,7.7995,7.1819,16275.200195
2025-08-21,1.38728,1.553736,0.74259,18.7687,5.469161,3.748627,7.8122,7.1757,16263.599609
2025-08-22,1.39004,1.5563,0.74519,18.7363,5.4648,3.748455,7.8139,7.1799,16339.700195
2025-08-25,1.38288,1.542044,0.74013,18.593269,5.4213,3.7517,7.8156,7.1675,16227.0
2025-08-26,1.38593,1.542948,0.7433,18.683229,5.4097,3.747864,7.8127,7.151,16267.0
2025-08-27,1.38334,1.539456,0.74191,18.658569,5.4312,3.74789,7.79358,7.152,16299.200195
2025-08-28,1.37814,1.535768,0.74053,18.651199,5.4177,3.747976,7.78421,7.153,16314.0
2025-08-29,1.37498,1.530831,0.74013,18.65024,5.413,3.747849,7.79413,7.153,16344.299805
2025-09-01,1.37384,1.528211,0.74053,18.658461,5.4324,3.752,7.7955,7.1304,16409.0
2025-09-02,1.37474,1.525134,0.73812,18.6481,5.4384,3.748367,7.79651,7.1304,16405.199219
2025-09-03,1.37845,1.534142,0.74719,18.728701,5.467,3.74826,7.8075,7.139,16443.900391
2025-09-04,1.37931,1.528024,0.74396,18.7066,5.4481,3.747829,7.80039,7.1414,16463.0
2025-09-05,1.3815,1.533272,0.7438,18.7258,5.444,3.747827,7.80022,7.1414,16452.099609
2025-09-08,1.3834,1.525669,0.74113,18.72636,5.4122,3.744494,7.7984,7.1325,16392.0
2025-09-09,1.3795,1.51559,0.73784,18.65287,5.4203,3.7476,7.7933,7.1293,16446.099609
2025-09-10,1.38466,1.518672,0.739585,18.623501,5.4336,3.747681,7.78739,7.1209,16449.900391
2025-09-11,1.38605,1.51073,0.73884,18.580799,5.402,3.747415,7.7896,7.1207,16439.0
2025-09-12,1.38337,1.4997,0.73656,18.454,5.3882,3.747385,7.7886,7.1184,16413.599609
2025-09-15,1.3839,1.503986,0.73782,18.446989,5.351,3.7501,7.7802,7.1242,16401.0
2025-09-16,1.3774,1.498576,0.73515,18.361521,5.3152,3.746626,7.77999,7.1185,16364.599609
2025-09-17,1.37388,1.494992,0.73239,18.285801,5.2958,3.746697,7.78047,7.1142,16398.099609
2025-09-18,1.37699,1.503194,0.73369,18.3078,5.3101,3.746923,7.77699,7.1033,16418.599609
2025-09-19,1.37918,1.511053,0.73768,18.364201,5.3043,3.746388,7.77711,7.1129,16569.099609
2025-09-22,1.3782,1.51761,0.74268,18.4202,5.3205,3.746738,7.77444,7.1129,16637.0
2025-09-23,1.38249,1.514693,0.73992,18.357691,5.3343,3.746288,7.76932,7.114,16582.0
2025-09-24,1.38391,1.515657,0.7394,18.3465,5.2816,3.746577,7.77546,7.1116,16633.0
2025-09-25,1.3896,1.51816,0.743362,18.418739,5.3299,3.746509,7.77784,7.1315,16695.099609
2025-09-26,1.3941,1.52968,0.74982,18.484119,5.3637,3.746165,7.7827,7.1338,16759.099609
2025-09-29,1.39382,1.525786,0.74581,18.358549,5.342253,3.746686,7.7804,7.1328,16723.0
2025-09-30,1.39162,1.5193,0.7442,18.358999,5.3217,3.746067,7.783,7.1194,16628.0
2025-10-01,1.39235,1.512699,0.74386,18.313829,5.3195,3.745954,7.78196,7.119,16683.0
2025-10-02,1.39395,1.511602,0.74183,18.38236,5.3288,3.746112,7.78099,7.119,16644.099609
2025-10-03,1.39609,1.51559,0.74368,18.412001,5.3366,3.745937,7.78247,7.119,16601.5
2025-10-06,1.3965,1.516737,0.74439,18.433331,5.3346,3.741718,7.7811,7.119,16558.0
2025-10-07,1.3946,1.511373,0.74157,18.337589,5.3112,3.746424,7.78265,7.119,16596.5
2025-10-08,1.39528,1.51964,0.7451,18.388531,5.3538,3.746757,7.78319,7.119,16587.0
2025-10-09,1.39546,1.518718,0.74619,18.33415,5.3352,3.746503,7.7816,7.1185,16556.0
2025-10-10,1.40188,1.52409,0.7516,18.38343,5.3772,3.745722,7.7823,7.1275,16577.699219
2025-10-13,1.39985,1.53884,0.74984,18.52239,5.523,3.7502,7.7823,7.1,16598.0
2025-10-14,1.4039,1.535721,0.75004,18.4583,5.4641,3.745985,7.77914,7.1,16548.0
2025-10-15,1.4045,1.540523,0.75066,18.50437,5.4815,3.746014,7.7737,7.1384,16585.900391
2025-10-16,1.4046,1.53657,0.74602,18.455099,5.4493,3.74599,7.775,7.1262,16575.0
2025-10-17,1.4046,1.542639,0.74374,18.4303,5.440815,3.746189,7.77079,7.123,16561.900391
2025-10-20,1.40159,1.538059,0.74483,18.3647,5.4061,3.7498,7.7671,7.1264,16566.0
2025-10-21,1.4033,1.53461,0.74598,18.39937,5.3687,3.745817,7.76784,7.1195,16542.0
2025-10-22,1.40199,1.54038,0.74821,18.434099,5.3867,3.745744,7.7712,7.1218,16598.900391
2025-10-23,1.39888,1.540832,0.74896,18.439501,5.3994,3.746125,7.7704,7.1257,16596.599609
2025-10-24,1.39866,1.534967,0.75033,18.3936,5.3829,3.745728,7.7718,7.1257,16593.800781
2025-10-27,1.39934,1.53046,0.750616,18.418739,5.3883,3.7493,7.76939,7.1211,16597.800781
2025-10-28,1.39914,1.524716,0.749569,18.38933,5.3733,3.745842,7.76749,7.1102,16158.200195
2025-10-29,1.39389,1.51858,0.75305,18.425261,5.3574,3.745694,7.76788,7.0988,16561.779297
2025-10-30,1.39413,1.520496,0.75784,18.4657,5.3578,3.746047,7.7711,7.099,16562.0
2025-10-31,1.39811,1.524553,0.75993,18.5254,5.382,3.745986,7.76914,7.1098,16150.0
2025-11-03,1.40154,1.52772,0.76134,18.554079,5.3746,3.746151,7.77077,7.1169,16630.0
2025-11-04,1.40554,1.5288,0.76131,18.491671,5.3549,3.745421,7.7719,7.1718,16640.900391
2025-11-05,1.41009,1.541877,0.767949,18.675501,5.3959,3.745626,7.77389,7.1295,16707.0
2025-11-06,1.41023,1.53612,0.766131,18.5907,5.3586,3.746095,7.7748,7.126,16669.0
2025-11-07,1.41118,1.542282,0.76098,18.556299,5.3495,3.746266,7.7756,7.1186,16694.099609
2025-11-10,1.40438,1.537894,0.76088,18.443741,5.3309,3.7499,7.77651,7.1186,16653.0
2025-11-11,1.40255,1.53025,0.75913,18.378599,5.2897,3.746177,7.77311,7.1193,16690.0
2025-11-12,1.40158,1.531511,0.76029,18.31665,5.2707,3.746164,7.77147,7.1193,16694.900391
2025-11-13,1.40093,1.529894,0.76174,18.2878,5.2913,3.746129,7.77042,7.1193,16729.0
2025-11-14,1.40355,1.531628,0.76033,18.315001,5.2965,3.745733,7.771,7.112,16719.0
2025-11-17,1.40182,1.53069,0.75987,18.306431,5.2956,3.728786,7.77151,7.0992,16679.5
2025-11-18,1.40505,1.540191,0.7601,18.432699,5.3295,3.745924,7.7739,7.1075,16738.900391
2025-11-19,1.39851,1.53633,0.7606,18.340401,5.3215,3.745987,7.7841,7.1075,16727.699219
2025-11-20,1.40425,1.54083,0.76559,18.316799,5.3286,3.746095,7.78628,7.1075,16686.699219
2025-11-21,1.40912,1.550508,0.76424,18.3659,5.3323,3.746139,7.7835,7.1075,16731.0
2025-11-24,1.40946,1.547413,0.76357,18.473881,5.4021,3.7499,7.78231,7.1066,16639.0
2025-11-25,1.4109,1.546599,0.763,18.493601,5.3868,3.745694,7.78163,7.1022,16645.0
2025-11-26,1.41022,1.545523,0.759953,18.3857,5.3794,3.746316,7.77534,7.0845,16633.5
2025-11-27,1.40395,1.5326,0.755002,18.33897,5.3308,3.746395,7.7778,7.0758,16614.699219
2025-11-28,1.4026,1.530035,0.75522,18.329599,5.3554,3.747001,7.7787,7.0758,16603.900391
2025-12-01,1.39694,1.526415,0.7553,18.2845,5.3354,3.746514,7.78478,7.0751,16635.0
2025-12-02,1.4,1.528117,0.75704,18.305901,5.3558,3.748681,7.7882,7.0717,16609.0
2025-12-03,1.39696,1.521213,0.75646,18.275261,5.3263,3.7495,7.7844,7.07,16609.900391
2025-12-04,1.39531,1.514,0.74913,18.2752,5.3061,3.748738,7.78327,7.0636,16594.0
2025-12-05,1.39597,1.51368,0.75065,18.218599,5.3093,3.748733,7.78177,7.0714,16654.400391
2025-12-08,1.38346,1.507068,0.750492,18.1716,5.4381,3.7526,7.78396,7.0696,16683.0
2025-12-09,1.3849,1.50891,0.750368,18.260599,5.43,3.748824,7.7804,7.071,16686.0
2025-12-10,1.38455,1.5058,0.75168,18.182501,5.4315,3.748231,7.78232,7.0633,16662.0
2025-12-11,1.37894,1.49824,0.74692,18.1574,5.4698,3.748312,7.77904,7.064,16639.0
2025-12-12,1.37757,1.500375,0.7468,18.03154,5.4055,3.748493,7.782,7.0579,16649.0
2025-12-15,1.37678,1.50437,0.74807,18.003229,5.4182,3.7517,7.78425,7.054,16623.099609
2025-12-16,1.37692,1.505616,0.74735,17.9813,5.4134,3.747937,7.782,7.047,16645.800781
2025-12-17,1.37561,1.507386,0.744879,17.9561,5.5075,3.746553,7.7799,7.0417,16644.599609
2025-12-18,1.37838,1.514807,0.747686,18.011761,5.5185,3.746545,7.77924,7.043,16657.0
2025-12-19,1.3777,1.51199,0.747083,17.993429,5.5213,3.746556,7.781,7.0405,16685.199219
2025-12-22,1.37903,1.512814,0.74755,18.0156,5.5398,3.7505,7.78111,7.0409,16678.5
2025-12-23,1.37487,1.501862,0.742396,17.9641,5.59,3.745605,7.78,7.0409,16756.400391
2025-12-24,1.36855,1.492114,0.739995,17.904289,5.5185,3.746349,7.7769,7.028,16735.0
2025-12-26,1.3672,1.49129,0.74025,17.93207,5.5195,3.746451,7.7761,7.028,16753.099609
2025-12-29,1.36683,1.489403,0.74089,17.89646,5.5425,3.7491,7.77088,7.028,16741.099609
2025-12-30,1.36872,1.49354,0.740138,17.97216,5.5691,3.743319,7.77303,7.0056,16770.0
2025-12-31,1.36947,1.492983,0.742545,17.9788,5.4762,3.7479,7.78066,6.9961,16709.0
2026-01-02,1.3716,1.497387,0.74219,17.984659,5.517,3.746239,7.78534,6.9961,16668.0
2026-01-05,1.37467,1.496132,0.74416,17.91116,5.4216,3.75,7.79056,6.9931,16683.0
2026-01-06,1.37725,1.489558,0.73888,17.915701,5.4075,3.745799,7.7856,6.988,16727.199219
2026-01-07,1.38155,1.48434,0.74071,17.9834,5.372,3.745984,7.7869,6.9834,16742.0
2026-01-08,1.38579,1.48763,0.74298,17.978201,5.3839,3.745852,7.786,6.9965,16753.0
2026-01-09,1.38641,1.4923,0.744158,17.962299,5.3866,3.745674,7.792,6.9835,16805.699219
2026-01-12,1.39139,1.495707,0.74659,17.97411,5.3703,3.7498,7.79415,6.9772,16826.699219
2026-01-13,1.38757,1.4908,0.74263,17.9091,5.3737,3.745533,7.7964,6.9731,16859.400391
2026-01-14,1.38865,1.4962,0.74478,17.823601,5.3713,3.745589,7.80078,6.9775,16840.800781
2026-01-15,1.38846,1.496379,0.7439,17.7855,5.3961,3.746082,7.7977,6.973,16845.099609
2026-01-16,1.38884,1.4916,0.74731,17.653299,5.3679,3.745908,7.7974,6.966,16878.900391
2026-01-19,1.38994,1.495305,0.74603,17.63265,5.3677,3.7495,7.79724,6.9681,16876.599609
2026-01-20,1.3874,1.49034,0.74525,17.577101,5.3687,3.745728,7.7967,6.9681,16939.0
2026-01-21,1.3833,1.485509,0.744,17.591999,5.3743,3.745772,7.7992,6.9599,16960.099609
2026-01-22,1.38432,1.48043,0.74519,17.4825,5.3188,3.745905,7.7971,6.9637,16897.0
2026-01-23,1.37841,1.46188,0.74067,17.4681,5.2837,3.745449,7.79674,6.9726,16820.0
2026-01-26,1.37019,1.446341,0.73193,17.37048,5.2889,3.744809,7.79472,6.9726,16770.0
2026-01-27,1.3712,1.44619,0.73113,17.3554,5.2791,3.745458,7.79716,6.9542,16734.0
2026-01-28,1.35915,1.429429,0.72336,17.1625,5.1836,3.745786,7.80011,6.9545,16674.699219
2026-01-29,1.35379,1.420495,0.72331,17.1499,5.1971,3.74619,7.8018,6.9545,16722.800781
2026-01-30,1.3492,1.418983,0.7243,17.22518,5.1892,3.746507,7.80553,6.948,16778.300781
2026-02-02,1.36358,1.43962,0.73104,17.46689,5.255,3.747472,7.80974,6.951,16758.400391
2026-02-03,1.36737,1.437711,0.73136,17.375299,5.2594,3.745711,7.81009,6.9463,16758.400391
2026-02-04,1.36394,1.42399,0.73006,17.2384,5.2375,3.74578,7.8134,6.9377,16759.0
2026-02-05,1.36692,1.429715,0.73289,17.324381,5.238,3.745284,7.8122,6.9377,16800.0
2026-02-06,1.37122,1.445839,0.7396,17.503599,5.2705,3.74593,7.8137,6.9378,16879.900391
2026-02-09,1.36589,1.421727,0.73481,17.251699,5.2159,3.744906,7.81247,6.9388,16843.5
2026-02-10,1.35622,1.411712,0.73081,17.208799,5.1916,3.746376,7.81464,6.922,16796.0
2026-02-11,1.3552,1.413468,0.73343,17.183901,5.1962,3.746631,7.8178,6.9106,16778.0
2026-02-12,1.35754,1.40345,0.733999,17.19302,5.1987,3.746695,7.816,6.9125,16793.900391
2026-02-13,1.36107,1.411014,0.7342,17.207001,5.2139,3.745746,7.8165,6.9001,16809.0
2026-02-16,1.36179,1.414347,0.73272,17.16111,5.2179,3.745145,7.8159,6.908,16826.099609
2026-02-17,1.36362,1.41383,0.7338,17.166149,5.2439,3.745997,7.8159,6.908,16806.599609
2026-02-18,1.36377,1.411791,0.73722,17.118401,5.2205,3.745503,7.8155,6.908,16840.0
2026-02-19,1.36961,1.41969,0.74097,17.208549,5.2344,3.746298,7.8157,6.908,16915.300781
2026-02-20,1.36868,1.417213,0.74288,17.256729,5.2088,3.747139,7.8149,6.9081,16887.199219
2026-02-23,1.36485,1.406193,0.73892,17.09828,5.1765,3.747343,7.81347,6.908,16843.400391
2026-02-24,1.36938,1.41629,0.74091,17.25956,5.1709,3.747334,7.8189,6.908,16804.300781
2026-02-25,1.37003,1.41623,0.74088,17.1789,5.152,3.746943,7.82252,6.8831,16816.800781
2026-02-26,1.36758,1.404396,0.73757,17.15753,5.1242,3.746217,7.8196,6.8692,16749.800781
2026-02-27,1.36758,1.408094,0.74121,17.2029,5.1366,3.746243,7.82328,6.8409,16749.0
2026-03-02,1.36684,1.41681,0.7459,17.316999,5.1296,3.744183,7.8226,6.8579,16795.0
2026-03-03,1.3671,1.407301,0.74568,17.30327,5.1703,3.748812,7.82105,6.882,16863.0
2026-03-04,1.36741,1.420313,0.74886,17.67087,5.2773,3.748612,7.80471,6.8997,16898.099609
2026-03-05,1.3644,1.413228,0.74797,17.59306,5.2301,3.749882,7.8172,6.897,16865.0
2026-03-06,1.36699,1.426269,0.74865,17.7026,5.2634,3.748957,7.81921,6.897,16913.099609
2026-03-09,1.36021,1.435503,0.75182,17.9923,5.2435,3.756246,7.81647,6.8965,16923.699219
2026-03-10,1.35874,1.41471,0.74488,17.6731,5.2053,3.749876,7.82051,6.911,16886.0
2026-03-11,1.35829,1.404297,0.74521,17.589781,5.1624,3.748913,7.8238,6.8765,16852.0
2026-03-12,1.36017,1.40268,0.74728,17.7446,5.1514,3.748057,7.8254,6.8655,16884.0
2026-03-13,1.36326,1.413368,0.748923,17.834299,5.2439,3.748139,7.8273,6.8689,16908.0
2026-03-16,1.37117,1.427409,0.75485,17.88637,5.3291,3.748655,7.82708,6.8961,16952.099609
2026-03-17,1.3684,1.41473,0.75107,17.683599,5.2334,3.748081,7.82984,6.9555,16953.099609
2026-03-18,1.36895,1.406648,0.74853,17.652981,5.1929,3.750114,7.8365,6.8863,16971.300781
2026-03-19,1.37294,1.422576,0.75386,17.842899,5.2621,3.749925,7.8361,6.8726,17041.699219
2026-03-20,1.37358,1.41221,0.74484,17.7381,5.2199,3.750086,7.8336,6.8998,16915.900391
2026-03-23,1.37098,1.426981,0.7501,17.938601,5.3119,3.750435,7.83364,6.8857,16959.300781
2026-03-24,1.37307,1.427328,0.74492,17.783649,5.2329,3.749822,7.8348,6.88,16865.099609
2026-03-25,1.37572,1.429204,0.74536,17.729099,5.2326,3.749995,7.82761,6.8918,16797.300781
2026-03-26,1.38142,1.44032,0.7483,17.777241,5.2368,3.747353,7.81806,6.901,16749.599609
2026-03-27,1.38519,1.451927,0.74987,17.9139,5.2351,3.747644,7.8257,6.9107,16925.0
2026-03-30,1.38995,1.459662,0.75538,18.143221,5.238,3.748507,7.83214,6.9116,16958.0
2026-03-31,1.39283,1.460728,0.75914,18.139601,5.264,3.748429,7.8357,6.9116,16975.400391
2026-04-01,1.39029,1.44498,0.7551,17.884581,5.1928,3.748746,7.8384,6.8942,16936.400391
2026-04-02,1.38764,1.444252,0.75173,17.8232,5.1545,3.749148,7.8371,6.8705,16924.099609
2026-04-03,1.3917,1.446864,0.75584,17.84712,5.1564,3.749783,7.8369,6.8851,16959.0
2026-04-06,1.39457,1.452327,0.75836,17.8804,5.1579,3.7537,7.8372,6.8824,16988.0
2026-04-07,1.39116,1.445734,0.75562,17.7665,5.1383,3.7545,7.83673,6.8823,17015.300781
2026-04-08,1.3842,1.41307,0.74617,17.514099,5.1506,3.750508,7.83372,6.8567,17027.400391
2026-04-09,1.38505,1.42058,0.7466,17.4464,5.1002,3.748419,7.83225,6.8287,17005.5
2026-04-10,1.38227,1.413288,0.7446,17.371201,5.0958,3.748327,7.8332,6.8314,17059.0
2026-04-13,1.38727,1.424522,0.74658,17.4305,5.005,3.684827,7.83226,6.8278,17083.0
2026-04-14,1.3785,1.40859,0.7399,17.278,4.9944,3.748651,7.8298,6.8303,17079.199219
2026-04-15,1.37661,1.402662,0.73663,17.254,4.9848,3.748018,7.83358,6.8157,17129.0
2026-04-16,1.37313,1.393573,0.736719,17.243601,4.9924,3.74722,7.83243,6.818,17146.099609
2026-04-17,1.37004,1.396843,0.73931,17.249399,4.98709,3.747035,7.82256,6.8211,17123.0
2026-04-20,1.3705,1.401542,0.7416,17.372299,5.0063,3.7507,7.83118,6.817,17133.0
2026-04-21,1.3644,1.393884,0.73903,17.309799,4.9524,3.746602,7.82993,6.8174,17123.800781
2026-04-22,1.36576,1.39739,0.74021,17.320299,5.008,3.746161,7.83035,6.8208,17133.099609
2026-04-23,1.36697,1.397038,0.74072,17.3407,4.9849,3.746295,7.83195,6.8242,17199.5
2026-04-24,1.36984,1.4026,0.74259,17.4147,5.0308,3.746518,7.83234,6.826,17329.0
2026-04-27,1.3676,1.399874,0.739913,17.41346,4.9791,3.7502,7.8349,6.8359,17246.0
2026-04-28,1.36215,1.390647,0.73865,17.377001,4.9996,3.746497,7.8367,6.8228,17216.0
2026-04-29,1.3679,1.39136,0.7394,17.3846,4.9943,3.746381,7.8356,6.8374,17244.0
2026-04-30,1.36713,1.4023,0.741367,17.5259,5.0175,3.746371,7.8369,6.8375,17334.199219
2026-05-01,1.35796,1.388735,0.73515,17.4599,4.9695,3.745953,7.83267,6.8273,17311.0
2026-05-04,1.35881,1.3864,0.7363,17.4466,4.951929,3.745953,7.8349,6.8275,17288.5
2026-05-05,1.36211,1.39519,0.73902,17.519899,4.9848,3.690199,7.83305,6.83,17346.199219
2026-05-06,1.36035,1.388137,0.73699,17.3377,4.9273,3.688739,7.83565,6.8301,17389.800781
2026-05-07,1.36369,1.382151,0.73574,17.254,4.932272,3.680939,7.83408,6.811,17296.900391
2026-05-08,1.36607,1.387232,0.7377,17.2775,4.9449,3.702487,7.83378,6.8014,17294.900391
2026-05-11,1.3683,1.381788,0.73558,17.2146,4.9133,3.724287,7.82869,6.8005,17358.0
2026-05-12,1.36784,1.38003,0.73504,17.191601,4.9064,3.689077,7.8282,6.7948,17413.0
2026-05-13,1.36973,1.381635,0.738716,17.2285,4.9097,3.689385,7.82818,6.792,17549.0
2026-05-14,1.37047,1.37836,0.7393,17.1674,5.0249,3.737985,7.8292,6.7908,17500.0
2026-05-15,1.37237,1.386136,0.74675,17.230431,5.0041,3.688689,7.83226,6.7851,17530.599609
2026-05-18,1.37613,1.402485,0.7514,17.3419,5.0604,3.7654,7.83014,6.8092,17586.0
2026-05-19,1.37387,1.394136,0.74449,17.27265,5.005625,3.68846,7.83029,6.8,17701.0
2026-05-20,1.37471,1.407143,0.74649,17.4028,5.0582,3.68986,7.8327,6.8145,17777.0
2026-05-21,1.37477,1.3986,0.74438,17.3048,5.0117,3.72546,7.8314,6.8005,17658.400391
2026-05-22,1.37759,1.398934,0.74446,17.297701,5.0171,3.752,7.83391,6.8025,17692.0
2026-05-25,1.38021,1.397194,0.74175,17.259501,5.0257,3.675601,7.83467,6.7945,17692.0
2026-05-26,1.38041,1.394642,0.74094,17.2917,5.0104,3.675701,7.83427,6.7945,17762.0
2026-05-27,1.38078,1.394545,0.7432,17.296101,5.0445,3.676101,7.83581,6.786,17699.699219
2026-05-28,1.38431,1.401895,0.74535,17.384199,5.0729,3.677701,7.83368,6.7788,17804.0
2026-05-29,1.37829,1.395829,0.7438,17.3083,5.0517,3.696477,7.8333,6.7795,17840.0
2026-06-01,1.37963,1.392661,0.74341,17.342501,5.0392,3.727957,7.83581,6.7662,17817.0
2026-06-02,1.38392,1.39581,0.742942,17.352949,5.0386,3.688011,7.837,6.765,17864.0
2026-06-03,1.38445,1.3939,0.74326,17.29825,5.0207,3.692176,7.8369,6.7622,17858.0
2026-06-04,1.38932,1.40164,0.74476,17.3263,5.0774,3.692276,7.83574,6.7692,18004.199219
2026-06-05,1.3906,1.4021,0.744768,17.2777,5.0607,3.692176,7.8343,6.7735,17955.5
2026-06-08,1.39444,1.419749,0.74987,17.4627,5.177,3.696773,7.83413,6.7655,18029.0
2026-06-09,1.39563,1.420354,0.75,17.467699,5.2031,3.688876,7.83612,6.7655,18190.300781
2026-06-10,1.39538,1.42387,0.74782,17.45402,5.1901,3.690876,7.8373,6.7725,18031.0
2026-06-11,1.39468,1.429756,0.74839,17.421101,5.1921,3.689945,7.83555,6.7725,17875.900391
2026-06-12,1.39724,1.418862,0.7455,17.246611,5.1138,3.690045,7.83561,6.7755,17921.0
2026-06-15,1.39636,1.413388,0.74351,17.1663,5.0609,3.7525,7.83463,6.766,17772.0
2026-06-16,1.399,1.413827,0.745379,17.2127,5.0751,3.639081,7.8345,6.757,17716.0
2026-06-17,1.39957,1.415328,0.7448,17.206511,5.1019,3.639181,7.83259,6.7572,17730.0
2026-06-18,1.40998,1.424806,0.75181,17.297701,5.1221,3.639581,7.83496,6.7572,17891.0
2026-06-19,1.41407,1.425903,0.75746,17.35474,5.1815,3.641181,7.83681,6.7686,17794.400391
2026-06-22,1.41743,1.42798,0.75712,17.3472,5.1514,3.639235,7.83645,6.7686,17788.0
2026-06-23,1.41584,1.42967,0.75488,17.363899,5.1565,3.639335,7.8393,6.7745,17862.0
2026-06-24,1.42096,1.446006,0.75757,17.5536,5.1977,3.641335,7.8404,6.79,17916.0
2026-06-25,1.42352,1.449275,0.7595,17.620701,5.2075,3.726535,7.83892,6.79,17990.0
2026-06-26,1.42006,1.44917,0.75827,17.509899,5.1941,3.754,7.83955,6.79,17995.0
2026-06-29,1.41898,1.45007,0.75774,17.5049,5.1707,3.6436,7.84181,6.798,17830.0
2026-06-30,1.4209,1.452982,0.75449,17.472,5.181787,3.7543,7.8403,6.7936,17925.0
2026-07-01,1.4205,1.44655,0.75468,17.492901,5.1747,3.636515,7.84245,6.7936,17935.0
2026-07-02,1.42173,1.450937,0.75305,17.55435,5.2206,3.650415,7.8438,6.7942,17998.0
2026-07-03,1.41903,1.445922,0.749698,17.476299,5.2222,3.663415,7.84281,6.7886,17787.900391
2026-07-06,1.42042,1.441545,0.74889,17.476681,5.1844,3.641429,7.84282,6.7886,17998.0
2026-07-07,1.42078,1.437753,0.746386,17.3813,5.1436,3.643958,7.8423,6.7958,18046.0
2026-07-08,1.42035,1.444544,0.749125,17.5242,5.1709,3.791946,7.8416,6.7934,17979.0
2026-07-09,1.4167,1.441691,0.74648,17.568001,5.1635,3.741469,7.8388,6.8025,18125.0
2026-07-10,1.41624,1.440009,0.7454,17.5382,5.1339,3.633982,7.8358,6.7921,18125.0
2026-07-13,1.41634,1.440466,0.747,17.500521,5.1078,3.644793,7.83946,6.7766,18065.0
2026-07-14,1.41494,1.44546,0.74918,17.518801,5.1479,3.646893,7.8375,6.7795,18111.0
2026-07-15,1.40515,1.433384,0.74643,17.4188,5.0879,3.645293,7.83749,6.77,18157.0
2026-07-16,1.40371,1.42692,0.738482,17.370001,5.0909,3.627307,7.83826,6.7682,18068.800781
2026-07-17,1.4037,1.428694,0.7419,17.4067,5.1136,3.614607,7.8405,6.7725,17985.0
2026-07-20,1.40191,1.43285,0.7437,17.540461,5.127,3.639823,7.83972,6.7725,17934.0
2026-07-21,1.40713,1.42841,0.74451,17.415001,5.1044,3.640619,7.84065,6.7725,17931.0
2026-07-22,1.41051,1.428408,0.74743,17.4034,5.0875,3.641119,7.84137,6.7656,17911.0
2026-07-23,1.40855,1.430677,0.74765,17.4009,5.062488,3.647719,7.8399,6.7725,17917.0
2026-07-24,1.40849,1.435297,0.75116,17.51322,5.0969,3.630844,7.8411,6.7725,17967.0
2026-07-27,1.40865,1.429715,0.74899,17.4382,5.0825,3.647988,7.84178,6.7718,17958.0
2026-07-28,1.41242,1.43119,0.75245,17.441799,5.123026,3.633029,7.84166,6.7657,18053.0
2026-07-29,1.41061,1.433774,0.7526,17.4368,5.1371,3.658229,7.84073,6.771,18053.0
2026-07-30,1.40358,1.43693,0.748094,17.442101,5.1271,3.658183,7.84198,6.7661,18079.0
2026-07-31,1.40112,1.42345,0.74289,17.344601,5.0781,3.755,7.8428,6.755,18040.099609
2026-08-03,1.4013,1.41927,0.7412,17.302719,5.0727,3.644308,7.84181,6.7509,18030.0
2026-08-04,1.40463,1.429061,0.744768,17.326799,5.1029,3.629983,7.84171,6.7523,17963.300781
2026-08-05,1.40655,1.419104,0.74344,17.254999,5.1437,3.632783,7.8422,6.7532,17963.0
2026-08-06,1.40102,1.416972,0.74241,17.232,5.1385,3.783983,7.8433,6.7497,17873.0
2026-08-07,1.40137,1.421787,0.7432,17.20413,5.1218,3.641497,7.8443,6.7488,17912.0
2026-08-10,1.39509,1.41573,0.741251,17.138399,5.0826,3.631276,7.84519,6.7474,17794.0
2026-08-11,1.39336,1.417374,0.74012,17.133301,5.106,3.631376,7.84512,6.7474,17791.0
2026-08-12,1.3919,1.415629,0.7402,17.073,5.1735,3.633376,7.84641,6.745,17822.0
2026-08-13,1.39406,1.415649,0.74086,17.058901,5.1954,3.632376,7.8463,6.7433,17853.0
2026-08-14,1.39271,1.415689,0.74125,17.030001,5.1998,3.616785,7.8472,6.7428,17863.0
2026-08-17,1.38719,1.411393,0.73819,17.01906,5.2217,3.636631,7.84656,6.7428,17830.0
2026-08-18,1.38697,1.406826,0.73799,17.030001,5.2025,3.633192,7.84405,6.7399,17824.0
2026-08-19,1.38979,1.41213,0.73873,17.05983,5.2143,3.660092,7.84371,6.7426,17768.5
2026-08-20,1.38104,1.4035,0.7353,16.951,5.1767,3.642844,7.84003,6.7295,17807.0
2026-08-21,1.37814,1.404613,0.73295,16.9454,5.1931,3.643711,7.84347,6.7225,17755.0
2026-08-24,1.37928,1.394428,0.73241,16.915001,5.1373,3.6441,7.8392,6.721,17655.0
2026-08-25,1.38408,1.39766,0.73323,16.944201,5.1543,3.64791,7.83601,6.7219,17714.599609
2026-08-26,1.38362,1.39561,0.73276,16.943501,5.1464,3.642082,7.83804,6.7203,17695.0
2026-08-27,1.3875,1.392467,0.73546,16.943001,5.1474,3.649655,7.8388,6.7225,17778.0
2026-08-28,1.38515,1.389835,0.73545,16.963499,5.1611,3.641991,7.83853,6.7225,17749.0
2026-08-31,1.38991,1.396063,0.73853,17.030649,5.1912,3.662854,7.83975,6.726,17749.0
2026-09-01,1.3851,1.394117,0.738,16.998911,5.1817,3.662754,7.8389,6.726,17689.900391
2026-09-02,1.38941,1.399169,0.7399,16.99007,5.1522,3.672154,7.84069,6.7202,17697.199219
2026-09-03,1.38449,1.395946,0.74164,16.9872,5.0927,3.684754,7.8416,6.719,17723.0
2026-09-04,1.37895,1.388638,0.739,16.91016,5.101,3.7501,7.84,6.719,17618.099609
2026-09-07,1.38337,1.38766,0.7398,16.885509,5.1262,3.641557,7.8406,6.7108,17638.0
2026-09-08,1.38049,1.384869,0.73818,16.9473,5.1267,3.642921,7.8399,6.7108,17664.0
2026-09-09,1.37775,1.384965,0.7383,16.9098,5.0848,3.646021,7.8414,6.7105,17588.0
2026-09-10,1.38048,1.384869,0.7379,16.89039,5.1034,3.636421,7.8422,6.7105,17501.0
2026-09-11,1.38353,1.397429,0.74023,16.98494,5.1028,3.640997,7.84119,6.7061,17588.099609
2026-09-14,1.3867,1.39821,0.73933,16.975599,5.111208,3.638455,7.84201,6.708,17630.0
2026-09-15,1.38997,1.40099,0.74069,17.1208,5.138,3.638955,7.8431,6.7082,17636.0
2026-09-16,1.3924,1.40341,0.7422,17.1464,5.1429,3.645755,7.8445,6.7112,17665.0
2026-09-17,1.39882,1.410815,0.74722,17.24028,5.1509,3.729155,7.84408,6.706,17718.0
2026-09-18,1.39903,1.405383,0.748615,17.163441,5.1241,3.642058,7.8459,6.7074,17757.0
2026-09-21,1.39941,1.404179,0.7469,17.227501,5.1407,3.641999,7.84473,6.6975,17806.0
2026-09-22,1.40328,1.404692,0.747893,17.215969,5.1104,3.640798,7.84484,6.6953,17846.0
2026-09-23,1.40657,1.406054,0.74945,17.285601,5.0999,3.641298,7.8426,6.6996,17805.0
2026-09-24,1.41048,1.42165,0.7552,17.5413,5.1643,3.644698,7.84248,6.7111,17837.300781
2026-09-25,1.4146,1.426941,0.75696,17.73868,5.1905,3.641498,7.8427,6.7111,17559.5
2026-09-27,1.413,1.4258,0.75566,17.7325,,3.7543,,6.7123,17912.0
2026-09-28,,,,,5.1842,,7.8434,,
