date,Open,High,Low,Close,Dividends,Stock Splits,ticker
2016-12-01,27.07,27.23,26.860001,26.950001,0.0,0.0,PICK
2016-12-02,26.74,27.209999,26.67,27.16,0.0,0.0,PICK
2016-12-05,27.57,27.9,27.57,27.799999,0.0,0.0,PICK
2016-12-06,27.719999,27.93,27.6,27.92,0.0,0.0,PICK
2016-12-07,28.16,28.65,28.16,28.59,0.0,0.0,PICK
2016-12-08,28.780001,29.02,28.6,28.73,0.0,0.0,PICK
2016-12-09,28.74,28.780001,28.309999,28.35,0.0,0.0,PICK
2016-12-12,28.66,28.780001,28.360001,28.389999,0.0,0.0,PICK
2016-12-13,28.360001,28.360001,27.75,27.91,0.0,0.0,PICK
2016-12-14,27.66,27.940001,27.25,27.290001,0.0,0.0,PICK
2016-12-15,27.01,27.120001,26.77,26.83,0.0,0.0,PICK
2016-12-16,26.85,27.030001,26.4,26.41,0.0,0.0,PICK
2016-12-19,26.16,26.280001,25.9,26.02,0.0,0.0,PICK
2016-12-20,26.0,26.35,25.92,26.35,0.0,0.0,PICK
2016-12-21,26.299999,26.299999,26.040001,26.049999,0.216,0.0,PICK
2016-12-22,25.92,26.059999,25.65,25.700001,0.0,0.0,PICK
2016-12-23,25.68,25.719999,25.58,25.690001,0.0,0.0,PICK
2016-12-27,25.610001,25.950001,25.610001,25.75,0.0,0.0,PICK
2016-12-28,26.139999,26.290001,25.91,26.02,0.0,0.0,PICK
2016-12-29,26.02,26.02,25.860001,25.969999,0.0,0.0,PICK
2016-12-30,26.110001,26.16,25.610001,25.74,0.0,0.0,PICK
2017-01-03,26.18,26.35,26.01,26.309999,0.0,0.0,PICK
2017-01-04,26.450001,26.66,26.280001,26.559999,0.0,0.0,PICK
2017-01-05,26.719999,27.0,26.610001,26.950001,0.0,0.0,PICK
2017-01-06,26.809999,26.84,26.48,26.51,0.0,0.0,PICK
2017-01-09,26.51,26.639999,26.41,26.49,0.0,0.0,PICK
2017-01-10,27.02,27.530001,27.02,27.52,0.0,0.0,PICK
2017-01-11,27.959999,28.280001,27.73,28.139999,0.0,0.0,PICK
2017-01-12,28.35,28.639999,28.139999,28.27,0.0,0.0,PICK
2017-01-13,28.18,28.41,28.09,28.41,0.0,0.0,PICK
2017-01-17,28.459999,28.51,28.299999,28.33,0.0,0.0,PICK
2017-01-18,28.51,28.74,28.4,28.639999,0.0,0.0,PICK
2017-01-19,28.52,28.700001,28.4,28.58,0.0,0.0,PICK
2017-01-20,28.35,28.6,28.299999,28.540001,0.0,0.0,PICK
2017-01-23,28.860001,28.99,28.74,28.940001,0.0,0.0,PICK
2017-01-24,29.440001,30.0,29.440001,29.940001,0.0,0.0,PICK
2017-01-25,30.02,30.1,29.76,30.07,0.0,0.0,PICK
2017-01-26,29.870001,30.0,29.559999,29.700001,0.0,0.0,PICK
2017-01-27,29.75,29.93,29.65,29.780001,0.0,0.0,PICK
2017-01-30,29.559999,29.559999,29.190001,29.4,0.0,0.0,PICK
2017-01-31,29.530001,29.74,29.379999,29.51,0.0,0.0,PICK
2017-02-01,29.82,29.969999,29.629999,29.879999,0.0,0.0,PICK
2017-02-02,29.91,29.969999,29.75,29.860001,0.0,0.0,PICK
2017-02-03,29.469999,29.52,29.08,29.110001,0.0,0.0,PICK
2017-02-06,29.0,29.059999,28.870001,29.0,0.0,0.0,PICK
2017-02-07,29.08,29.219999,29.030001,29.059999,0.0,0.0,PICK
2017-02-08,28.959999,29.08,28.709999,29.0,0.0,0.0,PICK
2017-02-09,28.879999,29.18,28.83,29.18,0.0,0.0,PICK
2017-02-10,29.59,29.92,29.57,29.870001,0.0,0.0,PICK
2017-02-13,30.4,30.75,30.33,30.65,0.0,0.0,PICK
2017-02-14,30.59,30.65,30.209999,30.540001,0.0,0.0,PICK
2017-02-15,30.51,30.540001,30.360001,30.4,0.0,0.0,PICK
2017-02-16,30.469999,30.51,30.16,30.32,0.0,0.0,PICK
2017-02-17,29.83,30.0,29.77,29.950001,0.0,0.0,PICK
2017-02-21,30.389999,30.530001,30.09,30.450001,0.0,0.0,PICK
2017-02-22,30.24,30.24,29.92,30.040001,0.0,0.0,PICK
2017-02-23,30.18,30.309999,29.440001,29.469999,0.0,0.0,PICK
2017-02-24,28.84,28.959999,28.41,28.68,0.0,0.0,PICK
2017-02-27,28.82,29.040001,28.67,28.780001,0.0,0.0,PICK
2017-02-28,28.700001,28.75,28.5,28.530001,0.0,0.0,PICK
2017-03-01,28.959999,29.620001,28.959999,29.620001,0.0,0.0,PICK
2017-03-02,29.540001,29.549999,28.9,28.9,0.0,0.0,PICK
2017-03-03,28.9,29.190001,28.870001,29.129999,0.0,0.0,PICK
2017-03-06,28.82,28.84,28.58,28.629999,0.0,0.0,PICK
2017-03-07,28.59,28.639999,28.25,28.290001,0.0,0.0,PICK
2017-03-08,28.15,28.299999,27.75,27.76,0.0,0.0,PICK
2017-03-09,27.440001,27.549999,27.17,27.299999,0.0,0.0,PICK
2017-03-10,27.469999,27.530001,27.200001,27.35,0.0,0.0,PICK
2017-03-13,27.629999,27.950001,27.629999,27.889999,0.0,0.0,PICK
2017-03-14,27.73,27.780001,27.360001,27.690001,0.0,0.0,PICK
2017-03-15,27.91,28.889999,27.91,28.76,0.0,0.0,PICK
2017-03-16,29.26,29.549999,29.219999,29.309999,0.0,0.0,PICK
2017-03-17,29.51,29.51,29.209999,29.209999,0.0,0.0,PICK
2017-03-20,29.290001,29.469999,29.190001,29.34,0.0,0.0,PICK
2017-03-21,29.24,29.32,28.309999,28.34,0.0,0.0,PICK
2017-03-22,28.15,28.57,28.040001,28.540001,0.0,0.0,PICK
2017-03-23,28.459999,28.49,28.24,28.280001,0.0,0.0,PICK
2017-03-24,28.26,28.34,28.02,28.120001,0.0,0.0,PICK
2017-03-27,27.59,27.690001,27.299999,27.620001,0.0,0.0,PICK
2017-03-28,27.75,28.049999,27.719999,27.9,0.0,0.0,PICK
2017-03-29,28.01,28.290001,27.9,28.290001,0.0,0.0,PICK
2017-03-30,28.24,28.450001,28.209999,28.23,0.0,0.0,PICK
2017-03-31,28.040001,28.200001,27.92,28.08,0.0,0.0,PICK
2017-04-03,28.0,28.15,27.690001,27.93,0.0,0.0,PICK
2017-04-04,27.98,28.24,27.950001,28.24,0.0,0.0,PICK
2017-04-05,28.530001,28.85,28.16,28.17,0.0,0.0,PICK
2017-04-06,28.34,28.34,28.02,28.040001,0.0,0.0,PICK
2017-04-07,27.83,28.190001,27.67,27.959999,0.0,0.0,PICK
2017-04-10,28.16,28.16,28.0,28.09,0.0,0.0,PICK
2017-04-11,28.25,28.25,27.879999,28.200001,0.0,0.0,PICK
2017-04-12,27.879999,27.879999,27.32,27.41,0.0,0.0,PICK
2017-04-13,27.17,27.280001,26.92,26.93,0.0,0.0,PICK
2017-04-17,27.01,27.17,27.0,27.110001,0.0,0.0,PICK
2017-04-18,26.709999,26.799999,26.389999,26.57,0.0,0.0,PICK
2017-04-19,26.780001,26.950001,26.48,26.51,0.0,0.0,PICK
2017-04-20,26.73,27.059999,26.73,27.0,0.0,0.0,PICK
2017-04-21,27.139999,27.139999,26.91,27.0,0.0,0.0,PICK
2017-04-24,27.280001,27.48,27.24,27.379999,0.0,0.0,PICK
2017-04-25,27.5,27.719999,27.360001,27.68,0.0,0.0,PICK
2017-04-26,27.309999,27.65,27.25,27.48,0.0,0.0,PICK
2017-04-27,27.299999,27.49,26.889999,27.059999,0.0,0.0,PICK
2017-04-28,27.17,27.27,27.15,27.18,0.0,0.0,PICK
2017-05-01,27.190001,27.35,27.139999,27.24,0.0,0.0,PICK
2017-05-02,27.129999,27.200001,26.959999,27.17,0.0,0.0,PICK
2017-05-03,26.77,26.77,26.33,26.41,0.0,0.0,PICK
2017-05-04,26.0,26.030001,25.76,26.0,0.0,0.0,PICK
2017-05-05,25.959999,26.41,25.92,26.370001,0.0,0.0,PICK
2017-05-08,26.290001,26.290001,26.0,26.200001,0.0,0.0,PICK
2017-05-09,26.290001,26.34,26.07,26.15,0.0,0.0,PICK
2017-05-10,26.379999,26.5,26.290001,26.389999,0.0,0.0,PICK
2017-05-11,26.309999,26.360001,26.139999,26.33,0.0,0.0,PICK
2017-05-12,26.23,26.25,26.120001,26.18,0.0,0.0,PICK
2017-05-15,26.59,26.790001,26.469999,26.52,0.0,0.0,PICK
2017-05-16,26.76,26.870001,26.75,26.83,0.0,0.0,PICK
2017-05-17,26.700001,26.700001,26.4,26.4,0.0,0.0,PICK
2017-05-18,26.129999,26.4,25.940001,26.280001,0.0,0.0,PICK
2017-05-19,26.559999,27.02,26.559999,27.0,0.0,0.0,PICK
2017-05-22,27.09,27.200001,27.08,27.16,0.0,0.0,PICK
2017-05-23,27.15,27.200001,27.01,27.129999,0.0,0.0,PICK
2017-05-24,26.92,27.18,26.92,27.049999,0.0,0.0,PICK
2017-05-25,27.07,27.299999,26.9,26.99,0.0,0.0,PICK
2017-05-26,27.120001,27.120001,26.889999,26.889999,0.0,0.0,PICK
2017-05-30,26.889999,26.959999,26.83,26.959999,0.0,0.0,PICK
2017-05-31,26.74,26.74,26.32,26.469999,0.0,0.0,PICK
2017-06-01,26.469999,26.530001,26.32,26.52,0.0,0.0,PICK
2017-06-02,26.5,26.59,26.43,26.540001,0.0,0.0,PICK
2017-06-05,26.389999,26.43,26.32,26.389999,0.0,0.0,PICK
2017-06-06,26.309999,26.48,26.25,26.459999,0.0,0.0,PICK
2017-06-07,26.51,26.66,26.33,26.469999,0.0,0.0,PICK
2017-06-08,26.42,26.889999,26.42,26.870001,0.0,0.0,PICK
2017-06-09,26.860001,27.059999,26.84,27.0,0.0,0.0,PICK
2017-06-12,26.93,27.0,26.790001,26.83,0.0,0.0,PICK
2017-06-13,26.91,26.99,26.85,26.99,0.0,0.0,PICK
2017-06-14,27.1,27.110001,26.51,26.57,0.0,0.0,PICK
2017-06-15,26.15,26.15,25.690001,25.870001,0.0,0.0,PICK
2017-06-16,25.77,25.91,25.719999,25.809999,0.0,0.0,PICK
2017-06-19,25.93,26.25,25.93,26.049999,0.0,0.0,PICK
2017-06-20,25.5,25.51,25.02,25.09,0.38,0.0,PICK
2017-06-21,25.120001,25.32,25.120001,25.16,0.0,0.0,PICK
2017-06-22,25.139999,25.559999,25.030001,25.48,0.0,0.0,PICK
2017-06-23,25.610001,25.75,25.48,25.67,0.0,0.0,PICK
2017-06-26,25.860001,26.1,25.639999,25.709999,0.0,0.0,PICK
2017-06-27,26.139999,26.309999,26.040001,26.040001,0.0,0.0,PICK
2017-06-28,26.370001,26.73,26.370001,26.700001,0.0,0.0,PICK
2017-06-29,27.07,27.18,26.65,26.82,0.0,0.0,PICK
2017-06-30,27.01,27.1,26.950001,26.99,0.0,0.0,PICK
2017-07-03,27.200001,27.6,27.200001,27.57,0.0,0.0,PICK
2017-07-05,27.67,27.76,27.43,27.6,0.0,0.0,PICK
2017-07-06,27.540001,27.639999,27.43,27.469999,0.0,0.0,PICK
2017-07-07,27.59,27.59,27.360001,27.559999,0.0,0.0,PICK
2017-07-10,27.370001,27.950001,27.370001,27.85,0.0,0.0,PICK
2017-07-11,27.969999,28.280001,27.91,28.209999,0.0,0.0,PICK
2017-07-12,28.440001,28.5,28.35,28.450001,0.0,0.0,PICK
2017-07-13,28.48,28.700001,28.440001,28.690001,0.0,0.0,PICK
2017-07-14,28.93,29.040001,28.860001,28.99,0.0,0.0,PICK
2017-07-17,29.07,29.33,29.07,29.26,0.0,0.0,PICK
2017-07-18,29.209999,29.33,29.049999,29.33,0.0,0.0,PICK
2017-07-19,29.379999,29.540001,29.23,29.450001,0.0,0.0,PICK
2017-07-20,29.33,29.370001,29.040001,29.190001,0.0,0.0,PICK
2017-07-21,29.040001,29.059999,28.950001,28.959999,0.0,0.0,PICK
2017-07-24,28.959999,29.09,28.9,29.040001,0.0,0.0,PICK
2017-07-25,29.530001,29.93,29.530001,29.889999,0.0,0.0,PICK
2017-07-26,30.0,30.17,29.870001,30.129999,0.0,0.0,PICK
2017-07-27,30.299999,30.4,29.93,30.049999,0.0,0.0,PICK
2017-07-28,29.959999,30.059999,29.9,30.01,0.0,0.0,PICK
2017-07-31,30.35,30.540001,30.35,30.450001,0.0,0.0,PICK
2017-08-01,30.540001,30.540001,30.299999,30.4,0.0,0.0,PICK
2017-08-02,30.040001,30.33,29.93,30.059999,0.0,0.0,PICK
2017-08-03,30.030001,30.190001,29.969999,30.120001,0.0,0.0,PICK
2017-08-04,30.23,30.379999,30.18,30.32,0.0,0.0,PICK
2017-08-07,30.540001,30.93,30.540001,30.91,0.0,0.0,PICK
2017-08-08,30.879999,31.0,30.700001,30.82,0.0,0.0,PICK
2017-08-09,30.58,31.040001,30.58,30.73,0.0,0.0,PICK
2017-08-10,30.6,30.610001,30.1,30.16,0.0,0.0,PICK
2017-08-11,29.84,29.92,29.49,29.719999,0.0,0.0,PICK
2017-08-14,30.0,30.120001,29.959999,30.030001,0.0,0.0,PICK
2017-08-15,29.51,29.76,29.51,29.66,0.0,0.0,PICK
2017-08-16,29.82,30.42,29.82,30.42,0.0,0.0,PICK
2017-08-17,30.57,30.57,30.0,30.049999,0.0,0.0,PICK
2017-08-18,30.1,30.219999,30.0,30.17,0.0,0.0,PICK
2017-08-21,30.389999,30.459999,30.24,30.389999,0.0,0.0,PICK
2017-08-22,30.75,30.860001,30.690001,30.790001,0.0,0.0,PICK
2017-08-23,30.74,31.049999,30.6,31.030001,0.0,0.0,PICK
2017-08-24,31.139999,31.209999,30.91,31.17,0.0,0.0,PICK
2017-08-25,31.52,31.59,31.35,31.459999,0.0,0.0,PICK
2017-08-28,31.65,31.66,31.469999,31.58,0.0,0.0,PICK
2017-08-29,31.5,31.709999,31.219999,31.66,0.0,0.0,PICK
2017-08-30,31.700001,31.809999,31.639999,31.68,0.0,0.0,PICK
2017-08-31,32.0,32.189999,31.950001,32.09,0.0,0.0,PICK
2017-09-01,32.400002,32.59,32.299999,32.5,0.0,0.0,PICK
2017-09-05,32.57,32.689999,32.0,32.060001,0.0,0.0,PICK
2017-09-06,32.130001,32.549999,32.130001,32.52,0.0,0.0,PICK
2017-09-07,32.599998,32.790001,32.529999,32.740002,0.0,0.0,PICK
2017-09-08,32.689999,32.689999,32.080002,32.16,0.0,0.0,PICK
2017-09-11,32.240002,32.5,32.240002,32.380001,0.0,0.0,PICK
2017-09-12,32.610001,32.73,32.509998,32.68,0.0,0.0,PICK
2017-09-13,32.43,32.43,32.02,32.040001,0.0,0.0,PICK
2017-09-14,31.85,31.85,31.379999,31.6,0.0,0.0,PICK
2017-09-15,31.379999,31.559999,31.299999,31.370001,0.0,0.0,PICK
2017-09-18,31.49,31.540001,31.360001,31.48,0.0,0.0,PICK
2017-09-19,31.42,31.59,31.290001,31.59,0.0,0.0,PICK
2017-09-20,31.639999,31.940001,31.379999,31.559999,0.0,0.0,PICK
2017-09-21,31.139999,31.49,31.139999,31.17,0.0,0.0,PICK
2017-09-22,31.0,31.08,30.74,31.049999,0.0,0.0,PICK
2017-09-25,30.940001,30.959999,30.43,30.5,0.0,0.0,PICK
2017-09-26,30.51,30.959999,30.440001,30.459999,0.0,0.0,PICK
2017-09-27,30.57,30.67,30.34,30.57,0.0,0.0,PICK
2017-09-28,30.34,30.690001,30.299999,30.690001,0.0,0.0,PICK
2017-09-29,30.73,30.98,30.690001,30.969999,0.0,0.0,PICK
2017-10-02,30.940001,31.309999,30.940001,31.27,0.0,0.0,PICK
2017-10-03,31.27,31.58,31.209999,31.540001,0.0,0.0,PICK
2017-10-04,31.76,31.84,31.629999,31.65,0.0,0.0,PICK
2017-10-05,31.809999,32.080002,31.809999,31.85,0.0,0.0,PICK
2017-10-06,31.719999,31.879999,31.66,31.870001,0.0,0.0,PICK
2017-10-09,31.85,31.870001,31.41,31.42,0.0,0.0,PICK
2017-10-10,31.780001,31.780001,31.540001,31.709999,0.0,0.0,PICK
2017-10-11,31.51,31.690001,31.49,31.58,0.0,0.0,PICK
2017-10-12,31.450001,31.85,31.450001,31.68,0.0,0.0,PICK
2017-10-13,32.259998,32.5,32.189999,32.330002,0.0,0.0,PICK
2017-10-16,33.0,33.009998,32.630001,32.759998,0.0,0.0,PICK
2017-10-17,32.73,32.759998,32.299999,32.380001,0.0,0.0,PICK
2017-10-18,32.18,32.400002,31.98,32.16,0.0,0.0,PICK
2017-10-19,32.0,32.189999,31.83,32.189999,0.0,0.0,PICK
2017-10-20,32.189999,32.380001,32.139999,32.25,0.0,0.0,PICK
2017-10-23,32.130001,32.32,32.099998,32.18,0.0,0.0,PICK
2017-10-24,32.150002,32.470001,32.150002,32.389999,0.0,0.0,PICK
2017-10-25,32.27,32.5,32.0,32.130001,0.0,0.0,PICK
2017-10-26,32.360001,32.360001,31.860001,31.959999,0.0,0.0,PICK
2017-10-27,31.49,31.790001,31.49,31.76,0.0,0.0,PICK
2017-10-30,31.49,31.870001,31.49,31.65,0.0,0.0,PICK
2017-10-31,31.469999,31.719999,31.370001,31.709999,0.0,0.0,PICK
2017-11-01,32.5,32.5,32.18,32.299999,0.0,0.0,PICK
2017-11-02,32.32,32.610001,32.32,32.509998,0.0,0.0,PICK
2017-11-03,32.610001,32.610001,32.220001,32.43,0.0,0.0,PICK
2017-11-06,32.509998,32.880001,32.509998,32.830002,0.0,0.0,PICK
2017-11-07,32.880001,32.880001,32.509998,32.59,0.0,0.0,PICK
2017-11-08,32.549999,32.860001,32.549999,32.779999,0.0,0.0,PICK
2017-11-09,32.330002,32.330002,32.07,32.310001,0.0,0.0,PICK
2017-11-10,32.279999,32.41,32.110001,32.23,0.0,0.0,PICK
2017-11-13,31.950001,32.220001,31.719999,32.09,0.0,0.0,PICK
2017-11-14,31.9,31.9,31.33,31.360001,0.0,0.0,PICK
2017-11-15,30.780001,31.07,30.549999,30.969999,0.0,0.0,PICK
2017-11-16,31.129999,31.290001,31.09,31.16,0.0,0.0,PICK
2017-11-17,31.0,31.299999,31.0,31.01,0.0,0.0,PICK
2017-11-20,31.02,31.360001,31.01,31.299999,0.0,0.0,PICK
2017-11-21,31.41,31.709999,31.389999,31.59,0.0,0.0,PICK
2017-11-22,31.75,32.09,31.66,31.93,0.0,0.0,PICK
2017-11-24,32.150002,32.349998,32.130001,32.23,0.0,0.0,PICK
2017-11-27,32.200001,32.200001,31.889999,31.93,0.0,0.0,PICK
2017-11-28,31.68,31.860001,31.58,31.77,0.0,0.0,PICK
2017-11-29,31.610001,31.83,31.51,31.620001,0.0,0.0,PICK
2017-11-30,31.530001,31.68,31.43,31.530001,0.0,0.0,PICK
2017-12-01,31.450001,31.74,31.23,31.530001,0.0,0.0,PICK
2017-12-04,31.709999,32.07,31.709999,31.91,0.0,0.0,PICK
2017-12-05,31.52,31.73,31.5,31.559999,0.0,0.0,PICK
2017-12-06,31.309999,31.52,31.16,31.379999,0.0,0.0,PICK
2017-12-07,31.15,31.42,31.15,31.41,0.0,0.0,PICK
2017-12-08,31.51,31.75,31.5,31.73,0.0,0.0,PICK
2017-12-11,32.0,32.139999,31.889999,32.0,0.0,0.0,PICK
2017-12-12,32.07,32.110001,31.85,32.07,0.0,0.0,PICK
2017-12-13,32.099998,32.470001,32.099998,32.299999,0.0,0.0,PICK
2017-12-14,32.529999,32.59,32.27,32.27,0.0,0.0,PICK
2017-12-15,32.52,32.700001,32.439999,32.57,0.0,0.0,PICK
2017-12-18,33.0,33.279999,32.73,33.240002,0.0,0.0,PICK
2017-12-19,32.959999,33.009998,32.639999,32.790001,0.436,0.0,PICK
2017-12-20,33.330002,33.330002,33.060001,33.310001,0.0,0.0,PICK
2017-12-21,33.639999,33.84,33.560001,33.84,0.0,0.0,PICK
2017-12-22,33.970001,33.970001,33.360001,33.84,0.0,0.0,PICK
2017-12-26,33.939999,34.060001,33.73,33.900002,0.0,0.0,PICK
2017-12-27,34.189999,34.5,34.18,34.299999,0.0,0.0,PICK
2017-12-28,34.75,34.75,34.279999,34.700001,0.019,0.0,PICK
2017-12-29,35.0,35.0,34.599998,34.630001,0.0,0.0,PICK
2018-01-02,35.200001,35.700001,34.959999,35.68,0.0,0.0,PICK
2018-01-03,35.880001,36.119999,35.639999,36.119999,0.0,0.0,PICK
2018-01-04,36.349998,36.349998,35.849998,36.009998,0.0,0.0,PICK
2018-01-05,36.189999,36.299999,35.939999,35.939999,0.0,0.0,PICK
2018-01-08,36.450001,36.599998,36.299999,36.59,0.0,0.0,PICK
2018-01-09,36.990002,36.990002,36.52,36.66,0.0,0.0,PICK
2018-01-10,36.68,36.84,36.610001,36.779999,0.0,0.0,PICK
2018-01-11,37.049999,37.400002,37.0,37.369999,0.0,0.0,PICK
2018-01-12,37.720001,37.830002,37.619999,37.82,0.0,0.0,PICK
2018-01-16,37.689999,37.700001,36.779999,36.779999,0.0,0.0,PICK
2018-01-17,37.099998,37.52,36.970001,37.52,0.0,0.0,PICK
2018-01-18,37.34,37.450001,37.049999,37.130001,0.0,0.0,PICK
2018-01-19,37.369999,37.459999,37.16,37.290001,0.0,0.0,PICK
2018-01-22,37.299999,37.349998,37.049999,37.310001,0.0,0.0,PICK
2018-01-23,37.009998,37.110001,36.5,36.82,0.0,0.0,PICK
2018-01-24,37.389999,37.439999,37.099998,37.299999,0.0,0.0,PICK
2018-01-25,37.73,37.830002,37.139999,37.27,0.0,0.0,PICK
2018-01-26,37.439999,37.610001,37.099998,37.540001,0.0,0.0,PICK
2018-01-29,37.759998,37.91,37.450001,37.529999,0.0,0.0,PICK
2018-01-30,37.360001,37.389999,36.82,36.939999,0.0,0.0,PICK
2018-01-31,37.009998,37.240002,36.599998,36.75,0.0,0.0,PICK
2018-02-01,36.860001,37.029999,36.75,37.0,0.0,0.0,PICK
2018-02-02,36.75,36.799999,35.009998,35.009998,0.0,0.0,PICK
2018-02-05,35.02,35.860001,34.150002,34.450001,0.0,0.0,PICK
2018-02-06,34.700001,35.779999,34.0,35.630001,0.0,0.0,PICK
2018-02-07,35.5,35.5,34.700001,34.759998,0.0,0.0,PICK
2018-02-08,34.59,34.720001,33.41,33.43,0.0,0.0,PICK
2018-02-09,33.790001,34.439999,32.849998,34.439999,0.0,0.0,PICK
2018-02-12,34.669998,35.029999,34.360001,34.810001,0.0,0.0,PICK
2018-02-13,34.720001,35.23,34.68,35.09,0.0,0.0,PICK
2018-02-14,34.990002,36.43,34.790001,36.200001,0.0,0.0,PICK
2018-02-15,36.75,36.91,36.299999,36.799999,0.0,0.0,PICK
2018-02-16,36.580002,36.939999,36.400002,36.68,0.0,0.0,PICK
2018-02-20,36.07,36.189999,35.720001,35.900002,0.0,0.0,PICK
2018-02-21,35.939999,36.490002,35.860001,35.860001,0.0,0.0,PICK
2018-02-22,36.130001,36.34,35.830002,36.080002,0.0,0.0,PICK
2018-02-23,36.380001,36.5,35.919998,36.490002,0.0,0.0,PICK
2018-02-26,36.869999,37.0,36.580002,37.0,0.0,0.0,PICK
2018-02-27,36.720001,36.98,36.240002,36.279999,0.0,0.0,PICK
2018-02-28,36.16,36.16,35.279999,35.330002,0.0,0.0,PICK
2018-03-01,35.310001,35.349998,34.709999,34.810001,0.0,0.0,PICK
2018-03-02,34.299999,34.759998,34.150002,34.610001,0.0,0.0,PICK
2018-03-05,34.310001,34.810001,34.099998,34.599998,0.0,0.0,PICK
2018-03-06,35.380001,35.43,34.84,35.279999,0.0,0.0,PICK
2018-03-07,34.869999,35.080002,34.599998,34.900002,0.0,0.0,PICK
2018-03-08,34.880001,34.950001,34.349998,34.549999,0.0,0.0,PICK
2018-03-09,34.599998,34.860001,34.599998,34.709999,0.0,0.0,PICK
2018-03-12,34.75,35.0,34.709999,34.950001,0.0,0.0,PICK
2018-03-13,34.990002,35.279999,34.75,34.799999,0.0,0.0,PICK
2018-03-14,35.380001,35.380001,34.82,34.93,0.0,0.0,PICK
2018-03-15,34.830002,35.240002,34.700001,34.75,0.0,0.0,PICK
2018-03-16,34.66,34.98,34.66,34.91,0.0,0.0,PICK
2018-03-19,34.540001,34.700001,33.880001,34.200001,0.0,0.0,PICK
2018-03-20,34.0,34.34,33.990002,34.080002,0.0,0.0,PICK
2018-03-21,34.099998,34.869999,34.0,34.869999,0.0,0.0,PICK
2018-03-22,34.169998,34.259998,33.619999,33.650002,0.0,0.0,PICK
2018-03-23,33.560001,33.66,33.029999,33.080002,0.0,0.0,PICK
2018-03-26,33.720001,33.82,33.07,33.66,0.0,0.0,PICK
2018-03-27,33.91,33.91,33.139999,33.299999,0.0,0.0,PICK
2018-03-28,33.049999,33.139999,32.66,32.77,0.0,0.0,PICK
2018-03-29,33.23,33.740002,33.09,33.52,0.0,0.0,PICK
2018-04-02,33.279999,33.57,32.91,33.02,0.0,0.0,PICK
2018-04-03,33.389999,33.610001,33.099998,33.369999,0.0,0.0,PICK
2018-04-04,32.540001,33.369999,32.290001,33.369999,0.0,0.0,PICK
2018-04-05,33.619999,33.849998,33.529999,33.689999,0.0,0.0,PICK
2018-04-06,33.25,33.669998,32.77,32.849998,0.0,0.0,PICK
2018-04-09,32.75,33.119999,32.549999,32.830002,0.0,0.0,PICK
2018-04-10,33.860001,34.099998,33.560001,33.990002,0.0,0.0,PICK
2018-04-11,33.75,34.130001,33.75,33.970001,0.0,0.0,PICK
2018-04-12,34.07,34.130001,33.790001,34.09,0.0,0.0,PICK
2018-04-13,34.560001,34.560001,34.09,34.150002,0.0,0.0,PICK
2018-04-16,34.310001,34.360001,34.150002,34.16,0.0,0.0,PICK
2018-04-17,34.5,34.689999,34.369999,34.619999,0.0,0.0,PICK
2018-04-18,35.439999,35.939999,35.16,35.73,0.0,0.0,PICK
2018-04-19,36.119999,36.369999,35.869999,36.009998,0.0,0.0,PICK
2018-04-20,35.990002,35.990002,35.599998,35.669998,0.0,0.0,PICK
2018-04-23,35.509998,35.52,35.200001,35.330002,0.0,0.0,PICK
2018-04-24,35.52,35.52,34.75,34.869999,0.0,0.0,PICK
2018-04-25,34.66,34.77,34.41,34.689999,0.0,0.0,PICK
2018-04-26,34.77,34.869999,34.610001,34.849998,0.0,0.0,PICK
2018-04-27,34.509998,34.650002,34.419998,34.529999,0.0,0.0,PICK
2018-04-30,34.439999,34.610001,34.189999,34.290001,0.0,0.0,PICK
2018-05-01,34.41,34.41,33.689999,33.939999,0.0,0.0,PICK
2018-05-02,34.360001,34.68,34.34,34.400002,0.0,0.0,PICK
2018-05-03,34.490002,34.720001,34.27,34.580002,0.0,0.0,PICK
2018-05-04,34.5,34.970001,34.349998,34.860001,0.0,0.0,PICK
2018-05-07,35.009998,35.080002,34.759998,34.759998,0.0,0.0,PICK
2018-05-08,34.549999,34.849998,34.400002,34.610001,0.0,0.0,PICK
2018-05-09,34.68,35.200001,34.57,35.189999,0.0,0.0,PICK
2018-05-10,35.540001,35.900002,35.5,35.84,0.0,0.0,PICK
2018-05-11,35.91,36.349998,35.91,36.130001,0.0,0.0,PICK
2018-05-14,36.48,36.490002,36.27,36.349998,0.0,0.0,PICK
2018-05-15,35.900002,35.900002,35.5,35.869999,0.0,0.0,PICK
2018-05-16,36.119999,36.619999,36.0,36.57,0.0,0.0,PICK
2018-05-17,36.560001,36.709999,36.419998,36.68,0.0,0.0,PICK
2018-05-18,36.200001,36.200001,36.02,36.040001,0.0,0.0,PICK
2018-05-21,36.209999,36.490002,36.119999,36.330002,0.0,0.0,PICK
2018-05-22,36.52,36.52,36.299999,36.32,0.0,0.0,PICK
2018-05-23,35.720001,35.849998,35.240002,35.669998,0.0,0.0,PICK
2018-05-24,35.540001,35.610001,35.139999,35.490002,0.0,0.0,PICK
2018-05-25,35.150002,35.150002,34.73,34.810001,0.0,0.0,PICK
2018-05-29,34.32,34.75,33.970001,34.040001,0.0,0.0,PICK
2018-05-30,34.240002,34.75,34.240002,34.700001,0.0,0.0,PICK
2018-05-31,34.709999,34.939999,34.52,34.66,0.0,0.0,PICK
2018-06-01,35.040001,35.27,34.990002,35.18,0.0,0.0,PICK
2018-06-04,35.59,35.689999,35.310001,35.450001,0.0,0.0,PICK
2018-06-05,35.400002,35.689999,35.400002,35.68,0.0,0.0,PICK
2018-06-06,36.279999,36.560001,36.0,36.560001,0.0,0.0,PICK
2018-06-07,36.41,36.549999,35.98,36.209999,0.0,0.0,PICK
2018-06-08,35.849998,36.02,35.700001,36.0,0.0,0.0,PICK
2018-06-11,35.93,36.209999,35.93,36.080002,0.0,0.0,PICK
2018-06-12,35.700001,35.860001,35.490002,35.610001,0.0,0.0,PICK
2018-06-13,35.57,35.77,35.34,35.599998,0.0,0.0,PICK
2018-06-14,35.5,35.560001,35.279999,35.380001,0.0,0.0,PICK
2018-06-15,34.849998,35.0,34.27,34.5,0.0,0.0,PICK
2018-06-18,34.099998,34.419998,33.799999,34.419998,0.0,0.0,PICK
2018-06-19,33.0,33.080002,32.619999,33.0,0.49,0.0,PICK
2018-06-20,33.009998,33.220001,32.860001,32.970001,0.0,0.0,PICK
2018-06-21,32.759998,32.900002,32.669998,32.669998,0.0,0.0,PICK
2018-06-22,33.200001,33.349998,33.09,33.330002,0.0,0.0,PICK
2018-06-25,32.93,32.959999,32.16,32.439999,0.0,0.0,PICK
2018-06-26,32.27,32.650002,32.23,32.630001,0.0,0.0,PICK
2018-06-27,32.470001,32.799999,32.169998,32.200001,0.0,0.0,PICK
2018-06-28,32.009998,32.380001,31.91,32.23,0.0,0.0,PICK
2018-06-29,32.580002,32.889999,32.580002,32.630001,0.0,0.0,PICK
2018-07-02,32.139999,32.16,31.84,31.93,0.0,0.0,PICK
2018-07-03,32.099998,32.209999,31.67,31.780001,0.0,0.0,PICK
2018-07-05,31.790001,32.099998,31.790001,32.099998,0.0,0.0,PICK
2018-07-06,31.93,32.529999,31.85,32.43,0.0,0.0,PICK
2018-07-09,32.860001,33.080002,32.73,33.0,0.0,0.0,PICK
2018-07-10,32.959999,33.080002,32.82,33.029999,0.0,0.0,PICK
2018-07-11,32.119999,32.459999,31.790001,31.879999,0.0,0.0,PICK
2018-07-12,31.99,32.16,31.889999,32.099998,0.0,0.0,PICK
2018-07-13,31.950001,32.119999,31.83,32.060001,0.0,0.0,PICK
2018-07-16,31.799999,32.080002,31.700001,31.870001,0.0,0.0,PICK
2018-07-17,31.639999,32.23,31.639999,32.189999,0.0,0.0,PICK
2018-07-18,32.240002,32.400002,32.02,32.380001,0.0,0.0,PICK
2018-07-19,32.040001,32.040001,31.51,31.67,0.0,0.0,PICK
2018-07-20,31.5,31.67,31.290001,31.629999,0.0,0.0,PICK
2018-07-23,31.6,31.76,31.59,31.700001,0.0,0.0,PICK
2018-07-24,32.75,33.139999,32.720001,32.889999,0.0,0.0,PICK
2018-07-25,32.939999,33.25,32.720001,33.220001,0.0,0.0,PICK
2018-07-26,33.060001,33.060001,32.799999,32.889999,0.0,0.0,PICK
2018-07-27,33.349998,33.419998,33.060001,33.169998,0.0,0.0,PICK
2018-07-30,33.110001,33.43,33.099998,33.099998,0.0,0.0,PICK
2018-07-31,33.5,33.650002,33.349998,33.470001,0.0,0.0,PICK
2018-08-01,33.43,33.450001,33.009998,33.029999,0.0,0.0,PICK
2018-08-02,32.25,32.470001,32.029999,32.290001,0.0,0.0,PICK
2018-08-03,32.209999,32.57,32.18,32.490002,0.0,0.0,PICK
2018-08-06,32.380001,32.380001,32.18,32.25,0.0,0.0,PICK
2018-08-07,32.709999,32.939999,32.459999,32.470001,0.0,0.0,PICK
2018-08-08,32.5,32.5,32.32,32.490002,0.0,0.0,PICK
2018-08-09,32.330002,32.5,32.209999,32.25,0.0,0.0,PICK
2018-08-10,31.66,31.66,31.35,31.48,0.0,0.0,PICK
2018-08-13,31.309999,31.5,31.049999,31.139999,0.0,0.0,PICK
2018-08-14,31.15,31.290001,31.110001,31.25,0.0,0.0,PICK
2018-08-15,30.540001,30.559999,29.73,30.0,0.0,0.0,PICK
2018-08-16,30.030001,30.379999,30.030001,30.08,0.0,0.0,PICK
2018-08-17,30.07,30.450001,29.85,30.389999,0.0,0.0,PICK
2018-08-20,30.57,30.76,30.57,30.66,0.0,0.0,PICK
2018-08-21,30.75,30.940001,30.639999,30.75,0.0,0.0,PICK
2018-08-22,30.92,31.02,30.809999,30.99,0.0,0.0,PICK
2018-08-23,30.719999,30.719999,30.360001,30.379999,0.0,0.0,PICK
2018-08-24,30.76,31.02,30.76,30.92,0.0,0.0,PICK
2018-08-27,31.129999,31.52,30.950001,31.42,0.0,0.0,PICK
2018-08-28,31.66,31.99,31.57,31.629999,0.0,0.0,PICK
2018-08-29,31.48,31.76,31.459999,31.75,0.0,0.0,PICK
2018-08-30,31.51,31.75,31.1,31.139999,0.0,0.0,PICK
2018-08-31,30.99,31.030001,30.690001,30.790001,0.0,0.0,PICK
2018-09-04,30.290001,30.469999,30.0,30.110001,0.0,0.0,PICK
2018-09-05,30.01,30.129999,29.879999,30.059999,0.0,0.0,PICK
2018-09-06,30.129999,30.370001,29.809999,29.99,0.0,0.0,PICK
2018-09-07,29.719999,29.85,29.48,29.65,0.0,0.0,PICK
2018-09-10,29.66,29.77,29.559999,29.559999,0.0,0.0,PICK
2018-09-11,29.1,29.469999,29.059999,29.469999,0.0,0.0,PICK
2018-09-12,29.48,29.93,29.469999,29.879999,0.0,0.0,PICK
2018-09-13,30.16,30.360001,29.969999,30.120001,0.0,0.0,PICK
2018-09-14,30.290001,30.459999,30.23,30.379999,0.0,0.0,PICK
2018-09-17,30.370001,30.6,30.370001,30.379999,0.0,0.0,PICK
2018-09-18,30.719999,31.110001,30.719999,31.049999,0.0,0.0,PICK
2018-09-19,31.41,31.93,31.280001,31.83,0.0,0.0,PICK
2018-09-20,32.439999,32.549999,32.240002,32.360001,0.0,0.0,PICK
2018-09-21,32.610001,32.860001,32.560001,32.75,0.0,0.0,PICK
2018-09-24,32.830002,32.830002,32.470001,32.5,0.0,0.0,PICK
2018-09-25,32.73,33.029999,32.669998,32.98,0.0,0.0,PICK
2018-09-26,32.970001,32.970001,32.52,32.68,0.0,0.0,PICK
2018-09-27,32.66,32.73,32.540001,32.639999,0.0,0.0,PICK
2018-09-28,32.43,32.759998,32.43,32.59,0.0,0.0,PICK
2018-10-01,32.48,32.75,32.419998,32.720001,0.0,0.0,PICK
2018-10-02,32.740002,32.860001,32.639999,32.84,0.0,0.0,PICK
2018-10-03,32.860001,32.98,32.639999,32.720001,0.0,0.0,PICK
2018-10-04,32.790001,32.84,32.32,32.349998,0.0,0.0,PICK
2018-10-05,32.02,32.32,31.57,31.799999,0.0,0.0,PICK
2018-10-08,31.200001,31.65,31.200001,31.620001,0.0,0.0,PICK
2018-10-09,31.629999,31.83,31.52,31.709999,0.0,0.0,PICK
2018-10-10,31.280001,31.389999,30.610001,30.639999,0.0,0.0,PICK
2018-10-11,30.26,30.75,30.26,30.379999,0.0,0.0,PICK
2018-10-12,30.98,31.16,30.469999,30.780001,0.0,0.0,PICK
2018-10-15,30.969999,30.969999,30.73,30.76,0.0,0.0,PICK
2018-10-16,31.02,31.219999,30.969999,31.219999,0.0,0.0,PICK
2018-10-17,31.1,31.16,30.77,30.93,0.0,0.0,PICK
2018-10-18,30.75,30.75,30.08,30.200001,0.0,0.0,PICK
2018-10-19,30.4,30.48,30.07,30.15,0.0,0.0,PICK
2018-10-22,30.190001,30.389999,30.110001,30.35,0.0,0.0,PICK
2018-10-23,29.77,29.84,29.139999,29.74,0.0,0.0,PICK
2018-10-24,29.469999,29.51,28.280001,28.32,0.0,0.0,PICK
2018-10-25,28.52,28.92,28.52,28.780001,0.0,0.0,PICK
2018-10-26,28.17,28.809999,28.1,28.77,0.0,0.0,PICK
2018-10-29,29.07,29.209999,28.280001,28.469999,0.0,0.0,PICK
2018-10-30,28.51,28.98,28.51,28.889999,0.0,0.0,PICK
2018-10-31,29.110001,29.6,29.110001,29.52,0.0,0.0,PICK
2018-11-01,29.889999,30.48,29.790001,30.48,0.0,0.0,PICK
2018-11-02,30.74,31.1,30.4,30.65,0.0,0.0,PICK
2018-11-05,30.73,30.99,30.65,30.799999,0.0,0.0,PICK
2018-11-06,30.9,30.9,30.6,30.889999,0.0,0.0,PICK
2018-11-07,31.02,31.25,30.959999,31.24,0.0,0.0,PICK
2018-11-08,31.030001,31.25,30.73,30.83,0.0,0.0,PICK
2018-11-09,30.129999,30.370001,29.790001,29.99,0.0,0.0,PICK
2018-11-12,30.0,30.0,29.48,29.51,0.0,0.0,PICK
2018-11-13,29.43,29.719999,29.219999,29.52,0.0,0.0,PICK
2018-11-14,29.24,29.48,28.98,29.26,0.0,0.0,PICK
2018-11-15,29.110001,29.83,29.110001,29.65,0.0,0.0,PICK
2018-11-16,29.65,30.02,29.629999,29.940001,0.0,0.0,PICK
2018-11-19,29.540001,29.860001,29.540001,29.610001,0.0,0.0,PICK
2018-11-20,29.110001,29.18,28.629999,28.700001,0.0,0.0,PICK
2018-11-21,28.959999,29.280001,28.68,29.16,0.0,0.0,PICK
2018-11-23,28.34,28.370001,28.030001,28.16,0.0,0.0,PICK
2018-11-26,27.940001,28.17,27.73,27.959999,0.0,0.0,PICK
2018-11-27,27.629999,27.9,27.450001,27.620001,0.0,0.0,PICK
2018-11-28,27.780001,28.5,27.559999,28.48,0.0,0.0,PICK
2018-11-29,28.459999,28.620001,28.309999,28.43,0.0,0.0,PICK
2018-11-30,28.1,28.4,28.1,28.4,0.0,0.0,PICK
2018-12-03,29.5,29.66,29.219999,29.370001,0.0,0.0,PICK
2018-12-04,29.4,29.4,28.6,28.65,0.0,0.0,PICK
2018-12-06,27.9,28.01,27.42,28.0,0.0,0.0,PICK
2018-12-07,28.120001,28.469999,27.66,27.74,0.0,0.0,PICK
2018-12-10,27.5,27.629999,27.08,27.23,0.0,0.0,PICK
2018-12-11,27.73,27.969999,27.5,27.639999,0.0,0.0,PICK
2018-12-12,28.059999,28.469999,27.950001,28.190001,0.0,0.0,PICK
2018-12-13,28.43,28.559999,28.280001,28.34,0.0,0.0,PICK
2018-12-14,27.75,28.08,27.75,27.84,0.0,0.0,PICK
2018-12-17,28.059999,28.35,27.84,27.950001,0.0,0.0,PICK
2018-12-18,27.5,27.59,27.209999,27.290001,0.796,0.0,PICK
2018-12-19,27.469999,27.790001,26.76,26.809999,0.0,0.0,PICK
2018-12-20,26.959999,27.110001,26.49,26.66,0.0,0.0,PICK
2018-12-21,26.719999,26.959999,26.389999,26.440001,0.0,0.0,PICK
2018-12-24,26.34,26.65,26.219999,26.26,0.0,0.0,PICK
2018-12-26,26.280001,26.969999,26.0,26.969999,0.0,0.0,PICK
2018-12-27,26.559999,26.889999,26.35,26.889999,0.0,0.0,PICK
2018-12-28,27.07,27.290001,26.860001,27.02,0.0,0.0,PICK
2018-12-31,26.870001,27.1,26.809999,26.98,0.0,0.0,PICK
2019-01-02,26.35,26.85,26.02,26.799999,0.0,0.0,PICK
2019-01-03,26.67,26.799999,26.110001,26.110001,0.0,0.0,PICK
2019-01-04,26.780001,27.610001,26.620001,27.48,0.0,0.0,PICK
2019-01-07,27.58,28.0,27.58,27.790001,0.0,0.0,PICK
2019-01-08,27.68,28.01,27.68,28.01,0.0,0.0,PICK
2019-01-09,28.290001,28.610001,28.290001,28.5,0.0,0.0,PICK
2019-01-10,28.32,28.52,28.1,28.440001,0.0,0.0,PICK
2019-01-11,28.34,28.459999,28.18,28.34,0.0,0.0,PICK
2019-01-14,28.16,28.35,27.959999,28.190001,0.0,0.0,PICK
2019-01-15,28.35,28.440001,28.110001,28.25,0.0,0.0,PICK
2019-01-16,28.200001,28.459999,28.200001,28.4,0.0,0.0,PICK
2019-01-17,28.17,28.879999,28.15,28.66,0.0,0.0,PICK
2019-01-18,28.809999,29.1,28.790001,28.950001,0.0,0.0,PICK
2019-01-22,28.5,28.5,28.120001,28.190001,0.0,0.0,PICK
2019-01-23,28.299999,28.4,28.09,28.299999,0.0,0.0,PICK
2019-01-24,28.120001,28.4,28.120001,28.360001,0.0,0.0,PICK
2019-01-25,28.709999,29.110001,28.67,28.92,0.0,0.0,PICK
2019-01-28,28.540001,28.809999,28.26,28.35,0.0,0.0,PICK
2019-01-29,28.700001,28.870001,28.65,28.73,0.0,0.0,PICK
2019-01-30,29.379999,29.860001,29.190001,29.700001,0.0,0.0,PICK
2019-01-31,29.870001,29.99,29.709999,29.98,0.0,0.0,PICK
2019-02-01,29.98,29.98,29.77,29.85,0.0,0.0,PICK
2019-02-04,29.709999,29.860001,29.59,29.809999,0.0,0.0,PICK
2019-02-05,29.92,29.98,29.77,29.870001,0.0,0.0,PICK
2019-02-06,29.93,29.93,29.67,29.68,0.0,0.0,PICK
2019-02-07,29.440001,29.610001,29.280001,29.35,0.0,0.0,PICK
2019-02-08,29.26,29.26,28.93,29.139999,0.0,0.0,PICK
2019-02-11,29.18,29.18,28.959999,29.09,0.0,0.0,PICK
2019-02-12,29.299999,29.48,29.16,29.450001,0.0,0.0,PICK
2019-02-13,29.530001,29.870001,29.530001,29.620001,0.0,0.0,PICK
2019-02-14,29.59,29.629999,29.42,29.6,0.0,0.0,PICK
2019-02-15,29.690001,29.969999,29.690001,29.92,0.0,0.0,PICK
2019-02-19,29.76,30.379999,29.67,30.27,0.0,0.0,PICK
2019-02-20,30.6,31.030001,30.5,30.889999,0.0,0.0,PICK
2019-02-21,30.639999,30.809999,30.389999,30.51,0.0,0.0,PICK
2019-02-22,30.98,31.09,30.889999,31.01,0.0,0.0,PICK
2019-02-25,31.27,31.33,31.08,31.16,0.0,0.0,PICK
2019-02-26,31.25,31.4,31.059999,31.290001,0.0,0.0,PICK
2019-02-27,31.459999,31.459999,31.139999,31.139999,0.0,0.0,PICK
2019-02-28,30.76,30.98,30.59,30.610001,0.0,0.0,PICK
2019-03-01,30.610001,30.75,30.459999,30.540001,0.0,0.0,PICK
2019-03-04,30.57,30.709999,30.34,30.610001,0.0,0.0,PICK
2019-03-05,30.610001,30.690001,30.469999,30.610001,0.0,0.0,PICK
2019-03-06,30.73,30.940001,30.559999,30.559999,0.0,0.0,PICK
2019-03-07,30.559999,30.58,30.110001,30.23,0.0,0.0,PICK
2019-03-08,29.879999,29.889999,29.67,29.84,0.0,0.0,PICK
2019-03-11,29.92,30.34,29.92,30.34,0.0,0.0,PICK
2019-03-12,30.370001,30.559999,30.370001,30.43,0.0,0.0,PICK
2019-03-13,30.76,30.84,30.51,30.84,0.0,0.0,PICK
2019-03-14,30.58,30.68,30.5,30.559999,0.0,0.0,PICK
2019-03-15,30.690001,30.799999,30.610001,30.629999,0.0,0.0,PICK
2019-03-18,30.870001,31.17,30.870001,31.110001,0.0,0.0,PICK
2019-03-19,31.459999,31.530001,31.16,31.219999,0.0,0.0,PICK
2019-03-20,31.1,31.370001,30.809999,31.200001,0.0,0.0,PICK
2019-03-21,31.110001,31.4,31.110001,31.32,0.0,0.0,PICK
2019-03-22,31.07,31.24,30.4,30.51,0.0,0.0,PICK
2019-03-25,30.35,30.700001,30.299999,30.549999,0.0,0.0,PICK
2019-03-26,30.780001,30.969999,30.73,30.780001,0.0,0.0,PICK
2019-03-27,30.700001,30.98,30.57,30.77,0.0,0.0,PICK
2019-03-28,30.77,30.85,30.709999,30.85,0.0,0.0,PICK
2019-03-29,31.209999,31.33,31.02,31.07,0.0,0.0,PICK
2019-04-01,32.0,32.119999,31.85,32.040001,0.0,0.0,PICK
2019-04-02,32.220001,32.220001,31.91,32.16,0.0,0.0,PICK
2019-04-03,32.529999,32.669998,32.380001,32.450001,0.0,0.0,PICK
2019-04-04,32.330002,32.450001,32.189999,32.419998,0.0,0.0,PICK
2019-04-05,32.639999,32.669998,32.450001,32.540001,0.0,0.0,PICK
2019-04-08,32.779999,32.970001,32.68,32.950001,0.0,0.0,PICK
2019-04-09,32.790001,32.799999,32.57,32.639999,0.0,0.0,PICK
2019-04-10,32.759998,32.869999,32.639999,32.740002,0.0,0.0,PICK
2019-04-11,32.529999,32.57,32.189999,32.259998,0.0,0.0,PICK
2019-04-12,32.860001,32.860001,32.599998,32.619999,0.0,0.0,PICK
2019-04-15,32.630001,32.700001,32.34,32.450001,0.0,0.0,PICK
2019-04-16,32.400002,32.599998,32.400002,32.509998,0.0,0.0,PICK
2019-04-17,32.59,32.639999,32.32,32.43,0.0,0.0,PICK
2019-04-18,32.389999,32.48,32.279999,32.310001,0.0,0.0,PICK
2019-04-22,32.220001,32.34,32.099998,32.150002,0.0,0.0,PICK
2019-04-23,32.049999,32.189999,31.91,32.080002,0.0,0.0,PICK
2019-04-24,31.860001,31.860001,31.379999,31.379999,0.0,0.0,PICK
2019-04-25,31.309999,31.34,30.950001,31.15,0.0,0.0,PICK
2019-04-26,30.969999,31.280001,30.91,31.15,0.0,0.0,PICK
2019-04-29,31.17,31.33,31.0,31.059999,0.0,0.0,PICK
2019-04-30,30.950001,30.950001,30.75,30.82,0.0,0.0,PICK
2019-05-01,30.719999,30.879999,30.299999,30.299999,0.0,0.0,PICK
2019-05-02,30.17,30.219999,30.049999,30.17,0.0,0.0,PICK
2019-05-03,30.379999,30.82,30.379999,30.790001,0.0,0.0,PICK
2019-05-06,30.1,30.389999,30.08,30.370001,0.0,0.0,PICK
2019-05-07,30.1,30.4,29.76,29.870001,0.0,0.0,PICK
2019-05-08,29.76,30.0,29.709999,29.709999,0.0,0.0,PICK
2019-05-09,29.42,29.549999,29.17,29.41,0.0,0.0,PICK
2019-05-10,29.5,29.860001,29.27,29.709999,0.0,0.0,PICK
2019-05-13,28.98,29.0,28.540001,28.68,0.0,0.0,PICK
2019-05-14,29.139999,29.23,29.02,29.190001,0.0,0.0,PICK
2019-05-15,28.860001,29.18,28.76,29.09,0.0,0.0,PICK
2019-05-16,29.209999,29.469999,29.209999,29.32,0.0,0.0,PICK
2019-05-17,28.940001,29.23,28.940001,29.0,0.0,0.0,PICK
2019-05-20,28.879999,29.040001,28.790001,28.860001,0.0,0.0,PICK
2019-05-21,28.84,29.16,28.84,29.15,0.0,0.0,PICK
2019-05-22,28.969999,29.139999,28.76,28.799999,0.0,0.0,PICK
2019-05-23,28.43,28.43,28.059999,28.209999,0.0,0.0,PICK
2019-05-24,28.559999,28.790001,28.559999,28.719999,0.0,0.0,PICK
2019-05-28,28.969999,29.139999,28.719999,28.76,0.0,0.0,PICK
2019-05-29,28.389999,28.59,28.33,28.59,0.0,0.0,PICK
2019-05-30,28.469999,28.690001,28.459999,28.52,0.0,0.0,PICK
2019-05-31,28.0,28.299999,27.940001,28.08,0.0,0.0,PICK
2019-06-03,28.299999,28.549999,28.129999,28.43,0.0,0.0,PICK
2019-06-04,28.75,28.959999,28.5,28.91,0.0,0.0,PICK
2019-06-05,28.809999,28.879999,28.49,28.629999,0.0,0.0,PICK
2019-06-06,28.530001,28.77,28.530001,28.629999,0.0,0.0,PICK
2019-06-07,28.860001,29.09,28.57,28.91,0.0,0.0,PICK
2019-06-10,29.030001,29.25,29.030001,29.09,0.0,0.0,PICK
2019-06-11,29.870001,29.91,29.52,29.889999,0.0,0.0,PICK
2019-06-12,29.99,29.99,29.74,29.75,0.0,0.0,PICK
2019-06-13,29.879999,30.139999,29.879999,30.01,0.0,0.0,PICK
2019-06-14,29.76,29.879999,29.74,29.77,0.0,0.0,PICK
2019-06-17,28.77,29.049999,28.5,28.709999,0.897,0.0,PICK
2019-06-18,29.139999,29.530001,29.1,29.440001,0.0,0.0,PICK
2019-06-19,29.530001,29.6,29.280001,29.469999,0.0,0.0,PICK
2019-06-20,30.129999,30.23,29.85,29.85,0.0,0.0,PICK
2019-06-21,29.99,30.01,29.780001,29.9,0.0,0.0,PICK
2019-06-24,29.9,30.190001,29.799999,29.92,0.0,0.0,PICK
2019-06-25,29.91,30.049999,29.809999,29.82,0.0,0.0,PICK
2019-06-26,30.01,30.18,30.01,30.17,0.0,0.0,PICK
2019-06-27,30.450001,30.450001,30.139999,30.25,0.0,0.0,PICK
2019-06-28,30.389999,30.389999,30.25,30.290001,0.0,0.0,PICK
2019-07-01,30.629999,30.66,30.41,30.559999,0.0,0.0,PICK
2019-07-02,30.620001,30.620001,30.33,30.459999,0.0,0.0,PICK
2019-07-03,30.4,30.58,30.34,30.34,0.0,0.0,PICK
2019-07-05,29.67,29.77,29.299999,29.620001,0.0,0.0,PICK
2019-07-08,29.73,29.74,29.620001,29.66,0.0,0.0,PICK
2019-07-09,29.440001,29.440001,29.15,29.209999,0.0,0.0,PICK
2019-07-10,29.540001,29.639999,29.440001,29.48,0.0,0.0,PICK
2019-07-11,29.35,29.43,29.280001,29.43,0.0,0.0,PICK
2019-07-12,29.41,29.59,29.360001,29.530001,0.0,0.0,PICK
2019-07-15,29.76,29.76,29.66,29.68,0.0,0.0,PICK
2019-07-16,29.629999,29.870001,29.629999,29.65,0.0,0.0,PICK
2019-07-17,29.690001,29.77,29.6,29.629999,0.0,0.0,PICK
2019-07-18,29.65,29.67,29.42,29.620001,0.0,0.0,PICK
2019-07-19,29.860001,29.98,29.629999,29.809999,0.0,0.0,PICK
2019-07-22,29.9,30.049999,29.84,29.92,0.0,0.0,PICK
2019-07-23,30.0,30.110001,29.92,30.01,0.0,0.0,PICK
2019-07-24,29.559999,29.75,29.469999,29.530001,0.0,0.0,PICK
2019-07-25,29.35,29.52,29.07,29.1,0.0,0.0,PICK
2019-07-26,29.1,29.32,28.91,28.959999,0.0,0.0,PICK
2019-07-29,28.91,29.07,28.84,28.940001,0.0,0.0,PICK
2019-07-30,28.65,28.84,28.5,28.809999,0.0,0.0,PICK
2019-07-31,28.709999,28.780001,28.26,28.26,0.0,0.0,PICK
2019-08-01,27.969999,28.030001,27.290001,27.290001,0.0,0.0,PICK
2019-08-02,26.99,26.99,26.549999,26.719999,0.0,0.0,PICK
2019-08-05,26.0,26.17,25.52,25.780001,0.0,0.0,PICK
2019-08-06,25.82,26.120001,25.65,25.84,0.0,0.0,PICK
2019-08-07,25.5,25.809999,25.25,25.809999,0.0,0.0,PICK
2019-08-08,26.01,26.459999,26.0,26.42,0.0,0.0,PICK
2019-08-09,26.290001,26.290001,25.780001,25.780001,0.0,0.0,PICK
2019-08-12,25.799999,25.809999,25.450001,25.51,0.0,0.0,PICK
2019-08-13,25.309999,26.16,25.309999,26.120001,0.0,0.0,PICK
2019-08-14,25.68,25.68,25.120001,25.23,0.0,0.0,PICK
2019-08-15,25.08,25.18,24.889999,25.049999,0.0,0.0,PICK
2019-08-16,24.99,25.219999,24.969999,25.1,0.0,0.0,PICK
2019-08-19,25.309999,25.48,25.25,25.360001,0.0,0.0,PICK
2019-08-20,25.389999,25.389999,25.139999,25.219999,0.0,0.0,PICK
2019-08-21,25.200001,25.26,25.139999,25.190001,0.0,0.0,PICK
2019-08-22,25.110001,25.190001,24.92,25.030001,0.0,0.0,PICK
2019-08-23,24.83,25.16,24.57,24.59,0.0,0.0,PICK
2019-08-26,24.780001,24.780001,24.51,24.559999,0.0,0.0,PICK
2019-08-27,24.75,24.85,24.639999,24.67,0.0,0.0,PICK
2019-08-28,24.549999,24.940001,24.51,24.85,0.0,0.0,PICK
2019-08-29,25.040001,25.280001,25.040001,25.139999,0.0,0.0,PICK
2019-08-30,25.59,25.719999,25.51,25.58,0.0,0.0,PICK
2019-09-03,25.48,25.5,25.25,25.49,0.0,0.0,PICK
2019-09-04,25.83,26.129999,25.83,26.07,0.0,0.0,PICK
2019-09-05,26.34,26.610001,26.209999,26.48,0.0,0.0,PICK
2019-09-06,26.629999,26.719999,26.459999,26.52,0.0,0.0,PICK
2019-09-09,26.559999,26.9,26.559999,26.799999,0.0,0.0,PICK
2019-09-10,26.82,27.25,26.82,27.1,0.0,0.0,PICK
2019-09-11,27.42,27.549999,27.299999,27.42,0.0,0.0,PICK
2019-09-12,27.68,27.860001,27.43,27.860001,0.0,0.0,PICK
2019-09-13,28.120001,28.4,28.120001,28.24,0.0,0.0,PICK
2019-09-16,28.23,28.23,27.83,27.860001,0.0,0.0,PICK
2019-09-17,27.52,27.82,27.5,27.74,0.0,0.0,PICK
2019-09-18,27.57,27.690001,27.4,27.52,0.0,0.0,PICK
2019-09-19,27.360001,27.530001,27.32,27.459999,0.0,0.0,PICK
2019-09-20,27.559999,27.559999,27.389999,27.41,0.0,0.0,PICK
2019-09-23,27.16,27.26,26.83,27.209999,0.0,0.0,PICK
2019-09-24,27.030001,27.049999,26.6,26.66,0.0,0.0,PICK
2019-09-25,26.48,26.85,26.4,26.77,0.0,0.0,PICK
2019-09-26,26.82,26.84,26.610001,26.68,0.0,0.0,PICK
2019-09-27,26.83,26.83,26.58,26.59,0.0,0.0,PICK
2019-09-30,26.530001,26.74,26.530001,26.620001,0.0,0.0,PICK
2019-10-01,26.59,26.6,26.219999,26.26,0.0,0.0,PICK
2019-10-02,25.879999,26.02,25.559999,25.65,0.0,0.0,PICK
2019-10-03,25.4,25.75,25.17,25.65,0.0,0.0,PICK
2019-10-04,25.620001,25.950001,25.620001,25.950001,0.0,0.0,PICK
2019-10-07,25.719999,25.99,25.719999,25.809999,0.0,0.0,PICK
2019-10-08,25.76,25.76,25.469999,25.540001,0.0,0.0,PICK
2019-10-09,25.620001,25.68,25.459999,25.629999,0.0,0.0,PICK
2019-10-10,25.870001,26.299999,25.76,26.280001,0.0,0.0,PICK
2019-10-11,26.959999,27.299999,26.73,27.18,0.0,0.0,PICK
2019-10-14,26.780001,26.790001,26.66,26.73,0.0,0.0,PICK
2019-10-15,26.709999,26.889999,26.57,26.84,0.0,0.0,PICK
2019-10-16,26.48,26.76,26.48,26.540001,0.0,0.0,PICK
2019-10-17,26.700001,26.85,26.469999,26.559999,0.0,0.0,PICK
2019-10-18,26.57,26.690001,26.52,26.530001,0.0,0.0,PICK
2019-10-21,26.9,27.139999,26.700001,26.98,0.0,0.0,PICK
2019-10-22,27.1,27.139999,26.969999,27.040001,0.0,0.0,PICK
2019-10-23,27.139999,27.309999,27.139999,27.299999,0.0,0.0,PICK
2019-10-24,27.57,27.629999,27.07,27.129999,0.0,0.0,PICK
2019-10-25,27.049999,27.549999,27.049999,27.48,0.0,0.0,PICK
2019-10-28,27.889999,27.9,27.59,27.889999,0.0,0.0,PICK
2019-10-29,27.9,27.950001,27.84,27.879999,0.0,0.0,PICK
2019-10-30,27.58,27.76,27.389999,27.75,0.0,0.0,PICK
2019-10-31,27.639999,27.639999,27.26,27.42,0.0,0.0,PICK
2019-11-01,27.68,28.09,27.68,28.07,0.0,0.0,PICK
2019-11-04,28.459999,28.709999,28.459999,28.639999,0.0,0.0,PICK
2019-11-05,28.99,28.99,28.799999,28.879999,0.0,0.0,PICK
2019-11-06,28.99,28.99,28.67,28.74,0.0,0.0,PICK
2019-11-07,29.0,29.1,28.959999,29.040001,0.0,0.0,PICK
2019-11-08,28.66,28.77,28.58,28.77,0.0,0.0,PICK
2019-11-11,28.15,28.42,28.15,28.299999,0.0,0.0,PICK
2019-11-12,28.35,28.43,28.18,28.26,0.0,0.0,PICK
2019-11-13,27.99,28.030001,27.799999,27.84,0.0,0.0,PICK
2019-11-14,27.639999,27.85,27.52,27.790001,0.0,0.0,PICK
2019-11-15,27.92,28.200001,27.91,28.16,0.0,0.0,PICK
2019-11-18,28.129999,28.16,27.92,28.049999,0.0,0.0,PICK
2019-11-19,28.35,28.4,28.120001,28.200001,0.0,0.0,PICK
2019-11-20,27.75,28.17,27.75,27.91,0.0,0.0,PICK
2019-11-21,27.83,27.91,27.700001,27.85,0.0,0.0,PICK
2019-11-22,28.07,28.27,28.07,28.219999,0.0,0.0,PICK
2019-11-25,28.389999,28.67,28.24,28.639999,0.0,0.0,PICK
2019-11-26,28.629999,28.629999,28.469999,28.610001,0.0,0.0,PICK
2019-11-27,28.75,28.75,28.57,28.719999,0.0,0.0,PICK
2019-11-29,28.440001,28.530001,28.360001,28.4,0.0,0.0,PICK
2019-12-02,28.43,28.52,28.370001,28.49,0.0,0.0,PICK
2019-12-03,28.059999,28.209999,27.92,28.190001,0.0,0.0,PICK
2019-12-04,28.379999,28.5,28.25,28.450001,0.0,0.0,PICK
2019-12-05,28.41,28.450001,28.27,28.370001,0.0,0.0,PICK
2019-12-06,28.799999,28.85,28.639999,28.85,0.0,0.0,PICK
2019-12-09,28.91,29.26,28.860001,29.02,0.0,0.0,PICK
2019-12-10,28.93,29.23,28.93,29.200001,0.0,0.0,PICK
2019-12-11,29.33,29.66,29.26,29.620001,0.0,0.0,PICK
2019-12-12,29.74,30.07,29.620001,30.01,0.0,0.0,PICK
2019-12-13,30.24,30.5,30.059999,30.23,0.0,0.0,PICK
2019-12-16,30.209999,30.23,29.92,29.959999,0.693,0.0,PICK
2019-12-17,29.879999,30.0,29.75,29.889999,0.0,0.0,PICK
2019-12-18,29.83,29.98,29.65,29.780001,0.0,0.0,PICK
2019-12-19,29.68,29.83,29.66,29.719999,0.0,0.0,PICK
2019-12-20,29.9,29.92,29.6,29.690001,0.0,0.0,PICK
2019-12-23,29.469999,29.690001,29.299999,29.59,0.0,0.0,PICK
2019-12-24,29.559999,29.73,29.559999,29.6,0.0,0.0,PICK
2019-12-26,29.860001,29.879999,29.66,29.74,0.0,0.0,PICK
2019-12-27,29.940001,30.049999,29.82,29.85,0.0,0.0,PICK
2019-12-30,29.959999,29.969999,29.780001,29.809999,0.048,0.0,PICK
2019-12-31,29.809999,29.9,29.68,29.73,0.0,0.0,PICK
2020-01-02,30.129999,30.190001,29.959999,30.0,0.0,0.0,PICK
2020-01-03,29.75,29.83,29.280001,29.530001,0.0,0.0,PICK
2020-01-06,29.219999,29.450001,29.219999,29.379999,0.0,0.0,PICK
2020-01-07,29.23,29.52,29.23,29.43,0.0,0.0,PICK
2020-01-08,29.33,29.74,29.33,29.709999,0.0,0.0,PICK
2020-01-09,29.709999,29.709999,29.33,29.459999,0.0,0.0,PICK
2020-01-10,29.33,29.6,29.33,29.379999,0.0,0.0,PICK
2020-01-13,29.360001,29.889999,29.360001,29.870001,0.0,0.0,PICK
2020-01-14,29.9,30.049999,29.889999,30.030001,0.0,0.0,PICK
2020-01-15,29.870001,29.870001,29.709999,29.709999,0.0,0.0,PICK
2020-01-16,29.799999,29.9,29.799999,29.860001,0.0,0.0,PICK
2020-01-17,30.17,30.26,30.049999,30.25,0.0,0.0,PICK
2020-01-21,29.799999,29.879999,29.57,29.57,0.0,0.0,PICK
2020-01-22,29.719999,29.83,29.66,29.68,0.0,0.0,PICK
2020-01-23,29.24,29.469999,28.889999,29.280001,0.0,0.0,PICK
2020-01-24,29.200001,29.200001,28.59,28.74,0.0,0.0,PICK
2020-01-27,27.92,27.950001,27.540001,27.6,0.0,0.0,PICK
2020-01-28,27.709999,27.9,27.530001,27.870001,0.0,0.0,PICK
2020-01-29,27.889999,27.9,27.77,27.83,0.0,0.0,PICK
2020-01-30,27.35,27.709999,27.32,27.709999,0.0,0.0,PICK
2020-01-31,27.209999,27.35,26.889999,26.940001,0.0,0.0,PICK
2020-02-03,26.719999,26.950001,26.65,26.84,0.0,0.0,PICK
2020-02-04,27.549999,27.809999,27.309999,27.809999,0.0,0.0,PICK
2020-02-05,28.360001,28.360001,28.07,28.23,0.0,0.0,PICK
2020-02-06,28.34,28.389999,28.16,28.190001,0.0,0.0,PICK
2020-02-07,27.719999,27.85,27.450001,27.52,0.0,0.0,PICK
2020-02-10,27.48,27.48,27.27,27.42,0.0,0.0,PICK
2020-02-11,27.709999,27.950001,27.6,27.76,0.0,0.0,PICK
2020-02-12,28.17,28.34,28.17,28.209999,0.0,0.0,PICK
2020-02-13,27.92,28.07,27.860001,27.940001,0.0,0.0,PICK
2020-02-14,27.98,27.98,27.74,27.82,0.0,0.0,PICK
2020-02-18,27.389999,27.709999,27.389999,27.6,0.0,0.0,PICK
2020-02-19,27.5,27.74,27.5,27.639999,0.0,0.0,PICK
2020-02-20,27.59,27.65,27.389999,27.4,0.0,0.0,PICK
2020-02-21,27.32,27.32,26.99,27.18,0.0,0.0,PICK
2020-02-24,25.74,25.809999,25.51,25.780001,0.0,0.0,PICK
2020-02-25,25.77,25.85,25.09,25.09,0.0,0.0,PICK
2020-02-26,25.24,25.469999,24.950001,24.959999,0.0,0.0,PICK
2020-02-27,24.5,24.559999,23.940001,24.02,0.0,0.0,PICK
2020-02-28,23.1,23.67,22.870001,23.5,0.0,0.0,PICK
2020-03-02,23.51,24.16,23.49,24.15,0.0,0.0,PICK
2020-03-03,24.370001,24.77,23.780001,24.0,0.0,0.0,PICK
2020-03-04,24.540001,24.809999,24.290001,24.68,0.0,0.0,PICK
2020-03-05,23.9,24.120001,23.59,23.799999,0.0,0.0,PICK
2020-03-06,23.01,23.32,22.75,23.129999,0.0,0.0,PICK
2020-03-09,20.59,21.049999,19.51,19.889999,0.0,0.0,PICK
2020-03-10,21.68,22.08,20.870001,21.690001,0.0,0.0,PICK
2020-03-11,21.0,21.049999,20.049999,20.23,0.0,0.0,PICK
2020-03-12,17.75,18.290001,17.59,18.0,0.0,0.0,PICK
2020-03-13,19.27,19.85,18.360001,19.549999,0.0,0.0,PICK
2020-03-16,17.73,18.219999,17.17,17.6,0.0,0.0,PICK
2020-03-17,17.629999,18.73,17.629999,18.620001,0.0,0.0,PICK
2020-03-18,17.299999,17.299999,16.24,16.440001,0.0,0.0,PICK
2020-03-19,16.120001,17.24,16.120001,16.709999,0.0,0.0,PICK
2020-03-20,17.209999,17.620001,16.5,16.5,0.0,0.0,PICK
2020-03-23,16.34,16.559999,16.01,16.200001,0.0,0.0,PICK
2020-03-24,17.700001,18.559999,17.51,18.4,0.0,0.0,PICK
2020-03-25,18.889999,19.85,18.530001,19.17,0.0,0.0,PICK
2020-03-26,19.540001,19.700001,19.299999,19.65,0.0,0.0,PICK
2020-03-27,18.5,19.07,18.5,18.690001,0.0,0.0,PICK
2020-03-30,18.870001,19.1,18.76,18.969999,0.0,0.0,PICK
2020-03-31,19.1,19.6,18.91,19.299999,0.0,0.0,PICK
2020-04-01,18.620001,19.110001,18.549999,18.639999,0.0,0.0,PICK
2020-04-02,18.700001,19.35,18.66,19.120001,0.0,0.0,PICK
2020-04-03,18.940001,19.110001,18.5,18.629999,0.0,0.0,PICK
2020-04-06,19.379999,19.780001,19.27,19.690001,0.0,0.0,PICK
2020-04-07,20.549999,20.91,19.950001,20.01,0.0,0.0,PICK
2020-04-08,20.0,20.35,19.889999,20.299999,0.0,0.0,PICK
2020-04-09,20.559999,21.0,20.559999,20.85,0.0,0.0,PICK
2020-04-13,21.120001,21.120001,20.549999,20.799999,0.0,0.0,PICK
2020-04-14,21.129999,21.41,21.08,21.18,0.0,0.0,PICK
2020-04-15,20.25,20.25,19.92,20.09,0.0,0.0,PICK
2020-04-16,20.09,20.09,19.75,20.049999,0.0,0.0,PICK
2020-04-17,20.57,20.82,20.48,20.799999,0.0,0.0,PICK
2020-04-20,20.43,20.74,20.129999,20.129999,0.0,0.0,PICK
2020-04-21,19.360001,19.639999,19.200001,19.389999,0.0,0.0,PICK
2020-04-22,19.99,19.99,19.73,19.860001,0.0,0.0,PICK
2020-04-23,20.110001,20.6,19.98,20.16,0.0,0.0,PICK
2020-04-24,20.389999,20.440001,20.09,20.370001,0.0,0.0,PICK
2020-04-27,20.450001,20.84,20.41,20.790001,0.0,0.0,PICK
2020-04-28,21.18,21.18,20.66,20.870001,0.0,0.0,PICK
2020-04-29,21.639999,22.09,21.309999,21.9,0.0,0.0,PICK
2020-04-30,21.65,21.76,21.110001,21.299999,0.0,0.0,PICK
2020-05-01,20.639999,20.639999,20.32,20.4,0.0,0.0,PICK
2020-05-04,20.15,20.51,20.120001,20.51,0.0,0.0,PICK
2020-05-05,20.75,20.969999,20.58,20.6,0.0,0.0,PICK
2020-05-06,20.66,20.780001,20.42,20.48,0.0,0.0,PICK
2020-05-07,20.77,21.17,20.700001,20.870001,0.0,0.0,PICK
2020-05-08,21.32,21.52,21.219999,21.49,0.0,0.0,PICK
2020-05-11,21.139999,21.18,20.809999,21.07,0.0,0.0,PICK
2020-05-12,21.15,21.190001,20.620001,20.620001,0.0,0.0,PICK
2020-05-13,20.74,20.76,20.18,20.299999,0.0,0.0,PICK
2020-05-14,19.99,20.48,19.68,20.469999,0.0,0.0,PICK
2020-05-15,20.629999,20.950001,20.57,20.790001,0.0,0.0,PICK
2020-05-18,22.059999,22.459999,21.799999,22.42,0.0,0.0,PICK
2020-05-19,22.450001,22.719999,22.4,22.459999,0.0,0.0,PICK
2020-05-20,22.889999,23.09,22.790001,22.91,0.0,0.0,PICK
2020-05-21,22.9,22.950001,22.530001,22.559999,0.0,0.0,PICK
2020-05-22,22.5,22.549999,22.24,22.41,0.0,0.0,PICK
2020-05-26,23.129999,23.16,22.879999,22.879999,0.0,0.0,PICK
2020-05-27,23.389999,23.450001,23.049999,23.379999,0.0,0.0,PICK
2020-05-28,23.77,23.790001,23.48,23.5,0.0,0.0,PICK
2020-05-29,23.379999,23.549999,23.129999,23.549999,0.0,0.0,PICK
2020-06-01,23.790001,24.25,23.73,24.209999,0.0,0.0,PICK
2020-06-02,24.620001,24.879999,24.49,24.84,0.0,0.0,PICK
2020-06-03,25.219999,25.52,25.200001,25.41,0.0,0.0,PICK
2020-06-04,25.219999,25.34,24.91,25.23,0.0,0.0,PICK
2020-06-05,25.99,26.360001,25.860001,26.0,0.0,0.0,PICK
2020-06-08,26.4,26.59,26.15,26.52,0.0,0.0,PICK
2020-06-09,25.879999,26.25,25.85,26.200001,0.0,0.0,PICK
2020-06-10,26.41,26.41,25.92,26.15,0.0,0.0,PICK
2020-06-11,25.27,25.27,24.24,24.26,0.0,0.0,PICK
2020-06-12,24.99,25.200001,24.540001,24.91,0.0,0.0,PICK
2020-06-15,23.629999,24.58,23.610001,24.5,0.373,0.0,PICK
2020-06-16,25.27,25.290001,24.469999,24.879999,0.0,0.0,PICK
2020-06-17,24.93,24.959999,24.700001,24.83,0.0,0.0,PICK
2020-06-18,24.24,24.43,24.110001,24.389999,0.0,0.0,PICK
2020-06-19,24.709999,24.709999,24.030001,24.049999,0.0,0.0,PICK
2020-06-22,24.25,24.620001,24.23,24.549999,0.0,0.0,PICK
2020-06-23,25.09,25.17,24.889999,24.959999,0.0,0.0,PICK
2020-06-24,24.73,24.73,24.120001,24.15,0.0,0.0,PICK
2020-06-25,24.1,24.52,24.040001,24.51,0.0,0.0,PICK
2020-06-26,24.6,24.6,24.0,24.049999,0.0,0.0,PICK
2020-06-29,24.15,24.27,24.030001,24.25,0.0,0.0,PICK
2020-06-30,24.219999,24.530001,24.219999,24.530001,0.0,0.0,PICK
2020-07-01,24.51,24.51,24.200001,24.370001,0.0,0.0,PICK
2020-07-02,24.77,25.049999,24.690001,24.73,0.0,0.0,PICK
2020-07-06,25.110001,25.129999,24.889999,25.09,0.0,0.0,PICK
2020-07-07,25.09,25.219999,24.889999,24.889999,0.0,0.0,PICK
2020-07-08,25.24,25.459999,25.23,25.42,0.0,0.0,PICK
2020-07-09,25.389999,25.620001,25.1,25.280001,0.0,0.0,PICK
2020-07-10,25.43,25.59,25.280001,25.59,0.0,0.0,PICK
2020-07-13,25.99,26.200001,25.51,25.59,0.0,0.0,PICK
2020-07-14,25.559999,26.27,25.559999,26.18,0.0,0.0,PICK
2020-07-15,26.639999,26.66,26.299999,26.559999,0.0,0.0,PICK
2020-07-16,26.24,26.5,26.24,26.33,0.0,0.0,PICK
2020-07-17,26.389999,26.639999,26.389999,26.559999,0.0,0.0,PICK
2020-07-20,26.67,26.799999,26.52,26.73,0.0,0.0,PICK
2020-07-21,26.780001,26.790001,26.58,26.610001,0.0,0.0,PICK
2020-07-22,26.629999,26.75,26.5,26.75,0.0,0.0,PICK
2020-07-23,26.67,26.85,26.450001,26.52,0.0,0.0,PICK
2020-07-24,26.32,26.58,26.290001,26.57,0.0,0.0,PICK
2020-07-27,26.969999,27.42,26.84,27.35,0.0,0.0,PICK
2020-07-28,27.280001,27.280001,27.0,27.040001,0.0,0.0,PICK
2020-07-29,27.25,27.370001,27.030001,27.309999,0.0,0.0,PICK
2020-07-30,26.73,26.83,26.290001,26.83,0.0,0.0,PICK
2020-07-31,26.719999,26.719999,26.190001,26.389999,0.0,0.0,PICK
2020-08-03,26.6,26.879999,26.459999,26.860001,0.0,0.0,PICK
2020-08-04,26.84,27.030001,26.65,27.01,0.0,0.0,PICK
2020-08-05,27.58,28.18,27.52,28.0,0.0,0.0,PICK
2020-08-06,27.77,28.09,27.709999,28.07,0.0,0.0,PICK
2020-08-07,27.68,27.77,27.26,27.459999,0.0,0.0,PICK
2020-08-10,27.700001,27.93,27.610001,27.889999,0.0,0.0,PICK
2020-08-11,28.08,28.24,27.76,27.809999,0.0,0.0,PICK
2020-08-12,28.16,28.34,28.030001,28.129999,0.0,0.0,PICK
2020-08-13,28.139999,28.139999,27.799999,27.9,0.0,0.0,PICK
2020-08-14,27.959999,28.059999,27.77,27.879999,0.0,0.0,PICK
2020-08-17,28.440001,28.5,28.17,28.299999,0.0,0.0,PICK
2020-08-18,28.52,28.6,28.209999,28.34,0.0,0.0,PICK
2020-08-19,28.49,28.49,28.1,28.120001,0.0,0.0,PICK
2020-08-20,27.9,28.0,27.530001,27.860001,0.0,0.0,PICK
2020-08-21,27.709999,27.709999,27.370001,27.49,0.0,0.0,PICK
2020-08-24,27.85,28.0,27.77,27.91,0.0,0.0,PICK
2020-08-25,27.93,28.0,27.41,27.629999,0.0,0.0,PICK
2020-08-26,27.66,27.870001,27.66,27.780001,0.0,0.0,PICK
2020-08-27,28.09,28.09,27.459999,27.51,0.0,0.0,PICK
2020-08-28,27.719999,28.059999,27.719999,28.02,0.0,0.0,PICK
2020-08-31,28.09,28.110001,27.77,27.809999,0.0,0.0,PICK
2020-09-01,28.1,28.360001,27.99,28.299999,0.0,0.0,PICK
2020-09-02,28.49,28.49,28.17,28.450001,0.0,0.0,PICK
2020-09-03,28.16,28.370001,27.33,27.51,0.0,0.0,PICK
2020-09-04,27.76,28.1,27.41,27.93,0.0,0.0,PICK
2020-09-08,27.870001,27.879999,27.4,27.5,0.0,0.0,PICK
2020-09-09,27.99,28.299999,27.93,28.1,0.0,0.0,PICK
2020-09-10,28.27,28.280001,27.610001,27.629999,0.0,0.0,PICK
2020-09-11,27.940001,28.379999,27.84,28.18,0.0,0.0,PICK
2020-09-14,28.6,28.67,28.48,28.549999,0.0,0.0,PICK
2020-09-15,28.860001,29.02,28.82,28.860001,0.0,0.0,PICK
2020-09-16,28.889999,29.129999,28.85,28.9,0.0,0.0,PICK
2020-09-17,28.27,28.83,28.01,28.76,0.0,0.0,PICK
2020-09-18,28.860001,29.0,28.620001,28.67,0.0,0.0,PICK
2020-09-21,27.83,28.07,27.15,27.48,0.0,0.0,PICK
2020-09-22,27.450001,27.52,27.01,27.190001,0.0,0.0,PICK
2020-09-23,27.25,27.299999,26.6,26.700001,0.0,0.0,PICK
2020-09-24,26.379999,26.940001,26.299999,26.65,0.0,0.0,PICK
2020-09-25,26.299999,26.67,26.26,26.67,0.0,0.0,PICK
2020-09-28,26.889999,27.1,26.790001,26.93,0.0,0.0,PICK
2020-09-29,26.93,26.93,26.58,26.68,0.0,0.0,PICK
2020-09-30,26.57,26.950001,26.57,26.780001,0.0,0.0,PICK
2020-10-01,26.790001,26.959999,26.629999,26.799999,0.0,0.0,PICK
2020-10-02,26.440001,26.889999,26.360001,26.799999,0.0,0.0,PICK
2020-10-05,27.1,27.4,27.1,27.290001,0.0,0.0,PICK
2020-10-06,27.450001,27.49,26.809999,26.809999,0.0,0.0,PICK
2020-10-07,27.040001,27.51,27.040001,27.379999,0.0,0.0,PICK
2020-10-08,27.459999,27.700001,27.41,27.700001,0.0,0.0,PICK
2020-10-09,27.98,28.200001,27.950001,28.09,0.0,0.0,PICK
2020-10-12,28.049999,28.07,27.9,28.01,0.0,0.0,PICK
2020-10-13,27.620001,27.879999,27.49,27.68,0.0,0.0,PICK
2020-10-14,27.639999,27.76,27.559999,27.700001,0.0,0.0,PICK
2020-10-15,27.27,27.68,27.1,27.68,0.0,0.0,PICK
2020-10-16,27.66,27.799999,27.629999,27.68,0.0,0.0,PICK
2020-10-19,27.940001,27.99,27.549999,27.559999,0.0,0.0,PICK
2020-10-20,27.799999,28.040001,27.780001,27.879999,0.0,0.0,PICK
2020-10-21,27.93,28.4,27.93,28.120001,0.0,0.0,PICK
2020-10-22,28.16,28.32,27.98,28.280001,0.0,0.0,PICK
2020-10-23,28.32,28.389999,28.18,28.33,0.0,0.0,PICK
2020-10-26,28.120001,28.120001,27.52,27.75,0.0,0.0,PICK
2020-10-27,27.58,27.639999,27.25,27.530001,0.0,0.0,PICK
2020-10-28,27.0,27.0,26.280001,26.280001,0.0,0.0,PICK
2020-10-29,26.280001,26.76,26.129999,26.65,0.0,0.0,PICK
2020-10-30,26.549999,26.74,26.33,26.66,0.0,0.0,PICK
2020-11-02,26.99,27.0,26.799999,26.93,0.0,0.0,PICK
2020-11-03,27.66,27.809999,27.559999,27.74,0.0,0.0,PICK
2020-11-04,27.5,27.65,27.139999,27.370001,0.0,0.0,PICK
2020-11-05,27.85,28.23,27.540001,28.07,0.0,0.0,PICK
2020-11-06,28.42,28.799999,28.34,28.67,0.0,0.0,PICK
2020-11-09,29.790001,30.469999,29.52,29.66,0.0,0.0,PICK
2020-11-10,29.75,30.15,29.73,29.889999,0.0,0.0,PICK
2020-11-11,29.9,29.950001,29.780001,29.9,0.0,0.0,PICK
2020-11-12,29.610001,29.75,29.15,29.299999,0.0,0.0,PICK
2020-11-13,29.57,29.950001,29.549999,29.889999,0.0,0.0,PICK
2020-11-16,30.370001,30.620001,29.91,30.549999,0.0,0.0,PICK
2020-11-17,30.549999,30.879999,30.4,30.76,0.0,0.0,PICK
2020-11-18,30.82,30.91,30.450001,30.469999,0.0,0.0,PICK
2020-11-19,30.33,30.610001,30.219999,30.610001,0.0,0.0,PICK
2020-11-20,30.719999,30.950001,30.709999,30.85,0.0,0.0,PICK
2020-11-23,31.200001,31.639999,31.0,31.530001,0.0,0.0,PICK
2020-11-24,32.18,32.84,32.080002,32.77,0.0,0.0,PICK
2020-11-25,32.709999,32.900002,32.400002,32.799999,0.0,0.0,PICK
2020-11-27,32.950001,33.029999,32.830002,32.939999,0.0,0.0,PICK
2020-11-30,32.919998,32.919998,32.32,32.360001,0.0,0.0,PICK
2020-12-01,33.16,33.619999,33.02,33.560001,0.0,0.0,PICK
2020-12-02,33.740002,34.240002,33.560001,34.240002,0.0,0.0,PICK
2020-12-03,34.900002,35.220001,34.709999,34.959999,0.0,0.0,PICK
2020-12-04,35.5,35.950001,35.34,35.880001,0.0,0.0,PICK
2020-12-07,36.060001,36.139999,35.68,35.790001,0.0,0.0,PICK
2020-12-08,35.669998,35.959999,35.490002,35.869999,0.0,0.0,PICK
2020-12-09,36.209999,36.389999,35.400002,35.650002,0.0,0.0,PICK
2020-12-10,35.73,36.52,35.73,36.450001,0.0,0.0,PICK
2020-12-11,36.450001,36.529999,36.009998,36.330002,0.0,0.0,PICK
2020-12-14,36.049999,36.110001,35.349998,35.450001,0.463,0.0,PICK
2020-12-15,35.900002,36.220001,35.619999,36.16,0.0,0.0,PICK
2020-12-16,36.34,36.529999,36.0,36.240002,0.0,0.0,PICK
2020-12-17,36.700001,36.970001,36.669998,36.82,0.0,0.0,PICK
2020-12-18,36.880001,36.950001,36.529999,36.75,0.0,0.0,PICK
2020-12-21,35.889999,36.650002,35.57,36.450001,0.0,0.0,PICK
2020-12-22,36.25,36.459999,35.779999,35.900002,0.0,0.0,PICK
2020-12-23,36.450001,36.619999,35.98,36.560001,0.0,0.0,PICK
2020-12-24,36.580002,36.689999,36.290001,36.43,0.0,0.0,PICK
2020-12-28,36.990002,37.0,36.599998,36.68,0.0,0.0,PICK
2020-12-29,37.119999,37.18,36.599998,36.700001,0.0,0.0,PICK
2020-12-30,36.990002,37.279999,36.880001,37.099998,0.0,0.0,PICK
2020-12-31,36.91,37.099998,36.810001,36.849998,0.0,0.0,PICK
2021-01-04,38.040001,38.610001,37.77,37.950001,0.0,0.0,PICK
2021-01-05,38.419998,39.0,38.23,38.790001,0.0,0.0,PICK
2021-01-06,39.790001,40.630001,39.689999,40.279999,0.0,0.0,PICK
2021-01-07,41.0,41.290001,40.77,41.27,0.0,0.0,PICK
2021-01-08,41.599998,41.599998,40.68,41.169998,0.0,0.0,PICK
2021-01-11,40.0,40.43,39.5,40.25,0.0,0.0,PICK
2021-01-12,40.0,40.630001,39.82,40.560001,0.0,0.0,PICK
2021-01-13,40.509998,40.549999,40.0,40.099998,0.0,0.0,PICK
2021-01-14,40.610001,41.07,40.450001,40.959999,0.0,0.0,PICK
2021-01-15,40.290001,40.290001,39.09,39.439999,0.0,0.0,PICK
2021-01-19,40.0,40.400002,39.299999,39.619999,0.0,0.0,PICK
2021-01-20,40.099998,40.279999,39.82,40.080002,0.0,0.0,PICK
2021-01-21,40.43,40.68,39.75,39.98,0.0,0.0,PICK
2021-01-22,39.0,39.34,38.900002,39.240002,0.0,0.0,PICK
2021-01-25,39.380001,39.380001,38.360001,38.810001,0.0,0.0,PICK
2021-01-26,39.279999,39.279999,38.540001,38.77,0.0,0.0,PICK
2021-01-27,37.939999,38.040001,36.610001,37.139999,0.0,0.0,PICK
2021-01-28,37.18,37.830002,37.139999,37.68,0.0,0.0,PICK
2021-01-29,37.759998,37.759998,36.360001,36.52,0.0,0.0,PICK
2021-02-01,37.700001,37.869999,37.110001,37.59,0.0,0.0,PICK
2021-02-02,37.66,37.779999,37.110001,37.439999,0.0,0.0,PICK
2021-02-03,37.549999,37.669998,37.34,37.630001,0.0,0.0,PICK
2021-02-04,37.720001,37.779999,37.43,37.700001,0.0,0.0,PICK
2021-02-05,38.110001,38.41,37.849998,38.389999,0.0,0.0,PICK
2021-02-08,39.189999,39.48,39.09,39.389999,0.0,0.0,PICK
2021-02-09,39.380001,39.560001,39.040001,39.52,0.0,0.0,PICK
2021-02-10,40.099998,40.380001,39.360001,39.709999,0.0,0.0,PICK
2021-02-11,39.84,39.860001,39.5,39.68,0.0,0.0,PICK
2021-02-12,39.599998,40.049999,39.380001,39.970001,0.0,0.0,PICK
2021-02-16,41.389999,41.73,41.189999,41.639999,0.0,0.0,PICK
2021-02-17,42.330002,42.360001,41.549999,41.880001,0.0,0.0,PICK
2021-02-18,41.98,42.060001,41.419998,41.860001,0.0,0.0,PICK
2021-02-19,42.509998,42.990002,42.32,42.889999,0.0,0.0,PICK
2021-02-22,43.139999,43.939999,42.84,43.580002,0.0,0.0,PICK
2021-02-23,43.48,43.759998,42.310001,43.689999,0.0,0.0,PICK
2021-02-24,43.950001,44.369999,43.16,44.32,0.0,0.0,PICK
2021-02-25,44.5,44.59,42.560001,42.84,0.0,0.0,PICK
2021-02-26,42.700001,42.700001,41.450001,41.540001,0.0,0.0,PICK
2021-03-01,42.610001,43.02,42.07,42.970001,0.0,0.0,PICK
2021-03-02,43.099998,43.59,42.799999,43.439999,0.0,0.0,PICK
2021-03-03,43.490002,43.880001,43.02,43.5,0.0,0.0,PICK
2021-03-04,43.099998,43.139999,41.439999,41.66,0.0,0.0,PICK
2021-03-05,42.450001,42.610001,41.369999,42.580002,0.0,0.0,PICK
2021-03-08,42.240002,43.09,42.139999,42.759998,0.0,0.0,PICK
2021-03-09,42.490002,42.880001,41.73,42.689999,0.0,0.0,PICK
2021-03-10,42.150002,42.34,41.700001,42.310001,0.0,0.0,PICK
2021-03-11,42.98,43.5,42.75,43.490002,0.0,0.0,PICK
2021-03-12,43.349998,43.560001,42.84,43.560001,0.0,0.0,PICK
2021-03-15,43.150002,43.400002,42.389999,43.060001,0.0,0.0,PICK
2021-03-16,43.169998,43.169998,42.299999,42.400002,0.0,0.0,PICK
2021-03-17,41.990002,42.52,41.599998,42.419998,0.0,0.0,PICK
2021-03-18,42.419998,42.59,41.599998,41.880001,0.0,0.0,PICK
2021-03-19,41.759998,41.830002,41.130001,41.689999,0.0,0.0,PICK
2021-03-22,41.419998,41.490002,40.959999,41.169998,0.0,0.0,PICK
2021-03-23,40.830002,40.830002,39.68,39.740002,0.0,0.0,PICK
2021-03-24,39.849998,40.509998,39.700001,39.880001,0.0,0.0,PICK
2021-03-25,39.709999,40.029999,39.080002,39.98,0.0,0.0,PICK
2021-03-26,40.950001,41.84,40.59,41.84,0.0,0.0,PICK
2021-03-29,41.439999,41.869999,41.43,41.580002,0.0,0.0,PICK
2021-03-30,41.34,41.830002,41.209999,41.720001,0.0,0.0,PICK
2021-03-31,42.09,42.23,41.810001,42.130001,0.0,0.0,PICK
2021-04-01,42.5,42.549999,41.970001,42.549999,0.0,0.0,PICK
2021-04-05,42.91,43.75,42.860001,43.57,0.0,0.0,PICK
2021-04-06,43.119999,43.529999,43.029999,43.259998,0.0,0.0,PICK
2021-04-07,43.18,43.669998,43.029999,43.299999,0.0,0.0,PICK
2021-04-08,43.799999,43.939999,43.419998,43.889999,0.0,0.0,PICK
2021-04-09,43.57,43.57,43.240002,43.439999,0.0,0.0,PICK
2021-04-12,43.439999,43.439999,42.799999,42.990002,0.0,0.0,PICK
2021-04-13,42.98,43.299999,42.849998,43.25,0.0,0.0,PICK
2021-04-14,43.599998,44.75,43.580002,44.509998,0.0,0.0,PICK
2021-04-15,45.09,45.5,44.860001,45.459999,0.0,0.0,PICK
2021-04-16,45.450001,45.810001,45.169998,45.779999,0.0,0.0,PICK
2021-04-19,46.0,46.25,45.599998,45.860001,0.0,0.0,PICK
2021-04-20,45.73,45.73,44.59,44.779999,0.0,0.0,PICK
2021-04-21,44.610001,45.5,44.23,45.5,0.0,0.0,PICK
2021-04-22,45.48,45.48,44.720001,44.939999,0.0,0.0,PICK
2021-04-23,45.400002,45.98,45.110001,45.869999,0.0,0.0,PICK
2021-04-26,46.360001,47.099998,46.240002,47.02,0.0,0.0,PICK
2021-04-27,46.759998,46.990002,46.509998,46.790001,0.0,0.0,PICK
2021-04-28,46.610001,47.349998,46.52,47.189999,0.0,0.0,PICK
2021-04-29,47.560001,47.610001,46.5,46.950001,0.0,0.0,PICK
2021-04-30,46.599998,46.720001,45.650002,45.810001,0.0,0.0,PICK
2021-05-03,46.029999,46.759998,46.009998,46.5,0.0,0.0,PICK
2021-05-04,46.310001,46.720001,46.029999,46.720001,0.0,0.0,PICK
2021-05-05,47.169998,48.279999,47.110001,48.07,0.0,0.0,PICK
2021-05-06,48.84,49.110001,48.23,49.07,0.0,0.0,PICK
2021-05-07,49.950001,50.5,49.349998,50.48,0.0,0.0,PICK
2021-05-10,52.0,52.389999,50.810001,50.830002,0.0,0.0,PICK
2021-05-11,49.919998,51.119999,49.540001,50.98,0.0,0.0,PICK
2021-05-12,50.52,50.57,49.060001,49.290001,0.0,0.0,PICK
2021-05-13,48.630001,49.080002,47.799999,48.34,0.0,0.0,PICK
2021-05-14,48.32,48.400002,47.849998,48.259998,0.0,0.0,PICK
2021-05-17,48.119999,48.669998,47.91,48.599998,0.0,0.0,PICK
2021-05-18,49.380001,49.650002,48.77,48.830002,0.0,0.0,PICK
2021-05-19,47.700001,47.700001,46.580002,47.220001,0.0,0.0,PICK
2021-05-20,46.950001,47.07,46.630001,46.970001,0.0,0.0,PICK
2021-05-21,47.139999,47.369999,46.27,46.639999,0.0,0.0,PICK
2021-05-24,46.540001,46.849998,46.099998,46.77,0.0,0.0,PICK
2021-05-25,46.709999,46.73,45.810001,45.880001,0.0,0.0,PICK
2021-05-26,45.950001,46.23,45.5,46.119999,0.0,0.0,PICK
2021-05-27,47.139999,47.470001,46.91,47.310001,0.0,0.0,PICK
2021-05-28,47.540001,47.689999,47.119999,47.549999,0.0,0.0,PICK
2021-06-01,48.790001,48.990002,48.509998,48.810001,0.0,0.0,PICK
2021-06-02,48.82,49.060001,48.439999,48.740002,0.0,0.0,PICK
2021-06-03,48.380001,48.380001,47.549999,47.950001,0.0,0.0,PICK
2021-06-04,48.619999,48.810001,48.240002,48.299999,0.0,0.0,PICK
2021-06-07,48.290001,48.290001,47.540001,47.799999,0.0,0.0,PICK
2021-06-08,47.84,48.0,47.290001,47.799999,0.0,0.0,PICK
2021-06-09,47.639999,47.75,47.299999,47.52,0.0,0.0,PICK
2021-06-10,46.759998,47.099998,46.57,46.57,0.704,0.0,PICK
2021-06-11,47.119999,47.5,46.939999,47.18,0.0,0.0,PICK
2021-06-14,47.049999,47.279999,46.68,46.740002,0.0,0.0,PICK
2021-06-15,45.939999,46.310001,45.439999,45.98,0.0,0.0,PICK
2021-06-16,45.43,45.740002,44.810001,45.0,0.0,0.0,PICK
2021-06-17,44.419998,44.549999,43.040001,43.330002,0.0,0.0,PICK
2021-06-18,42.919998,43.259998,42.689999,42.740002,0.0,0.0,PICK
2021-06-21,42.830002,43.700001,42.830002,43.57,0.0,0.0,PICK
2021-06-22,43.740002,44.049999,43.369999,43.970001,0.0,0.0,PICK
2021-06-23,44.68,44.970001,44.32,44.380001,0.0,0.0,PICK
2021-06-24,45.0,45.299999,44.709999,45.220001,0.0,0.0,PICK
2021-06-25,45.830002,45.900002,45.369999,45.52,0.0,0.0,PICK
2021-06-28,45.68,45.68,44.810001,44.990002,0.0,0.0,PICK
2021-06-29,44.900002,45.360001,44.810001,45.200001,0.0,0.0,PICK
2021-06-30,44.82,45.349998,44.799999,45.169998,0.0,0.0,PICK
2021-07-01,45.540001,45.549999,44.790001,45.0,0.0,0.0,PICK
2021-07-02,45.07,45.470001,44.919998,45.32,0.0,0.0,PICK
2021-07-06,45.580002,45.580002,44.259998,44.529999,0.0,0.0,PICK
2021-07-07,45.119999,45.490002,44.869999,45.220001,0.0,0.0,PICK
2021-07-08,44.299999,44.48,43.68,44.349998,0.0,0.0,PICK
2021-07-09,45.09,46.099998,45.060001,46.0,0.0,0.0,PICK
2021-07-12,45.52,46.32,45.48,46.220001,0.0,0.0,PICK
2021-07-13,45.990002,46.119999,45.610001,45.720001,0.0,0.0,PICK
2021-07-14,46.07,46.380001,45.75,45.790001,0.0,0.0,PICK
2021-07-15,45.610001,46.25,45.509998,45.919998,0.0,0.0,PICK
2021-07-16,45.919998,45.919998,44.689999,44.84,0.0,0.0,PICK
2021-07-19,43.66,44.09,42.880001,43.200001,0.0,0.0,PICK
2021-07-20,43.040001,43.990002,42.830002,43.919998,0.0,0.0,PICK
2021-07-21,44.259998,45.0,44.259998,45.0,0.0,0.0,PICK
2021-07-22,45.200001,45.299999,44.77,45.119999,0.0,0.0,PICK
2021-07-23,45.48,45.650002,45.009998,45.639999,0.0,0.0,PICK
2021-07-26,46.0,46.950001,45.93,46.880001,0.0,0.0,PICK
2021-07-27,46.68,47.860001,46.060001,46.490002,0.0,0.0,PICK
2021-07-28,46.82,47.330002,46.5,47.18,0.0,0.0,PICK
2021-07-29,47.799999,48.580002,47.700001,48.470001,0.0,0.0,PICK
2021-07-30,48.0,48.080002,47.259998,47.450001,0.0,0.0,PICK
2021-08-02,47.91,48.139999,47.119999,47.18,0.0,0.0,PICK
2021-08-03,47.369999,47.93,46.84,47.790001,0.0,0.0,PICK
2021-08-04,47.689999,47.970001,47.34,47.450001,0.0,0.0,PICK
2021-08-05,47.119999,47.189999,46.610001,46.630001,0.0,0.0,PICK
2021-08-06,46.919998,47.07,46.5,46.639999,0.0,0.0,PICK
2021-08-09,46.25,46.650002,46.080002,46.59,0.0,0.0,PICK
2021-08-10,46.450001,47.389999,46.450001,47.299999,0.0,0.0,PICK
2021-08-11,47.630001,48.049999,47.52,47.98,0.0,0.0,PICK
2021-08-12,47.880001,47.880001,47.240002,47.68,0.0,0.0,PICK
2021-08-13,47.650002,47.93,47.5,47.779999,0.0,0.0,PICK
2021-08-16,47.200001,47.599998,46.41,47.119999,0.0,0.0,PICK
2021-08-17,46.259998,46.439999,45.25,45.689999,0.0,0.0,PICK
2021-08-18,44.990002,45.130001,44.470001,44.639999,0.0,0.0,PICK
2021-08-19,43.02,43.259998,42.549999,42.68,0.0,0.0,PICK
2021-08-20,42.509998,42.709999,42.110001,42.66,0.0,0.0,PICK
2021-08-23,42.900002,43.630001,42.849998,43.470001,0.0,0.0,PICK
2021-08-24,44.32,44.68,44.040001,44.57,0.0,0.0,PICK
2021-08-25,44.84,44.889999,44.41,44.790001,0.0,0.0,PICK
2021-08-26,44.470001,44.57,44.049999,44.119999,0.0,0.0,PICK
2021-08-27,44.450001,45.549999,44.450001,45.459999,0.0,0.0,PICK
2021-08-30,45.709999,46.080002,45.700001,45.849998,0.0,0.0,PICK
2021-08-31,45.830002,45.900002,45.259998,45.540001,0.0,0.0,PICK
2021-09-01,45.169998,45.490002,44.75,45.310001,0.0,0.0,PICK
2021-09-02,45.599998,45.77,45.43,45.52,0.0,0.0,PICK
2021-09-03,45.689999,46.18,45.689999,46.07,0.0,0.0,PICK
2021-09-07,45.970001,46.139999,45.549999,45.580002,0.0,0.0,PICK
2021-09-08,45.459999,45.5,44.580002,44.830002,0.0,0.0,PICK
2021-09-09,44.720001,45.07,44.650002,44.900002,0.0,0.0,PICK
2021-09-10,45.400002,45.810001,45.049999,45.139999,0.0,0.0,PICK
2021-09-13,45.580002,45.830002,45.25,45.439999,0.0,0.0,PICK
2021-09-14,45.529999,45.529999,44.610001,44.669998,0.0,0.0,PICK
2021-09-15,44.740002,45.43,44.669998,45.330002,0.0,0.0,PICK
2021-09-16,44.490002,44.560001,43.68,43.790001,0.0,0.0,PICK
2021-09-17,42.900002,43.09,42.049999,42.220001,0.0,0.0,PICK
2021-09-20,40.669998,40.77,39.900002,40.419998,0.0,0.0,PICK
2021-09-21,40.709999,41.0,40.130001,40.59,0.0,0.0,PICK
2021-09-22,41.169998,41.990002,41.169998,41.490002,0.0,0.0,PICK
2021-09-23,41.970001,42.209999,41.599998,42.07,0.0,0.0,PICK
2021-09-24,41.490002,41.75,41.110001,41.59,0.0,0.0,PICK
2021-09-27,41.060001,41.889999,41.060001,41.77,0.0,0.0,PICK
2021-09-28,41.09,41.389999,40.549999,40.689999,0.0,0.0,PICK
2021-09-29,40.959999,40.959999,40.349998,40.43,0.0,0.0,PICK
2021-09-30,40.650002,41.310001,40.650002,40.779999,0.0,0.0,PICK
2021-10-01,40.919998,41.189999,40.529999,41.099998,0.0,0.0,PICK
2021-10-04,41.110001,41.299999,40.599998,40.689999,0.0,0.0,PICK
2021-10-05,40.889999,41.110001,40.41,40.91,0.0,0.0,PICK
2021-10-06,40.389999,40.59,39.849998,40.549999,0.0,0.0,PICK
2021-10-07,40.919998,41.810001,40.849998,41.580002,0.0,0.0,PICK
2021-10-08,41.990002,42.080002,41.470001,41.709999,0.0,0.0,PICK
2021-10-11,42.779999,43.16,42.389999,42.389999,0.0,0.0,PICK
2021-10-12,42.75,42.860001,42.400002,42.560001,0.0,0.0,PICK
2021-10-13,42.77,42.91,42.25,42.869999,0.0,0.0,PICK
2021-10-14,43.869999,44.07,43.5,43.900002,0.0,0.0,PICK
2021-10-15,44.189999,44.560001,44.150002,44.419998,0.0,0.0,PICK
2021-10-18,44.290001,44.5,43.959999,44.48,0.0,0.0,PICK
2021-10-19,44.59,44.73,44.110001,44.259998,0.0,0.0,PICK
2021-10-20,43.77,44.299999,43.5,44.09,0.0,0.0,PICK
2021-10-21,43.400002,43.48,42.599998,42.91,0.0,0.0,PICK
2021-10-22,42.75,43.360001,42.5,42.880001,0.0,0.0,PICK
2021-10-25,43.240002,43.98,43.240002,43.91,0.0,0.0,PICK
2021-10-26,44.0,44.18,43.68,43.73,0.0,0.0,PICK
2021-10-27,43.029999,43.400002,42.57,42.639999,0.0,0.0,PICK
2021-10-28,42.639999,42.900002,42.41,42.720001,0.0,0.0,PICK
2021-10-29,42.400002,42.82,42.16,42.43,0.0,0.0,PICK
2021-11-01,43.0,43.0,42.439999,42.650002,0.0,0.0,PICK
2021-11-02,41.669998,41.91,41.509998,41.759998,0.0,0.0,PICK
2021-11-03,42.0,42.209999,41.5,42.119999,0.0,0.0,PICK
2021-11-04,41.93,42.119999,41.209999,41.43,0.0,0.0,PICK
2021-11-05,41.279999,41.5,41.139999,41.380001,0.0,0.0,PICK
2021-11-08,41.950001,42.48,41.790001,42.380001,0.0,0.0,PICK
2021-11-09,42.369999,42.470001,41.59,41.939999,0.0,0.0,PICK
2021-11-10,41.310001,41.650002,40.75,40.810001,0.0,0.0,PICK
2021-11-11,42.27,42.810001,41.82,42.709999,0.0,0.0,PICK
2021-11-12,42.810001,42.93,42.439999,42.709999,0.0,0.0,PICK
2021-11-15,42.459999,42.5,41.939999,41.939999,0.0,0.0,PICK
2021-11-16,41.73,41.810001,41.43,41.43,0.0,0.0,PICK
2021-11-17,41.75,41.75,41.060001,41.150002,0.0,0.0,PICK
2021-11-18,41.119999,41.16,40.709999,41.130001,0.0,0.0,PICK
2021-11-19,40.939999,41.310001,40.880001,40.959999,0.0,0.0,PICK
2021-11-22,41.23,42.119999,41.23,41.59,0.0,0.0,PICK
2021-11-23,42.259998,42.580002,41.950001,42.360001,0.0,0.0,PICK
2021-11-24,42.09,42.310001,42.0,42.200001,0.0,0.0,PICK
2021-11-26,40.540001,40.57,39.810001,40.349998,0.0,0.0,PICK
2021-11-29,41.110001,41.490002,40.619999,41.0,0.0,0.0,PICK
2021-11-30,40.91,41.34,40.240002,40.68,0.0,0.0,PICK
2021-12-01,41.68,41.91,40.240002,40.240002,0.0,0.0,PICK
2021-12-02,40.709999,41.529999,40.709999,41.41,0.0,0.0,PICK
2021-12-03,41.18,41.419998,40.310001,40.619999,0.0,0.0,PICK
2021-12-06,41.110001,41.709999,40.779999,41.509998,0.0,0.0,PICK
2021-12-07,42.5,42.990002,42.34,42.580002,0.0,0.0,PICK
2021-12-08,42.540001,42.880001,42.540001,42.73,0.0,0.0,PICK
2021-12-09,42.439999,42.580002,42.060001,42.439999,0.0,0.0,PICK
2021-12-10,42.689999,42.77,42.25,42.439999,0.0,0.0,PICK
2021-12-13,40.970001,41.23,40.240002,40.540001,1.748,0.0,PICK
2021-12-14,40.470001,41.220001,40.470001,40.68,0.0,0.0,PICK
2021-12-15,40.709999,40.77,39.759998,40.689999,0.0,0.0,PICK
2021-12-16,40.799999,41.470001,40.77,41.150002,0.0,0.0,PICK
2021-12-17,41.360001,41.540001,40.919998,41.040001,0.0,0.0,PICK
2021-12-20,40.52,40.639999,40.029999,40.560001,0.0,0.0,PICK
2021-12-21,40.919998,41.549999,40.759998,41.490002,0.0,0.0,PICK
2021-12-22,41.5,41.970001,41.18,41.950001,0.0,0.0,PICK
2021-12-23,41.759998,42.259998,41.759998,42.16,0.0,0.0,PICK
2021-12-27,41.919998,42.560001,41.709999,42.43,0.0,0.0,PICK
2021-12-28,42.330002,42.470001,42.099998,42.240002,0.0,0.0,PICK
2021-12-29,42.32,42.560001,42.200001,42.310001,0.0,0.0,PICK
2021-12-30,42.41,42.66,42.130001,42.139999,0.058,0.0,PICK
2021-12-31,42.43,42.709999,42.029999,42.619999,0.0,0.0,PICK
2022-01-03,42.560001,42.700001,42.290001,42.549999,0.0,0.0,PICK
2022-01-04,42.82,43.310001,42.740002,43.049999,0.0,0.0,PICK
2022-01-05,43.040001,43.990002,43.029999,43.040001,0.0,0.0,PICK
2022-01-06,43.470001,43.57,42.799999,43.080002,0.0,0.0,PICK
2022-01-07,43.209999,44.150002,43.209999,44.060001,0.0,0.0,PICK
2022-01-10,43.950001,44.049999,43.34,43.830002,0.0,0.0,PICK
2022-01-11,44.060001,44.900002,43.610001,44.900002,0.0,0.0,PICK
2022-01-12,45.970001,46.389999,45.709999,46.310001,0.0,0.0,PICK
2022-01-13,46.290001,46.740002,45.919998,46.09,0.0,0.0,PICK
2022-01-14,45.990002,46.0,45.369999,45.959999,0.0,0.0,PICK
2022-01-18,45.470001,45.610001,44.799999,45.220001,0.0,0.0,PICK
2022-01-19,45.970001,46.32,45.68,45.889999,0.0,0.0,PICK
2022-01-20,46.360001,46.68,45.419998,45.419998,0.0,0.0,PICK
2022-01-21,44.950001,44.990002,43.790001,43.939999,0.0,0.0,PICK
2022-01-24,42.77,43.09,41.450001,43.049999,0.0,0.0,PICK
2022-01-25,42.869999,43.43,42.110001,43.099998,0.0,0.0,PICK
2022-01-26,43.939999,44.0,42.639999,42.950001,0.0,0.0,PICK
2022-01-27,43.48,43.779999,42.75,42.990002,0.0,0.0,PICK
2022-01-28,42.84,42.84,41.57,42.32,0.0,0.0,PICK
2022-01-31,42.259998,42.810001,42.119999,42.759998,0.0,0.0,PICK
2022-02-01,43.259998,44.02,43.150002,43.990002,0.0,0.0,PICK
2022-02-02,44.34,44.529999,43.860001,44.439999,0.0,0.0,PICK
2022-02-03,44.16,44.549999,43.950001,43.970001,0.0,0.0,PICK
2022-02-04,44.060001,44.549999,43.84,44.32,0.0,0.0,PICK
2022-02-07,44.950001,45.389999,44.689999,45.02,0.0,0.0,PICK
2022-02-08,45.57,46.23,45.290001,46.16,0.0,0.0,PICK
2022-02-09,46.380001,47.009998,46.25,46.98,0.0,0.0,PICK
2022-02-10,46.939999,47.939999,46.779999,46.91,0.0,0.0,PICK
2022-02-11,46.5,47.360001,46.259998,46.610001,0.0,0.0,PICK
2022-02-14,46.900002,46.900002,46.029999,46.450001,0.0,0.0,PICK
2022-02-15,46.48,46.630001,45.84,46.619999,0.0,0.0,PICK
2022-02-16,46.639999,47.380001,46.59,47.200001,0.0,0.0,PICK
2022-02-17,46.709999,46.939999,46.169998,46.330002,0.0,0.0,PICK
2022-02-18,46.75,46.810001,46.259998,46.369999,0.0,0.0,PICK
2022-02-22,46.32,46.810001,45.790001,46.299999,0.0,0.0,PICK
2022-02-23,46.77,46.77,45.849998,46.029999,0.0,0.0,PICK
2022-02-24,45.610001,45.720001,44.150002,45.529999,0.0,0.0,PICK
2022-02-25,45.830002,47.689999,45.830002,47.650002,0.0,0.0,PICK
2022-02-28,47.419998,48.209999,46.84,47.990002,0.0,0.0,PICK
2022-03-01,48.48,48.790001,47.610001,47.950001,0.0,0.0,PICK
2022-03-02,49.0,49.91,48.860001,49.720001,0.0,0.0,PICK
2022-03-03,50.139999,50.279999,49.099998,49.98,0.0,0.0,PICK
2022-03-04,49.27,49.799999,48.700001,49.799999,0.0,0.0,PICK
2022-03-07,50.119999,50.200001,48.299999,48.810001,0.0,0.0,PICK
2022-03-08,48.720001,48.720001,47.0,47.540001,0.0,0.0,PICK
2022-03-09,47.150002,47.880001,46.860001,47.459999,0.0,0.0,PICK
2022-03-10,47.400002,48.580002,47.139999,48.34,0.0,0.0,PICK
2022-03-11,48.360001,48.779999,47.91,48.040001,0.0,0.0,PICK
2022-03-14,47.650002,47.650002,45.689999,46.02,0.0,0.0,PICK
2022-03-15,45.700001,45.720001,44.540001,45.48,0.0,0.0,PICK
2022-03-16,46.5,47.130001,45.830002,46.98,0.0,0.0,PICK
2022-03-17,47.380001,48.279999,47.029999,48.130001,0.0,0.0,PICK
2022-03-18,48.130001,48.740002,47.91,48.540001,0.0,0.0,PICK
2022-03-21,48.869999,50.18,48.849998,49.919998,0.0,0.0,PICK
2022-03-22,50.43,50.790001,49.950001,50.150002,0.0,0.0,PICK
2022-03-23,50.419998,50.919998,50.240002,50.68,0.0,0.0,PICK
2022-03-24,51.299999,51.639999,51.119999,51.52,0.0,0.0,PICK
2022-03-25,51.490002,51.759998,51.25,51.759998,0.0,0.0,PICK
2022-03-28,51.259998,51.360001,50.450001,51.18,0.0,0.0,PICK
2022-03-29,50.400002,50.860001,50.040001,50.82,0.0,0.0,PICK
2022-03-30,51.400002,51.73,51.16,51.490002,0.0,0.0,PICK
2022-03-31,51.91,51.91,51.130001,51.220001,0.0,0.0,PICK
2022-04-01,51.540001,52.5,51.540001,52.5,0.0,0.0,PICK
2022-04-04,53.0,53.0,52.380001,52.720001,0.0,0.0,PICK
2022-04-05,52.5,52.860001,51.380001,51.599998,0.0,0.0,PICK
2022-04-06,51.450001,51.450001,50.540001,50.91,0.0,0.0,PICK
2022-04-07,50.700001,51.32,50.310001,51.049999,0.0,0.0,PICK
2022-04-08,51.049999,51.619999,51.049999,51.369999,0.0,0.0,PICK
2022-04-11,51.189999,51.310001,50.529999,50.66,0.0,0.0,PICK
2022-04-12,51.34,51.689999,50.810001,50.810001,0.0,0.0,PICK
2022-04-13,51.200001,51.98,51.040001,51.98,0.0,0.0,PICK
2022-04-14,52.02,52.09,51.610001,51.84,0.0,0.0,PICK
2022-04-18,52.490002,52.490002,51.549999,51.939999,0.0,0.0,PICK
2022-04-19,51.709999,51.91,51.450001,51.799999,0.0,0.0,PICK
2022-04-20,51.189999,51.380001,50.470001,51.130001,0.0,0.0,PICK
2022-04-21,50.380001,50.720001,48.490002,48.759998,0.0,0.0,PICK
2022-04-22,48.32,48.419998,46.009998,46.18,0.0,0.0,PICK
2022-04-25,45.0,45.009998,43.66,44.869999,0.0,0.0,PICK
2022-04-26,44.5,44.990002,43.580002,43.580002,0.0,0.0,PICK
2022-04-27,45.299999,45.790001,44.84,45.400002,0.0,0.0,PICK
2022-04-28,45.919998,46.209999,44.900002,45.98,0.0,0.0,PICK
2022-04-29,46.48,47.040001,45.34,45.470001,0.0,0.0,PICK
2022-05-02,45.119999,45.34,44.25,45.009998,0.0,0.0,PICK
2022-05-03,45.080002,46.0,45.080002,45.529999,0.0,0.0,PICK
2022-05-04,45.09,46.41,44.529999,46.290001,0.0,0.0,PICK
2022-05-05,46.099998,46.139999,43.59,44.209999,0.0,0.0,PICK
2022-05-06,44.049999,44.049999,42.799999,43.77,0.0,0.0,PICK
2022-05-09,42.189999,42.669998,41.040001,41.209999,0.0,0.0,PICK
2022-05-10,41.669998,42.240002,40.310001,40.98,0.0,0.0,PICK
2022-05-11,41.529999,42.470001,41.18,41.189999,0.0,0.0,PICK
2022-05-12,40.139999,40.82,39.700001,40.34,0.0,0.0,PICK
2022-05-13,40.77,41.709999,40.549999,41.349998,0.0,0.0,PICK
2022-05-16,41.259998,41.970001,41.220001,41.810001,0.0,0.0,PICK
2022-05-17,42.790001,43.5,42.790001,43.470001,0.0,0.0,PICK
2022-05-18,43.259998,43.349998,41.889999,41.959999,0.0,0.0,PICK
2022-05-19,42.009998,43.459999,42.0,43.119999,0.0,0.0,PICK
2022-05-20,43.82,43.959999,42.75,43.560001,0.0,0.0,PICK
2022-05-23,44.009998,44.880001,44.009998,44.75,0.0,0.0,PICK
2022-05-24,44.02,44.66,43.740002,44.630001,0.0,0.0,PICK
2022-05-25,43.990002,44.869999,43.990002,44.75,0.0,0.0,PICK
2022-05-26,44.5,45.48,44.5,45.369999,0.0,0.0,PICK
2022-05-27,45.689999,46.5,45.689999,46.380001,0.0,0.0,PICK
2022-05-31,46.619999,46.91,45.75,45.82,0.0,0.0,PICK
2022-06-01,46.029999,46.290001,45.32,45.799999,0.0,0.0,PICK
2022-06-02,46.599998,47.459999,46.48,47.41,0.0,0.0,PICK
2022-06-03,47.099998,47.099998,46.52,46.77,0.0,0.0,PICK
2022-06-06,47.32,47.490002,46.919998,47.240002,0.0,0.0,PICK
2022-06-07,47.0,48.16,46.849998,48.110001,0.0,0.0,PICK
2022-06-08,47.5,47.5,46.630001,46.759998,0.0,0.0,PICK
2022-06-09,44.400002,44.580002,43.32,43.389999,1.778,0.0,PICK
2022-06-10,42.220001,42.360001,41.75,42.080002,0.0,0.0,PICK
2022-06-13,40.470001,40.529999,39.48,40.0,0.0,0.0,PICK
2022-06-14,40.23,40.23,38.93,39.290001,0.0,0.0,PICK
2022-06-15,40.110001,40.709999,39.470001,40.349998,0.0,0.0,PICK
2022-06-16,39.0,39.360001,38.68,38.900002,0.0,0.0,PICK
2022-06-17,38.639999,38.68,37.630001,37.93,0.0,0.0,PICK
2022-06-21,38.119999,38.540001,38.060001,38.099998,0.0,0.0,PICK
2022-06-22,36.990002,36.990002,36.400002,36.549999,0.0,0.0,PICK
2022-06-23,36.259998,36.380001,34.93,35.330002,0.0,0.0,PICK
2022-06-24,35.91,36.639999,35.560001,36.619999,0.0,0.0,PICK
2022-06-27,36.900002,37.389999,36.779999,37.130001,0.0,0.0,PICK
2022-06-28,37.43,37.91,36.959999,37.060001,0.0,0.0,PICK
2022-06-29,36.98,37.240002,36.400002,36.689999,0.0,0.0,PICK
2022-06-30,35.77,36.0,35.169998,35.619999,0.0,0.0,PICK
2022-07-01,34.91,35.330002,34.220001,35.029999,0.0,0.0,PICK
2022-07-05,33.91,33.990002,33.240002,33.82,0.0,0.0,PICK
2022-07-06,33.52,33.82,32.98,33.68,0.0,0.0,PICK
2022-07-07,34.490002,35.439999,34.490002,35.200001,0.0,0.0,PICK
2022-07-08,35.130001,35.299999,34.52,34.860001,0.0,0.0,PICK
2022-07-11,34.0,34.07,33.57,33.59,0.0,0.0,PICK
2022-07-12,33.16,33.75,33.009998,33.32,0.0,0.0,PICK
2022-07-13,32.98,33.700001,32.77,33.490002,0.0,0.0,PICK
2022-07-14,32.169998,32.619999,31.860001,32.27,0.0,0.0,PICK
2022-07-15,32.310001,32.77,32.0,32.720001,0.0,0.0,PICK
2022-07-18,33.540001,34.139999,33.459999,33.509998,0.0,0.0,PICK
2022-07-19,33.990002,34.240002,33.639999,34.23,0.0,0.0,PICK
2022-07-20,34.049999,34.310001,33.869999,34.09,0.0,0.0,PICK
2022-07-21,33.880001,34.459999,33.689999,34.450001,0.0,0.0,PICK
2022-07-22,34.66,35.029999,34.049999,34.130001,0.0,0.0,PICK
2022-07-25,35.040001,35.189999,34.790001,35.060001,0.0,0.0,PICK
2022-07-26,35.18,35.18,34.66,34.869999,0.0,0.0,PICK
2022-07-27,34.880001,35.740002,34.68,35.68,0.0,0.0,PICK
2022-07-28,36.009998,36.349998,35.580002,36.07,0.0,0.0,PICK
2022-07-29,36.099998,37.130001,36.099998,37.060001,0.0,0.0,PICK
2022-08-01,37.09,37.09,36.360001,36.490002,0.0,0.0,PICK
2022-08-02,35.939999,36.23,35.529999,35.759998,0.0,0.0,PICK
2022-08-03,35.84,35.970001,35.5,35.68,0.0,0.0,PICK
2022-08-04,35.700001,36.25,35.599998,35.98,0.0,0.0,PICK
2022-08-05,35.639999,36.869999,35.639999,36.73,0.0,0.0,PICK
2022-08-08,37.099998,37.599998,37.099998,37.200001,0.0,0.0,PICK
2022-08-09,37.400002,37.439999,37.02,37.16,0.0,0.0,PICK
2022-08-10,37.869999,38.34,37.740002,38.139999,0.0,0.0,PICK
2022-08-11,38.419998,39.09,38.27,38.529999,0.0,0.0,PICK
2022-08-12,38.400002,38.93,38.200001,38.869999,0.0,0.0,PICK
2022-08-15,38.259998,38.259998,37.549999,38.139999,0.0,0.0,PICK
2022-08-16,38.23,38.970001,38.220001,38.869999,0.0,0.0,PICK
2022-08-17,38.139999,38.380001,37.810001,38.099998,0.0,0.0,PICK
2022-08-18,38.099998,38.52,38.099998,38.470001,0.0,0.0,PICK
2022-08-19,38.18,38.18,37.43,37.619999,0.0,0.0,PICK
2022-08-22,37.060001,37.459999,37.029999,37.279999,0.0,0.0,PICK
2022-08-23,37.52,38.689999,37.52,38.580002,0.0,0.0,PICK
2022-08-24,38.259998,38.540001,38.029999,38.27,0.0,0.0,PICK
2022-08-25,38.48,39.27,38.48,39.23,0.0,0.0,PICK
2022-08-26,39.549999,39.740002,38.529999,38.560001,0.0,0.0,PICK
2022-08-29,38.080002,38.509998,37.990002,38.220001,0.0,0.0,PICK
2022-08-30,38.32,38.32,36.799999,37.080002,0.0,0.0,PICK
2022-08-31,36.98,36.98,36.540001,36.540001,0.0,0.0,PICK
2022-09-01,35.869999,36.09,35.150002,35.560001,0.0,0.0,PICK
2022-09-02,35.91,36.310001,35.459999,35.560001,0.0,0.0,PICK
2022-09-06,35.970001,36.459999,35.790001,35.880001,0.0,0.0,PICK
2022-09-07,35.540001,35.900002,35.119999,35.889999,0.0,0.0,PICK
2022-09-08,35.849998,36.610001,35.849998,36.59,0.0,0.0,PICK
2022-09-09,37.27,38.279999,37.27,38.209999,0.0,0.0,PICK
2022-09-12,39.169998,39.330002,38.619999,38.77,0.0,0.0,PICK
2022-09-13,37.599998,38.27,37.23,37.23,0.0,0.0,PICK
2022-09-14,37.0,37.27,36.560001,36.860001,0.0,0.0,PICK
2022-09-15,36.32,36.939999,36.150002,36.23,0.0,0.0,PICK
2022-09-16,35.98,36.099998,35.43,35.91,0.0,0.0,PICK
2022-09-19,35.200001,36.669998,35.150002,36.59,0.0,0.0,PICK
2022-09-20,36.279999,36.279999,35.669998,36.0,0.0,0.0,PICK
2022-09-21,36.07,36.099998,35.150002,35.189999,0.0,0.0,PICK
2022-09-22,35.709999,35.959999,35.290001,35.389999,0.0,0.0,PICK
2022-09-23,34.529999,34.529999,33.23,33.650002,0.0,0.0,PICK
2022-09-26,33.139999,33.580002,32.52,32.740002,0.0,0.0,PICK
2022-09-27,33.18,33.68,32.84,33.060001,0.0,0.0,PICK
2022-09-28,33.049999,34.310001,32.860001,34.09,0.0,0.0,PICK
2022-09-29,34.080002,34.32,33.419998,34.220001,0.0,0.0,PICK
2022-09-30,33.720001,34.639999,33.669998,34.029999,0.0,0.0,PICK
2022-10-03,34.59,35.630001,34.549999,35.380001,0.0,0.0,PICK
2022-10-04,36.34,37.040001,36.200001,37.02,0.0,0.0,PICK
2022-10-05,36.360001,36.799999,36.02,36.560001,0.0,0.0,PICK
2022-10-06,36.0,36.5,35.759998,36.009998,0.0,0.0,PICK
2022-10-07,35.459999,35.950001,35.209999,35.349998,0.0,0.0,PICK
2022-10-10,35.75,35.849998,35.16,35.369999,0.0,0.0,PICK
2022-10-11,34.900002,35.639999,34.669998,34.93,0.0,0.0,PICK
2022-10-12,34.68,34.990002,34.419998,34.84,0.0,0.0,PICK
2022-10-13,33.950001,35.759998,33.84,35.41,0.0,0.0,PICK
2022-10-14,35.34,35.459999,34.029999,34.18,0.0,0.0,PICK
2022-10-17,34.959999,35.490002,34.959999,35.18,0.0,0.0,PICK
2022-10-18,35.509998,35.77,34.759998,35.09,0.0,0.0,PICK
2022-10-19,34.619999,35.009998,34.52,34.689999,0.0,0.0,PICK
2022-10-20,34.799999,35.700001,34.43,34.830002,0.0,0.0,PICK
2022-10-21,34.450001,36.549999,34.450001,36.400002,0.0,0.0,PICK
2022-10-24,36.02,36.02,35.470001,35.630001,0.0,0.0,PICK
2022-10-25,35.77,36.130001,35.5,36.09,0.0,0.0,PICK
2022-10-26,36.080002,37.5,36.080002,37.060001,0.0,0.0,PICK
2022-10-27,36.43,36.740002,36.279999,36.41,0.0,0.0,PICK
2022-10-28,35.84,35.84,35.130001,35.5,0.0,0.0,PICK
2022-10-31,35.060001,35.610001,35.060001,35.259998,0.0,0.0,PICK
2022-11-01,36.740002,36.849998,36.189999,36.450001,0.0,0.0,PICK
2022-11-02,36.360001,36.740002,35.209999,35.25,0.0,0.0,PICK
2022-11-03,34.889999,35.470001,34.669998,35.18,0.0,0.0,PICK
2022-11-04,37.310001,38.639999,37.189999,38.27,0.0,0.0,PICK
2022-11-07,38.59,38.970001,38.0,38.18,0.0,0.0,PICK
2022-11-08,38.310001,39.130001,38.119999,38.799999,0.0,0.0,PICK
2022-11-09,38.799999,38.849998,37.689999,37.689999,0.0,0.0,PICK
2022-11-10,39.209999,39.669998,38.82,39.610001,0.0,0.0,PICK
2022-11-11,40.259998,41.57,40.259998,41.310001,0.0,0.0,PICK
2022-11-14,40.810001,41.720001,40.509998,41.439999,0.0,0.0,PICK
2022-11-15,42.0,42.060001,41.41,41.759998,0.0,0.0,PICK
2022-11-16,41.599998,41.599998,40.919998,41.060001,0.0,0.0,PICK
2022-11-17,40.0,40.610001,39.41,40.59,0.0,0.0,PICK
2022-11-18,40.84,41.0,40.240002,40.509998,0.0,0.0,PICK
2022-11-21,40.02,40.279999,39.470001,40.279999,0.0,0.0,PICK
2022-11-22,40.5,41.23,40.5,41.189999,0.0,0.0,PICK
2022-11-23,41.23,41.68,41.049999,41.610001,0.0,0.0,PICK
2022-11-25,41.25,41.57,41.07,41.419998,0.0,0.0,PICK
2022-11-28,41.189999,41.310001,40.599998,40.599998,0.0,0.0,PICK
2022-11-29,41.5,42.02,41.5,41.790001,0.0,0.0,PICK
2022-11-30,42.400002,43.34,42.299999,43.290001,0.0,0.0,PICK
2022-12-01,43.02,43.689999,43.02,43.459999,0.0,0.0,PICK
2022-12-02,42.790001,43.880001,42.310001,43.759998,0.0,0.0,PICK
2022-12-05,44.0,44.200001,42.939999,43.150002,0.0,0.0,PICK
2022-12-06,43.099998,43.689999,42.77,42.970001,0.0,0.0,PICK
2022-12-07,42.830002,43.330002,42.799999,42.950001,0.0,0.0,PICK
2022-12-08,43.110001,43.849998,43.110001,43.509998,0.0,0.0,PICK
2022-12-09,43.759998,44.0,43.16,43.16,0.0,0.0,PICK
2022-12-12,43.080002,43.119999,42.299999,43.0,0.0,0.0,PICK
2022-12-13,43.25,43.25,42.209999,42.23,1.065,0.0,PICK
2022-12-14,42.099998,42.310001,41.5,41.880001,0.0,0.0,PICK
2022-12-15,41.400002,41.779999,40.529999,40.73,0.0,0.0,PICK
2022-12-16,40.200001,40.560001,40.099998,40.509998,0.0,0.0,PICK
2022-12-19,40.970001,40.970001,40.09,40.169998,0.0,0.0,PICK
2022-12-20,40.130001,41.16,40.130001,40.650002,0.0,0.0,PICK
2022-12-21,41.25,41.66,41.099998,41.599998,0.0,0.0,PICK
2022-12-22,41.09,41.209999,40.18,40.740002,0.0,0.0,PICK
2022-12-23,40.700001,41.240002,40.700001,41.240002,0.0,0.0,PICK
2022-12-27,41.639999,41.959999,41.5,41.720001,0.0,0.0,PICK
2022-12-28,41.880001,41.970001,41.049999,41.150002,0.0,0.0,PICK
2022-12-29,41.52,41.560001,41.279999,41.400002,0.0,0.0,PICK
2022-12-30,41.209999,41.509998,40.91,41.0,0.0,0.0,PICK
2023-01-03,41.389999,41.540001,40.639999,40.779999,0.0,0.0,PICK
2023-01-04,41.02,41.419998,40.759998,41.310001,0.0,0.0,PICK
2023-01-05,41.299999,41.939999,41.209999,41.68,0.0,0.0,PICK
2023-01-06,42.689999,43.669998,42.439999,43.650002,0.0,0.0,PICK
2023-01-09,44.400002,44.459999,43.830002,43.830002,0.0,0.0,PICK
2023-01-10,43.66,44.75,43.66,44.669998,0.0,0.0,PICK
2023-01-11,45.09,45.349998,44.689999,45.07,0.0,0.0,PICK
2023-01-12,45.759998,46.040001,45.0,46.009998,0.0,0.0,PICK
2023-01-13,45.740002,46.310001,45.689999,46.259998,0.0,0.0,PICK
2023-01-17,46.060001,46.060001,45.400002,45.400002,0.0,0.0,PICK
2023-01-18,46.299999,46.75,45.41,45.41,0.0,0.0,PICK
2023-01-19,45.41,45.990002,45.25,45.700001,0.0,0.0,PICK
2023-01-20,45.830002,46.41,45.57,46.41,0.0,0.0,PICK
2023-01-23,46.369999,46.5,46.130001,46.5,0.0,0.0,PICK
2023-01-24,45.900002,46.669998,45.66,46.540001,0.0,0.0,PICK
2023-01-25,46.43,47.169998,46.259998,47.02,0.0,0.0,PICK
2023-01-26,47.439999,47.700001,46.849998,47.650002,0.0,0.0,PICK
2023-01-27,47.389999,47.389999,46.549999,46.91,0.0,0.0,PICK
2023-01-30,46.5,46.830002,46.299999,46.470001,0.0,0.0,PICK
2023-01-31,46.279999,46.669998,45.799999,46.630001,0.0,0.0,PICK
2023-02-01,46.720001,47.32,45.959999,47.099998,0.0,0.0,PICK
2023-02-02,47.099998,47.349998,45.639999,45.98,0.0,0.0,PICK
2023-02-03,45.59,46.220001,45.34,45.52,0.0,0.0,PICK
2023-02-06,45.060001,45.080002,44.240002,44.669998,0.0,0.0,PICK
2023-02-07,44.66,45.290001,44.299999,45.119999,0.0,0.0,PICK
2023-02-08,45.029999,45.080002,44.68,44.799999,0.0,0.0,PICK
2023-02-09,45.759998,45.939999,44.400002,44.509998,0.0,0.0,PICK
2023-02-10,44.0,44.330002,43.630001,43.869999,0.0,0.0,PICK
2023-02-13,44.049999,44.459999,43.849998,44.209999,0.0,0.0,PICK
2023-02-14,44.299999,44.939999,43.869999,44.75,0.0,0.0,PICK
2023-02-15,44.07,44.450001,43.52,44.32,0.0,0.0,PICK
2023-02-16,44.220001,45.09,44.139999,44.560001,0.0,0.0,PICK
2023-02-17,44.259998,44.459999,44.02,44.290001,0.0,0.0,PICK
2023-02-21,44.259998,44.880001,44.189999,44.209999,0.0,0.0,PICK
2023-02-22,43.779999,43.779999,43.279999,43.349998,0.0,0.0,PICK
2023-02-23,43.639999,43.639999,42.619999,43.060001,0.0,0.0,PICK
2023-02-24,42.029999,42.040001,41.5,41.84,0.0,0.0,PICK
2023-02-27,41.869999,42.369999,41.779999,42.220001,0.0,0.0,PICK
2023-02-28,42.310001,42.779999,42.049999,42.549999,0.0,0.0,PICK
2023-03-01,43.73,44.299999,43.549999,44.16,0.0,0.0,PICK
2023-03-02,44.23,44.689999,43.599998,44.580002,0.0,0.0,PICK
2023-03-03,44.799999,45.41,44.77,45.310001,0.0,0.0,PICK
2023-03-06,44.919998,44.919998,43.950001,44.18,0.0,0.0,PICK
2023-03-07,43.869999,43.869999,42.650002,42.720001,0.0,0.0,PICK
2023-03-08,42.84,43.630001,42.84,43.220001,0.0,0.0,PICK
2023-03-09,43.080002,43.419998,42.18,42.369999,0.0,0.0,PICK
2023-03-10,42.349998,42.700001,41.490002,41.619999,0.0,0.0,PICK
2023-03-13,41.5,42.0,40.779999,41.490002,0.0,0.0,PICK
2023-03-14,41.990002,42.02,41.490002,41.82,0.0,0.0,PICK
2023-03-15,40.639999,40.900002,38.84,39.509998,0.0,0.0,PICK
2023-03-16,38.900002,39.689999,38.759998,39.66,0.0,0.0,PICK
2023-03-17,39.41,39.82,39.349998,39.669998,0.0,0.0,PICK
2023-03-20,39.830002,40.75,39.830002,40.509998,0.0,0.0,PICK
2023-03-21,40.610001,41.0,40.400002,40.689999,0.0,0.0,PICK
2023-03-22,41.060001,41.189999,40.259998,40.360001,0.0,0.0,PICK
2023-03-23,40.360001,41.009998,39.919998,40.150002,0.0,0.0,PICK
2023-03-24,39.869999,40.259998,39.599998,40.200001,0.0,0.0,PICK
2023-03-27,40.490002,40.689999,40.099998,40.490002,0.0,0.0,PICK
2023-03-28,40.77,41.34,40.77,41.099998,0.0,0.0,PICK
2023-03-29,41.669998,41.880001,41.470001,41.720001,0.0,0.0,PICK
2023-03-30,42.27,42.630001,42.27,42.490002,0.0,0.0,PICK
2023-03-31,42.790001,42.869999,42.560001,42.720001,0.0,0.0,PICK
2023-04-03,42.77,42.990002,42.360001,42.900002,0.0,0.0,PICK
2023-04-04,42.52,42.57,41.700001,42.0,0.0,0.0,PICK
2023-04-05,41.650002,41.689999,41.18,41.529999,0.0,0.0,PICK
2023-04-06,41.330002,41.560001,41.040001,41.32,0.0,0.0,PICK
2023-04-10,41.200001,41.689999,41.200001,41.610001,0.0,0.0,PICK
2023-04-11,42.48,43.049999,42.299999,42.849998,0.0,0.0,PICK
2023-04-12,43.459999,43.459999,42.790001,42.959999,0.0,0.0,PICK
2023-04-13,43.200001,43.740002,43.189999,43.700001,0.0,0.0,PICK
2023-04-14,43.57,43.77,43.009998,43.27,0.0,0.0,PICK
2023-04-17,43.5,43.650002,43.130001,43.450001,0.0,0.0,PICK
2023-04-18,43.860001,44.09,43.59,44.080002,0.0,0.0,PICK
2023-04-19,43.650002,43.650002,43.34,43.470001,0.0,0.0,PICK
2023-04-20,43.02,43.580002,42.830002,42.91,0.0,0.0,PICK
2023-04-21,42.25,42.25,41.57,41.990002,0.0,0.0,PICK
2023-04-24,41.689999,41.869999,41.580002,41.810001,0.0,0.0,PICK
2023-04-25,41.23,41.34,40.279999,40.299999,0.0,0.0,PICK
2023-04-26,40.790001,41.0,40.380001,40.5,0.0,0.0,PICK
2023-04-27,40.630001,41.209999,40.59,41.139999,0.0,0.0,PICK
2023-04-28,41.02,41.330002,40.860001,41.25,0.0,0.0,PICK
2023-05-01,41.509998,41.619999,40.950001,41.0,0.0,0.0,PICK
2023-05-02,40.779999,40.779999,40.07,40.400002,0.0,0.0,PICK
2023-05-03,40.389999,40.82,40.34,40.349998,0.0,0.0,PICK
2023-05-04,40.34,40.439999,39.900002,39.959999,0.0,0.0,PICK
2023-05-05,40.66,41.310001,40.599998,41.150002,0.0,0.0,PICK
2023-05-08,41.5,41.759998,41.310001,41.400002,0.0,0.0,PICK
2023-05-09,41.189999,41.490002,40.889999,41.27,0.0,0.0,PICK
2023-05-10,41.66,41.66,40.380001,40.790001,0.0,0.0,PICK
2023-05-11,39.900002,39.91,39.34,39.580002,0.0,0.0,PICK
2023-05-12,39.66,39.950001,39.57,39.790001,0.0,0.0,PICK
2023-05-15,40.049999,40.639999,40.049999,40.580002,0.0,0.0,PICK
2023-05-16,40.330002,40.349998,39.68,39.700001,0.0,0.0,PICK
2023-05-17,40.080002,40.389999,39.880001,40.259998,0.0,0.0,PICK
2023-05-18,39.880001,40.060001,39.599998,40.009998,0.0,0.0,PICK
2023-05-19,40.349998,40.349998,39.810001,39.939999,0.0,0.0,PICK
2023-05-22,39.82,40.02,39.77,39.84,0.0,0.0,PICK
2023-05-23,39.419998,39.5,39.07,39.169998,0.0,0.0,PICK
2023-05-24,38.799999,38.830002,38.110001,38.25,0.0,0.0,PICK
2023-05-25,38.119999,38.18,37.790001,37.970001,0.0,0.0,PICK
2023-05-26,38.459999,38.849998,38.459999,38.77,0.0,0.0,PICK
2023-05-30,38.77,38.77,38.0,38.119999,0.0,0.0,PICK
2023-05-31,37.689999,37.880001,37.419998,37.700001,0.0,0.0,PICK
2023-06-01,37.880001,38.759998,37.880001,38.650002,0.0,0.0,PICK
2023-06-02,39.799999,40.25,39.799999,40.169998,0.0,0.0,PICK
2023-06-05,40.220001,40.25,39.610001,40.0,0.0,0.0,PICK
2023-06-06,40.060001,40.73,39.91,40.73,0.0,0.0,PICK
2023-06-07,39.779999,40.290001,39.77,39.84,0.785,0.0,PICK
2023-06-08,40.049999,40.389999,40.009998,40.34,0.0,0.0,PICK
2023-06-09,40.450001,40.48,40.169998,40.23,0.0,0.0,PICK
2023-06-12,39.889999,40.130001,39.689999,40.110001,0.0,0.0,PICK
2023-06-13,40.91,41.34,40.889999,41.16,0.0,0.0,PICK
2023-06-14,42.02,42.23,41.540001,41.810001,0.0,0.0,PICK
2023-06-15,41.560001,42.330002,41.330002,42.279999,0.0,0.0,PICK
2023-06-16,42.060001,42.299999,41.990002,41.990002,0.0,0.0,PICK
2023-06-20,41.169998,41.220001,40.77,40.98,0.0,0.0,PICK
2023-06-21,40.619999,41.080002,40.5,40.98,0.0,0.0,PICK
2023-06-22,40.52,40.720001,40.41,40.59,0.0,0.0,PICK
2023-06-23,39.799999,39.84,39.41,39.75,0.0,0.0,PICK
2023-06-26,39.700001,40.200001,39.700001,40.029999,0.0,0.0,PICK
2023-06-27,40.150002,40.650002,40.150002,40.549999,0.0,0.0,PICK
2023-06-28,40.150002,40.150002,39.75,40.009998,0.0,0.0,PICK
2023-06-29,39.84,40.200001,39.720001,40.200001,0.0,0.0,PICK
2023-06-30,40.27,40.540001,40.220001,40.459999,0.0,0.0,PICK
2023-07-03,40.740002,41.25,40.740002,41.080002,0.0,0.0,PICK
2023-07-05,40.98,40.98,40.400002,40.400002,0.0,0.0,PICK
2023-07-06,39.860001,39.919998,39.080002,39.470001,0.0,0.0,PICK
2023-07-07,39.580002,40.349998,39.580002,40.110001,0.0,0.0,PICK
2023-07-10,39.75,40.16,39.580002,40.110001,0.0,0.0,PICK
2023-07-11,40.299999,40.779999,40.259998,40.720001,0.0,0.0,PICK
2023-07-12,41.610001,42.099998,41.599998,41.93,0.0,0.0,PICK
2023-07-13,42.630001,42.990002,42.529999,42.880001,0.0,0.0,PICK
2023-07-14,42.669998,42.790001,42.369999,42.470001,0.0,0.0,PICK
2023-07-17,41.990002,42.259998,41.82,42.200001,0.0,0.0,PICK
2023-07-18,41.880001,42.459999,41.880001,42.349998,0.0,0.0,PICK
2023-07-19,42.080002,42.080002,41.799999,42.009998,0.0,0.0,PICK
2023-07-20,42.25,42.529999,42.110001,42.220001,0.0,0.0,PICK
2023-07-21,42.32,42.32,41.830002,41.869999,0.0,0.0,PICK
2023-07-24,41.93,42.790001,41.93,42.459999,0.0,0.0,PICK
2023-07-25,43.459999,44.200001,43.459999,44.07,0.0,0.0,PICK
2023-07-26,43.639999,43.73,43.360001,43.669998,0.0,0.0,PICK
2023-07-27,43.48,43.48,42.75,42.869999,0.0,0.0,PICK
2023-07-28,43.220001,43.220001,42.689999,42.91,0.0,0.0,PICK
2023-07-31,43.369999,43.639999,43.16,43.529999,0.0,0.0,PICK
2023-08-01,42.98,43.119999,42.619999,42.709999,0.0,0.0,PICK
2023-08-02,42.18,42.200001,41.5,41.540001,0.0,0.0,PICK
2023-08-03,41.349998,41.869999,41.200001,41.68,0.0,0.0,PICK
2023-08-04,41.599998,42.150002,41.549999,41.630001,0.0,0.0,PICK
2023-08-07,41.48,41.66,41.220001,41.639999,0.0,0.0,PICK
2023-08-08,40.77,41.220001,40.5,41.139999,0.0,0.0,PICK
2023-08-09,41.389999,41.470001,41.040001,41.110001,0.0,0.0,PICK
2023-08-10,41.310001,41.529999,40.700001,40.799999,0.0,0.0,PICK
2023-08-11,40.419998,40.549999,40.240002,40.43,0.0,0.0,PICK
2023-08-14,39.98,40.09,39.5,40.009998,0.0,0.0,PICK
2023-08-15,39.73,39.740002,39.049999,39.139999,0.0,0.0,PICK
2023-08-16,39.0,39.150002,38.619999,38.650002,0.0,0.0,PICK
2023-08-17,38.970001,39.349998,38.700001,38.759998,0.0,0.0,PICK
2023-08-18,38.5,38.759998,38.25,38.639999,0.0,0.0,PICK
2023-08-21,38.759998,39.029999,38.689999,38.939999,0.0,0.0,PICK
2023-08-22,39.380001,39.380001,38.970001,39.139999,0.0,0.0,PICK
2023-08-23,39.490002,39.799999,39.27,39.610001,0.0,0.0,PICK
2023-08-24,39.139999,39.290001,38.919998,38.919998,0.0,0.0,PICK
2023-08-25,39.0,39.259998,38.59,38.98,0.0,0.0,PICK
2023-08-28,39.080002,39.459999,39.080002,39.419998,0.0,0.0,PICK
2023-08-29,39.619999,40.330002,39.380001,40.259998,0.0,0.0,PICK
2023-08-30,40.41,40.5,40.200001,40.240002,0.0,0.0,PICK
2023-08-31,40.360001,40.400002,40.060001,40.139999,0.0,0.0,PICK
2023-09-01,40.66,41.099998,40.66,40.860001,0.0,0.0,PICK
2023-09-05,41.009998,41.07,40.57,40.66,0.0,0.0,PICK
2023-09-06,40.34,40.630001,40.029999,40.299999,0.0,0.0,PICK
2023-09-07,39.82,39.84,39.369999,39.560001,0.0,0.0,PICK
2023-09-08,39.349998,39.639999,39.290001,39.330002,0.0,0.0,PICK
2023-09-11,40.080002,40.389999,40.009998,40.09,0.0,0.0,PICK
2023-09-12,39.950001,40.119999,39.82,39.919998,0.0,0.0,PICK
2023-09-13,39.779999,39.919998,39.59,39.73,0.0,0.0,PICK
2023-09-14,40.59,41.189999,40.509998,41.07,0.0,0.0,PICK
2023-09-15,41.240002,41.400002,40.889999,40.939999,0.0,0.0,PICK
2023-09-18,40.869999,41.0,40.700001,40.810001,0.0,0.0,PICK
2023-09-19,40.830002,41.07,40.599998,40.720001,0.0,0.0,PICK
2023-09-20,40.799999,41.16,40.450001,40.529999,0.0,0.0,PICK
2023-09-21,39.889999,39.889999,39.470001,39.470001,0.0,0.0,PICK
2023-09-22,39.98,40.240002,39.669998,39.759998,0.0,0.0,PICK
2023-09-25,39.380001,39.580002,39.07,39.52,0.0,0.0,PICK
2023-09-26,39.029999,39.41,38.799999,38.799999,0.0,0.0,PICK
2023-09-27,39.02,39.23,38.529999,38.889999,0.0,0.0,PICK
2023-09-28,39.110001,39.950001,39.110001,39.900002,0.0,0.0,PICK
2023-09-29,40.119999,40.68,39.639999,39.759998,0.0,0.0,PICK
2023-10-02,39.509998,39.630001,38.810001,38.950001,0.0,0.0,PICK
2023-10-03,38.5,38.799999,38.119999,38.279999,0.0,0.0,PICK
2023-10-04,38.299999,38.299999,37.66,38.009998,0.0,0.0,PICK
2023-10-05,37.830002,38.119999,37.82,37.98,0.0,0.0,PICK
2023-10-06,38.049999,38.959999,37.98,38.810001,0.0,0.0,PICK
2023-10-09,38.419998,38.880001,38.189999,38.700001,0.0,0.0,PICK
2023-10-10,39.189999,39.509998,39.09,39.310001,0.0,0.0,PICK
2023-10-11,39.48,39.869999,39.09,39.32,0.0,0.0,PICK
2023-10-12,39.25,39.25,38.259998,38.580002,0.0,0.0,PICK
2023-10-13,38.77,38.900002,38.279999,38.43,0.0,0.0,PICK
2023-10-16,38.740002,39.25,38.68,39.07,0.0,0.0,PICK
2023-10-17,38.610001,39.349998,38.610001,39.259998,0.0,0.0,PICK
2023-10-18,38.889999,38.889999,38.040001,38.139999,0.0,0.0,PICK
2023-10-19,38.0,38.16,37.549999,37.639999,0.0,0.0,PICK
2023-10-20,37.049999,37.209999,36.759998,36.77,0.0,0.0,PICK
2023-10-23,36.439999,36.830002,36.209999,36.52,0.0,0.0,PICK
2023-10-24,36.799999,37.48,36.799999,37.349998,0.0,0.0,PICK
2023-10-25,37.240002,37.599998,37.16,37.240002,0.0,0.0,PICK
2023-10-26,37.290001,37.619999,37.040001,37.400002,0.0,0.0,PICK
2023-10-27,37.630001,37.830002,37.450001,37.540001,0.0,0.0,PICK
2023-10-30,38.0,38.049999,37.599998,37.73,0.0,0.0,PICK
2023-10-31,37.529999,37.57,37.299999,37.5,0.0,0.0,PICK
2023-11-01,37.529999,37.849998,37.330002,37.790001,0.0,0.0,PICK
2023-11-02,38.220001,38.849998,38.220001,38.82,0.0,0.0,PICK
2023-11-03,39.009998,39.349998,38.84,39.099998,0.0,0.0,PICK
2023-11-06,39.220001,39.459999,39.220001,39.330002,0.0,0.0,PICK
2023-11-07,38.849998,38.869999,38.25,38.41,0.0,0.0,PICK
2023-11-08,38.02,38.400002,37.790001,37.889999,0.0,0.0,PICK
2023-11-09,38.380001,38.5,37.790001,37.799999,0.0,0.0,PICK
2023-11-10,37.860001,38.130001,37.610001,38.049999,0.0,0.0,PICK
2023-11-13,37.880001,38.389999,37.880001,38.200001,0.0,0.0,PICK
2023-11-14,39.240002,39.91,39.240002,39.84,0.0,0.0,PICK
2023-11-15,39.93,40.400002,39.860001,40.0,0.0,0.0,PICK
2023-11-16,39.959999,40.040001,39.43,39.689999,0.0,0.0,PICK
2023-11-17,39.919998,40.400002,39.84,40.360001,0.0,0.0,PICK
2023-11-20,40.25,40.73,40.25,40.599998,0.0,0.0,PICK
2023-11-21,40.639999,41.029999,40.240002,40.91,0.0,0.0,PICK
2023-11-22,40.580002,40.720001,40.200001,40.689999,0.0,0.0,PICK
2023-11-24,40.509998,40.759998,40.470001,40.549999,0.0,0.0,PICK
2023-11-27,40.220001,40.630001,40.220001,40.439999,0.0,0.0,PICK
2023-11-28,40.439999,40.869999,40.369999,40.709999,0.0,0.0,PICK
2023-11-29,40.779999,40.779999,40.360001,40.549999,0.0,0.0,PICK
2023-11-30,40.619999,40.709999,40.369999,40.610001,0.0,0.0,PICK
2023-12-01,40.779999,41.91,40.759998,41.810001,0.0,0.0,PICK
2023-12-04,41.27,41.27,40.549999,40.59,0.0,0.0,PICK
2023-12-05,40.169998,40.349998,39.959999,40.02,0.0,0.0,PICK
2023-12-06,40.549999,40.849998,40.080002,40.099998,0.0,0.0,PICK
2023-12-07,40.41,40.68,40.360001,40.610001,0.0,0.0,PICK
2023-12-08,40.099998,40.790001,40.099998,40.509998,0.0,0.0,PICK
2023-12-11,40.439999,40.439999,40.02,40.27,0.0,0.0,PICK
2023-12-12,40.220001,40.220001,39.91,40.110001,0.0,0.0,PICK
2023-12-13,40.009998,41.130001,39.849998,41.009998,0.0,0.0,PICK
2023-12-14,41.68,42.43,41.68,42.32,0.0,0.0,PICK
2023-12-15,42.32,42.75,42.189999,42.380001,0.0,0.0,PICK
2023-12-18,42.790001,43.139999,42.709999,42.799999,0.0,0.0,PICK
2023-12-19,43.169998,43.669998,43.09,43.549999,0.0,0.0,PICK
2023-12-20,42.389999,42.470001,41.650002,41.650002,1.021,0.0,PICK
2023-12-21,42.240002,42.73,42.240002,42.66,0.0,0.0,PICK
2023-12-22,42.919998,43.07,42.75,42.849998,0.0,0.0,PICK
2023-12-26,42.950001,43.189999,42.939999,43.07,0.0,0.0,PICK
2023-12-27,43.619999,43.619999,43.34,43.48,0.0,0.0,PICK
2023-12-28,43.68,43.799999,43.290001,43.34,0.0,0.0,PICK
2023-12-29,43.349998,43.389999,42.959999,43.07,0.0,0.0,PICK
2024-01-02,42.860001,43.189999,42.630001,42.900002,0.0,0.0,PICK
2024-01-03,42.25,42.450001,41.759998,42.25,0.0,0.0,PICK
2024-01-04,42.040001,42.299999,41.970001,42.119999,0.0,0.0,PICK
2024-01-05,41.889999,42.43,41.869999,42.009998,0.0,0.0,PICK
2024-01-08,41.610001,42.16,41.41,42.099998,0.0,0.0,PICK
2024-01-09,41.68,41.68,41.16,41.200001,0.0,0.0,PICK
2024-01-10,41.110001,41.130001,40.830002,40.959999,0.0,0.0,PICK
2024-01-11,40.900002,41.080002,40.580002,40.91,0.0,0.0,PICK
2024-01-12,41.150002,41.48,40.849998,40.849998,0.0,0.0,PICK
2024-01-16,40.27,40.330002,39.790001,39.830002,0.0,0.0,PICK
2024-01-17,39.310001,39.5,38.970001,39.310001,0.0,0.0,PICK
2024-01-18,39.279999,39.490002,39.189999,39.43,0.0,0.0,PICK
2024-01-19,39.279999,39.599998,39.07,39.599998,0.0,0.0,PICK
2024-01-22,39.099998,39.32,38.990002,39.080002,0.0,0.0,PICK
2024-01-23,39.23,39.849998,39.23,39.549999,0.0,0.0,PICK
2024-01-24,40.57,40.950001,40.279999,40.299999,0.0,0.0,PICK
2024-01-25,40.43,40.5,40.040001,40.299999,0.0,0.0,PICK
2024-01-26,40.400002,40.700001,40.380001,40.470001,0.0,0.0,PICK
2024-01-29,40.400002,40.860001,40.299999,40.790001,0.0,0.0,PICK
2024-01-30,40.450001,40.919998,40.369999,40.799999,0.0,0.0,PICK
2024-01-31,40.779999,41.110001,40.400002,40.48,0.0,0.0,PICK
2024-02-01,40.73,40.869999,40.439999,40.759998,0.0,0.0,PICK
2024-02-02,40.299999,40.369999,40.080002,40.200001,0.0,0.0,PICK
2024-02-05,39.509998,39.59,39.16,39.450001,0.0,0.0,PICK
2024-02-06,39.52,40.0,39.52,39.93,0.0,0.0,PICK
2024-02-07,39.84,40.09,39.84,40.009998,0.0,0.0,PICK
2024-02-08,39.700001,39.860001,39.639999,39.73,0.0,0.0,PICK
2024-02-09,39.48,39.549999,39.259998,39.529999,0.0,0.0,PICK
2024-02-12,39.290001,39.970001,39.27,39.790001,0.0,0.0,PICK
2024-02-13,39.0,39.34,38.5,38.689999,0.0,0.0,PICK
2024-02-14,38.810001,39.299999,38.810001,39.18,0.0,0.0,PICK
2024-02-15,39.080002,39.810001,39.080002,39.720001,0.0,0.0,PICK
2024-02-16,40.02,40.490002,40.02,40.200001,0.0,0.0,PICK
2024-02-20,39.900002,39.900002,39.419998,39.509998,0.0,0.0,PICK
2024-02-21,39.349998,39.52,39.18,39.369999,0.0,0.0,PICK
2024-02-22,39.669998,39.77,39.310001,39.619999,0.0,0.0,PICK
2024-02-23,39.689999,39.959999,39.610001,39.880001,0.0,0.0,PICK
2024-02-26,39.259998,39.400002,39.16,39.34,0.0,0.0,PICK
2024-02-27,39.509998,39.830002,39.509998,39.709999,0.0,0.0,PICK
2024-02-28,39.200001,39.349998,39.07,39.119999,0.0,0.0,PICK
2024-02-29,39.310001,39.66,39.27,39.48,0.0,0.0,PICK
2024-03-01,39.610001,40.099998,39.560001,39.93,0.0,0.0,PICK
2024-03-04,39.73,39.790001,39.560001,39.630001,0.0,0.0,PICK
2024-03-05,39.240002,39.59,39.09,39.220001,0.0,0.0,PICK
2024-03-06,39.68,40.02,39.68,39.799999,0.0,0.0,PICK
2024-03-07,40.380001,40.790001,40.349998,40.52,0.0,0.0,PICK
2024-03-08,40.439999,40.790001,40.240002,40.349998,0.0,0.0,PICK
2024-03-11,39.669998,40.029999,39.400002,39.91,0.0,0.0,PICK
2024-03-12,39.93,40.189999,39.860001,40.029999,0.0,0.0,PICK
2024-03-13,40.009998,40.950001,40.009998,40.77,0.0,0.0,PICK
2024-03-14,40.759998,40.759998,40.0,40.290001,0.0,0.0,PICK
2024-03-15,40.220001,40.610001,40.220001,40.470001,0.0,0.0,PICK
2024-03-18,40.709999,40.889999,40.450001,40.48,0.0,0.0,PICK
2024-03-19,40.360001,40.66,40.330002,40.529999,0.0,0.0,PICK
2024-03-20,40.419998,41.43,40.389999,41.32,0.0,0.0,PICK
2024-03-21,41.5,41.740002,41.34,41.450001,0.0,0.0,PICK
2024-03-22,41.110001,41.41,41.029999,41.080002,0.0,0.0,PICK
2024-03-25,41.279999,41.68,41.119999,41.119999,0.0,0.0,PICK
2024-03-26,41.060001,41.099998,40.810001,40.810001,0.0,0.0,PICK
2024-03-27,40.73,41.490002,40.619999,41.450001,0.0,0.0,PICK
2024-03-28,41.52,41.869999,41.5,41.700001,0.0,0.0,PICK
2024-04-01,41.75,42.07,41.529999,41.869999,0.0,0.0,PICK
2024-04-02,42.0,42.290001,42.0,42.240002,0.0,0.0,PICK
2024-04-03,42.02,42.790001,42.02,42.75,0.0,0.0,PICK
2024-04-04,43.299999,43.490002,42.360001,42.490002,0.0,0.0,PICK
2024-04-05,42.529999,42.709999,42.310001,42.619999,0.0,0.0,PICK
2024-04-08,43.080002,43.5,43.080002,43.419998,0.0,0.0,PICK
2024-04-09,43.84,44.25,43.68,44.09,0.0,0.0,PICK
2024-04-10,43.59,43.84,43.290001,43.5,0.0,0.0,PICK
2024-04-11,43.630001,43.880001,43.049999,43.459999,0.0,0.0,PICK
2024-04-12,43.880001,43.959999,42.810001,42.880001,0.0,0.0,PICK
2024-04-15,43.68,43.790001,42.919998,43.049999,0.0,0.0,PICK
2024-04-16,42.720001,42.720001,41.919998,42.459999,0.0,0.0,PICK
2024-04-17,43.279999,43.5,42.77,42.799999,0.0,0.0,PICK
2024-04-18,42.919998,43.189999,42.669998,42.869999,0.0,0.0,PICK
2024-04-19,42.700001,43.110001,42.650002,42.779999,0.0,0.0,PICK
2024-04-22,42.59,42.860001,42.240002,42.650002,0.0,0.0,PICK
2024-04-23,42.189999,42.290001,41.779999,42.119999,0.0,0.0,PICK
2024-04-24,42.119999,42.48,42.040001,42.380001,0.0,0.0,PICK
2024-04-25,41.939999,42.700001,41.779999,42.650002,0.0,0.0,PICK
2024-04-26,43.139999,43.43,42.790001,43.290001,0.0,0.0,PICK
2024-04-29,43.450001,43.849998,43.169998,43.849998,0.0,0.0,PICK
2024-04-30,43.25,43.639999,42.630001,42.669998,0.0,0.0,PICK
2024-05-01,42.709999,43.110001,42.330002,42.419998,0.0,0.0,PICK
2024-05-02,42.52,43.029999,42.52,42.810001,0.0,0.0,PICK
2024-05-03,43.389999,43.560001,43.130001,43.490002,0.0,0.0,PICK
2024-05-06,43.98,44.02,43.75,43.900002,0.0,0.0,PICK
2024-05-07,43.990002,43.990002,43.650002,43.82,0.0,0.0,PICK
2024-05-08,42.959999,43.450001,42.849998,43.200001,0.0,0.0,PICK
2024-05-09,43.25,43.84,43.25,43.759998,0.0,0.0,PICK
2024-05-10,44.110001,44.23,43.849998,43.959999,0.0,0.0,PICK
2024-05-13,43.959999,44.130001,43.869999,43.93,0.0,0.0,PICK
2024-05-14,44.400002,44.57,44.130001,44.52,0.0,0.0,PICK
2024-05-15,44.98,44.98,44.189999,44.73,0.0,0.0,PICK
2024-05-16,44.630001,45.040001,44.540001,44.75,0.0,0.0,PICK
2024-05-17,44.990002,46.0,44.990002,45.959999,0.0,0.0,PICK
2024-05-20,46.09,46.25,45.73,46.119999,0.0,0.0,PICK
2024-05-21,46.209999,46.400002,45.779999,46.080002,0.0,0.0,PICK
2024-05-22,45.23,45.27,44.18,44.43,0.0,0.0,PICK
2024-05-23,44.580002,44.66,43.810001,44.009998,0.0,0.0,PICK
2024-05-24,44.490002,44.59,44.220001,44.43,0.0,0.0,PICK
2024-05-28,44.900002,45.130001,44.549999,44.720001,0.0,0.0,PICK
2024-05-29,43.919998,44.259998,43.66,43.700001,0.0,0.0,PICK
2024-05-30,43.220001,43.919998,43.080002,43.720001,0.0,0.0,PICK
2024-05-31,44.130001,44.169998,43.450001,44.130001,0.0,0.0,PICK
2024-06-03,43.91,44.0,43.470001,43.77,0.0,0.0,PICK
2024-06-04,42.75,42.860001,42.09,42.240002,0.0,0.0,PICK
2024-06-05,42.299999,42.619999,42.119999,42.610001,0.0,0.0,PICK
2024-06-06,42.650002,43.119999,42.580002,43.060001,0.0,0.0,PICK
2024-06-07,42.73,42.73,42.099998,42.200001,0.0,0.0,PICK
2024-06-10,42.119999,42.43,42.07,42.330002,0.0,0.0,PICK
2024-06-11,41.130001,41.200001,40.799999,41.07,0.505,0.0,PICK
2024-06-12,41.77,41.959999,41.02,41.049999,0.0,0.0,PICK
2024-06-13,40.810001,41.060001,40.630001,40.84,0.0,0.0,PICK
2024-06-14,40.369999,40.84,40.220001,40.689999,0.0,0.0,PICK
2024-06-17,40.540001,40.610001,40.07,40.509998,0.0,0.0,PICK
2024-06-18,40.18,40.700001,40.18,40.619999,0.0,0.0,PICK
2024-06-20,40.82,41.330002,40.630001,41.16,0.0,0.0,PICK
2024-06-21,40.68,40.93,40.599998,40.790001,0.0,0.0,PICK
2024-06-24,40.810001,41.330002,40.810001,41.02,0.0,0.0,PICK
2024-06-25,41.09,41.09,40.639999,40.830002,0.0,0.0,PICK
2024-06-26,40.599998,40.869999,40.599998,40.75,0.0,0.0,PICK
2024-06-27,40.970001,41.060001,40.52,40.52,0.0,0.0,PICK
2024-06-28,40.740002,41.029999,40.669998,40.830002,0.0,0.0,PICK
2024-07-01,41.02,41.43,40.91,40.970001,0.0,0.0,PICK
2024-07-02,40.68,41.110001,40.639999,41.009998,0.0,0.0,PICK
2024-07-03,41.540001,42.34,41.5,42.169998,0.0,0.0,PICK
2024-07-05,42.209999,42.880001,41.959999,42.209999,0.0,0.0,PICK
2024-07-08,41.889999,42.0,41.560001,41.669998,0.0,0.0,PICK
2024-07-09,41.580002,41.810001,41.52,41.560001,0.0,0.0,PICK
2024-07-10,41.700001,41.860001,41.540001,41.790001,0.0,0.0,PICK
2024-07-11,42.009998,42.200001,41.849998,42.040001,0.0,0.0,PICK
2024-07-12,42.209999,42.66,42.209999,42.490002,0.0,0.0,PICK
2024-07-15,42.189999,42.48,42.07,42.200001,0.0,0.0,PICK
2024-07-16,41.610001,41.889999,41.360001,41.860001,0.0,0.0,PICK
2024-07-17,41.650002,41.860001,41.279999,41.279999,0.0,0.0,PICK
2024-07-18,41.139999,41.380001,40.110001,40.23,0.0,0.0,PICK
2024-07-19,39.900002,40.18,39.740002,39.900002,0.0,0.0,PICK
2024-07-22,39.869999,40.040001,39.75,39.970001,0.0,0.0,PICK
2024-07-23,39.369999,39.59,39.16,39.52,0.0,0.0,PICK
2024-07-24,39.439999,39.740002,38.939999,38.959999,0.0,0.0,PICK
2024-07-25,38.919998,39.560001,38.799999,39.290001,0.0,0.0,PICK
2024-07-26,39.720001,39.950001,39.5,39.93,0.0,0.0,PICK
2024-07-29,39.720001,39.720001,39.32,39.470001,0.0,0.0,PICK
2024-07-30,39.099998,39.32,38.919998,39.060001,0.0,0.0,PICK
2024-07-31,39.720001,40.450001,39.720001,40.200001,0.0,0.0,PICK
2024-08-01,39.84,40.0,38.580002,38.82,0.0,0.0,PICK
2024-08-02,38.529999,38.529999,37.880001,38.259998,0.0,0.0,PICK
2024-08-05,36.34,37.369999,36.110001,37.07,0.0,0.0,PICK
2024-08-06,36.889999,37.599998,36.799999,37.23,0.0,0.0,PICK
2024-08-07,37.669998,37.990002,37.009998,37.009998,0.0,0.0,PICK
2024-08-08,37.290001,37.830002,37.09,37.669998,0.0,0.0,PICK
2024-08-09,37.93,37.959999,37.599998,37.849998,0.0,0.0,PICK
2024-08-12,37.799999,38.029999,37.73,37.759998,0.0,0.0,PICK
2024-08-13,37.75,38.049999,37.619999,37.950001,0.0,0.0,PICK
2024-08-14,37.599998,37.700001,37.34,37.43,0.0,0.0,PICK
2024-08-15,37.790001,38.32,37.790001,38.080002,0.0,0.0,PICK
2024-08-16,38.07,38.380001,38.07,38.380001,0.0,0.0,PICK
2024-08-19,38.66,38.959999,38.599998,38.84,0.0,0.0,PICK
2024-08-20,38.950001,38.950001,38.470001,38.57,0.0,0.0,PICK
2024-08-21,39.0,39.32,39.0,39.310001,0.0,0.0,PICK
2024-08-22,39.029999,39.23,38.639999,38.68,0.0,0.0,PICK
2024-08-23,38.889999,39.5,38.880001,39.43,0.0,0.0,PICK
2024-08-26,39.939999,39.959999,39.57,39.630001,0.0,0.0,PICK
2024-08-27,39.619999,39.849998,39.549999,39.759998,0.0,0.0,PICK
2024-08-28,39.060001,39.099998,38.720001,38.91,0.0,0.0,PICK
2024-08-29,39.0,39.32,38.939999,39.09,0.0,0.0,PICK
2024-08-30,39.009998,39.259998,38.869999,39.16,0.0,0.0,PICK
2024-09-03,38.09,38.240002,37.200001,37.259998,0.0,0.0,PICK
2024-09-04,37.080002,37.540001,37.029999,37.130001,0.0,0.0,PICK
2024-09-05,37.330002,37.450001,37.080002,37.130001,0.0,0.0,PICK
2024-09-06,36.98,37.0,36.209999,36.369999,0.0,0.0,PICK
2024-09-09,36.740002,36.77,36.529999,36.57,0.0,0.0,PICK
2024-09-10,36.34,36.369999,36.0,36.290001,0.0,0.0,PICK
2024-09-11,36.639999,36.98,36.049999,36.93,0.0,0.0,PICK
2024-09-12,37.259998,37.720001,37.16,37.619999,0.0,0.0,PICK
2024-09-13,38.200001,38.450001,37.709999,38.23,0.0,0.0,PICK
2024-09-16,38.439999,38.68,38.349998,38.580002,0.0,0.0,PICK
2024-09-17,38.5,38.84,38.32,38.509998,0.0,0.0,PICK
2024-09-18,38.669998,39.27,38.419998,38.540001,0.0,0.0,PICK
2024-09-19,39.77,39.889999,39.560001,39.84,0.0,0.0,PICK
2024-09-20,39.599998,39.599998,39.07,39.34,0.0,0.0,PICK
2024-09-23,39.470001,39.709999,39.32,39.650002,0.0,0.0,PICK
2024-09-24,41.0,41.549999,41.0,41.540001,0.0,0.0,PICK
2024-09-25,41.630001,41.77,41.23,41.360001,0.0,0.0,PICK
2024-09-26,42.709999,43.25,42.709999,43.169998,0.0,0.0,PICK
2024-09-27,43.509998,43.75,43.040001,43.32,0.0,0.0,PICK
2024-09-30,43.650002,43.650002,43.02,43.209999,0.0,0.0,PICK
2024-10-01,43.290001,43.66,42.970001,43.470001,0.0,0.0,PICK
2024-10-02,43.66,44.0,43.490002,43.700001,0.0,0.0,PICK
2024-10-03,42.830002,43.049999,42.689999,42.740002,0.0,0.0,PICK
2024-10-04,42.990002,43.299999,42.93,43.25,0.0,0.0,PICK
2024-10-07,43.080002,43.200001,42.759998,43.16,0.0,0.0,PICK
2024-10-08,42.09,42.09,41.41,41.639999,0.0,0.0,PICK
2024-10-09,41.259998,41.700001,41.080002,41.43,0.0,0.0,PICK
2024-10-10,41.380001,41.900002,41.380001,41.77,0.0,0.0,PICK
2024-10-11,41.900002,42.23,41.84,42.139999,0.0,0.0,PICK
2024-10-14,41.509998,42.119999,41.5,42.0,0.0,0.0,PICK
2024-10-15,41.560001,41.560001,41.150002,41.240002,0.0,0.0,PICK
2024-10-16,41.369999,41.66,41.369999,41.540001,0.0,0.0,PICK
2024-10-17,41.349998,41.349998,40.950001,41.16,0.0,0.0,PICK
2024-10-18,41.549999,41.709999,41.490002,41.490002,0.0,0.0,PICK
2024-10-21,41.380001,41.599998,40.990002,41.060001,0.0,0.0,PICK
2024-10-22,41.060001,41.299999,40.889999,41.09,0.0,0.0,PICK
2024-10-23,40.700001,40.700001,40.240002,40.52,0.0,0.0,PICK
2024-10-24,40.639999,40.740002,40.310001,40.689999,0.0,0.0,PICK
2024-10-25,40.639999,41.18,40.630001,40.650002,0.0,0.0,PICK
2024-10-28,40.93,41.48,40.650002,41.290001,0.0,0.0,PICK
2024-10-29,41.310001,41.509998,41.18,41.189999,0.0,0.0,PICK
2024-10-30,40.869999,40.98,40.560001,40.73,0.0,0.0,PICK
2024-10-31,40.389999,40.52,39.91,40.139999,0.0,0.0,PICK
2024-11-01,40.459999,40.810001,40.380001,40.59,0.0,0.0,PICK
2024-11-04,40.650002,40.970001,40.580002,40.689999,0.0,0.0,PICK
2024-11-05,40.889999,41.419998,40.889999,41.259998,0.0,0.0,PICK
2024-11-06,40.84,41.549999,40.509998,41.48,0.0,0.0,PICK
2024-11-07,42.27,42.759998,42.27,42.740002,0.0,0.0,PICK
2024-11-08,41.330002,41.459999,40.700001,40.98,0.0,0.0,PICK
2024-11-11,40.599998,40.599998,40.130001,40.150002,0.0,0.0,PICK
2024-11-12,39.43,39.540001,38.880001,39.110001,0.0,0.0,PICK
2024-11-13,39.07,39.080002,38.509998,38.509998,0.0,0.0,PICK
2024-11-14,38.43,38.68,38.34,38.450001,0.0,0.0,PICK
2024-11-15,38.52,38.82,38.349998,38.349998,0.0,0.0,PICK
2024-11-18,38.650002,39.220001,38.650002,39.16,0.0,0.0,PICK
2024-11-19,38.709999,39.299999,38.669998,39.189999,0.0,0.0,PICK
2024-11-20,39.049999,39.310001,38.990002,39.290001,0.0,0.0,PICK
2024-11-21,39.209999,39.380001,39.02,39.290001,0.0,0.0,PICK
2024-11-22,39.049999,39.389999,39.049999,39.299999,0.0,0.0,PICK
2024-11-25,39.380001,39.57,39.259998,39.43,0.0,0.0,PICK
2024-11-26,39.23,39.330002,38.720001,38.84,0.0,0.0,PICK
2024-11-27,38.919998,39.349998,38.919998,39.189999,0.0,0.0,PICK
2024-11-29,39.18,39.73,39.18,39.709999,0.0,0.0,PICK
2024-12-02,39.650002,39.740002,39.41,39.619999,0.0,0.0,PICK
2024-12-03,40.0,40.119999,39.75,39.91,0.0,0.0,PICK
2024-12-04,39.709999,39.959999,39.400002,39.470001,0.0,0.0,PICK
2024-12-05,39.470001,39.720001,39.290001,39.389999,0.0,0.0,PICK
2024-12-06,39.5,39.5,38.73,38.84,0.0,0.0,PICK
2024-12-09,39.84,40.529999,39.82,39.84,0.0,0.0,PICK
2024-12-10,39.779999,39.900002,39.490002,39.639999,0.0,0.0,PICK
2024-12-11,39.52,39.68,39.34,39.540001,0.0,0.0,PICK
2024-12-12,38.990002,39.150002,38.689999,38.700001,0.0,0.0,PICK
2024-12-13,38.41,38.419998,37.970001,38.0,0.0,0.0,PICK
2024-12-16,37.98,37.98,37.459999,37.529999,0.0,0.0,PICK
2024-12-17,36.630001,36.709999,36.360001,36.610001,0.634,0.0,PICK
2024-12-18,36.360001,36.52,35.16,35.200001,0.0,0.0,PICK
2024-12-19,35.560001,35.560001,34.950001,34.990002,0.0,0.0,PICK
2024-12-20,34.98,35.470001,34.790001,35.290001,0.0,0.0,PICK
2024-12-23,35.099998,35.439999,34.98,35.369999,0.0,0.0,PICK
2024-12-24,35.34,35.459999,35.220001,35.43,0.0,0.0,PICK
2024-12-26,35.259998,35.59,35.259998,35.549999,0.0,0.0,PICK
2024-12-27,35.209999,35.470001,35.139999,35.259998,0.0,0.0,PICK
2024-12-30,35.0,35.080002,34.779999,34.860001,0.0,0.0,PICK
2024-12-31,34.860001,35.169998,34.849998,34.990002,0.0,0.0,PICK
2025-01-02,35.139999,35.5,34.959999,35.150002,0.0,0.0,PICK
2025-01-03,35.139999,35.23,34.82,35.110001,0.0,0.0,PICK
2025-01-06,35.459999,35.720001,35.34,35.41,0.0,0.0,PICK
2025-01-07,35.59,35.59,35.07,35.119999,0.0,0.0,PICK
2025-01-08,35.09,35.200001,34.82,35.200001,0.0,0.0,PICK
2025-01-10,35.200001,35.349998,34.82,34.93,0.0,0.0,PICK
2025-01-13,34.75,35.220001,34.599998,35.169998,0.0,0.0,PICK
2025-01-14,35.41,35.59,35.25,35.490002,0.0,0.0,PICK
2025-01-15,35.860001,36.23,35.720001,35.900002,0.0,0.0,PICK
2025-01-16,35.93,36.049999,35.75,35.860001,0.0,0.0,PICK
2025-01-17,35.950001,36.689999,35.950001,36.310001,0.0,0.0,PICK
2025-01-21,36.610001,36.889999,36.57,36.720001,0.0,0.0,PICK
2025-01-22,36.599998,36.630001,36.02,36.07,0.0,0.0,PICK
2025-01-23,35.93,36.18,35.720001,36.139999,0.0,0.0,PICK
2025-01-24,36.389999,36.68,36.32,36.34,0.0,0.0,PICK
2025-01-27,35.950001,35.950001,35.68,35.82,0.0,0.0,PICK
2025-01-28,35.77,35.77,35.259998,35.349998,0.0,0.0,PICK
2025-01-29,35.349998,35.779999,35.349998,35.52,0.0,0.0,PICK
2025-01-30,36.0,36.150002,35.790001,36.02,0.0,0.0,PICK
2025-01-31,36.049999,36.099998,35.419998,35.470001,0.0,0.0,PICK
2025-02-03,35.0,35.48,34.66,35.209999,0.0,0.0,PICK
2025-02-04,35.349998,36.009998,35.349998,36.0,0.0,0.0,PICK
2025-02-05,36.02,36.27,35.959999,36.220001,0.0,0.0,PICK
2025-02-06,36.580002,36.93,36.52,36.700001,0.0,0.0,PICK
2025-02-07,37.200001,37.349998,36.740002,36.75,0.0,0.0,PICK
2025-02-10,37.0,37.25,37.0,37.16,0.0,0.0,PICK
2025-02-11,36.790001,36.790001,36.389999,36.509998,0.0,0.0,PICK
2025-02-12,36.299999,36.860001,36.299999,36.650002,0.0,0.0,PICK
2025-02-13,36.68,37.560001,36.68,37.540001,0.0,0.0,PICK
2025-02-14,37.75,37.900002,37.349998,37.380001,0.0,0.0,PICK
2025-02-18,37.52,37.73,37.380001,37.709999,0.0,0.0,PICK
2025-02-19,37.279999,37.279999,36.82,37.0,0.0,0.0,PICK
2025-02-20,37.470001,37.880001,37.43,37.700001,0.0,0.0,PICK
2025-02-21,37.810001,37.810001,36.779999,36.849998,0.0,0.0,PICK
2025-02-24,36.799999,36.919998,36.529999,36.619999,0.0,0.0,PICK
2025-02-25,36.630001,36.630001,36.119999,36.439999,0.0,0.0,PICK
2025-02-26,36.43,36.82,36.389999,36.48,0.0,0.0,PICK
2025-02-27,36.470001,36.549999,36.0,36.0,0.0,0.0,PICK
2025-02-28,35.610001,35.889999,35.41,35.889999,0.0,0.0,PICK
2025-03-03,36.490002,36.799999,35.57,35.720001,0.0,0.0,PICK
2025-03-04,35.669998,36.099998,35.0,35.610001,0.0,0.0,PICK
2025-03-05,36.279999,37.299999,36.279999,37.259998,0.0,0.0,PICK
2025-03-06,37.32,37.619999,37.07,37.189999,0.0,0.0,PICK
2025-03-07,36.959999,37.470001,36.779999,37.389999,0.0,0.0,PICK
2025-03-10,36.66,36.889999,35.84,36.169998,0.0,0.0,PICK
2025-03-11,36.369999,36.919998,36.220001,36.75,0.0,0.0,PICK
2025-03-12,36.849998,36.849998,36.349998,36.549999,0.0,0.0,PICK
2025-03-13,36.419998,36.939999,36.34,36.66,0.0,0.0,PICK
2025-03-14,37.18,37.700001,37.18,37.700001,0.0,0.0,PICK
2025-03-17,37.869999,38.07,37.630001,38.02,0.0,0.0,PICK
2025-03-18,38.099998,38.32,37.889999,38.209999,0.0,0.0,PICK
2025-03-19,37.990002,38.549999,37.990002,38.349998,0.0,0.0,PICK
2025-03-20,37.880001,38.099998,37.630001,37.939999,0.0,0.0,PICK
2025-03-21,37.299999,37.299999,36.990002,37.299999,0.0,0.0,PICK
2025-03-24,37.700001,38.029999,37.540001,37.700001,0.0,0.0,PICK
2025-03-25,37.860001,38.189999,37.860001,38.07,0.0,0.0,PICK
2025-03-26,38.130001,38.130001,37.52,37.599998,0.0,0.0,PICK
2025-03-27,37.419998,37.5,37.110001,37.349998,0.0,0.0,PICK
2025-03-28,37.150002,37.330002,36.400002,36.41,0.0,0.0,PICK
2025-03-31,35.75,36.029999,35.209999,35.880001,0.0,0.0,PICK
2025-04-01,36.09,36.23,35.73,36.169998,0.0,0.0,PICK
2025-04-02,35.880001,36.099998,35.630001,36.040001,0.0,0.0,PICK
2025-04-03,34.950001,34.950001,34.009998,34.060001,0.0,0.0,PICK
2025-04-04,32.119999,32.299999,30.76,31.219999,0.0,0.0,PICK
2025-04-07,30.309999,32.299999,30.129999,31.1,0.0,0.0,PICK
2025-04-08,32.07,32.27,29.959999,30.23,0.0,0.0,PICK
2025-04-09,30.35,33.349998,30.18,33.009998,0.0,0.0,PICK
2025-04-10,32.43,32.59,31.43,32.18,0.0,0.0,PICK
2025-04-11,32.509998,33.669998,32.509998,33.459999,0.0,0.0,PICK
2025-04-14,33.970001,34.240002,33.57,33.959999,0.0,0.0,PICK
2025-04-15,33.810001,34.139999,33.75,33.84,0.0,0.0,PICK
2025-04-16,33.799999,34.060001,33.470001,33.689999,0.0,0.0,PICK
2025-04-17,33.869999,34.330002,33.84,34.0,0.0,0.0,PICK
2025-04-21,34.0,34.18,33.560001,34.009998,0.0,0.0,PICK
2025-04-22,34.290001,34.84,34.209999,34.669998,0.0,0.0,PICK
2025-04-23,35.27,35.830002,35.040001,35.18,0.0,0.0,PICK
2025-04-24,35.330002,36.119999,35.330002,36.099998,0.0,0.0,PICK
2025-04-25,35.610001,35.779999,35.41,35.77,0.0,0.0,PICK
2025-04-28,35.68,35.970001,35.599998,35.860001,0.0,0.0,PICK
2025-04-29,36.02,36.110001,35.73,35.889999,0.0,0.0,PICK
2025-04-30,34.889999,35.360001,34.59,35.16,0.0,0.0,PICK
2025-05-01,35.549999,35.549999,35.07,35.27,0.0,0.0,PICK
2025-05-02,36.150002,36.200001,35.650002,36.049999,0.0,0.0,PICK
2025-05-05,36.0,36.099998,35.849998,35.849998,0.0,0.0,PICK
2025-05-06,35.77,36.119999,35.77,36.040001,0.0,0.0,PICK
2025-05-07,35.939999,35.939999,35.389999,35.560001,0.0,0.0,PICK
2025-05-08,35.5,35.689999,35.34,35.470001,0.0,0.0,PICK
2025-05-09,35.700001,35.849998,35.549999,35.669998,0.0,0.0,PICK
2025-05-12,36.799999,37.130001,36.529999,36.689999,0.0,0.0,PICK
2025-05-13,36.919998,37.200001,36.75,37.080002,0.0,0.0,PICK
2025-05-14,37.009998,37.139999,36.869999,36.93,0.0,0.0,PICK
2025-05-15,36.93,37.060001,36.639999,36.970001,0.0,0.0,PICK
2025-05-16,36.740002,36.959999,36.369999,36.860001,0.0,0.0,PICK
2025-05-19,36.32,36.950001,36.32,36.860001,0.0,0.0,PICK
2025-05-20,36.709999,36.950001,36.709999,36.860001,0.0,0.0,PICK
2025-05-21,36.790001,37.119999,36.580002,36.580002,0.0,0.0,PICK
2025-05-22,36.650002,36.650002,36.349998,36.509998,0.0,0.0,PICK
2025-05-23,36.32,37.07,36.32,36.939999,0.0,0.0,PICK
2025-05-27,37.080002,37.200001,37.0,37.18,0.0,0.0,PICK
2025-05-28,36.990002,36.990002,36.630001,36.799999,0.0,0.0,PICK
2025-05-29,36.91,37.029999,36.700001,36.98,0.0,0.0,PICK
2025-05-30,36.880001,36.880001,36.32,36.84,0.0,0.0,PICK
2025-06-02,37.099998,37.23,36.91,37.110001,0.0,0.0,PICK
2025-06-03,36.73,36.990002,36.419998,36.889999,0.0,0.0,PICK
2025-06-04,37.139999,37.450001,37.139999,37.34,0.0,0.0,PICK
2025-06-05,37.84,38.099998,37.549999,37.68,0.0,0.0,PICK
2025-06-06,38.080002,38.279999,37.650002,37.75,0.0,0.0,PICK
2025-06-09,37.939999,38.25,37.790001,38.119999,0.0,0.0,PICK
2025-06-10,38.25,38.310001,38.02,38.240002,0.0,0.0,PICK
2025-06-11,38.330002,38.330002,37.889999,37.939999,0.0,0.0,PICK
2025-06-12,37.73,37.98,37.599998,37.889999,0.0,0.0,PICK
2025-06-13,37.119999,37.619999,37.119999,37.439999,0.0,0.0,PICK
2025-06-16,37.07,37.439999,37.07,37.119999,0.7,0.0,PICK
2025-06-17,36.959999,36.959999,36.48,36.549999,0.0,0.0,PICK
2025-06-18,36.669998,36.779999,36.470001,36.560001,0.0,0.0,PICK
2025-06-20,36.389999,36.389999,35.68,35.700001,0.0,0.0,PICK
2025-06-23,35.509998,36.16,35.509998,36.150002,0.0,0.0,PICK
2025-06-24,36.369999,36.68,36.369999,36.599998,0.0,0.0,PICK
2025-06-25,36.360001,36.48,36.209999,36.41,0.0,0.0,PICK
2025-06-26,37.23,37.939999,37.209999,37.880001,0.0,0.0,PICK
2025-06-27,37.849998,37.849998,37.540001,37.82,0.0,0.0,PICK
2025-06-30,37.68,37.75,37.439999,37.599998,0.0,0.0,PICK
2025-07-01,37.599998,38.049999,37.599998,37.919998,0.0,0.0,PICK
2025-07-02,38.220001,39.18,38.220001,39.139999,0.0,0.0,PICK
2025-07-03,39.310001,39.330002,39.029999,39.130001,0.0,0.0,PICK
2025-07-07,38.810001,38.810001,38.279999,38.419998,0.0,0.0,PICK
2025-07-08,38.700001,39.389999,38.549999,38.810001,0.0,0.0,PICK
2025-07-09,38.799999,38.830002,38.400002,38.57,0.0,0.0,PICK
2025-07-10,39.200001,39.630001,39.200001,39.5,0.0,0.0,PICK
2025-07-11,39.419998,39.59,39.18,39.59,0.0,0.0,PICK
2025-07-14,39.459999,39.459999,39.139999,39.32,0.0,0.0,PICK
2025-07-15,39.27,39.34,38.529999,38.639999,0.0,0.0,PICK
2025-07-16,38.810001,38.880001,38.419998,38.880001,0.0,0.0,PICK
2025-07-17,38.669998,39.139999,38.669998,39.110001,0.0,0.0,PICK
2025-07-18,39.34,39.360001,39.130001,39.200001,0.0,0.0,PICK
2025-07-21,39.959999,40.52,39.93,40.240002,0.0,0.0,PICK
2025-07-22,40.889999,41.200001,40.630001,41.16,0.0,0.0,PICK
2025-07-23,41.310001,41.509998,41.259998,41.41,0.0,0.0,PICK
2025-07-24,41.209999,41.209999,40.73,40.740002,0.0,0.0,PICK
2025-07-25,40.470001,40.470001,40.139999,40.34,0.0,0.0,PICK
2025-07-28,39.869999,39.869999,39.389999,39.639999,0.0,0.0,PICK
2025-07-29,39.529999,39.59,39.240002,39.48,0.0,0.0,PICK
2025-07-30,39.110001,39.380001,38.419998,38.580002,0.0,0.0,PICK
2025-07-31,38.09,38.419998,37.889999,38.380001,0.0,0.0,PICK
2025-08-01,38.049999,38.27,37.93,38.16,0.0,0.0,PICK
2025-08-04,38.389999,38.529999,38.389999,38.490002,0.0,0.0,PICK
2025-08-05,38.57,38.720001,38.419998,38.619999,0.0,0.0,PICK
2025-08-06,38.860001,38.919998,38.630001,38.639999,0.0,0.0,PICK
2025-08-07,39.32,39.369999,38.84,39.150002,0.0,0.0,PICK
2025-08-08,39.529999,39.889999,39.439999,39.740002,0.0,0.0,PICK
2025-08-11,39.950001,39.950001,39.549999,39.720001,0.0,0.0,PICK
2025-08-12,40.02,40.470001,39.919998,40.459999,0.0,0.0,PICK
2025-08-13,40.529999,40.84,40.529999,40.830002,0.0,0.0,PICK
2025-08-14,40.23,40.23,39.91,40.18,0.0,0.0,PICK
2025-08-15,40.669998,40.709999,40.209999,40.23,0.0,0.0,PICK
2025-08-18,40.279999,40.279999,39.93,39.950001,0.0,0.0,PICK
2025-08-19,40.16,40.27,39.790001,39.950001,0.0,0.0,PICK
2025-08-20,39.93,39.93,39.610001,39.740002,0.0,0.0,PICK
2025-08-21,39.689999,40.130001,39.689999,40.130001,0.0,0.0,PICK
2025-08-22,40.09,41.18,40.029999,41.049999,0.0,0.0,PICK
2025-08-25,41.259998,41.259998,40.919998,41.009998,0.0,0.0,PICK
2025-08-26,40.75,40.990002,40.740002,40.889999,0.0,0.0,PICK
2025-08-27,40.740002,40.869999,40.529999,40.810001,0.0,0.0,PICK
2025-08-28,40.93,41.040001,40.880001,41.029999,0.0,0.0,PICK
2025-08-29,41.049999,41.139999,40.919998,41.0,0.0,0.0,PICK
2025-09-02,40.400002,40.860001,40.349998,40.810001,0.0,0.0,PICK
2025-09-03,41.119999,41.380001,41.119999,41.32,0.0,0.0,PICK
2025-09-04,41.369999,41.369999,40.889999,41.25,0.0,0.0,PICK
2025-09-05,41.599998,42.130001,41.43,41.810001,0.0,0.0,PICK
2025-09-08,41.889999,41.970001,41.639999,41.919998,0.0,0.0,PICK
2025-09-09,42.23,42.27,41.529999,41.540001,0.0,0.0,PICK
2025-09-10,41.439999,41.880001,41.439999,41.669998,0.0,0.0,PICK
2025-09-11,41.810001,42.389999,41.810001,42.369999,0.0,0.0,PICK
2025-09-12,42.490002,42.52,42.16,42.360001,0.0,0.0,PICK
2025-09-15,42.529999,43.060001,42.41,43.02,0.0,0.0,PICK
2025-09-16,43.040001,43.220001,42.82,42.900002,0.0,0.0,PICK
2025-09-17,42.68,43.119999,42.25,42.549999,0.0,0.0,PICK
2025-09-18,42.450001,42.5,42.110001,42.299999,0.0,0.0,PICK
2025-09-19,42.470001,42.689999,42.330002,42.560001,0.0,0.0,PICK
2025-09-22,42.869999,43.040001,42.57,42.990002,0.0,0.0,PICK
2025-09-23,43.25,43.369999,42.919998,43.029999,0.0,0.0,PICK
2025-09-24,43.0,43.490002,43.0,43.07,0.0,0.0,PICK
2025-09-25,43.5,43.610001,43.16,43.509998,0.0,0.0,PICK
2025-09-26,43.41,43.77,43.41,43.68,0.0,0.0,PICK
2025-09-29,44.029999,44.630001,44.029999,44.52,0.0,0.0,PICK
2025-09-30,44.630001,44.630001,44.220001,44.5,0.0,0.0,PICK
2025-10-01,44.700001,45.23,44.700001,44.919998,0.0,0.0,PICK
2025-10-02,45.310001,45.310001,44.450001,45.02,0.0,0.0,PICK
2025-10-03,45.509998,45.830002,45.299999,45.439999,0.0,0.0,PICK
2025-10-06,45.779999,45.779999,45.369999,45.48,0.0,0.0,PICK
2025-10-07,45.5,45.66,45.049999,45.060001,0.0,0.0,PICK
2025-10-08,45.790001,46.279999,45.790001,46.200001,0.0,0.0,PICK
2025-10-09,47.049999,47.139999,45.93,46.130001,0.0,0.0,PICK
2025-10-10,45.98,46.0,44.279999,44.299999,0.0,0.0,PICK
2025-10-13,46.029999,46.360001,45.470001,46.220001,0.0,0.0,PICK
2025-10-14,45.580002,46.349998,45.110001,46.080002,0.0,0.0,PICK
2025-10-15,46.509998,46.560001,45.900002,46.380001,0.0,0.0,PICK
2025-10-16,46.59,46.59,45.849998,46.040001,0.0,0.0,PICK
2025-10-17,45.880001,45.880001,45.169998,45.48,0.0,0.0,PICK
2025-10-20,45.98,46.400002,45.84,46.32,0.0,0.0,PICK
2025-10-21,45.880001,45.880001,44.939999,45.220001,0.0,0.0,PICK
2025-10-22,45.049999,45.439999,44.709999,45.110001,0.0,0.0,PICK
2025-10-23,45.82,46.0,45.560001,45.709999,0.0,0.0,PICK
2025-10-24,46.09,46.130001,45.799999,45.990002,0.0,0.0,PICK
2025-10-27,46.560001,46.560001,45.919998,46.119999,0.0,0.0,PICK
2025-10-28,46.060001,46.740002,45.900002,46.459999,0.0,0.0,PICK
2025-10-29,47.130001,47.57,46.860001,47.09,0.0,0.0,PICK
2025-10-30,46.740002,46.84,46.259998,46.599998,0.0,0.0,PICK
2025-10-31,46.509998,46.57,46.150002,46.57,0.0,0.0,PICK
2025-11-03,46.34,46.349998,45.400002,45.84,0.0,0.0,PICK
2025-11-04,44.849998,44.939999,44.369999,44.610001,0.0,0.0,PICK
2025-11-05,44.93,45.299999,44.599998,45.240002,0.0,0.0,PICK
2025-11-06,45.470001,45.599998,45.049999,45.240002,0.0,0.0,PICK
2025-11-07,45.009998,45.380001,44.880001,45.380001,0.0,0.0,PICK
2025-11-10,45.91,46.279999,45.849998,46.18,0.0,0.0,PICK
2025-11-11,46.25,46.380001,45.990002,46.189999,0.0,0.0,PICK
2025-11-12,46.68,47.119999,46.630001,46.950001,0.0,0.0,PICK
2025-11-13,47.16,47.240002,46.099998,46.32,0.0,0.0,PICK
2025-11-14,45.669998,46.43,45.450001,46.189999,0.0,0.0,PICK
2025-11-17,45.779999,46.189999,45.419998,45.5,0.0,0.0,PICK
2025-11-18,45.389999,45.52,44.790001,45.220001,0.0,0.0,PICK
2025-11-19,45.490002,45.880001,45.220001,45.419998,0.0,0.0,PICK
2025-11-20,45.849998,46.09,44.490002,44.57,0.0,0.0,PICK
2025-11-21,44.25,45.049999,44.060001,44.91,0.0,0.0,PICK
2025-11-24,45.0,45.669998,44.82,45.630001,0.0,0.0,PICK
2025-11-25,45.970001,46.23,45.700001,46.099998,0.0,0.0,PICK
2025-11-26,46.32,47.200001,46.32,46.959999,0.0,0.0,PICK
2025-11-28,47.32,47.549999,47.200001,47.400002,0.0,0.0,PICK
2025-12-01,47.900002,48.080002,47.68,47.759998,0.0,0.0,PICK
2025-12-02,47.82,47.830002,47.259998,47.810001,0.0,0.0,PICK
2025-12-03,48.310001,49.099998,48.27,49.049999,0.0,0.0,PICK
2025-12-04,48.82,49.119999,48.650002,49.09,0.0,0.0,PICK
2025-12-05,49.599998,49.790001,49.09,49.16,0.0,0.0,PICK
2025-12-08,49.279999,49.310001,48.720001,48.889999,0.0,0.0,PICK
2025-12-09,48.650002,48.990002,48.080002,48.720001,0.0,0.0,PICK
2025-12-10,49.150002,49.900002,48.959999,49.84,0.0,0.0,PICK
2025-12-11,49.799999,50.560001,49.610001,50.389999,0.0,0.0,PICK
2025-12-12,50.709999,50.849998,49.400002,49.740002,0.0,0.0,PICK
2025-12-15,50.389999,50.389999,49.509998,49.75,0.0,0.0,PICK
2025-12-16,48.860001,49.080002,48.529999,48.779999,0.776,0.0,PICK
2025-12-17,49.330002,49.529999,49.07,49.200001,0.0,0.0,PICK
2025-12-18,49.43,49.669998,49.150002,49.41,0.0,0.0,PICK
2025-12-19,49.630001,50.080002,49.389999,49.91,0.0,0.0,PICK
2025-12-22,50.59,51.09,50.32,51.060001,0.0,0.0,PICK
2025-12-23,51.18,51.560001,51.009998,51.490002,0.0,0.0,PICK
2025-12-24,51.830002,51.830002,51.279999,51.540001,0.0,0.0,PICK
2025-12-26,52.009998,52.419998,51.709999,52.349998,0.0,0.0,PICK
2025-12-29,51.41,51.619999,50.900002,51.07,0.0,0.0,PICK
2025-12-30,51.540001,51.82,51.470001,51.599998,0.0,0.0,PICK
2025-12-31,51.599998,51.68,51.16,51.34,0.0,0.0,PICK
2026-01-02,52.25,52.450001,51.860001,52.360001,0.0,0.0,PICK
2026-01-05,53.18,53.790001,53.0,53.73,0.0,0.0,PICK
2026-01-06,54.48,55.299999,54.32,55.16,0.0,0.0,PICK
2026-01-07,54.709999,54.709999,53.959999,54.349998,0.0,0.0,PICK
2026-01-08,53.580002,53.959999,53.009998,53.889999,0.0,0.0,PICK
2026-01-09,54.389999,54.549999,53.860001,54.43,0.0,0.0,PICK
2026-01-12,55.27,55.669998,54.639999,55.59,0.0,0.0,PICK
2026-01-13,56.27,56.360001,55.529999,55.66,0.0,0.0,PICK
2026-01-14,56.189999,57.110001,56.189999,56.990002,0.0,0.0,PICK
2026-01-15,57.099998,57.349998,56.779999,57.07,0.0,0.0,PICK
2026-01-16,56.560001,56.560001,55.48,56.209999,0.0,0.0,PICK
2026-01-20,56.5,56.73,56.07,56.599998,0.0,0.0,PICK
2026-01-21,58.23,58.580002,57.630001,58.18,0.0,0.0,PICK
2026-01-22,58.540001,58.540001,57.5,57.880001,0.0,0.0,PICK
2026-01-23,58.650002,59.439999,58.099998,59.209999,0.0,0.0,PICK
2026-01-26,61.189999,61.200001,59.5,59.580002,0.0,0.0,PICK
2026-01-27,60.169998,61.060001,59.68,60.950001,0.0,0.0,PICK
2026-01-28,61.66,61.68,60.509998,61.330002,0.0,0.0,PICK
2026-01-29,63.799999,63.799999,60.52,61.950001,0.0,0.0,PICK
2026-01-30,59.860001,59.860001,57.169998,58.310001,0.0,0.0,PICK
2026-02-02,57.75,58.439999,57.700001,58.32,0.0,0.0,PICK
2026-02-03,60.349998,61.150002,59.869999,61.0,0.0,0.0,PICK
2026-02-04,62.02,62.02,59.189999,60.23,0.0,0.0,PICK
2026-02-05,58.830002,59.09,57.41,57.41,0.0,0.0,PICK
2026-02-06,58.779999,59.400002,58.529999,59.279999,0.0,0.0,PICK
2026-02-09,59.990002,61.150002,59.549999,61.02,0.0,0.0,PICK
2026-02-10,61.220001,61.220001,60.619999,60.990002,0.0,0.0,PICK
2026-02-11,62.400002,62.580002,61.349998,62.389999,0.0,0.0,PICK
2026-02-12,62.900002,62.900002,60.470001,60.68,0.0,0.0,PICK
2026-02-13,60.25,60.880001,59.200001,60.630001,0.0,0.0,PICK
2026-02-17,59.779999,59.779999,58.16,59.630001,0.0,0.0,PICK
2026-02-18,60.490002,61.189999,60.27,60.630001,0.0,0.0,PICK
2026-02-19,59.41,60.279999,59.130001,60.200001,0.0,0.0,PICK
2026-02-20,60.290001,61.540001,60.200001,61.439999,0.0,0.0,PICK
2026-02-23,61.509998,62.16,61.07,62.029999,0.0,0.0,PICK
2026-02-24,61.830002,63.139999,61.830002,62.860001,0.0,0.0,PICK
2026-02-25,64.360001,64.940002,63.900002,64.419998,0.0,0.0,PICK
2026-02-26,64.080002,64.230003,62.639999,64.129997,0.0,0.0,PICK
2026-02-27,64.419998,64.650002,63.880001,64.339996,0.0,0.0,PICK
2026-03-02,63.959999,64.480003,63.110001,64.360001,0.0,0.0,PICK
2026-03-03,60.0,60.959999,58.369999,60.540001,0.0,0.0,PICK
2026-03-04,61.580002,61.59,60.810001,61.23,0.0,0.0,PICK
2026-03-05,60.130001,60.130001,58.029999,58.790001,0.0,0.0,PICK
2026-03-06,57.52,57.93,56.91,57.369999,0.0,0.0,PICK
2026-03-09,55.73,58.16,55.25,58.009998,0.0,0.0,PICK
2026-03-10,58.77,59.900002,58.52,58.77,0.0,0.0,PICK
2026-03-11,58.470001,59.150002,58.009998,58.779999,0.0,0.0,PICK
2026-03-12,58.09,58.25,56.830002,57.25,0.0,0.0,PICK
2026-03-13,56.98,57.200001,55.23,55.360001,0.0,0.0,PICK
2026-03-16,56.02,56.790001,55.779999,56.5,0.0,0.0,PICK
2026-03-17,56.810001,57.119999,56.380001,56.580002,0.0,0.0,PICK
2026-03-18,55.82,55.830002,54.810001,54.810001,0.0,0.0,PICK
2026-03-19,52.639999,54.09,51.799999,53.799999,0.0,0.0,PICK
2026-03-20,53.290001,53.799999,51.48,51.830002,0.0,0.0,PICK
2026-03-23,53.130001,54.669998,53.130001,53.959999,0.0,0.0,PICK
2026-03-24,53.189999,54.25,52.91,54.060001,0.0,0.0,PICK
2026-03-25,55.540001,55.73,54.990002,55.32,0.0,0.0,PICK
2026-03-26,54.0,54.599998,53.529999,53.59,0.0,0.0,PICK
2026-03-27,53.32,54.599998,53.32,53.889999,0.0,0.0,PICK
2026-03-30,55.060001,55.369999,53.57,53.93,0.0,0.0,PICK
2026-03-31,55.200001,56.84,55.110001,56.59,0.0,0.0,PICK
2026-04-01,57.73,58.5,57.459999,57.849998,0.0,0.0,PICK
2026-04-02,56.0,57.779999,56.0,57.349998,0.0,0.0,PICK
2026-04-06,57.759998,57.759998,57.009998,57.43,0.0,0.0,PICK
2026-04-07,57.5,57.720001,56.73,57.610001,0.0,0.0,PICK
2026-04-08,61.09,61.830002,60.23,60.700001,0.0,0.0,PICK
2026-04-09,60.639999,61.279999,60.439999,60.880001,0.0,0.0,PICK
2026-04-10,61.490002,61.93,61.060001,61.290001,0.0,0.0,PICK
2026-04-13,61.139999,62.25,60.880001,62.18,0.0,0.0,PICK
2026-04-14,62.900002,63.080002,62.529999,62.950001,0.0,0.0,PICK
2026-04-15,62.689999,62.790001,62.189999,62.610001,0.0,0.0,PICK
2026-04-16,63.049999,63.209999,62.48,62.759998,0.0,0.0,PICK
2026-04-17,63.709999,64.529999,63.32,63.810001,0.0,0.0,PICK
2026-04-20,63.290001,63.59,62.759998,63.389999,0.0,0.0,PICK
2026-04-21,63.32,63.52,61.459999,61.549999,0.0,0.0,PICK
2026-04-22,62.93,63.380001,62.689999,63.310001,0.0,0.0,PICK
2026-04-23,62.549999,62.91,61.130001,61.759998,0.0,0.0,PICK
2026-04-24,62.060001,62.099998,61.349998,61.799999,0.0,0.0,PICK
2026-04-27,61.630001,62.0,61.259998,61.77,0.0,0.0,PICK
2026-04-28,60.939999,61.419998,60.360001,60.779999,0.0,0.0,PICK
2026-04-29,60.57,60.93,59.849998,60.060001,0.0,0.0,PICK
2026-04-30,60.68,61.720001,60.419998,61.599998,0.0,0.0,PICK
2026-05-01,61.529999,61.849998,60.98,61.400002,0.0,0.0,PICK
2026-05-04,61.119999,61.220001,60.02,60.25,0.0,0.0,PICK
2026-05-05,61.080002,61.709999,61.080002,61.48,0.0,0.0,PICK
2026-05-06,63.599998,64.720001,63.470001,64.489998,0.0,0.0,PICK
2026-05-07,65.129997,65.809998,63.439999,63.470001,0.0,0.0,PICK
2026-05-08,64.589996,65.129997,64.440002,64.830002,0.0,0.0,PICK
2026-05-11,65.290001,66.199997,65.129997,65.910004,0.0,0.0,PICK
2026-05-12,65.199997,66.349998,64.370003,66.25,0.0,0.0,PICK
2026-05-13,66.510002,67.900002,66.32,67.489998,0.0,0.0,PICK
2026-05-14,67.059998,67.150002,65.93,66.269997,0.0,0.0,PICK
2026-05-15,63.099998,63.610001,62.630001,62.91,0.0,0.0,PICK
2026-05-18,63.259998,63.48,62.080002,62.669998,0.0,0.0,PICK
2026-05-19,61.540001,61.540001,60.330002,60.970001,0.0,0.0,PICK
2026-05-20,61.43,62.799999,61.189999,62.689999,0.0,0.0,PICK
2026-05-21,61.93,63.799999,61.93,63.490002,0.0,0.0,PICK
2026-05-22,63.0,64.040001,62.959999,63.57,0.0,0.0,PICK
2026-05-26,64.75,65.940002,64.75,65.879997,0.0,0.0,PICK
2026-05-27,65.330002,65.580002,64.559998,65.43,0.0,0.0,PICK
2026-05-28,65.0,66.349998,64.550003,66.25,0.0,0.0,PICK
2026-05-29,66.410004,66.760002,65.709999,66.089996,0.0,0.0,PICK
2026-06-01,65.779999,67.18,65.349998,66.970001,0.0,0.0,PICK
2026-06-02,67.269997,69.019997,67.239998,68.93,0.0,0.0,PICK
2026-06-03,68.349998,68.349998,66.889999,67.040001,0.0,0.0,PICK
2026-06-04,66.220001,66.949997,66.099998,66.660004,0.0,0.0,PICK
2026-06-05,65.220001,65.220001,61.650002,61.779999,0.0,0.0,PICK
2026-06-08,62.790001,63.119999,61.959999,62.029999,0.0,0.0,PICK
2026-06-09,62.599998,63.200001,60.299999,61.84,0.0,0.0,PICK
2026-06-10,61.18,62.09,60.299999,60.34,0.0,0.0,PICK
2026-06-11,61.57,63.900002,61.400002,63.779999,0.0,0.0,PICK
2026-06-12,64.150002,65.449997,64.150002,65.080002,0.0,0.0,PICK
2026-06-15,66.07,66.790001,65.730003,65.82,0.542,0.0,PICK
2026-06-16,65.730003,66.32,65.459999,65.599998,0.0,0.0,PICK
2026-06-17,65.470001,66.290001,64.010002,64.080002,0.0,0.0,PICK
2026-06-18,63.810001,63.939999,62.91,62.91,0.0,0.0,PICK
2026-06-22,62.5,62.790001,62.34,62.490002,0.0,0.0,PICK
2026-06-23,59.75,60.32,59.490002,59.75,0.0,0.0,PICK
2026-06-24,58.84,58.84,57.939999,58.299999,0.0,0.0,PICK
2026-06-25,58.75,59.119999,57.950001,58.639999,0.0,0.0,PICK
2026-06-26,57.98,58.599998,57.73,57.959999,0.0,0.0,PICK
2026-06-29,58.459999,58.459999,57.23,57.880001,0.0,0.0,PICK
2026-06-30,57.98,58.450001,57.830002,58.150002,0.0,0.0,PICK
2026-07-01,57.540001,58.25,57.209999,57.290001,0.0,0.0,PICK
2026-07-02,58.150002,58.799999,57.09,57.740002,0.0,0.0,PICK
2026-07-06,58.439999,58.639999,58.130001,58.59,0.0,0.0,PICK
2026-07-07,57.610001,57.669998,56.459999,56.709999,0.0,0.0,PICK
2026-07-08,55.439999,55.889999,54.73,55.84,0.0,0.0,PICK
2026-07-09,56.599998,56.77,56.049999,56.490002,0.0,0.0,PICK
2026-07-10,57.0,57.549999,56.889999,57.32,0.0,0.0,PICK
2026-07-13,56.860001,57.599998,56.330002,56.560001,0.0,0.0,PICK
2026-07-14,58.02,58.810001,58.02,58.369999,0.0,0.0,PICK
2026-07-15,58.650002,58.869999,57.509998,58.25,0.0,0.0,PICK
2026-07-16,57.439999,57.439999,56.549999,56.66,0.0,0.0,PICK
2026-07-17,55.5,56.619999,55.23,56.27,0.0,0.0,PICK
2026-07-20,56.619999,56.619999,55.75,55.970001,0.0,0.0,PICK
2026-07-21,56.77,57.77,56.630001,57.619999,0.0,0.0,PICK
2026-07-22,58.23,58.810001,58.220001,58.560001,0.0,0.0,PICK
2026-07-23,58.009998,58.759998,57.689999,58.040001,0.0,0.0,PICK
2026-07-24,57.959999,58.470001,57.709999,58.029999,0.0,0.0,PICK
2026-07-27,58.650002,58.650002,57.490002,58.220001,0.0,0.0,PICK
2026-07-28,57.299999,58.25,56.939999,57.950001,0.0,0.0,PICK
2026-07-29,58.32,58.709999,56.84,57.470001,0.0,0.0,PICK
2026-07-30,58.66,59.57,58.650002,59.560001,0.0,0.0,PICK
2026-07-31,59.59,59.59,58.380001,59.150002,0.0,0.0,PICK
2026-08-03,58.759998,59.43,58.110001,59.389999,0.0,0.0,PICK
2026-08-04,60.720001,62.080002,60.669998,61.82,0.0,0.0,PICK
2026-08-05,62.880001,63.580002,62.700001,63.25,0.0,0.0,PICK
2026-08-06,62.98,63.330002,62.169998,62.25,0.0,0.0,PICK
2026-08-07,63.330002,63.75,62.990002,63.639999,0.0,0.0,PICK
2026-08-10,64.0,64.379997,63.360001,64.139999,0.0,0.0,PICK
2026-08-11,64.300003,64.330002,63.34,63.689999,0.0,0.0,PICK
2026-08-12,64.489998,64.660004,63.630001,63.669998,0.0,0.0,PICK
2026-08-13,63.150002,63.150002,62.130001,62.23,0.0,0.0,PICK
2026-08-14,62.07,62.59,61.880001,62.040001,0.0,0.0,PICK
2026-08-17,62.580002,63.080002,62.360001,63.049999,0.0,0.0,PICK
2026-08-18,62.650002,62.759998,61.689999,61.869999,0.0,0.0,PICK
2026-08-19,63.080002,63.919998,62.459999,63.23,0.0,0.0,PICK
2026-08-20,62.549999,63.619999,62.240002,63.560001,0.0,0.0,PICK
2026-08-21,64.559998,65.889999,64.559998,65.699997,0.0,0.0,PICK
2026-08-24,66.110001,66.580002,65.449997,65.870003,0.0,0.0,PICK
2026-08-25,65.68,66.989998,65.599998,66.940002,0.0,0.0,PICK
2026-08-26,66.809998,67.040001,66.279999,66.410004,0.0,0.0,PICK
2026-08-27,66.160004,66.790001,65.839996,66.660004,0.0,0.0,PICK
2026-08-28,67.139999,67.139999,65.5,65.760002,0.0,0.0,PICK
2026-08-31,65.93,66.169998,64.970001,65.199997,0.0,0.0,PICK
2026-09-01,64.779999,65.32,64.080002,64.120003,0.0,0.0,PICK
2026-09-02,64.199997,65.419998,64.199997,64.879997,0.0,0.0,PICK
2026-09-03,66.120003,66.120003,64.779999,65.18,0.0,0.0,PICK
2026-09-04,64.650002,65.309998,64.639999,65.059998,0.0,0.0,PICK
2026-09-08,66.459999,66.980003,65.910004,66.129997,0.0,0.0,PICK
2026-09-09,66.699997,67.099998,65.989998,66.370003,0.0,0.0,PICK
2026-09-10,63.5,64.040001,63.040001,63.259998,0.0,0.0,PICK
2026-09-11,64.150002,64.150002,63.150002,63.349998,0.0,0.0,PICK
2026-09-14,61.540001,62.130001,61.040001,61.639999,0.0,0.0,PICK
2026-09-15,61.369999,61.639999,60.900002,61.43,0.0,0.0,PICK
2026-09-16,61.880001,62.09,60.27,60.950001,0.0,0.0,PICK
2026-09-17,62.16,62.57,61.91,62.330002,0.0,0.0,PICK
2026-09-18,62.16,62.169998,61.290001,61.799999,0.0,0.0,PICK
2026-09-21,62.119999,62.560001,61.369999,61.720001,0.0,0.0,PICK
2026-09-22,61.860001,62.919998,61.810001,62.669998,0.0,0.0,PICK
2026-09-23,62.040001,62.040001,60.919998,61.330002,0.0,0.0,PICK
2026-09-24,60.630001,61.139999,60.380001,60.799999,0.0,0.0,PICK
2026-09-25,61.060001,61.299999,60.48,61.139999,0.0,0.0,PICK
